,CVEGEO,year,population
0,0,2020,126411503.0
1,1000,2020,1432325.0
2,1001,2020,1900527.0
3,1002,2020,103432.0
4,1003,2020,116736.0
5,1004,2020,34187.0
6,1005,2020,260317.0
7,1006,2020,95866.0
8,1007,2020,115625.0
9,1008,2020,19155.0
10,1009,2020,45250.0
11,1010,2020,42559.0
12,1011,2020,124278.0
13,2000,2020,3783852.0
14,2001,2020,891831.0
15,2002,2020,2105672.0
16,2003,2020,218443.0
17,2004,2020,3846134.0
18,2005,2020,254410.0
19,2006,2020,236382.0
20,3000,2020,806190.0
21,3001,2020,147757.0
22,3002,2020,129330.0
23,3003,2020,587269.0
24,3008,2020,703797.0
25,3009,2020,36484.0
26,4000,2020,935739.0
27,4001,2020,118608.0
28,4002,2020,588905.0
29,4003,2020,500077.0
30,4004,2020,156967.0
31,4005,2020,63883.0
32,4006,2020,84425.0
33,4007,2020,17729.0
34,4008,2020,22946.0
35,4009,2020,120586.0
36,4010,2020,63819.0
37,4011,2020,95516.0
38,4012,2020,30641.0
39,5000,2020,3158312.0
40,5001,2020,2091.0
41,5002,2020,326554.0
42,5003,2020,46219.0
43,5004,2020,60356.0
44,5005,2020,3296.0
45,5006,2020,58421.0
46,5007,2020,25621.0
47,5008,2020,6132.0
48,5009,2020,118304.0
49,5010,2020,164894.0
50,5011,2020,24084.0
51,5012,2020,3511.0
52,5013,2020,3522.0
53,5014,2020,19435.0
54,5015,2020,3251.0
55,5016,2020,3549.0
56,5017,2020,237449.0
57,5018,2020,476162.0
58,5019,2020,16010.0
59,5020,2020,143768.0
60,5021,2020,13166.0
61,5022,2020,66493.0
62,5023,2020,19492.0
63,5024,2020,89254.0
64,5025,2020,353778.0
65,5026,2020,6523.0
66,5027,2020,246059.0
67,5028,2020,129791.0
68,5029,2020,4976.0
69,5030,2020,1760559.0
70,5031,2020,49748.0
71,5032,2020,84665.0
72,5033,2020,202663.0
73,5034,2020,13648.0
74,5035,2020,1441775.0
75,5036,2020,40721.0
76,5037,2020,12491.0
77,5038,2020,26652.0
78,6000,2020,735166.0
79,6001,2020,55458.0
80,6002,2020,314530.0
81,6003,2020,43586.0
82,6004,2020,41933.0
83,6005,2020,62740.0
84,6006,2020,11314.0
85,6007,2020,382676.0
86,6008,2020,20522.0
87,6009,2020,234134.0
88,6010,2020,299664.0
89,7000,2020,5591856.0
90,7001,2020,36257.0
91,7002,2020,42661.0
92,7003,2020,54376.0
93,7004,2020,72551.0
94,7005,2020,49152.0
95,7006,2020,63497.0
96,7007,2020,22576.0
97,7008,2020,64144.0
98,7009,2020,82989.0
99,7010,2020,14744.0
100,7011,2020,40362.0
101,7012,2020,130255.0
102,7013,2020,74539.0
103,7014,2020,48620.0
104,7015,2020,100365.0
105,7016,2020,35680.0
106,7017,2020,179417.0
107,7018,2020,19832.0
108,7019,2020,332907.0
109,7020,2020,101846.0
110,7021,2020,44576.0
111,7022,2020,43830.0
112,7023,2020,203937.0
113,7024,2020,27356.0
114,7025,2020,14968.0
115,7026,2020,94768.0
116,7027,2020,225102.0
117,7028,2020,12316.0
118,7029,2020,10811.0
119,7030,2020,73939.0
120,7031,2020,274741.0
121,7032,2020,62094.0
122,7033,2020,14505.0
123,7034,2020,162291.0
124,7035,2020,29212.0
125,7036,2020,15412.0
126,7037,2020,72768.0
127,7038,2020,45950.0
128,7039,2020,55854.0
129,7040,2020,107176.0
130,7041,2020,92885.0
131,7042,2020,22812.0
132,7043,2020,22004.0
133,7044,2020,58086.0
134,7045,2020,12596.0
135,7046,2020,83180.0
136,7047,2020,49962.0
137,7048,2020,43614.0
138,7049,2020,62518.0
139,7050,2020,10609.0
140,7051,2020,93931.0
141,7052,2020,282547.0
142,7053,2020,15837.0
143,7054,2020,56798.0
144,7055,2020,11755.0
145,7056,2020,27510.0
146,7057,2020,153167.0
147,7058,2020,9530.0
148,7059,2020,472330.0
149,7060,2020,28176.0
150,7061,2020,197126.0
151,7062,2020,37126.0
152,7063,2020,7984.0
153,7064,2020,109902.0
154,7065,2020,265980.0
155,7066,2020,52886.0
156,7067,2020,24568.0
157,7068,2020,63924.0
158,7069,2020,104885.0
159,7070,2020,24540.0
160,7071,2020,61985.0
161,7072,2020,59339.0
162,7073,2020,21796.0
163,7074,2020,89658.0
164,7075,2020,57887.0
165,7076,2020,59785.0
166,7077,2020,128958.0
167,7078,2020,431773.0
168,7079,2020,83938.0
169,7080,2020,51886.0
170,7081,2020,105978.0
171,7082,2020,31149.0
172,7083,2020,38347.0
173,7084,2020,17227.0
174,7085,2020,21794.0
175,7086,2020,51562.0
176,7087,2020,83688.0
177,7088,2020,4631.0
178,7089,2020,708430.0
179,7090,2020,9102.0
180,7091,2020,27266.0
181,7092,2020,43246.0
182,7093,2020,96328.0
183,7094,2020,99112.0
184,7096,2020,167043.0
185,7097,2020,185675.0
186,7098,2020,14465.0
187,7099,2020,167059.0
188,7100,2020,76144.0
189,7101,2020,1208555.0
190,7102,2020,82079.0
191,7103,2020,60781.0
192,7104,2020,33378.0
193,7105,2020,32064.0
194,7106,2020,135437.0
195,7107,2020,136004.0
196,7108,2020,223050.0
197,7109,2020,80794.0
198,7110,2020,15062.0
199,7111,2020,90746.0
200,7112,2020,75896.0
201,7113,2020,16974.0
202,7114,2020,47307.0
203,7115,2020,29434.0
204,7116,2020,25785.0
205,7117,2020,16924.0
206,7118,2020,12107.0
207,7119,2020,9928.0
208,7120,2020,8726.0
209,7121,2020,17436.0
210,7122,2020,31477.0
211,7123,2020,21778.0
212,7124,2020,48209.0
213,7125,2020,23358.0
214,8000,2020,3773703.0
215,8001,2020,29767.0
216,8002,2020,52459.0
217,8003,2020,17196.0
218,8004,2020,51689.0
219,8005,2020,52539.0
220,8006,2020,11793.0
221,8007,2020,33793.0
222,8008,2020,23508.0
223,8009,2020,47399.0
224,8010,2020,50411.0
225,8011,2020,99898.0
226,8012,2020,16834.0
227,8013,2020,24006.0
228,8014,2020,4190.0
229,8015,2020,2537.0
230,8016,2020,7432.0
231,8017,2020,362295.0
232,8018,2020,10419.0
233,8019,2020,1876260.0
234,8020,2020,12710.0
235,8021,2020,301951.0
236,8022,2020,4929.0
237,8023,2020,13454.0
238,8024,2020,7652.0
239,8025,2020,14057.0
240,8026,2020,4923.0
241,8027,2020,102871.0
242,8028,2020,8607.0
243,8029,2020,103105.0
244,8030,2020,17359.0
245,8031,2020,72073.0
246,8032,2020,233909.0
247,8033,2020,1710.0
248,8034,2020,10419.0
249,8035,2020,22224.0
250,8036,2020,82416.0
251,8037,2020,3025456.0
252,8038,2020,10100.0
253,8039,2020,8419.0
254,8040,2020,50485.0
255,8041,2020,2719.0
256,8042,2020,2494.0
257,8043,2020,5525.0
258,8044,2020,8770.0
259,8045,2020,91261.0
260,8046,2020,15369.0
261,8047,2020,9054.0
262,8048,2020,45758.0
263,8049,2020,5621.0
264,8050,2020,131690.0
265,8051,2020,16458.0
266,8052,2020,49208.0
267,8053,2020,10320.0
268,8054,2020,15473.0
269,8055,2020,34377.0
270,8056,2020,4212.0
271,8057,2020,4452.0
272,8058,2020,5555.0
273,8059,2020,10099.0
274,8060,2020,23334.0
275,8061,2020,7037.0
276,8062,2020,60297.0
277,8063,2020,10774.0
278,8064,2020,2952.0
279,8065,2020,36250.0
280,8066,2020,13556.0
281,8067,2020,9703.0
282,9000,2020,9210628.0
283,9002,2020,864410.0
284,9003,2020,1228894.0
285,9004,2020,435415.0
286,9005,2020,2346702.0
287,9006,2020,809390.0
288,9007,2020,3670972.0
289,9008,2020,495286.0
290,9009,2020,305517.0
291,9010,2020,1518278.0
292,9011,2020,784686.0
293,9012,2020,1400179.0
294,9013,2020,884421.0
295,9014,2020,868306.0
296,9015,2020,1091768.0
297,9016,2020,828940.0
298,9017,2020,887408.0
299,10000,2020,1848262.0
300,10001,2020,63155.0
301,10002,2020,8927.0
302,10003,2020,8204.0
303,10004,2020,70037.0
304,10005,2020,1379437.0
305,10006,2020,20129.0
306,10007,2020,748030.0
307,10008,2020,73805.0
308,10009,2020,20163.0
309,10010,2020,7784.0
310,10011,2020,9519.0
311,10012,2020,327367.0
312,10013,2020,54033.0
313,10014,2020,99767.0
314,10015,2020,25889.0
315,10016,2020,38207.0
316,10017,2020,16192.0
317,10018,2020,20814.0
318,10019,2020,9941.0
319,10020,2020,25357.0
320,10021,2020,22361.0
321,10022,2020,51277.0
322,10023,2020,103250.0
323,10024,2020,25666.0
324,10025,2020,5753.0
325,10026,2020,35240.0
326,10027,2020,10561.0
327,10028,2020,24148.0
328,10029,2020,4214.0
329,10030,2020,3299.0
330,10031,2020,13466.0
331,10032,2020,99072.0
332,10033,2020,13893.0
333,10034,2020,53939.0
334,10035,2020,23219.0
335,10036,2020,42378.0
336,10037,2020,19306.0
337,10038,2020,46973.0
338,10039,2020,56140.0
339,11000,2020,6185426.0
340,11001,2020,184496.0
341,11002,2020,217672.0
342,11003,2020,349812.0
343,11004,2020,126908.0
344,11005,2020,235960.0
345,11006,2020,10598.0
346,11007,2020,1043055.0
347,11008,2020,82961.0
348,11009,2020,164625.0
349,11010,2020,22166.0
350,11011,2020,196119.0
351,11012,2020,61831.0
352,11013,2020,54811.0
353,11014,2020,326905.0
354,11015,2020,389203.0
355,11016,2020,42301.0
356,11017,2020,1186701.0
357,11018,2020,77644.0
358,11019,2020,99167.0
359,11020,2020,3445502.0
360,11021,2020,94540.0
361,11022,2020,54601.0
362,11023,2020,310558.0
363,11024,2020,24900.0
364,11025,2020,167852.0
365,11026,2020,132151.0
366,11027,2020,547660.0
367,11028,2020,188351.0
368,11029,2020,82320.0
369,11030,2020,240165.0
370,11031,2020,262032.0
371,11032,2020,179333.0
372,11033,2020,257770.0
373,11034,2020,11471.0
374,11035,2020,165032.0
375,11036,2020,13432.0
376,11037,2020,407924.0
377,11038,2020,22634.0
378,11039,2020,71909.0
379,11040,2020,40038.0
380,11041,2020,123027.0
381,11042,2020,301770.0
382,11043,2020,42664.0
383,11044,2020,131892.0
384,11045,2020,22287.0
385,11046,2020,137610.0
386,12000,2020,3548231.0
387,12001,2020,1559356.0
388,12002,2020,50562.0
389,12003,2020,75430.0
390,12004,2020,42462.0
391,12005,2020,15631.0
392,12006,2020,22297.0
393,12007,2020,66644.0
394,12008,2020,18315.0
395,12009,2020,11625.0
396,12010,2020,57034.0
397,12011,2020,121524.0
398,12012,2020,138313.0
399,12013,2020,30257.0
400,12014,2020,30962.0
401,12015,2020,26002.0
402,12016,2020,25009.0
403,12017,2020,31168.0
404,12018,2020,28994.0
405,12019,2020,31296.0
406,12020,2020,43351.0
407,12021,2020,146256.0
408,12022,2020,77668.0
409,12023,2020,53467.0
410,12024,2020,15777.0
411,12025,2020,34060.0
412,12026,2020,16575.0
413,12027,2020,41210.0
414,12028,2020,247483.0
415,12029,2020,566865.0
416,12030,2020,44520.0
417,12031,2020,12618.0
418,12032,2020,74697.0
419,12033,2020,34980.0
420,12034,2020,73219.0
421,12035,2020,308940.0
422,12036,2020,23488.0
423,12037,2020,12290.0
424,12038,2020,252281.0
425,12039,2020,52198.0
426,12040,2020,52733.0
427,12041,2020,59281.0
428,12042,2020,37227.0
429,12043,2020,37807.0
430,12044,2020,24826.0
431,12045,2020,57122.0
432,12046,2020,136594.0
433,12047,2020,14181.0
434,12048,2020,89456.0
435,12049,2020,25547.0
436,12050,2020,77009.0
437,12051,2020,72291.0
438,12052,2020,92610.0
439,12053,2020,100305.0
440,12054,2020,48372.0
441,12055,2020,211231.0
442,12056,2020,92176.0
443,12057,2020,131071.0
444,12058,2020,107706.0
445,12059,2020,61663.0
446,12060,2020,27115.0
447,12061,2020,86620.0
448,12062,2020,45610.0
449,12063,2020,20194.0
450,12064,2020,23371.0
451,12065,2020,15215.0
452,12066,2020,192352.0
453,12067,2020,44450.0
454,12068,2020,52846.0
455,12069,2020,23981.0
456,12070,2020,15744.0
457,12071,2020,59849.0
458,12072,2020,24014.0
459,12073,2020,36365.0
460,12074,2020,43954.0
461,12075,2020,106314.0
462,12076,2020,80468.0
463,12077,2020,28599.0
464,12078,2020,42551.0
465,12079,2020,36772.0
466,12080,2020,15142.0
467,12081,2020,23358.0
468,13000,2020,3085740.0
469,13001,2020,44563.0
470,13002,2020,92143.0
471,13003,2020,122005.0
472,13004,2020,20629.0
473,13005,2020,37769.0
474,13006,2020,38347.0
475,13007,2020,25231.0
476,13008,2020,93443.0
477,13009,2020,39673.0
478,13010,2020,63084.0
479,13011,2020,39654.0
480,13012,2020,60279.0
481,13013,2020,124946.0
482,13014,2020,32357.0
483,13015,2020,38866.0
484,13016,2020,120920.0
485,13017,2020,25953.0
486,13018,2020,45874.0
487,13019,2020,37830.0
488,13020,2020,5204.0
489,13021,2020,30386.0
490,13022,2020,32617.0
491,13023,2020,72501.0
492,13024,2020,35230.0
493,13025,2020,41352.0
494,13026,2020,25541.0
495,13027,2020,45742.0
496,13028,2020,253606.0
497,13029,2020,94945.0
498,13030,2020,197328.0
499,13031,2020,24617.0
500,13032,2020,21327.0
501,13033,2020,5805.0
502,13034,2020,19004.0
503,13035,2020,26160.0
504,13036,2020,18907.0
505,13037,2020,41967.0
506,13038,2020,17772.0
507,13039,2020,28671.0
508,13040,2020,19657.0
509,13041,2020,94478.0
510,13042,2020,23190.0
511,13043,2020,12532.0
512,13044,2020,34016.0
513,13045,2020,18590.0
514,13046,2020,77019.0
515,13047,2020,9507.0
516,13048,2020,628676.0
517,13049,2020,37482.0
518,13050,2020,47292.0
519,13051,2020,405566.0
520,13052,2020,77822.0
521,13053,2020,35449.0
522,13054,2020,73592.0
523,13055,2020,36668.0
524,13056,2020,79135.0
525,13057,2020,30429.0
526,13058,2020,34883.0
527,13059,2020,76041.0
528,13060,2020,35035.0
529,13061,2020,112524.0
530,13062,2020,62507.0
531,13063,2020,181127.0
532,13064,2020,21663.0
533,13065,2020,23556.0
534,13066,2020,26075.0
535,13067,2020,110295.0
536,13068,2020,28697.0
537,13069,2020,336650.0
538,13070,2020,38150.0
539,13071,2020,18285.0
540,13072,2020,22257.0
541,13073,2020,75474.0
542,13074,2020,57258.0
543,13075,2020,42782.0
544,13076,2020,230248.0
545,13077,2020,336755.0
546,13078,2020,36531.0
547,13079,2020,14043.0
548,13080,2020,49351.0
549,13081,2020,76314.0
550,13082,2020,42906.0
551,13083,2020,115922.0
552,13084,2020,79904.0
553,14000,2020,8371680.0
554,14001,2020,46474.0
555,14002,2020,52105.0
556,14003,2020,47327.0
557,14004,2020,11522.0
558,14005,2020,33028.0
559,14006,2020,120930.0
560,14007,2020,18870.0
561,14008,2020,161638.0
562,14009,2020,42301.0
563,14010,2020,15549.0
564,14011,2020,11223.0
565,14012,2020,8432.0
566,14013,2020,128230.0
567,14014,2020,17421.0
568,14015,2020,130257.0
569,14016,2020,83186.0
570,14017,2020,25849.0
571,14018,2020,136023.0
572,14019,2020,14534.0
573,14020,2020,22119.0
574,14021,2020,41193.0
575,14022,2020,80426.0
576,14023,2020,231091.0
577,14024,2020,58594.0
578,14025,2020,39440.0
579,14026,2020,12680.0
580,14027,2020,36860.0
581,14028,2020,4379.0
582,14029,2020,35887.0
583,14030,2020,110462.0
584,14031,2020,6641.0
585,14032,2020,12002.0
586,14033,2020,42534.0
587,14034,2020,3981.0
588,14035,2020,106901.0
589,14036,2020,40076.0
590,14037,2020,51945.0
591,14038,2020,8482.0
592,14039,2020,2771266.0
593,14040,2020,17514.0
594,14041,2020,11875.0
595,14042,2020,20128.0
596,14043,2020,46691.0
597,14044,2020,136197.0
598,14045,2020,41246.0
599,14046,2020,65628.0
600,14047,2020,49821.0
601,14048,2020,38194.0
602,14049,2020,19814.0
603,14050,2020,94319.0
604,14051,2020,61769.0
605,14052,2020,11095.0
606,14053,2020,345729.0
607,14054,2020,10742.0
608,14055,2020,43575.0
609,14056,2020,3808.0
610,14057,2020,8210.0
611,14058,2020,29250.0
612,14059,2020,28153.0
613,14060,2020,10699.0
614,14061,2020,46079.0
615,14062,2020,7332.0
616,14063,2020,212150.0
617,14064,2020,67291.0
618,14065,2020,23018.0
619,14066,2020,107432.0
620,14067,2020,583825.0
621,14068,2020,22878.0
622,14069,2020,15589.0
623,14070,2020,466580.0
624,14071,2020,6002.0
625,14072,2020,15406.0
626,14073,2020,144882.0
627,14074,2020,33689.0
628,14075,2020,7637.0
629,14076,2020,6364.0
630,14077,2020,56256.0
631,14078,2020,64245.0
632,14079,2020,32883.0
633,14080,2020,10268.0
634,14081,2020,7034.0
635,14082,2020,74459.0
636,14083,2020,175574.0
637,14084,2020,30337.0
638,14085,2020,78151.0
639,14086,2020,42635.0
640,14087,2020,33792.0
641,14088,2020,33252.0
642,14089,2020,8173.0
643,14090,2020,14620.0
644,14091,2020,79961.0
645,14092,2020,22096.0
646,14093,2020,301000.0
647,14094,2020,89088.0
648,14095,2020,19342.0
649,14096,2020,45534.0
650,14097,2020,1455816.0
651,14098,2020,1374278.0
652,14099,2020,22482.0
653,14100,2020,72947.0
654,14101,2020,1139901.0
655,14102,2020,11936.0
656,14103,2020,15152.0
657,14104,2020,8435.0
658,14105,2020,47413.0
659,14106,2020,11211.0
660,14107,2020,13429.0
661,14108,2020,75170.0
662,14109,2020,38394.0
663,14110,2020,27652.0
664,14111,2020,13405.0
665,14112,2020,12393.0
666,14113,2020,33194.0
667,14114,2020,38173.0
668,14115,2020,11163.0
669,14116,2020,40254.0
670,14117,2020,8865.0
671,14118,2020,45036.0
672,14119,2020,60996.0
673,14120,2020,2953383.0
674,14121,2020,67465.0
675,14122,2020,14966.0
676,14123,2020,38679.0
677,14124,2020,129737.0
678,14125,2020,36737.0
679,15000,2020,16999194.0
680,15001,2020,135748.0
681,15002,2020,343021.0
682,15003,2020,98534.0
683,15004,2020,30666.0
684,15005,2020,349190.0
685,15006,2020,25388.0
686,15007,2020,47350.0
687,15008,2020,50552.0
688,15009,2020,106927.0
689,15010,2020,63796.0
690,15011,2020,150978.0
691,15012,2020,25971.0
692,15013,2020,1047348.0
693,15014,2020,218805.0
694,15015,2020,63815.0
695,15016,2020,58277.0
696,15017,2020,20165.0
697,15018,2020,136980.0
698,15019,2020,73849.0
699,15020,2020,586893.0
700,15021,2020,77291.0
701,15022,2020,30230.0
702,15023,2020,81775.0
703,15024,2020,357710.0
704,15025,2020,800118.0
705,15026,2020,63476.0
706,15027,2020,25544.0
707,15028,2020,60090.0
708,15029,2020,401500.0
709,15030,2020,55384.0
710,15031,2020,1410386.0
711,15032,2020,74880.0
712,15033,2020,3290704.0
713,15034,2020,21657.0
714,15035,2020,326492.0
715,15036,2020,93514.0
716,15037,2020,569934.0
717,15038,2020,23858.0
718,15039,2020,1084460.0
719,15040,2020,73822.0
720,15041,2020,12950.0
721,15042,2020,320278.0
722,15043,2020,61382.0
723,15044,2020,56434.0
724,15045,2020,175342.0
725,15046,2020,39754.0
726,15047,2020,153661.0
727,15048,2020,138550.0
728,15049,2020,30856.0
729,15050,2020,54267.0
730,15051,2020,340662.0
731,15052,2020,56311.0
732,15053,2020,122445.0
733,15054,2020,484614.0
734,15055,2020,27614.0
735,15056,2020,66350.0
736,15057,2020,1668874.0
737,15058,2020,2158840.0
738,15059,2020,114178.0
739,15060,2020,861202.0
740,15061,2020,20706.0
741,15062,2020,144209.0
742,15063,2020,72447.0
743,15064,2020,73874.0
744,15065,2020,73600.0
745,15066,2020,9825.0
746,15067,2020,177568.0
747,15068,2020,61585.0
748,15069,2020,9732.0
749,15070,2020,608176.0
750,15071,2020,29976.0
751,15072,2020,31947.0
752,15073,2020,63924.0
753,15074,2020,289848.0
754,15075,2020,58378.0
755,15076,2020,194836.0
756,15077,2020,13392.0
757,15078,2020,19458.0
758,15079,2020,28646.0
759,15080,2020,48290.0
760,15081,2020,1095034.0
761,15082,2020,158618.0
762,15083,2020,28280.0
763,15084,2020,87186.0
764,15085,2020,132828.0
765,15086,2020,70039.0
766,15087,2020,211550.0
767,15088,2020,209365.0
768,15089,2020,22771.0
769,15090,2020,181036.0
770,15091,2020,130918.0
771,15092,2020,117024.0
772,15093,2020,65156.0
773,15094,2020,41022.0
774,15095,2020,207397.0
775,15096,2020,78980.0
776,15097,2020,36970.0
777,15098,2020,11472.0
778,15099,2020,555153.0
779,15100,2020,94088.0
780,15101,2020,168518.0
781,15102,2020,32828.0
782,15103,2020,98477.0
783,15104,2020,1344404.0
784,15105,2020,63585.0
785,15106,2020,1821244.0
786,15107,2020,25824.0
787,15108,2020,315296.0
788,15109,2020,1032682.0
789,15110,2020,123214.0
790,15111,2020,106556.0
791,15112,2020,103005.0
792,15113,2020,138172.0
793,15114,2020,216402.0
794,15115,2020,109266.0
795,15116,2020,10218.0
796,15117,2020,27054.0
797,15118,2020,407748.0
798,15119,2020,37666.0
799,15120,2020,560944.0
800,15121,2020,1110326.0
801,15122,2020,783476.0
802,15123,2020,57822.0
803,15124,2020,200164.0
804,15125,2020,29775.0
805,16000,2020,4766697.0
806,16001,2020,22627.0
807,16002,2020,29878.0
808,16003,2020,46058.0
809,16004,2020,29903.0
810,16005,2020,21788.0
811,16006,2020,252767.0
812,16007,2020,7065.0
813,16008,2020,50544.0
814,16009,2020,72628.0
815,16010,2020,41560.0
816,16011,2020,23370.0
817,16012,2020,91204.0
818,16013,2020,18712.0
819,16014,2020,34237.0
820,16015,2020,40434.0
821,16016,2020,41943.0
822,16017,2020,70159.0
823,16018,2020,18974.0
824,16019,2020,40485.0
825,16020,2020,59833.0
826,16021,2020,27089.0
827,16022,2020,53215.0
828,16023,2020,20836.0
829,16024,2020,41193.0
830,16025,2020,81131.0
831,16026,2020,9819.0
832,16027,2020,9894.0
833,16028,2020,10468.0
834,16029,2020,24764.0
835,16030,2020,23702.0
836,16031,2020,32256.0
837,16032,2020,31438.0
838,16033,2020,42992.0
839,16034,2020,251731.0
840,16035,2020,61391.0
841,16036,2020,23308.0
842,16037,2020,15891.0
843,16038,2020,84356.0
844,16039,2020,18035.0
845,16040,2020,36794.0
846,16041,2020,32087.0
847,16042,2020,28618.0
848,16043,2020,137663.0
849,16044,2020,25919.0
850,16045,2020,72344.0
851,16046,2020,29896.0
852,16047,2020,39735.0
853,16048,2020,11496.0
854,16049,2020,38854.0
855,16050,2020,178639.0
856,16051,2020,27998.0
857,16052,2020,392384.0
858,16053,2020,1698370.0
859,16054,2020,15968.0
860,16055,2020,91536.0
861,16056,2020,65211.0
862,16057,2020,16817.0
863,16058,2020,42098.0
864,16059,2020,18076.0
865,16060,2020,18895.0
866,16061,2020,49548.0
867,16062,2020,42067.0
868,16063,2020,29796.0
869,16064,2020,53882.0
870,16065,2020,79354.0
871,16066,2020,196823.0
872,16067,2020,33267.0
873,16068,2020,58903.0
874,16069,2020,213560.0
875,16070,2020,31023.0
876,16071,2020,138538.0
877,16072,2020,27957.0
878,16073,2020,54364.0
879,16074,2020,21106.0
880,16075,2020,157921.0
881,16076,2020,156991.0
882,16077,2020,35442.0
883,16078,2020,25652.0
884,16079,2020,99859.0
885,16080,2020,39717.0
886,16081,2020,18217.0
887,16082,2020,159217.0
888,16083,2020,66993.0
889,16084,2020,63469.0
890,16085,2020,70549.0
891,16086,2020,31083.0
892,16087,2020,31182.0
893,16088,2020,229106.0
894,16089,2020,48244.0
895,16090,2020,32687.0
896,16091,2020,29891.0
897,16092,2020,26032.0
898,16093,2020,57112.0
899,16094,2020,12844.0
900,16095,2020,24835.0
901,16096,2020,12444.0
902,16097,2020,58550.0
903,16098,2020,51578.0
904,16099,2020,28923.0
905,16100,2020,29822.0
906,16101,2020,18452.0
907,16102,2020,714213.0
908,16103,2020,46983.0
909,16104,2020,31757.0
910,16105,2020,41992.0
911,16106,2020,64608.0
912,16107,2020,153738.0
913,16108,2020,410112.0
914,16109,2020,6467.0
915,16110,2020,98105.0
916,16111,2020,36860.0
917,16112,2020,314188.0
918,16113,2020,52444.0
919,17000,2020,1973505.0
920,17001,2020,35222.0
921,17002,2020,50484.0
922,17003,2020,78404.0
923,17004,2020,179828.0
924,17005,2020,21873.0
925,17006,2020,374267.0
926,17007,2020,756977.0
927,17008,2020,214139.0
928,17009,2020,49036.0
929,17010,2020,36829.0
930,17011,2020,430714.0
931,17012,2020,115422.0
932,17013,2020,33410.0
933,17014,2020,19317.0
934,17015,2020,31620.0
935,17016,2020,38471.0
936,17017,2020,80083.0
937,17018,2020,244538.0
938,17019,2020,56281.0
939,17020,2020,110017.0
940,17021,2020,15255.0
941,17022,2020,29757.0
942,17023,2020,15891.0
943,17024,2020,104886.0
944,17025,2020,67595.0
945,17026,2020,38862.0
946,17027,2020,25515.0
947,17028,2020,147168.0
948,17029,2020,211577.0
949,17030,2020,112224.0
950,17031,2020,72189.0
951,17032,2020,19957.0
952,17033,2020,33152.0
953,17034,2020,22704.0
954,17035,2020,55623.0
955,17036,2020,15738.0
956,18000,2020,1243615.0
957,18001,2020,74699.0
958,18002,2020,30951.0
959,18003,2020,23126.0
960,18004,2020,155423.0
961,18005,2020,24863.0
962,18006,2020,58711.0
963,18007,2020,38740.0
964,18008,2020,130738.0
965,18009,2020,96640.0
966,18010,2020,67215.0
967,18011,2020,48394.0
968,18012,2020,83157.0
969,18013,2020,15399.0
970,18014,2020,50137.0
971,18015,2020,188218.0
972,18016,2020,74421.0
973,18017,2020,853682.0
974,18018,2020,60175.0
975,18019,2020,28532.0
976,18020,2020,375850.0
977,19000,2020,5795681.0
978,19001,2020,5992.0
979,19002,2020,6882.0
980,19003,2020,2829.0
981,19004,2020,70645.0
982,19005,2020,36535.0
983,19006,2020,1313074.0
984,19007,2020,30244.0
985,19008,2020,7423.0
986,19009,2020,247082.0
987,19010,2020,209004.0
988,19011,2020,14850.0
989,19012,2020,137563.0
990,19013,2020,20369.0
991,19014,2020,72457.0
992,19015,2020,2873.0
993,19016,2020,6725.0
994,19017,2020,82286.0
995,19018,2020,794535.0
996,19019,2020,264351.0
997,19020,2020,11239.0
998,19021,2020,962458.0
999,19022,2020,28769.0
1000,19023,2020,3655.0
1001,19024,2020,12780.0
1002,19025,2020,204434.0
1003,19026,2020,1286299.0
1004,19027,2020,3968.0
1005,19028,2020,2855.0
1006,19029,2020,14192.0
1007,19030,2020,6690.0
1008,19031,2020,943247.0
1009,19032,2020,10774.0
1010,19033,2020,170212.0
1011,19034,2020,10295.0
1012,19035,2020,2983.0
1013,19036,2020,15323.0
1014,19037,2020,12193.0
1015,19038,2020,135661.0
1016,19039,2020,2286003.0
1017,19040,2020,1859.0
1018,19041,2020,295529.0
1019,19042,2020,11037.0
1020,19043,2020,4914.0
1021,19044,2020,69590.0
1022,19045,2020,173903.0
1023,19046,2020,824398.0
1024,19047,2020,32183.0
1025,19048,2020,612715.0
1026,19049,2020,93812.0
1027,19050,2020,3235.0
1028,19051,2020,7199.0
1029,20000,2020,4141974.0
1030,20001,2020,1682.0
1031,20002,2020,90540.0
1032,20003,2020,5094.0
1033,20004,2020,2215.0
1034,20005,2020,30647.0
1035,20006,2020,41004.0
1036,20007,2020,4790.0
1037,20008,2020,1468.0
1038,20009,2020,13714.0
1039,20010,2020,26992.0
1040,20011,2020,2804.0
1041,20012,2020,22419.0
1042,20013,2020,6101.0
1043,20014,2020,56205.0
1044,20015,2020,10721.0
1045,20016,2020,19126.0
1046,20017,2020,7214.0
1047,20018,2020,1506.0
1048,20019,2020,5519.0
1049,20020,2020,9717.0
1050,20021,2020,28994.0
1051,20022,2020,1616.0
1052,20023,2020,53774.0
1053,20024,2020,7303.0
1054,20025,2020,22721.0
1055,20026,2020,18075.0
1056,20027,2020,4362.0
1057,20028,2020,46307.0
1058,20029,2020,8430.0
1059,20030,2020,17686.0
1060,20031,2020,14374.0
1061,20032,2020,2154.0
1062,20033,2020,5858.0
1063,20034,2020,2576.0
1064,20035,2020,1328.0
1065,20036,2020,10531.0
1066,20037,2020,8865.0
1067,20038,2020,3775.0
1068,20039,2020,156626.0
1069,20040,2020,12777.0
1070,20041,2020,63436.0
1071,20042,2020,16775.0
1072,20043,2020,227454.0
1073,20044,2020,82252.0
1074,20045,2020,15780.0
1075,20046,2020,5900.0
1076,20047,2020,163.0
1077,20048,2020,2868.0
1078,20049,2020,2368.0
1079,20050,2020,7500.0
1080,20051,2020,9528.0
1081,20052,2020,11995.0
1082,20053,2020,2603.0
1083,20054,2020,808.0
1084,20055,2020,7486.0
1085,20056,2020,2903.0
1086,20057,2020,76687.0
1087,20058,2020,25485.0
1088,20059,2020,100789.0
1089,20060,2020,4974.0
1090,20061,2020,5786.0
1091,20062,2020,996.0
1092,20063,2020,8586.0
1093,20064,2020,17020.0
1094,20065,2020,2162.0
1095,20066,2020,10737.0
1096,20067,2020,541947.0
1097,20068,2020,47525.0
1098,20069,2020,6104.0
1099,20070,2020,12861.0
1100,20071,2020,6764.0
1101,20072,2020,16118.0
1102,20073,2020,69316.0
1103,20074,2020,912.0
1104,20075,2020,5320.0
1105,20076,2020,6827.0
1106,20077,2020,8740.0
1107,20078,2020,2602.0
1108,20079,2020,168887.0
1109,20080,2020,3188.0
1110,20081,2020,3742.0
1111,20082,2020,8331.0
1112,20083,2020,22782.0
1113,20084,2020,8338.0
1114,20085,2020,52428.0
1115,20086,2020,2071.0
1116,20087,2020,11042.0
1117,20088,2020,5818.0
1118,20089,2020,4621.0
1119,20090,2020,12487.0
1120,20091,2020,12567.0
1121,20092,2020,3552.0
1122,20093,2020,1037.0
1123,20094,2020,3712.0
1124,20095,2020,9124.0
1125,20096,2020,1513.0
1126,20097,2020,3542.0
1127,20098,2020,8486.0
1128,20099,2020,762.0
1129,20100,2020,793.0
1130,20101,2020,1496.0
1131,20102,2020,10657.0
1132,20103,2020,12128.0
1133,20104,2020,5413.0
1134,20105,2020,15356.0
1135,20106,2020,505.0
1136,20107,2020,52564.0
1137,20108,2020,5911.0
1138,20109,2020,2464.0
1139,20110,2020,3336.0
1140,20111,2020,9746.0
1141,20112,2020,5154.0
1142,20113,2020,6351.0
1143,20114,2020,1348.0
1144,20115,2020,20801.0
1145,20116,2020,8262.0
1146,20117,2020,4435.0
1147,20118,2020,4800.0
1148,20119,2020,1483.0
1149,20120,2020,898.0
1150,20121,2020,1201.0
1151,20122,2020,1315.0
1152,20123,2020,5662.0
1153,20124,2020,39426.0
1154,20125,2020,23339.0
1155,20126,2020,10797.0
1156,20127,2020,2504.0
1157,20128,2020,2684.0
1158,20129,2020,728.0
1159,20130,2020,10368.0
1160,20131,2020,22852.0
1161,20132,2020,2768.0
1162,20133,2020,7876.0
1163,20134,2020,57007.0
1164,20135,2020,16483.0
1165,20136,2020,24385.0
1166,20137,2020,6934.0
1167,20138,2020,902.0
1168,20139,2020,4399.0
1169,20140,2020,1624.0
1170,20141,2020,17457.0
1171,20142,2020,1684.0
1172,20143,2020,18925.0
1173,20144,2020,2150.0
1174,20145,2020,10430.0
1175,20146,2020,5606.0
1176,20147,2020,763.0
1177,20148,2020,4364.0
1178,20149,2020,4048.0
1179,20150,2020,27723.0
1180,20151,2020,624.0
1181,20152,2020,4944.0
1182,20153,2020,9833.0
1183,20154,2020,4658.0
1184,20155,2020,2131.0
1185,20156,2020,7357.0
1186,20157,2020,33654.0
1187,20158,2020,4466.0
1188,20159,2020,11113.0
1189,20160,2020,2858.0
1190,20161,2020,5494.0
1191,20162,2020,4117.0
1192,20163,2020,3155.0
1193,20164,2020,5762.0
1194,20165,2020,3258.0
1195,20166,2020,22647.0
1196,20167,2020,4298.0
1197,20168,2020,1894.0
1198,20169,2020,8502.0
1199,20170,2020,7400.0
1200,20171,2020,36223.0
1201,20172,2020,827.0
1202,20173,2020,2917.0
1203,20174,2020,9134.0
1204,20175,2020,2848.0
1205,20176,2020,5487.0
1206,20177,2020,20759.0
1207,20178,2020,13384.0
1208,20179,2020,2894.0
1209,20180,2020,4689.0
1210,20181,2020,916.0
1211,20182,2020,4362.0
1212,20183,2020,2953.0
1213,20184,2020,319219.0
1214,20185,2020,17878.0
1215,20186,2020,1049.0
1216,20187,2020,3618.0
1217,20188,2020,19220.0
1218,20189,2020,6232.0
1219,20190,2020,45205.0
1220,20191,2020,610.0
1221,20192,2020,3044.0
1222,20193,2020,5614.0
1223,20194,2020,2746.0
1224,20195,2020,2112.0
1225,20196,2020,818.0
1226,20197,2020,6582.0
1227,20198,2020,59678.0
1228,20199,2020,997.0
1229,20200,2020,7433.0
1230,20201,2020,3760.0
1231,20202,2020,9233.0
1232,20203,2020,7076.0
1233,20204,2020,1268.0
1234,20205,2020,33996.0
1235,20206,2020,4855.0
1236,20207,2020,38092.0
1237,20208,2020,13887.0
1238,20209,2020,1214.0
1239,20210,2020,11549.0
1240,20211,2020,6824.0
1241,20212,2020,6234.0
1242,20213,2020,8412.0
1243,20214,2020,4068.0
1244,20215,2020,1758.0
1245,20216,2020,2482.0
1246,20217,2020,6773.0
1247,20218,2020,1091.0
1248,20219,2020,5349.0
1249,20220,2020,5395.0
1250,20221,2020,2997.0
1251,20222,2020,2852.0
1252,20223,2020,880.0
1253,20224,2020,1292.0
1254,20225,2020,11806.0
1255,20226,2020,5990.0
1256,20227,2020,36721.0
1257,20228,2020,1666.0
1258,20229,2020,18303.0
1259,20230,2020,1864.0
1260,20231,2020,6374.0
1261,20232,2020,44379.0
1262,20233,2020,3446.0
1263,20234,2020,14326.0
1264,20235,2020,7672.0
1265,20236,2020,2766.0
1266,20237,2020,3140.0
1267,20238,2020,1988.0
1268,20239,2020,2000.0
1269,20240,2020,5510.0
1270,20241,2020,2068.0
1271,20242,2020,24901.0
1272,20243,2020,3963.0
1273,20244,2020,7877.0
1274,20245,2020,2655.0
1275,20246,2020,1222.0
1276,20247,2020,3238.0
1277,20248,2020,31142.0
1278,20249,2020,7662.0
1279,20250,2020,2482.0
1280,20251,2020,2440.0
1281,20252,2020,4768.0
1282,20253,2020,4101.0
1283,20254,2020,6434.0
1284,20255,2020,3954.0
1285,20256,2020,467.0
1286,20257,2020,2104.0
1287,20258,2020,1396.0
1288,20259,2020,4286.0
1289,20260,2020,4393.0
1290,20261,2020,13864.0
1291,20262,2020,1996.0
1292,20263,2020,6383.0
1293,20264,2020,4351.0
1294,20265,2020,13466.0
1295,20266,2020,17210.0
1296,20267,2020,490.0
1297,20268,2020,2305.0
1298,20269,2020,8629.0
1299,20270,2020,2626.0
1300,20271,2020,6393.0
1301,20272,2020,12517.0
1302,20273,2020,7640.0
1303,20274,2020,2659.0
1304,20275,2020,14598.0
1305,20276,2020,1388.0
1306,20277,2020,24818.0
1307,20278,2020,77384.0
1308,20279,2020,5900.0
1309,20280,2020,4022.0
1310,20281,2020,617.0
1311,20282,2020,1306.0
1312,20283,2020,2088.0
1313,20284,2020,6286.0
1314,20285,2020,7380.0
1315,20286,2020,6210.0
1316,20287,2020,634.0
1317,20288,2020,1170.0
1318,20289,2020,2428.0
1319,20290,2020,2086.0
1320,20291,2020,8620.0
1321,20292,2020,3034.0
1322,20293,2020,34243.0
1323,20294,2020,14074.0
1324,20295,2020,20044.0
1325,20296,2020,1912.0
1326,20297,2020,5503.0
1327,20298,2020,27185.0
1328,20299,2020,2250.0
1329,20300,2020,13271.0
1330,20301,2020,3192.0
1331,20302,2020,9125.0
1332,20303,2020,2162.0
1333,20304,2020,1438.0
1334,20305,2020,8678.0
1335,20306,2020,9333.0
1336,20307,2020,19482.0
1337,20308,2020,6625.0
1338,20309,2020,20736.0
1339,20310,2020,29117.0
1340,20311,2020,967.0
1341,20312,2020,22560.0
1342,20313,2020,1469.0
1343,20314,2020,3526.0
1344,20315,2020,3798.0
1345,20316,2020,1476.0
1346,20317,2020,2523.0
1347,20318,2020,99603.0
1348,20319,2020,1948.0
1349,20320,2020,1412.0
1350,20321,2020,1514.0
1351,20322,2020,1572.0
1352,20323,2020,4808.0
1353,20324,2020,96504.0
1354,20325,2020,23879.0
1355,20326,2020,10118.0
1356,20327,2020,31257.0
1357,20328,2020,2885.0
1358,20329,2020,2306.0
1359,20330,2020,8596.0
1360,20331,2020,1964.0
1361,20332,2020,746.0
1362,20333,2020,6597.0
1363,20334,2020,101362.0
1364,20335,2020,1734.0
1365,20336,2020,3398.0
1366,20337,2020,11251.0
1367,20338,2020,20722.0
1368,20339,2020,8718.0
1369,20340,2020,3518.0
1370,20341,2020,482.0
1371,20342,2020,8210.0
1372,20343,2020,4010.0
1373,20344,2020,5629.0
1374,20345,2020,8381.0
1375,20346,2020,3084.0
1376,20347,2020,8404.0
1377,20348,2020,16421.0
1378,20349,2020,4393.0
1379,20350,2020,33773.0
1380,20351,2020,5604.0
1381,20352,2020,9880.0
1382,20353,2020,4812.0
1383,20354,2020,968.0
1384,20355,2020,1375.0
1385,20356,2020,4358.0
1386,20357,2020,1696.0
1387,20358,2020,3916.0
1388,20359,2020,1274.0
1389,20360,2020,7971.0
1390,20361,2020,1650.0
1391,20362,2020,2992.0
1392,20363,2020,5367.0
1393,20364,2020,37354.0
1394,20365,2020,2127.0
1395,20366,2020,7379.0
1396,20367,2020,9182.0
1397,20368,2020,4135.0
1398,20369,2020,4393.0
1399,20370,2020,1340.0
1400,20371,2020,1972.0
1401,20372,2020,2632.0
1402,20373,2020,807.0
1403,20374,2020,3290.0
1404,20375,2020,26400.0
1405,20376,2020,730.0
1406,20377,2020,21852.0
1407,20378,2020,7455.0
1408,20379,2020,5902.0
1409,20380,2020,4484.0
1410,20381,2020,5880.0
1411,20382,2020,2378.0
1412,20383,2020,1190.0
1413,20384,2020,9594.0
1414,20385,2020,200806.0
1415,20386,2020,38162.0
1416,20387,2020,5784.0
1417,20388,2020,5663.0
1418,20389,2020,1816.0
1419,20390,2020,100724.0
1420,20391,2020,6758.0
1421,20392,2020,13452.0
1422,20393,2020,8353.0
1423,20394,2020,5593.0
1424,20395,2020,3261.0
1425,20396,2020,6518.0
1426,20397,2020,80277.0
1427,20398,2020,9766.0
1428,20399,2020,83852.0
1429,20400,2020,3427.0
1430,20401,2020,54121.0
1431,20402,2020,2141.0
1432,20403,2020,7515.0
1433,20404,2020,1524.0
1434,20405,2020,3644.0
1435,20406,2020,42963.0
1436,20407,2020,19206.0
1437,20408,2020,998.0
1438,20409,2020,17903.0
1439,20410,2020,6842.0
1440,20411,2020,1826.0
1441,20412,2020,6414.0
1442,20413,2020,101757.0
1443,20414,2020,24030.0
1444,20415,2020,9756.0
1445,20416,2020,922.0
1446,20417,2020,19397.0
1447,20418,2020,23482.0
1448,20419,2020,1187.0
1449,20420,2020,3358.0
1450,20421,2020,9391.0
1451,20422,2020,1226.0
1452,20423,2020,971.0
1453,20424,2020,7634.0
1454,20425,2020,4116.0
1455,20426,2020,17934.0
1456,20427,2020,33429.0
1457,20428,2020,4448.0
1458,20429,2020,3034.0
1459,20430,2020,634.0
1460,20431,2020,3660.0
1461,20432,2020,1806.0
1462,20433,2020,5388.0
1463,20434,2020,7980.0
1464,20435,2020,7152.0
1465,20436,2020,1796.0
1466,20437,2020,19306.0
1467,20438,2020,3685.0
1468,20439,2020,50694.0
1469,20440,2020,1624.0
1470,20441,2020,18518.0
1471,20442,2020,500.0
1472,20443,2020,868.0
1473,20444,2020,969.0
1474,20445,2020,3398.0
1475,20446,2020,12026.0
1476,20447,2020,34204.0
1477,20448,2020,4944.0
1478,20449,2020,6608.0
1479,20450,2020,27721.0
1480,20451,2020,2041.0
1481,20452,2020,8848.0
1482,20453,2020,7838.0
1483,20454,2020,7120.0
1484,20455,2020,5810.0
1485,20456,2020,3336.0
1486,20457,2020,6693.0
1487,20458,2020,2326.0
1488,20459,2020,9762.0
1489,20460,2020,10487.0
1490,20461,2020,1062.0
1491,20462,2020,9221.0
1492,20463,2020,1069.0
1493,20464,2020,685.0
1494,20465,2020,3288.0
1495,20466,2020,27785.0
1496,20467,2020,38273.0
1497,20468,2020,28416.0
1498,20469,2020,69478.0
1499,20470,2020,8831.0
1500,20471,2020,871.0
1501,20472,2020,6733.0
1502,20473,2020,2582.0
1503,20474,2020,6882.0
1504,20475,2020,20357.0
1505,20476,2020,842.0
1506,20477,2020,2676.0
1507,20478,2020,3221.0
1508,20479,2020,353.0
1509,20480,2020,2708.0
1510,20481,2020,3799.0
1511,20482,2020,111858.0
1512,20483,2020,21782.0
1513,20484,2020,8926.0
1514,20485,2020,6280.0
1515,20486,2020,4843.0
1516,20487,2020,3938.0
1517,20488,2020,265.0
1518,20489,2020,9824.0
1519,20490,2020,5948.0
1520,20491,2020,9882.0
1521,20492,2020,5528.0
1522,20493,2020,1099.0
1523,20494,2020,12618.0
1524,20495,2020,6077.0
1525,20496,2020,3786.0
1526,20497,2020,8466.0
1527,20498,2020,15678.0
1528,20499,2020,3854.0
1529,20500,2020,15995.0
1530,20501,2020,1999.0
1531,20502,2020,10192.0
1532,20503,2020,850.0
1533,20504,2020,3183.0
1534,20505,2020,15365.0
1535,20506,2020,1599.0
1536,20507,2020,6312.0
1537,20508,2020,3249.0
1538,20509,2020,22768.0
1539,20510,2020,1520.0
1540,20511,2020,6698.0
1541,20512,2020,2216.0
1542,20513,2020,18069.0
1543,20514,2020,1884.0
1544,20515,2020,135523.0
1545,20516,2020,10557.0
1546,20517,2020,12067.0
1547,20518,2020,226.0
1548,20519,2020,6772.0
1549,20520,2020,14804.0
1550,20521,2020,524.0
1551,20522,2020,2421.0
1552,20523,2020,3282.0
1553,20524,2020,654.0
1554,20525,2020,25022.0
1555,20526,2020,33429.0
1556,20527,2020,4982.0
1557,20528,2020,1823.0
1558,20529,2020,2948.0
1559,20530,2020,7858.0
1560,20531,2020,5224.0
1561,20532,2020,8132.0
1562,20533,2020,5464.0
1563,20534,2020,7027.0
1564,20535,2020,6471.0
1565,20536,2020,898.0
1566,20537,2020,13420.0
1567,20538,2020,1433.0
1568,20539,2020,12696.0
1569,20540,2020,16665.0
1570,20541,2020,3116.0
1571,20542,2020,1774.0
1572,20543,2020,12772.0
1573,20544,2020,2077.0
1574,20545,2020,20210.0
1575,20546,2020,12793.0
1576,20547,2020,2021.0
1577,20548,2020,3958.0
1578,20549,2020,22975.0
1579,20550,2020,11560.0
1580,20551,2020,60567.0
1581,20552,2020,823.0
1582,20553,2020,24150.0
1583,20554,2020,11830.0
1584,20555,2020,6838.0
1585,20556,2020,612.0
1586,20557,2020,29123.0
1587,20558,2020,2755.0
1588,20559,2020,46188.0
1589,20560,2020,12939.0
1590,20561,2020,5908.0
1591,20562,2020,3364.0
1592,20563,2020,2500.0
1593,20564,2020,2390.0
1594,20565,2020,92938.0
1595,20566,2020,6288.0
1596,20567,2020,6774.0
1597,20568,2020,3390.0
1598,20569,2020,2937.0
1599,20570,2020,44223.0
1600,21000,2020,6589382.0
1601,21001,2020,145849.0
1602,21002,2020,18442.0
1603,21003,2020,75955.0
1604,21004,2020,127606.0
1605,21005,2020,6140.0
1606,21006,2020,29084.0
1607,21007,2020,6338.0
1608,21008,2020,22878.0
1609,21009,2020,4431.0
1610,21010,2020,149565.0
1611,21011,2020,3770.0
1612,21012,2020,13182.0
1613,21013,2020,45258.0
1614,21014,2020,9628.0
1615,21015,2020,251801.0
1616,21016,2020,18042.0
1617,21017,2020,59484.0
1618,21018,2020,7720.0
1619,21019,2020,283690.0
1620,21020,2020,15446.0
1621,21021,2020,3024.0
1622,21022,2020,25714.0
1623,21023,2020,18113.0
1624,21024,2020,1967.0
1625,21025,2020,16478.0
1626,21026,2020,30563.0
1627,21027,2020,8292.0
1628,21028,2020,5524.0
1629,21029,2020,7622.0
1630,21030,2020,1544.0
1631,21031,2020,5649.0
1632,21032,2020,2764.0
1633,21033,2020,10806.0
1634,21034,2020,93696.0
1635,21035,2020,41364.0
1636,21036,2020,29612.0
1637,21037,2020,4668.0
1638,21038,2020,21152.0
1639,21039,2020,19674.0
1640,21040,2020,24717.0
1641,21041,2020,274881.0
1642,21042,2020,6636.0
1643,21043,2020,99809.0
1644,21044,2020,34337.0
1645,21045,2020,95171.0
1646,21046,2020,16386.0
1647,21047,2020,43463.0
1648,21048,2020,44094.0
1649,21049,2020,34776.0
1650,21050,2020,53875.0
1651,21051,2020,74109.0
1652,21052,2020,2430.0
1653,21053,2020,133038.0
1654,21054,2020,70456.0
1655,21055,2020,10177.0
1656,21056,2020,2637.0
1657,21057,2020,13374.0
1658,21058,2020,42020.0
1659,21059,2020,5719.0
1660,21060,2020,15981.0
1661,21061,2020,28930.0
1662,21062,2020,9902.0
1663,21063,2020,29546.0
1664,21064,2020,35790.0
1665,21065,2020,45414.0
1666,21066,2020,12916.0
1667,21067,2020,37630.0
1668,21068,2020,14022.0
1669,21069,2020,58490.0
1670,21070,2020,12234.0
1671,21071,2020,207918.0
1672,21072,2020,34164.0
1673,21073,2020,19541.0
1674,21074,2020,181617.0
1675,21075,2020,26161.0
1676,21076,2020,55332.0
1677,21077,2020,11927.0
1678,21078,2020,31856.0
1679,21079,2020,11571.0
1680,21080,2020,5266.0
1681,21081,2020,8143.0
1682,21082,2020,17612.0
1683,21083,2020,50669.0
1684,21084,2020,13900.0
1685,21085,2020,165731.0
1686,21086,2020,24195.0
1687,21087,2020,26627.0
1688,21088,2020,8919.0
1689,21089,2020,24294.0
1690,21090,2020,47566.0
1691,21091,2020,19660.0
1692,21092,2020,10594.0
1693,21093,2020,15318.0
1694,21094,2020,74590.0
1695,21095,2020,1303.0
1696,21096,2020,6391.0
1697,21097,2020,5336.0
1698,21098,2020,13345.0
1699,21099,2020,41330.0
1700,21100,2020,18629.0
1701,21101,2020,6642.0
1702,21102,2020,28161.0
1703,21103,2020,13344.0
1704,21104,2020,65604.0
1705,21105,2020,10154.0
1706,21106,2020,85365.0
1707,21107,2020,23995.0
1708,21108,2020,39925.0
1709,21109,2020,40548.0
1710,21110,2020,100509.0
1711,21111,2020,37162.0
1712,21112,2020,18717.0
1713,21113,2020,9272.0
1714,21114,2020,3384408.0
1715,21115,2020,116109.0
1716,21116,2020,45710.0
1717,21117,2020,31904.0
1718,21118,2020,60058.0
1719,21119,2020,308896.0
1720,21120,2020,11876.0
1721,21121,2020,2540.0
1722,21122,2020,22139.0
1723,21123,2020,7586.0
1724,21124,2020,31908.0
1725,21125,2020,19342.0
1726,21126,2020,13204.0
1727,21127,2020,7230.0
1728,21128,2020,20946.0
1729,21129,2020,28036.0
1730,21130,2020,7211.0
1731,21131,2020,1952.0
1732,21132,2020,311497.0
1733,21133,2020,1384.0
1734,21134,2020,41982.0
1735,21135,2020,1071.0
1736,21136,2020,24924.0
1737,21137,2020,20964.0
1738,21138,2020,23574.0
1739,21139,2020,7545.0
1740,21140,2020,276889.0
1741,21141,2020,6992.0
1742,21142,2020,61444.0
1743,21143,2020,69794.0
1744,21144,2020,33637.0
1745,21145,2020,26394.0
1746,21146,2020,1498.0
1747,21147,2020,12726.0
1748,21148,2020,22996.0
1749,21149,2020,60637.0
1750,21150,2020,12210.0
1751,21151,2020,18652.0
1752,21152,2020,25291.0
1753,21153,2020,47274.0
1754,21154,2020,161600.0
1755,21155,2020,13678.0
1756,21156,2020,654793.0
1757,21157,2020,25394.0
1758,21158,2020,13502.0
1759,21159,2020,7683.0
1760,21160,2020,7381.0
1761,21161,2020,44510.0
1762,21162,2020,8310.0
1763,21163,2020,37720.0
1764,21164,2020,168614.0
1765,21165,2020,2432.0
1766,21166,2020,17849.0
1767,21167,2020,20746.0
1768,21168,2020,15052.0
1769,21169,2020,44689.0
1770,21170,2020,38428.0
1771,21171,2020,7714.0
1772,21172,2020,54454.0
1773,21173,2020,13306.0
1774,21174,2020,207183.0
1775,21175,2020,28872.0
1776,21176,2020,19337.0
1777,21177,2020,109535.0
1778,21178,2020,31962.0
1779,21179,2020,63322.0
1780,21180,2020,83153.0
1781,21181,2020,14864.0
1782,21182,2020,10820.0
1783,21183,2020,40879.0
1784,21184,2020,12852.0
1785,21185,2020,20709.0
1786,21186,2020,111189.0
1787,21187,2020,9870.0
1788,21188,2020,38659.0
1789,21189,2020,44996.0
1790,21190,2020,2378.0
1791,21191,2020,19798.0
1792,21192,2020,11854.0
1793,21193,2020,12963.0
1794,21194,2020,57112.0
1795,21195,2020,53134.0
1796,21196,2020,3145.0
1797,21197,2020,161279.0
1798,21198,2020,2626.0
1799,21199,2020,85886.0
1800,21200,2020,6890.0
1801,21201,2020,6753.0
1802,21202,2020,26050.0
1803,21203,2020,14365.0
1804,21204,2020,15852.0
1805,21205,2020,52785.0
1806,21206,2020,9322.0
1807,21207,2020,115784.0
1808,21208,2020,174767.0
1809,21209,2020,17264.0
1810,21210,2020,11350.0
1811,21211,2020,33510.0
1812,21212,2020,41437.0
1813,21213,2020,24054.0
1814,21214,2020,36733.0
1815,21215,2020,9078.0
1816,21216,2020,4923.0
1817,21217,2020,40683.0
1818,22000,2020,2371316.0
1819,22001,2020,133759.0
1820,22002,2020,54839.0
1821,22003,2020,26359.0
1822,22004,2020,138389.0
1823,22005,2020,134379.0
1824,22006,2020,425225.0
1825,22007,2020,90566.0
1826,22008,2020,73696.0
1827,22009,2020,54760.0
1828,22010,2020,37632.0
1829,22011,2020,463578.0
1830,22012,2020,154936.0
1831,22013,2020,38363.0
1832,22014,2020,2099697.0
1833,22015,2020,16732.0
1834,22016,2020,596340.0
1835,22017,2020,144580.0
1836,22018,2020,55953.0
1837,23000,2020,1863124.0
1838,23001,2020,177600.0
1839,23002,2020,168208.0
1840,23003,2020,45622.0
1841,23004,2020,468838.0
1842,23005,2020,1823400.0
1843,23006,2020,78442.0
1844,23007,2020,58484.0
1845,23008,2020,668387.0
1846,23009,2020,93870.0
1847,23010,2020,83901.0
1848,23011,2020,54357.0
1849,24000,2020,2832686.0
1850,24001,2020,38040.0
1851,24002,2020,15603.0
1852,24003,2020,96925.0
1853,24004,2020,8053.0
1854,24005,2020,36679.0
1855,24006,2020,19332.0
1856,24007,2020,39781.0
1857,24008,2020,44199.0
1858,24009,2020,10115.0
1859,24010,2020,60720.0
1860,24011,2020,96405.0
1861,24012,2020,40798.0
1862,24013,2020,360007.0
1863,24014,2020,31353.0
1864,24015,2020,43907.0
1865,24016,2020,81945.0
1866,24017,2020,50331.0
1867,24018,2020,30687.0
1868,24019,2020,10982.0
1869,24020,2020,204807.0
1870,24021,2020,116972.0
1871,24022,2020,38158.0
1872,24023,2020,30683.0
1873,24024,2020,196620.0
1874,24025,2020,62321.0
1875,24026,2020,18831.0
1876,24027,2020,20558.0
1877,24028,2020,1824061.0
1878,24029,2020,37281.0
1879,24030,2020,9613.0
1880,24031,2020,24428.0
1881,24032,2020,80218.0
1882,24033,2020,21619.0
1883,24034,2020,30187.0
1884,24035,2020,664621.0
1885,24036,2020,58564.0
1886,24037,2020,190296.0
1887,24038,2020,28800.0
1888,24039,2020,27517.0
1889,24040,2020,74515.0
1890,24041,2020,36520.0
1891,24042,2020,27107.0
1892,24043,2020,16129.0
1893,24044,2020,15164.0
1894,24045,2020,28556.0
1895,24046,2020,36623.0
1896,24047,2020,18668.0
1897,24048,2020,10607.0
1898,24049,2020,76898.0
1899,24050,2020,106059.0
1900,24051,2020,30971.0
1901,24052,2020,20643.0
1902,24053,2020,65248.0
1903,24054,2020,99567.0
1904,24055,2020,54939.0
1905,24056,2020,34646.0
1906,24057,2020,58010.0
1907,24058,2020,42054.0
1908,25000,2020,3054002.0
1909,25001,2020,920404.0
1910,25002,2020,88532.0
1911,25003,2020,53589.0
1912,25004,2020,50112.0
1913,25005,2020,34127.0
1914,25006,2020,2013467.0
1915,25007,2020,59232.0
1916,25008,2020,115390.0
1917,25009,2020,120233.0
1918,25010,2020,193705.0
1919,25011,2020,581315.0
1920,25012,2020,1005106.0
1921,25013,2020,81026.0
1922,25014,2020,105101.0
1923,25015,2020,159125.0
1924,25016,2020,39299.0
1925,25017,2020,158222.0
1926,25018,2020,302960.0
1927,26000,2020,2966810.0
1928,26001,2020,5137.0
1929,26002,2020,184138.0
1930,26003,2020,50413.0
1931,26004,2020,19217.0
1932,26005,2020,2356.0
1933,26006,2020,5692.0
1934,26007,2020,1266.0
1935,26008,2020,1958.0
1936,26009,2020,1544.0
1937,26010,2020,2461.0
1938,26011,2020,3040.0
1939,26012,2020,47154.0
1940,26013,2020,3691.0
1941,26014,2020,6413.0
1942,26015,2020,2340.0
1943,26016,2020,10040.0
1944,26017,2020,179483.0
1945,26018,2020,875723.0
1946,26019,2020,79020.0
1947,26020,2020,10105.0
1948,26021,2020,3892.0
1949,26022,2020,1894.0
1950,26023,2020,11683.0
1951,26024,2020,1506.0
1952,26025,2020,104029.0
1953,26026,2020,123143.0
1954,26027,2020,18264.0
1955,26028,2020,2018.0
1956,26029,2020,314535.0
1957,26030,2020,1877548.0
1958,26031,2020,2391.0
1959,26032,2020,1777.0
1960,26033,2020,155738.0
1961,26034,2020,1893.0
1962,26035,2020,25739.0
1963,26036,2020,66464.0
1964,26037,2020,2230.0
1965,26038,2020,10357.0
1966,26039,2020,11576.0
1967,26040,2020,3078.0
1968,26041,2020,28852.0
1969,26042,2020,329416.0
1970,26043,2020,530007.0
1971,26044,2020,745.0
1972,26045,2020,5090.0
1973,26046,2020,1014.0
1974,26047,2020,18523.0
1975,26048,2020,125474.0
1976,26049,2020,6423.0
1977,26050,2020,3020.0
1978,26051,2020,9800.0
1979,26052,2020,10562.0
1980,26053,2020,741.0
1981,26054,2020,1088.0
1982,26055,2020,399416.0
1983,26056,2020,21600.0
1984,26057,2020,2979.0
1985,26058,2020,32640.0
1986,26059,2020,3742.0
1987,26060,2020,4206.0
1988,26061,2020,2816.0
1989,26062,2020,2268.0
1990,26063,2020,2356.0
1991,26064,2020,2858.0
1992,26065,2020,3036.0
1993,26066,2020,17399.0
1994,26067,2020,2859.0
1995,26068,2020,2161.0
1996,26069,2020,9713.0
1997,26070,2020,27407.0
1998,26071,2020,43579.0
1999,26072,2020,28914.0
2000,27000,2020,2404453.0
2001,27001,2020,117875.0
2002,27002,2020,486504.0
2003,27003,2020,215682.0
2004,27004,2020,1367243.0
2005,27005,2020,429755.0
2006,27006,2020,274514.0
2007,27007,2020,64494.0
2008,27008,2020,382021.0
2009,27009,2020,75503.0
2010,27010,2020,182385.0
2011,27011,2020,61771.0
2012,27012,2020,317222.0
2013,27013,2020,300603.0
2014,27014,2020,193482.0
2015,27015,2020,95832.0
2016,27016,2020,117459.0
2017,27017,2020,124706.0
2018,28000,2020,3542263.0
2019,28001,2020,19700.0
2020,28002,2020,58168.0
2021,28003,2020,540986.0
2022,28004,2020,17910.0
2023,28005,2020,8711.0
2024,28006,2020,15090.0
2025,28007,2020,33420.0
2026,28008,2020,8561.0
2027,28009,2020,411866.0
2028,28010,2020,3435.0
2029,28011,2020,16771.0
2030,28012,2020,83441.0
2031,28013,2020,30381.0
2032,28014,2020,7893.0
2033,28015,2020,31491.0
2034,28016,2020,34215.0
2035,28017,2020,32087.0
2036,28018,2020,12794.0
2037,28019,2020,29667.0
2038,28020,2020,4177.0
2039,28021,2020,212629.0
2040,28022,2020,1085406.0
2041,28023,2020,8860.0
2042,28024,2020,12872.0
2043,28025,2020,52688.0
2044,28026,2020,7430.0
2045,28027,2020,850173.0
2046,28028,2020,7703.0
2047,28029,2020,26583.0
2048,28030,2020,27422.0
2049,28031,2020,3875.0
2050,28032,2020,1411145.0
2051,28033,2020,266018.0
2052,28034,2020,15077.0
2053,28035,2020,103319.0
2054,28036,2020,1875.0
2055,28037,2020,48122.0
2056,28038,2020,595134.0
2057,28039,2020,56564.0
2058,28040,2020,120645.0
2059,28041,2020,700039.0
2060,28042,2020,10941.0
2061,28043,2020,44714.0
2062,29000,2020,1345265.0
2063,29001,2020,22820.0
2064,29002,2020,32006.0
2065,29003,2020,14338.0
2066,29004,2020,36278.0
2067,29005,2020,161479.0
2068,29006,2020,102521.0
2069,29007,2020,34669.0
2070,29008,2020,32514.0
2071,29009,2020,11856.0
2072,29010,2020,146442.0
2073,29011,2020,9567.0
2074,29012,2020,18846.0
2075,29013,2020,197725.0
2076,29014,2020,30409.0
2077,29015,2020,78028.0
2078,29016,2020,15043.0
2079,29017,2020,23196.0
2080,29018,2020,77158.0
2081,29019,2020,44549.0
2082,29020,2020,18912.0
2083,29021,2020,37469.0
2084,29022,2020,12864.0
2085,29023,2020,52646.0
2086,29024,2020,56719.0
2087,29025,2020,165419.0
2088,29026,2020,48240.0
2089,29027,2020,25949.0
2090,29028,2020,50554.0
2091,29029,2020,26659.0
2092,29030,2020,31057.0
2093,29031,2020,70730.0
2094,29032,2020,27140.0
2095,29033,2020,199814.0
2096,29034,2020,91192.0
2097,29035,2020,12600.0
2098,29036,2020,45058.0
2099,29037,2020,18427.0
2100,29038,2020,36039.0
2101,29039,2020,51257.0
2102,29040,2020,21255.0
2103,29041,2020,67016.0
2104,29042,2020,28394.0
2105,29043,2020,84514.0
2106,29044,2020,91439.0
2107,29045,2020,12433.0
2108,29046,2020,9954.0
2109,29047,2020,7093.0
2110,29048,2020,38072.0
2111,29049,2020,11778.0
2112,29050,2020,23537.0
2113,29051,2020,8189.0
2114,29052,2020,12913.0
2115,29053,2020,15385.0
2116,29054,2020,11383.0
2117,29055,2020,6192.0
2118,29056,2020,15905.0
2119,29057,2020,9284.0
2120,29058,2020,18926.0
2121,29059,2020,15505.0
2122,29060,2020,10886.0
2123,30000,2020,8098002.0
2124,30001,2020,19449.0
2125,30002,2020,6891.0
2126,30003,2020,162304.0
2127,30004,2020,83778.0
2128,30005,2020,10538.0
2129,30006,2020,46217.0
2130,30007,2020,13111.0
2131,30008,2020,20676.0
2132,30009,2020,56519.0
2133,30010,2020,128508.0
2134,30011,2020,114371.0
2135,30012,2020,15743.0
2136,30013,2020,53860.0
2137,30014,2020,94961.0
2138,30015,2020,67927.0
2139,30016,2020,57407.0
2140,30017,2020,9420.0
2141,30018,2020,3956.0
2142,30019,2020,13818.0
2143,30020,2020,23154.0
2144,30021,2020,47057.0
2145,30022,2020,45308.0
2146,30023,2020,98448.0
2147,30024,2020,32984.0
2148,30025,2020,54439.0
2149,30026,2020,52036.0
2150,30027,2020,32287.0
2151,30028,2020,289116.0
2152,30029,2020,27402.0
2153,30030,2020,83670.0
2154,30031,2020,37827.0
2155,30032,2020,99621.0
2156,30033,2020,48892.0
2157,30034,2020,50065.0
2158,30035,2020,22341.0
2159,30036,2020,22043.0
2160,30037,2020,16378.0
2161,30038,2020,188094.0
2162,30039,2020,622898.0
2163,30040,2020,110208.0
2164,30041,2020,4719.0
2165,30042,2020,11531.0
2166,30043,2020,39816.0
2167,30044,2020,409465.0
2168,30045,2020,109617.0
2169,30046,2020,32348.0
2170,30047,2020,118960.0
2171,30048,2020,261955.0
2172,30049,2020,44378.0
2173,30050,2020,32669.0
2174,30051,2020,46219.0
2175,30052,2020,23742.0
2176,30053,2020,56236.0
2177,30054,2020,23013.0
2178,30055,2020,27134.0
2179,30056,2020,13313.0
2180,30057,2020,27816.0
2181,30058,2020,107885.0
2182,30059,2020,45535.0
2183,30060,2020,32675.0
2184,30061,2020,163735.0
2185,30062,2020,41684.0
2186,30063,2020,26878.0
2187,30064,2020,8016.0
2188,30065,2020,171144.0
2189,30066,2020,53755.0
2190,30067,2020,38387.0
2191,30068,2020,132794.0
2192,30069,2020,48263.0
2193,30070,2020,36926.0
2194,30071,2020,119890.0
2195,30072,2020,43655.0
2196,30073,2020,83442.0
2197,30074,2020,14586.0
2198,30075,2020,33079.0
2199,30076,2020,26754.0
2200,30077,2020,86478.0
2201,30078,2020,24778.0
2202,30079,2020,22797.0
2203,30080,2020,46280.0
2204,30081,2020,54590.0
2205,30082,2020,31757.0
2206,30083,2020,101830.0
2207,30084,2020,11309.0
2208,30085,2020,148021.0
2209,30086,2020,93597.0
2210,30087,2020,977173.0
2211,30088,2020,10108.0
2212,30089,2020,77618.0
2213,30090,2020,22287.0
2214,30091,2020,57712.0
2215,30092,2020,79365.0
2216,30093,2020,33191.0
2217,30094,2020,77117.0
2218,30095,2020,30230.0
2219,30096,2020,3086.0
2220,30097,2020,38312.0
2221,30098,2020,6598.0
2222,30099,2020,36670.0
2223,30100,2020,47903.0
2224,30101,2020,77358.0
2225,30102,2020,218086.0
2226,30103,2020,25598.0
2227,30104,2020,34436.0
2228,30105,2020,190606.0
2229,30106,2020,9687.0
2230,30107,2020,5868.0
2231,30108,2020,289890.0
2232,30109,2020,131759.0
2233,30110,2020,24253.0
2234,30111,2020,33267.0
2235,30112,2020,45693.0
2236,30113,2020,9233.0
2237,30114,2020,20510.0
2238,30115,2020,74628.0
2239,30116,2020,34271.0
2240,30117,2020,47586.0
2241,30118,2020,246370.0
2242,30119,2020,11346.0
2243,30120,2020,20686.0
2244,30121,2020,48016.0
2245,30122,2020,36147.0
2246,30123,2020,193249.0
2247,30124,2020,320269.0
2248,30125,2020,63901.0
2249,30126,2020,66987.0
2250,30127,2020,56553.0
2251,30128,2020,156626.0
2252,30129,2020,36377.0
2253,30130,2020,79222.0
2254,30131,2020,378960.0
2255,30132,2020,40616.0
2256,30133,2020,115989.0
2257,30134,2020,47201.0
2258,30135,2020,48272.0
2259,30136,2020,16702.0
2260,30137,2020,12619.0
2261,30138,2020,83600.0
2262,30139,2020,12299.0
2263,30140,2020,6268.0
2264,30141,2020,325144.0
2265,30142,2020,65934.0
2266,30143,2020,114423.0
2267,30144,2020,65500.0
2268,30145,2020,33363.0
2269,30146,2020,7850.0
2270,30147,2020,49156.0
2271,30148,2020,56376.0
2272,30149,2020,68874.0
2273,30150,2020,23392.0
2274,30151,2020,44074.0
2275,30152,2020,23562.0
2276,30153,2020,11641.0
2277,30154,2020,24171.0
2278,30155,2020,200736.0
2279,30156,2020,12114.0
2280,30157,2020,40379.0
2281,30158,2020,49517.0
2282,30159,2020,59372.0
2283,30160,2020,215048.0
2284,30161,2020,69917.0
2285,30162,2020,12899.0
2286,30163,2020,10089.0
2287,30164,2020,33958.0
2288,30165,2020,17850.0
2289,30166,2020,18821.0
2290,30167,2020,29348.0
2291,30168,2020,32697.0
2292,30169,2020,45613.0
2293,30170,2020,21675.0
2294,30171,2020,11150.0
2295,30172,2020,40157.0
2296,30173,2020,109112.0
2297,30174,2020,191728.0
2298,30175,2020,186029.0
2299,30176,2020,8991.0
2300,30177,2020,23380.0
2301,30178,2020,26019.0
2302,30179,2020,8573.0
2303,30180,2020,21842.0
2304,30181,2020,75866.0
2305,30182,2020,39352.0
2306,30183,2020,122820.0
2307,30184,2020,15893.0
2308,30185,2020,11096.0
2309,30186,2020,14396.0
2310,30187,2020,12225.0
2311,30188,2020,34440.0
2312,30189,2020,309846.0
2313,30190,2020,4526.0
2314,30191,2020,60235.0
2315,30192,2020,40783.0
2316,30193,2020,1214534.0
2317,30194,2020,24990.0
2318,30195,2020,11803.0
2319,30196,2020,35850.0
2320,30197,2020,22433.0
2321,30198,2020,13605.0
2322,30199,2020,23820.0
2323,30200,2020,25173.0
2324,30201,2020,90061.0
2325,30202,2020,29347.0
2326,30203,2020,29060.0
2327,30204,2020,88323.0
2328,30205,2020,39050.0
2329,30206,2020,58455.0
2330,30207,2020,90422.0
2331,30208,2020,46806.0
2332,30209,2020,30196.0
2333,30210,2020,62029.0
2334,30211,2020,60842.0
2335,30212,2020,26283.0
2336,31000,2020,2325803.0
2337,31001,2020,13104.0
2338,31002,2020,33590.0
2339,31003,2020,24585.0
2340,31004,2020,12486.0
2341,31005,2020,4334.0
2342,31006,2020,18365.0
2343,31007,2020,15010.0
2344,31008,2020,7914.0
2345,31009,2020,8951.0
2346,31010,2020,5535.0
2347,31011,2020,16787.0
2348,31012,2020,7509.0
2349,31013,2020,33435.0
2350,31014,2020,3428.0
2351,31015,2020,11128.0
2352,31016,2020,6217.0
2353,31017,2020,9381.0
2354,31018,2020,6785.0
2355,31019,2020,78017.0
2356,31020,2020,9016.0
2357,31021,2020,18841.0
2358,31022,2020,8733.0
2359,31023,2020,9742.0
2360,31024,2020,6495.0
2361,31025,2020,12008.0
2362,31026,2020,7255.0
2363,31027,2020,16733.0
2364,31028,2020,5907.0
2365,31029,2020,12551.0
2366,31030,2020,8034.0
2367,31031,2020,5643.0
2368,31032,2020,33603.0
2369,31033,2020,42543.0
2370,31034,2020,13052.0
2371,31035,2020,12784.0
2372,31036,2020,16215.0
2373,31037,2020,10501.0
2374,31038,2020,70288.0
2375,31039,2020,8382.0
2376,31040,2020,57173.0
2377,31041,2020,283945.0
2378,31042,2020,11122.0
2379,31043,2020,6824.0
2380,31044,2020,15067.0
2381,31045,2020,5354.0
2382,31046,2020,6600.0
2383,31047,2020,11964.0
2384,31048,2020,48019.0
2385,31049,2020,7939.0
2386,31050,2020,1990602.0
2387,31051,2020,6895.0
2388,31052,2020,75694.0
2389,31053,2020,27007.0
2390,31054,2020,5982.0
2391,31055,2020,14165.0
2392,31056,2020,67764.0
2393,31057,2020,15676.0
2394,31058,2020,51994.0
2395,31059,2020,132034.0
2396,31060,2020,1953.0
2397,31061,2020,8030.0
2398,31062,2020,9936.0
2399,31063,2020,11280.0
2400,31064,2020,3402.0
2401,31065,2020,4285.0
2402,31066,2020,8470.0
2403,31067,2020,20128.0
2404,31068,2020,6427.0
2405,31069,2020,17954.0
2406,31070,2020,8058.0
2407,31071,2020,3919.0
2408,31072,2020,3724.0
2409,31073,2020,11737.0
2410,31074,2020,7552.0
2411,31075,2020,13844.0
2412,31076,2020,35912.0
2413,31077,2020,5366.0
2414,31078,2020,7496.0
2415,31079,2020,90268.0
2416,31080,2020,22045.0
2417,31081,2020,6732.0
2418,31082,2020,7040.0
2419,31083,2020,3832.0
2420,31084,2020,14097.0
2421,31085,2020,33447.0
2422,31086,2020,4278.0
2423,31087,2020,10944.0
2424,31088,2020,3834.0
2425,31089,2020,81042.0
2426,31090,2020,15054.0
2427,31091,2020,25415.0
2428,31092,2020,15788.0
2429,31093,2020,36891.0
2430,31094,2020,10900.0
2431,31095,2020,11396.0
2432,31096,2020,162275.0
2433,31097,2020,7402.0
2434,31098,2020,30772.0
2435,31099,2020,8385.0
2436,31100,2020,8118.0
2437,31101,2020,138450.0
2438,31102,2020,171418.0
2439,31103,2020,6906.0
2440,31104,2020,32766.0
2441,31105,2020,6593.0
2442,31106,2020,4433.0
2443,32000,2020,1630621.0
2444,32001,2020,12623.0
2445,32002,2020,9936.0
2446,32003,2020,4591.0
2447,32004,2020,9010.0
2448,32005,2020,91890.0
2449,32006,2020,16518.0
2450,32007,2020,24326.0
2451,32008,2020,27045.0
2452,32009,2020,20261.0
2453,32010,2020,482547.0
2454,32011,2020,6841.0
2455,32012,2020,16453.0
2456,32013,2020,13386.0
2457,32014,2020,40470.0
2458,32015,2020,3183.0
2459,32016,2020,47161.0
2460,32017,2020,423747.0
2461,32018,2020,9166.0
2462,32019,2020,50827.0
2463,32020,2020,120074.0
2464,32021,2020,8988.0
2465,32022,2020,39517.0
2466,32023,2020,24540.0
2467,32024,2020,107585.0
2468,32025,2020,26514.0
2469,32026,2020,35668.0
2470,32027,2020,5497.0
2471,32028,2020,5003.0
2472,32029,2020,47517.0
2473,32030,2020,4898.0
2474,32031,2020,17631.0
2475,32032,2020,26486.0
2476,32033,2020,9149.0
2477,32034,2020,56019.0
2478,32035,2020,32604.0
2479,32036,2020,88519.0
2480,32037,2020,35649.0
2481,32038,2020,144818.0
2482,32039,2020,129184.0
2483,32040,2020,43737.0
2484,32041,2020,5065.0
2485,32042,2020,127613.0
2486,32043,2020,2738.0
2487,32044,2020,33220.0
2488,32045,2020,16674.0
2489,32046,2020,12988.0
2490,32047,2020,10781.0
2491,32048,2020,54677.0
2492,32049,2020,65215.0
2493,32050,2020,20566.0
2494,32051,2020,69737.0
2495,32052,2020,39124.0
2496,32053,2020,26469.0
2497,32054,2020,38980.0
2498,32055,2020,63394.0
2499,32056,2020,299399.0
2500,32057,2020,40975.0
2501,32058,2020,5566.0
2502,0,2010,112769681.0
2503,1000,2010,1191191.0
2504,1001,2010,1595820.0
2505,1002,2010,91492.0
2506,1003,2010,108560.0
2507,1004,2010,30244.0
2508,1005,2010,199816.0
2509,1006,2010,84326.0
2510,1007,2010,99201.0
2511,1008,2010,16950.0
2512,1009,2010,39563.0
2513,1010,2010,38380.0
2514,1011,2010,71835.0
2515,2000,2010,3167289.0
2516,2001,2010,938550.0
2517,2002,2010,1877927.0
2518,2003,2010,203329.0
2519,2004,2010,3120719.0
2520,2005,2010,181834.0
2521,2006,2010,
2522,3000,2010,646618.0
2523,3001,2010,143746.0
2524,3002,2010,119796.0
2525,3003,2010,506961.0
2526,3008,2010,479013.0
2527,3009,2010,34128.0
2528,4000,2010,831433.0
2529,4001,2010,105878.0
2530,4002,2010,519464.0
2531,4003,2010,445195.0
2532,4004,2010,166659.0
2533,4005,2010,56644.0
2534,4006,2010,75730.0
2535,4007,2010,17165.0
2536,4008,2010,19495.0
2537,4009,2010,108997.0
2538,4010,2010,54086.0
2539,4011,2010,84561.0
2540,4012,2010,
2541,5000,2010,2758518.0
2542,5001,2010,2196.0
2543,5002,2010,273870.0
2544,5003,2010,45500.0
2545,5004,2010,46233.0
2546,5005,2010,3647.0
2547,5006,2010,51976.0
2548,5007,2010,26198.0
2549,5008,2010,5837.0
2550,5009,2010,111628.0
2551,5010,2010,150518.0
2552,5011,2010,23604.0
2553,5012,2010,4413.0
2554,5013,2010,3840.0
2555,5014,2010,20125.0
2556,5015,2010,3317.0
2557,5016,2010,3704.0
2558,5017,2010,214694.0
2559,5018,2010,432729.0
2560,5019,2010,16588.0
2561,5020,2010,134054.0
2562,5021,2010,12754.0
2563,5022,2010,56105.0
2564,5023,2010,22316.0
2565,5024,2010,91157.0
2566,5025,2010,306540.0
2567,5026,2010,7025.0
2568,5027,2010,151396.0
2569,5028,2010,121963.0
2570,5029,2010,4645.0
2571,5030,2010,1450761.0
2572,5031,2010,44417.0
2573,5032,2010,83468.0
2574,5033,2010,206025.0
2575,5034,2010,12881.0
2576,5035,2010,1279382.0
2577,5036,2010,42814.0
2578,5037,2010,12783.0
2579,5038,2010,25806.0
2580,6000,2010,654775.0
2581,6001,2010,57643.0
2582,6002,2010,294370.0
2583,6003,2010,42011.0
2584,6004,2010,38972.0
2585,6005,2010,54411.0
2586,6006,2010,10696.0
2587,6007,2010,323815.0
2588,6008,2010,16395.0
2589,6009,2010,226876.0
2590,6010,2010,240141.0
2591,7000,2010,4848676.0
2592,7001,2010,33917.0
2593,7002,2010,58318.0
2594,7003,2010,55667.0
2595,7004,2010,59947.0
2596,7005,2010,42700.0
2597,7006,2010,59162.0
2598,7007,2010,17503.0
2599,7008,2010,53505.0
2600,7009,2010,80998.0
2601,7010,2010,15267.0
2602,7011,2010,38631.0
2603,7012,2010,87612.0
2604,7013,2010,61310.0
2605,7014,2010,37125.0
2606,7015,2010,87774.0
2607,7016,2010,34815.0
2608,7017,2010,160520.0
2609,7018,2010,16944.0
2610,7019,2010,282472.0
2611,7020,2010,89966.0
2612,7021,2010,42499.0
2613,7022,2010,28054.0
2614,7023,2010,153882.0
2615,7024,2010,21634.0
2616,7025,2010,14703.0
2617,7026,2010,72224.0
2618,7027,2010,176027.0
2619,7028,2010,10821.0
2620,7029,2010,10049.0
2621,7030,2010,63437.0
2622,7031,2010,223444.0
2623,7032,2010,60522.0
2624,7033,2010,14016.0
2625,7034,2010,134476.0
2626,7035,2010,25330.0
2627,7036,2010,14550.0
2628,7037,2010,67002.0
2629,7038,2010,43029.0
2630,7039,2010,45122.0
2631,7040,2010,103206.0
2632,7041,2010,82614.0
2633,7042,2010,20570.0
2634,7043,2010,20480.0
2635,7044,2010,49132.0
2636,7045,2010,10976.0
2637,7046,2010,77041.0
2638,7047,2010,37373.0
2639,7048,2010,42177.0
2640,7049,2010,40703.0
2641,7050,2010,10096.0
2642,7051,2010,89819.0
2643,7052,2010,223534.0
2644,7053,2010,15630.0
2645,7054,2010,53498.0
2646,7055,2010,10067.0
2647,7056,2010,22314.0
2648,7057,2010,138758.0
2649,7058,2010,8635.0
2650,7059,2010,400669.0
2651,7060,2010,23756.0
2652,7061,2010,166727.0
2653,7062,2010,34352.0
2654,7063,2010,7597.0
2655,7064,2010,86717.0
2656,7065,2010,223654.0
2657,7066,2010,41329.0
2658,7067,2010,21777.0
2659,7068,2010,59695.0
2660,7069,2010,102912.0
2661,7070,2010,26409.0
2662,7071,2010,56148.0
2663,7072,2010,62231.0
2664,7073,2010,18052.0
2665,7074,2010,81422.0
2666,7075,2010,51294.0
2667,7076,2010,50382.0
2668,7077,2010,115118.0
2669,7078,2010,371875.0
2670,7079,2010,66466.0
2671,7080,2010,76449.0
2672,7081,2010,80669.0
2673,7082,2010,24670.0
2674,7083,2010,34418.0
2675,7084,2010,16207.0
2676,7085,2010,19484.0
2677,7086,2010,42352.0
2678,7087,2010,70530.0
2679,7088,2010,4489.0
2680,7089,2010,641825.0
2681,7090,2010,8245.0
2682,7091,2010,24422.0
2683,7092,2010,83132.0
2684,7093,2010,80541.0
2685,7094,2010,75362.0
2686,7096,2010,142922.0
2687,7097,2010,171523.0
2688,7098,2010,12786.0
2689,7099,2010,146380.0
2690,7100,2010,63564.0
2691,7101,2010,1107144.0
2692,7102,2010,75532.0
2693,7103,2010,56511.0
2694,7104,2010,28245.0
2695,7105,2010,28210.0
2696,7106,2010,123502.0
2697,7107,2010,154227.0
2698,7108,2010,201533.0
2699,7109,2010,68674.0
2700,7110,2010,13481.0
2701,7111,2010,72978.0
2702,7112,2010,58032.0
2703,7113,2010,10155.0
2704,7114,2010,34684.0
2705,7115,2010,22921.0
2706,7116,2010,19718.0
2707,7117,2010,13967.0
2708,7118,2010,9103.0
2709,7119,2010,6490.0
2710,7120,2010,
2711,7121,2010,
2712,7122,2010,
2713,7123,2010,
2714,7124,2010,
2715,7125,2010,
2716,8000,2010,3441447.0
2717,8001,2010,23238.0
2718,8002,2010,45150.0
2719,8003,2010,16917.0
2720,8004,2010,23409.0
2721,8005,2010,48412.0
2722,8006,2010,12133.0
2723,8007,2010,36495.0
2724,8008,2010,30015.0
2725,8009,2010,58775.0
2726,8010,2010,44867.0
2727,8011,2010,98503.0
2728,8012,2010,18131.0
2729,8013,2010,21568.0
2730,8014,2010,4660.0
2731,8015,2010,3614.0
2732,8016,2010,8022.0
2733,8017,2010,310192.0
2734,8018,2010,11103.0
2735,8019,2010,1639804.0
2736,8020,2010,17332.0
2737,8021,2010,276989.0
2738,8022,2010,5834.0
2739,8023,2010,11957.0
2740,8024,2010,7891.0
2741,8025,2010,17278.0
2742,8026,2010,6445.0
2743,8027,2010,102002.0
2744,8028,2010,13171.0
2745,8029,2010,109396.0
2746,8030,2010,19237.0
2747,8031,2010,80481.0
2748,8032,2010,214667.0
2749,8033,2010,2182.0
2750,8034,2010,13932.0
2751,8035,2010,22243.0
2752,8036,2010,83322.0
2753,8037,2010,2664951.0
2754,8038,2010,9995.0
2755,8039,2010,8145.0
2756,8040,2010,59707.0
2757,8041,2010,4008.0
2758,8042,2010,3378.0
2759,8043,2010,6240.0
2760,8044,2010,9067.0
2761,8045,2010,89460.0
2762,8046,2010,17608.0
2763,8047,2010,10848.0
2764,8048,2010,46178.0
2765,8049,2010,5798.0
2766,8050,2010,118912.0
2767,8051,2010,15321.0
2768,8052,2010,52854.0
2769,8053,2010,9684.0
2770,8054,2010,16112.0
2771,8055,2010,34379.0
2772,8056,2010,4521.0
2773,8057,2010,4627.0
2774,8058,2010,6141.0
2775,8059,2010,9642.0
2776,8060,2010,20984.0
2777,8061,2010,7424.0
2778,8062,2010,65369.0
2779,8063,2010,12633.0
2780,8064,2010,3804.0
2781,8065,2010,43416.0
2782,8066,2010,16971.0
2783,8067,2010,10368.0
2784,9000,2010,8851639.0
2785,9002,2010,829422.0
2786,9003,2010,1240832.0
2787,9004,2010,372812.0
2788,9005,2010,2371544.0
2789,9006,2010,768652.0
2790,9007,2010,3631572.0
2791,9008,2010,478192.0
2792,9009,2010,261338.0
2793,9010,2010,1454068.0
2794,9011,2010,720559.0
2795,9012,2010,1301353.0
2796,9013,2010,830101.0
2797,9014,2010,770878.0
2798,9015,2010,1063662.0
2799,9016,2010,745778.0
2800,9017,2010,861956.0
2801,10000,2010,1648107.0
2802,10001,2010,63160.0
2803,10002,2010,8549.0
2804,10003,2010,9100.0
2805,10004,2010,67506.0
2806,10005,2010,1166060.0
2807,10006,2010,21294.0
2808,10007,2010,656842.0
2809,10008,2010,68465.0
2810,10009,2010,20862.0
2811,10010,2010,8622.0
2812,10011,2010,10619.0
2813,10012,2010,282716.0
2814,10013,2010,50535.0
2815,10014,2010,69571.0
2816,10015,2010,24894.0
2817,10016,2010,37079.0
2818,10017,2010,19531.0
2819,10018,2010,22700.0
2820,10019,2010,10568.0
2821,10020,2010,23894.0
2822,10021,2010,21048.0
2823,10022,2010,49877.0
2824,10023,2010,99001.0
2825,10024,2010,25627.0
2826,10025,2010,6971.0
2827,10026,2010,40165.0
2828,10027,2010,11993.0
2829,10028,2010,23785.0
2830,10029,2010,4362.0
2831,10030,2010,3483.0
2832,10031,2010,14026.0
2833,10032,2010,90662.0
2834,10033,2010,13592.0
2835,10034,2010,54459.0
2836,10035,2010,22199.0
2837,10036,2010,44612.0
2838,10037,2010,17985.0
2839,10038,2010,42246.0
2840,10039,2010,52381.0
2841,11000,2010,5504468.0
2842,11001,2010,169125.0
2843,11002,2010,218452.0
2844,11003,2010,321605.0
2845,11004,2010,129060.0
2846,11005,2010,171080.0
2847,11006,2010,11242.0
2848,11007,2010,937612.0
2849,11008,2010,74905.0
2850,11009,2010,155882.0
2851,11010,2010,23384.0
2852,11011,2010,177008.0
2853,11012,2010,54745.0
2854,11013,2010,46687.0
2855,11014,2010,297184.0
2856,11015,2010,343752.0
2857,11016,2010,40286.0
2858,11017,2010,1059964.0
2859,11018,2010,73268.0
2860,11019,2010,101802.0
2861,11020,2010,2875893.0
2862,11021,2010,98799.0
2863,11022,2010,45719.0
2864,11023,2010,300776.0
2865,11024,2010,22429.0
2866,11025,2010,137776.0
2867,11026,2010,113903.0
2868,11027,2010,522368.0
2869,11028,2010,194163.0
2870,11029,2010,74485.0
2871,11030,2010,214645.0
2872,11031,2010,227400.0
2873,11032,2010,145137.0
2874,11033,2010,232099.0
2875,11034,2010,10268.0
2876,11035,2010,158901.0
2877,11036,2010,13353.0
2878,11037,2010,346991.0
2879,11038,2010,23350.0
2880,11039,2010,71313.0
2881,11040,2010,36410.0
2882,11041,2010,118645.0
2883,11042,2010,282374.0
2884,11043,2010,39860.0
2885,11044,2010,111858.0
2886,11045,2010,23195.0
2887,11046,2010,141687.0
2888,12000,2010,3400317.0
2889,12001,2010,1580291.0
2890,12002,2010,50285.0
2891,12003,2010,76582.0
2892,12004,2010,37975.0
2893,12005,2010,13274.0
2894,12006,2010,24853.0
2895,12007,2010,64535.0
2896,12008,2010,16814.0
2897,12009,2010,11414.0
2898,12010,2010,52778.0
2899,12011,2010,122867.0
2900,12012,2010,125477.0
2901,12013,2010,28946.0
2902,12014,2010,30108.0
2903,12015,2010,25416.0
2904,12016,2010,26414.0
2905,12017,2010,29444.0
2906,12018,2010,27301.0
2907,12019,2010,29071.0
2908,12020,2010,37740.0
2909,12021,2010,147089.0
2910,12022,2010,85091.0
2911,12023,2010,52123.0
2912,12024,2010,14061.0
2913,12025,2010,30237.0
2914,12026,2010,18381.0
2915,12027,2010,43023.0
2916,12028,2010,241903.0
2917,12029,2010,483774.0
2918,12030,2010,40392.0
2919,12031,2010,12713.0
2920,12032,2010,73590.0
2921,12033,2010,28806.0
2922,12034,2010,74840.0
2923,12035,2010,280815.0
2924,12036,2010,21633.0
2925,12037,2010,13237.0
2926,12038,2010,236865.0
2927,12039,2010,48755.0
2928,12040,2010,49516.0
2929,12041,2010,59244.0
2930,12042,2010,35413.0
2931,12043,2010,38037.0
2932,12044,2010,22791.0
2933,12045,2010,49760.0
2934,12046,2010,122899.0
2935,12047,2010,14053.0
2936,12048,2010,90599.0
2937,12049,2010,23158.0
2938,12050,2010,74175.0
2939,12051,2010,69460.0
2940,12052,2010,84845.0
2941,12053,2010,97154.0
2942,12054,2010,56344.0
2943,12055,2010,208202.0
2944,12056,2010,88182.0
2945,12057,2010,124891.0
2946,12058,2010,107686.0
2947,12059,2010,61021.0
2948,12060,2010,26269.0
2949,12061,2010,80200.0
2950,12062,2010,42695.0
2951,12063,2010,19958.0
2952,12064,2010,23012.0
2953,12065,2010,14227.0
2954,12066,2010,163036.0
2955,12067,2010,43673.0
2956,12068,2010,51673.0
2957,12069,2010,24484.0
2958,12070,2010,14165.0
2959,12071,2010,56343.0
2960,12072,2010,21032.0
2961,12073,2010,38353.0
2962,12074,2010,45186.0
2963,12075,2010,92404.0
2964,12076,2010,65645.0
2965,12077,2010,25870.0
2966,12078,2010,37729.0
2967,12079,2010,31395.0
2968,12080,2010,14340.0
2969,12081,2010,21053.0
2970,13000,2010,2668544.0
2971,13001,2010,40164.0
2972,13002,2010,81182.0
2973,13003,2010,108622.0
2974,13004,2010,17996.0
2975,13005,2010,34128.0
2976,13006,2010,37813.0
2977,13007,2010,22765.0
2978,13008,2010,85272.0
2979,13009,2010,34752.0
2980,13010,2010,53828.0
2981,13011,2010,38935.0
2982,13012,2010,53892.0
2983,13013,2010,62157.0
2984,13014,2010,34035.0
2985,13015,2010,36854.0
2986,13016,2010,109037.0
2987,13017,2010,24573.0
2988,13018,2010,44912.0
2989,13019,2010,34882.0
2990,13020,2010,5627.0
2991,13021,2010,26724.0
2992,13022,2010,27746.0
2993,13023,2010,67809.0
2994,13024,2010,34401.0
2995,13025,2010,45244.0
2996,13026,2010,25596.0
2997,13027,2010,47202.0
2998,13028,2010,245880.0
2999,13029,2010,88628.0
3000,13030,2010,172726.0
3001,13031,2010,25687.0
3002,13032,2010,21884.0
3003,13033,2010,6403.0
3004,13034,2010,19783.0
3005,13035,2010,22872.0
3006,13036,2010,18738.0
3007,13037,2010,43311.0
3008,13038,2010,15980.0
3009,13039,2010,27758.0
3010,13040,2010,20931.0
3011,13041,2010,85707.0
3012,13042,2010,22478.0
3013,13043,2010,13246.0
3014,13044,2010,31453.0
3015,13045,2010,17926.0
3016,13046,2010,78445.0
3017,13047,2010,10125.0
3018,13048,2010,535785.0
3019,13049,2010,36535.0
3020,13050,2010,44445.0
3021,13051,2010,254852.0
3022,13052,2010,64145.0
3023,13053,2010,36351.0
3024,13054,2010,65550.0
3025,13055,2010,32036.0
3026,13056,2010,67016.0
3027,13057,2010,29889.0
3028,13058,2010,33731.0
3029,13059,2010,70164.0
3030,13060,2010,34422.0
3031,13061,2010,103435.0
3032,13062,2010,58286.0
3033,13063,2010,161310.0
3034,13064,2010,19880.0
3035,13065,2010,22235.0
3036,13066,2010,23318.0
3037,13067,2010,96064.0
3038,13068,2010,28094.0
3039,13069,2010,194985.0
3040,13070,2010,34308.0
3041,13071,2010,19634.0
3042,13072,2010,20541.0
3043,13073,2010,72811.0
3044,13074,2010,53534.0
3045,13075,2010,26487.0
3046,13076,2010,207906.0
3047,13077,2010,303189.0
3048,13078,2010,38145.0
3049,13079,2010,14648.0
3050,13080,2010,47216.0
3051,13081,2010,64916.0
3052,13082,2010,36092.0
3053,13083,2010,78386.0
3054,13084,2010,77112.0
3055,14000,2010,7378533.0
3056,14001,2010,42572.0
3057,14002,2010,48046.0
3058,14003,2010,43486.0
3059,14004,2010,11213.0
3060,14005,2010,29353.0
3061,14006,2010,114802.0
3062,14007,2010,17794.0
3063,14008,2010,146185.0
3064,14009,2010,35148.0
3065,14010,2010,13343.0
3066,14011,2010,10834.0
3067,14012,2010,8328.0
3068,14013,2010,115691.0
3069,14014,2010,16617.0
3070,14015,2010,115579.0
3071,14016,2010,76685.0
3072,14017,2010,25478.0
3073,14018,2010,128780.0
3074,14019,2010,14300.0
3075,14020,2010,20278.0
3076,14021,2010,43053.0
3077,14022,2010,78203.0
3078,14023,2010,202362.0
3079,14024,2010,52426.0
3080,14025,2010,36242.0
3081,14026,2010,11888.0
3082,14027,2010,34815.0
3083,14028,2010,4427.0
3084,14029,2010,35850.0
3085,14030,2010,97789.0
3086,14031,2010,7684.0
3087,14032,2010,11644.0
3088,14033,2010,42419.0
3089,14034,2010,4182.0
3090,14035,2010,103718.0
3091,14036,2010,37343.0
3092,14037,2010,47796.0
3093,14038,2010,8806.0
3094,14039,2010,2990378.0
3095,14040,2010,20649.0
3096,14041,2010,12200.0
3097,14042,2010,17655.0
3098,14043,2010,47096.0
3099,14044,2010,82448.0
3100,14045,2010,38400.0
3101,14046,2010,64283.0
3102,14047,2010,45791.0
3103,14048,2010,37518.0
3104,14049,2010,19482.0
3105,14050,2010,84465.0
3106,14051,2010,26469.0
3107,14052,2010,11082.0
3108,14053,2010,308654.0
3109,14054,2010,11007.0
3110,14055,2010,42684.0
3111,14056,2010,5315.0
3112,14057,2010,7516.0
3113,14058,2010,28903.0
3114,14059,2010,26510.0
3115,14060,2010,12204.0
3116,14061,2010,38507.0
3117,14062,2010,7215.0
3118,14063,2010,186028.0
3119,14064,2010,60350.0
3120,14065,2010,24563.0
3121,14066,2010,96947.0
3122,14067,2010,511556.0
3123,14068,2010,23523.0
3124,14069,2010,17530.0
3125,14070,2010,276512.0
3126,14071,2010,6508.0
3127,14072,2010,13495.0
3128,14073,2010,131111.0
3129,14074,2010,31032.0
3130,14075,2010,7633.0
3131,14076,2010,6963.0
3132,14077,2010,52654.0
3133,14078,2010,62788.0
3134,14079,2010,28064.0
3135,14080,2010,11644.0
3136,14081,2010,7462.0
3137,14082,2010,69833.0
3138,14083,2010,138309.0
3139,14084,2010,29340.0
3140,14085,2010,76363.0
3141,14086,2010,36360.0
3142,14087,2010,34172.0
3143,14088,2010,33187.0
3144,14089,2010,7055.0
3145,14090,2010,14161.0
3146,14091,2010,80629.0
3147,14092,2010,21690.0
3148,14093,2010,272886.0
3149,14094,2010,81851.0
3150,14095,2010,18226.0
3151,14096,2010,41775.0
3152,14097,2010,833812.0
3153,14098,2010,1216264.0
3154,14099,2010,19243.0
3155,14100,2010,70549.0
3156,14101,2010,957473.0
3157,14102,2010,11891.0
3158,14103,2010,14541.0
3159,14104,2010,8975.0
3160,14105,2010,43990.0
3161,14106,2010,8485.0
3162,14107,2010,12665.0
3163,14108,2010,68537.0
3164,14109,2010,35036.0
3165,14110,2010,27574.0
3166,14111,2010,13660.0
3167,14112,2010,11690.0
3168,14113,2010,30723.0
3169,14114,2010,33971.0
3170,14115,2010,11411.0
3171,14116,2010,37478.0
3172,14117,2010,8427.0
3173,14118,2010,44839.0
3174,14119,2010,55851.0
3175,14120,2010,2488279.0
3176,14121,2010,58448.0
3177,14122,2010,13410.0
3178,14123,2010,35319.0
3179,14124,2010,127549.0
3180,14125,2010,35335.0
3181,15000,2010,15181290.0
3182,15001,2010,121861.0
3183,15002,2010,273122.0
3184,15003,2010,89649.0
3185,15004,2010,29712.0
3186,15005,2010,295345.0
3187,15006,2010,21772.0
3188,15007,2010,45736.0
3189,15008,2010,52789.0
3190,15009,2010,96943.0
3191,15010,2010,55050.0
3192,15011,2010,112490.0
3193,15012,2010,20598.0
3194,15013,2010,979884.0
3195,15014,2010,187504.0
3196,15015,2010,55382.0
3197,15016,2010,51132.0
3198,15017,2010,17793.0
3199,15018,2010,94071.0
3200,15019,2010,68203.0
3201,15020,2010,556134.0
3202,15021,2010,72348.0
3203,15022,2010,24284.0
3204,15023,2010,78066.0
3205,15024,2010,280151.0
3206,15025,2010,620311.0
3207,15026,2010,55102.0
3208,15027,2010,19352.0
3209,15028,2010,52382.0
3210,15029,2010,350112.0
3211,15030,2010,45638.0
3212,15031,2010,1228909.0
3213,15032,2010,66910.0
3214,15033,2010,3312214.0
3215,15034,2010,18749.0
3216,15035,2010,200062.0
3217,15036,2010,79728.0
3218,15037,2010,484345.0
3219,15038,2010,20631.0
3220,15039,2010,934777.0
3221,15040,2010,67082.0
3222,15041,2010,13258.0
3223,15042,2010,282965.0
3224,15043,2010,53746.0
3225,15044,2010,52656.0
3226,15045,2010,167517.0
3227,15046,2010,35940.0
3228,15047,2010,138101.0
3229,15048,2010,122429.0
3230,15049,2010,25680.0
3231,15050,2010,47010.0
3232,15051,2010,269601.0
3233,15052,2010,51255.0
3234,15053,2010,100491.0
3235,15054,2010,428330.0
3236,15055,2010,23432.0
3237,15056,2010,56879.0
3238,15057,2010,1667572.0
3239,15058,2010,2224439.0
3240,15059,2010,63411.0
3241,15060,2010,733212.0
3242,15061,2010,17806.0
3243,15062,2010,123615.0
3244,15063,2010,63606.0
3245,15064,2010,68892.0
3246,15065,2010,68533.0
3247,15066,2010,9764.0
3248,15067,2010,156300.0
3249,15068,2010,54436.0
3250,15069,2010,8294.0
3251,15070,2010,507690.0
3252,15071,2010,26013.0
3253,15072,2010,25510.0
3254,15073,2010,44304.0
3255,15074,2010,242797.0
3256,15075,2010,49717.0
3257,15076,2010,145158.0
3258,15077,2010,12560.0
3259,15078,2010,18222.0
3260,15079,2010,23596.0
3261,15080,2010,51618.0
3262,15081,2010,729214.0
3263,15082,2010,142216.0
3264,15083,2010,22434.0
3265,15084,2010,71976.0
3266,15085,2010,125390.0
3267,15086,2010,65746.0
3268,15087,2010,180020.0
3269,15088,2010,181893.0
3270,15089,2010,21188.0
3271,15090,2010,155930.0
3272,15091,2010,126230.0
3273,15092,2010,106031.0
3274,15093,2010,55950.0
3275,15094,2010,36692.0
3276,15095,2010,177167.0
3277,15096,2010,67818.0
3278,15097,2010,34780.0
3279,15098,2010,10222.0
3280,15099,2010,470354.0
3281,15100,2010,70404.0
3282,15101,2010,141372.0
3283,15102,2010,30782.0
3284,15103,2010,92318.0
3285,15104,2010,1328450.0
3286,15105,2010,66053.0
3287,15106,2010,1639131.0
3288,15107,2010,24206.0
3289,15108,2010,263138.0
3290,15109,2010,973997.0
3291,15110,2010,123221.0
3292,15111,2010,95418.0
3293,15112,2010,89764.0
3294,15113,2010,119987.0
3295,15114,2010,188751.0
3296,15115,2010,92662.0
3297,15116,2010,8106.0
3298,15117,2010,30251.0
3299,15118,2010,335528.0
3300,15119,2010,32730.0
3301,15120,2010,319354.0
3302,15121,2010,1023350.0
3303,15122,2010,715301.0
3304,15123,2010,55814.0
3305,15124,2010,182690.0
3306,15125,2010,20445.0
3307,16000,2010,4371696.0
3308,16001,2010,22029.0
3309,16002,2010,33012.0
3310,16003,2010,41906.0
3311,16004,2010,29379.0
3312,16005,2010,21581.0
3313,16006,2010,247877.0
3314,16007,2010,6446.0
3315,16008,2010,48591.0
3316,16009,2010,69881.0
3317,16010,2010,45040.0
3318,16011,2010,21317.0
3319,16012,2010,84639.0
3320,16013,2010,19102.0
3321,16014,2010,28518.0
3322,16015,2010,36849.0
3323,16016,2010,41004.0
3324,16017,2010,65920.0
3325,16018,2010,17906.0
3326,16019,2010,39410.0
3327,16020,2010,56492.0
3328,16021,2010,24336.0
3329,16022,2010,43593.0
3330,16023,2010,19950.0
3331,16024,2010,36323.0
3332,16025,2010,72592.0
3333,16026,2010,11099.0
3334,16027,2010,10337.0
3335,16028,2010,11128.0
3336,16029,2010,28879.0
3337,16030,2010,25724.0
3338,16031,2010,32480.0
3339,16032,2010,29118.0
3340,16033,2010,42665.0
3341,16034,2010,235738.0
3342,16035,2010,65687.0
3343,16036,2010,23226.0
3344,16037,2010,15968.0
3345,16038,2010,84583.0
3346,16039,2010,15850.0
3347,16040,2010,32873.0
3348,16041,2010,29546.0
3349,16042,2010,27196.0
3350,16043,2010,128229.0
3351,16044,2010,26583.0
3352,16045,2010,68426.0
3353,16046,2010,27257.0
3354,16047,2010,40069.0
3355,16048,2010,11017.0
3356,16049,2010,35583.0
3357,16050,2010,160570.0
3358,16051,2010,26095.0
3359,16052,2010,358091.0
3360,16053,2010,1458876.0
3361,16054,2010,16182.0
3362,16055,2010,90041.0
3363,16056,2010,54348.0
3364,16057,2010,16053.0
3365,16058,2010,37791.0
3366,16059,2010,16536.0
3367,16060,2010,19274.0
3368,16061,2010,45256.0
3369,16062,2010,38923.0
3370,16063,2010,32154.0
3371,16064,2010,50933.0
3372,16065,2010,69457.0
3373,16066,2010,175681.0
3374,16067,2010,34370.0
3375,16068,2010,50804.0
3376,16069,2010,199737.0
3377,16070,2010,30618.0
3378,16071,2010,135701.0
3379,16072,2010,27183.0
3380,16073,2010,51201.0
3381,16074,2010,19970.0
3382,16075,2010,128364.0
3383,16076,2010,145713.0
3384,16077,2010,37003.0
3385,16078,2010,25246.0
3386,16079,2010,90527.0
3387,16080,2010,36884.0
3388,16081,2010,17515.0
3389,16082,2010,140075.0
3390,16083,2010,58946.0
3391,16084,2010,55664.0
3392,16085,2010,65456.0
3393,16086,2010,30373.0
3394,16087,2010,27142.0
3395,16088,2010,157474.0
3396,16089,2010,46153.0
3397,16090,2010,27918.0
3398,16091,2010,27035.0
3399,16092,2010,29231.0
3400,16093,2010,55187.0
3401,16094,2010,13797.0
3402,16095,2010,23190.0
3403,16096,2010,16501.0
3404,16097,2010,64370.0
3405,16098,2010,52119.0
3406,16099,2010,33038.0
3407,16100,2010,27115.0
3408,16101,2010,19164.0
3409,16102,2010,631282.0
3410,16103,2010,46964.0
3411,16104,2010,34030.0
3412,16105,2010,38031.0
3413,16106,2010,60010.0
3414,16107,2010,146962.0
3415,16108,2010,372645.0
3416,16109,2010,6501.0
3417,16110,2010,93480.0
3418,16111,2010,30503.0
3419,16112,2010,311152.0
3420,16113,2010,51174.0
3421,17000,2010,1781720.0
3422,17001,2010,34124.0
3423,17002,2010,37824.0
3424,17003,2010,67434.0
3425,17004,2010,157897.0
3426,17005,2010,18942.0
3427,17006,2010,350458.0
3428,17007,2010,730388.0
3429,17008,2010,167010.0
3430,17009,2010,34723.0
3431,17010,2010,31331.0
3432,17011,2010,393911.0
3433,17012,2010,110341.0
3434,17013,2010,29348.0
3435,17014,2010,18923.0
3436,17015,2010,50010.0
3437,17016,2010,33779.0
3438,17017,2010,123265.0
3439,17018,2010,216276.0
3440,17019,2010,50759.0
3441,17020,2010,83287.0
3442,17021,2010,14907.0
3443,17022,2010,38327.0
3444,17023,2010,13293.0
3445,17024,2010,97845.0
3446,17025,2010,63423.0
3447,17026,2010,33104.0
3448,17027,2010,21606.0
3449,17028,2010,129334.0
3450,17029,2010,195724.0
3451,17030,2010,93700.0
3452,17031,2010,70167.0
3453,17032,2010,18198.0
3454,17033,2010,29289.0
3455,17034,2010,
3456,17035,2010,
3457,17036,2010,
3458,18000,2010,1093466.0
3459,18001,2010,73407.0
3460,18002,2010,30566.0
3461,18003,2010,22422.0
3462,18004,2010,141352.0
3463,18005,2010,23179.0
3464,18006,2010,54677.0
3465,18007,2010,35511.0
3466,18008,2010,98257.0
3467,18009,2010,70054.0
3468,18010,2010,68916.0
3469,18011,2010,47155.0
3470,18012,2010,87834.0
3471,18013,2010,15096.0
3472,18014,2010,45138.0
3473,18015,2010,186404.0
3474,18016,2010,79664.0
3475,18017,2010,760978.0
3476,18018,2010,60124.0
3477,18019,2010,28620.0
3478,18020,2010,249091.0
3479,19000,2010,4666880.0
3480,19001,2010,5625.0
3481,19002,2010,7042.0
3482,19003,2010,2774.0
3483,19004,2010,65291.0
3484,19005,2010,37680.0
3485,19006,2010,1046891.0
3486,19007,2010,31324.0
3487,19008,2010,7637.0
3488,19009,2010,174529.0
3489,19010,2010,32281.0
3490,19011,2010,15912.0
3491,19012,2010,49204.0
3492,19013,2010,22409.0
3493,19014,2010,71217.0
3494,19015,2010,3595.0
3495,19016,2010,7006.0
3496,19017,2010,80674.0
3497,19018,2010,287445.0
3498,19019,2010,245350.0
3499,19020,2010,11413.0
3500,19021,2010,715891.0
3501,19022,2010,29626.0
3502,19023,2010,2608.0
3503,19024,2010,12179.0
3504,19025,2010,110637.0
3505,19026,2010,1356050.0
3506,19027,2010,4094.0
3507,19028,2010,3284.0
3508,19029,2010,13979.0
3509,19030,2010,7244.0
3510,19031,2010,514169.0
3511,19032,2010,10778.0
3512,19033,2010,158421.0
3513,19034,2010,11105.0
3514,19035,2010,1739.0
3515,19036,2010,14203.0
3516,19037,2010,11043.0
3517,19038,2010,119205.0
3518,19039,2010,2271138.0
3519,19040,2010,2126.0
3520,19041,2010,42055.0
3521,19042,2010,10986.0
3522,19043,2010,5412.0
3523,19044,2010,69568.0
3524,19045,2010,65878.0
3525,19046,2010,886546.0
3526,19047,2010,33273.0
3527,19048,2010,537981.0
3528,19049,2010,81327.0
3529,19050,2010,4182.0
3530,19051,2010,8312.0
3531,20000,2010,3814000.0
3532,20001,2010,2168.0
3533,20002,2010,89966.0
3534,20003,2010,4990.0
3535,20004,2010,2030.0
3536,20005,2010,29570.0
3537,20006,2010,35736.0
3538,20007,2010,5224.0
3539,20008,2010,1684.0
3540,20009,2010,13440.0
3541,20010,2010,27249.0
3542,20011,2010,2440.0
3543,20012,2010,19853.0
3544,20013,2010,5588.0
3545,20014,2010,52948.0
3546,20015,2010,9427.0
3547,20016,2010,17062.0
3548,20017,2010,6604.0
3549,20018,2010,1675.0
3550,20019,2010,6142.0
3551,20020,2010,7740.0
3552,20021,2010,29372.0
3553,20022,2010,1749.0
3554,20023,2010,36856.0
3555,20024,2010,7739.0
3556,20025,2010,22235.0
3557,20026,2010,16967.0
3558,20027,2010,4931.0
3559,20028,2010,39378.0
3560,20029,2010,8533.0
3561,20030,2010,16816.0
3562,20031,2010,14740.0
3563,20032,2010,2066.0
3564,20033,2010,4866.0
3565,20034,2010,2850.0
3566,20035,2010,1088.0
3567,20036,2010,10592.0
3568,20037,2010,8826.0
3569,20038,2010,4228.0
3570,20039,2010,139684.0
3571,20040,2010,11999.0
3572,20041,2010,60041.0
3573,20042,2010,15367.0
3574,20043,2010,186311.0
3575,20044,2010,83549.0
3576,20045,2010,15053.0
3577,20046,2010,6634.0
3578,20047,2010,187.0
3579,20048,2010,2608.0
3580,20049,2010,2287.0
3581,20050,2010,7556.0
3582,20051,2010,8736.0
3583,20052,2010,12394.0
3584,20053,2010,2451.0
3585,20054,2010,818.0
3586,20055,2010,7061.0
3587,20056,2010,2918.0
3588,20057,2010,76397.0
3589,20058,2010,26896.0
3590,20059,2010,82811.0
3591,20060,2010,5540.0
3592,20061,2010,5136.0
3593,20062,2010,1172.0
3594,20063,2010,7764.0
3595,20064,2010,14811.0
3596,20065,2010,2370.0
3597,20066,2010,10736.0
3598,20067,2010,526736.0
3599,20068,2010,42691.0
3600,20069,2010,4892.0
3601,20070,2010,13315.0
3602,20071,2010,6442.0
3603,20072,2010,13158.0
3604,20073,2010,63810.0
3605,20074,2010,1010.0
3606,20075,2010,5342.0
3607,20076,2010,6679.0
3608,20077,2010,7138.0
3609,20078,2010,2184.0
3610,20079,2010,164761.0
3611,20080,2010,2624.0
3612,20081,2010,3835.0
3613,20082,2010,7904.0
3614,20083,2010,16178.0
3615,20084,2010,7791.0
3616,20085,2010,45146.0
3617,20086,2010,1748.0
3618,20087,2010,8150.0
3619,20088,2010,5780.0
3620,20089,2010,4311.0
3621,20090,2010,11751.0
3622,20091,2010,9765.0
3623,20092,2010,2883.0
3624,20093,2010,1010.0
3625,20094,2010,3828.0
3626,20095,2010,7980.0
3627,20096,2010,1551.0
3628,20097,2010,3480.0
3629,20098,2010,8913.0
3630,20099,2010,950.0
3631,20100,2010,994.0
3632,20101,2010,1452.0
3633,20102,2010,8810.0
3634,20103,2010,11302.0
3635,20104,2010,5016.0
3636,20105,2010,13300.0
3637,20106,2010,594.0
3638,20107,2010,42926.0
3639,20108,2010,8709.0
3640,20109,2010,2466.0
3641,20110,2010,3206.0
3642,20111,2010,8788.0
3643,20112,2010,4882.0
3644,20113,2010,5676.0
3645,20114,2010,1359.0
3646,20115,2010,17381.0
3647,20116,2010,8104.0
3648,20117,2010,4867.0
3649,20118,2010,4944.0
3650,20119,2010,804.0
3651,20120,2010,736.0
3652,20121,2010,1330.0
3653,20122,2010,1364.0
3654,20123,2010,5414.0
3655,20124,2010,34213.0
3656,20125,2010,23685.0
3657,20126,2010,10054.0
3658,20127,2010,2574.0
3659,20128,2010,2461.0
3660,20129,2010,689.0
3661,20130,2010,10202.0
3662,20131,2010,21015.0
3663,20132,2010,2501.0
3664,20133,2010,7978.0
3665,20134,2010,53682.0
3666,20135,2010,14377.0
3667,20136,2010,23151.0
3668,20137,2010,6898.0
3669,20138,2010,920.0
3670,20139,2010,4280.0
3671,20140,2010,1659.0
3672,20141,2010,14558.0
3673,20142,2010,2320.0
3674,20143,2010,17940.0
3675,20144,2010,2220.0
3676,20145,2010,6948.0
3677,20146,2010,5332.0
3678,20147,2010,761.0
3679,20148,2010,3890.0
3680,20149,2010,3054.0
3681,20150,2010,23789.0
3682,20151,2010,799.0
3683,20152,2010,4318.0
3684,20153,2010,9514.0
3685,20154,2010,4786.0
3686,20155,2010,1896.0
3687,20156,2010,6956.0
3688,20157,2010,27720.0
3689,20158,2010,4462.0
3690,20159,2010,10973.0
3691,20160,2010,2898.0
3692,20161,2010,5155.0
3693,20162,2010,3704.0
3694,20163,2010,3214.0
3695,20164,2010,6430.0
3696,20165,2010,3022.0
3697,20166,2010,22097.0
3698,20167,2010,4188.0
3699,20168,2010,1971.0
3700,20169,2010,7368.0
3701,20170,2010,7698.0
3702,20171,2010,36989.0
3703,20172,2010,873.0
3704,20173,2010,3038.0
3705,20174,2010,7518.0
3706,20175,2010,3448.0
3707,20176,2010,5652.0
3708,20177,2010,19054.0
3709,20178,2010,12581.0
3710,20179,2010,2924.0
3711,20180,2010,4650.0
3712,20181,2010,843.0
3713,20182,2010,4599.0
3714,20183,2010,2894.0
3715,20184,2010,311913.0
3716,20185,2010,17375.0
3717,20186,2010,1213.0
3718,20187,2010,5072.0
3719,20188,2010,19005.0
3720,20189,2010,5034.0
3721,20190,2010,45099.0
3722,20191,2010,650.0
3723,20192,2010,2884.0
3724,20193,2010,5095.0
3725,20194,2010,2462.0
3726,20195,2010,2512.0
3727,20196,2010,811.0
3728,20197,2010,6108.0
3729,20198,2010,56368.0
3730,20199,2010,1426.0
3731,20200,2010,7864.0
3732,20201,2010,3664.0
3733,20202,2010,9099.0
3734,20203,2010,6570.0
3735,20204,2010,1430.0
3736,20205,2010,34855.0
3737,20206,2010,4716.0
3738,20207,2010,34252.0
3739,20208,2010,15243.0
3740,20209,2010,1422.0
3741,20210,2010,13332.0
3742,20211,2010,6348.0
3743,20212,2010,5614.0
3744,20213,2010,7294.0
3745,20214,2010,4634.0
3746,20215,2010,1535.0
3747,20216,2010,2662.0
3748,20217,2010,7045.0
3749,20218,2010,1218.0
3750,20219,2010,5150.0
3751,20220,2010,5563.0
3752,20221,2010,2686.0
3753,20222,2010,3060.0
3754,20223,2010,904.0
3755,20224,2010,1380.0
3756,20225,2010,11910.0
3757,20226,2010,5458.0
3758,20227,2010,27422.0
3759,20228,2010,1542.0
3760,20229,2010,14121.0
3761,20230,2010,2014.0
3762,20231,2010,6052.0
3763,20232,2010,43055.0
3764,20233,2010,3490.0
3765,20234,2010,15108.0
3766,20235,2010,7260.0
3767,20236,2010,3092.0
3768,20237,2010,3116.0
3769,20238,2010,1632.0
3770,20239,2010,2154.0
3771,20240,2010,4920.0
3772,20241,2010,2171.0
3773,20242,2010,22765.0
3774,20243,2010,3496.0
3775,20244,2010,7342.0
3776,20245,2010,2560.0
3777,20246,2010,1242.0
3778,20247,2010,2934.0
3779,20248,2010,28523.0
3780,20249,2010,6950.0
3781,20250,2010,2372.0
3782,20251,2010,2374.0
3783,20252,2010,4232.0
3784,20253,2010,4504.0
3785,20254,2010,6645.0
3786,20255,2010,4172.0
3787,20256,2010,472.0
3788,20257,2010,2182.0
3789,20258,2010,1488.0
3790,20259,2010,4959.0
3791,20260,2010,4989.0
3792,20261,2010,14492.0
3793,20262,2010,2094.0
3794,20263,2010,7037.0
3795,20264,2010,4568.0
3796,20265,2010,13242.0
3797,20266,2010,17047.0
3798,20267,2010,594.0
3799,20268,2010,1832.0
3800,20269,2010,8263.0
3801,20270,2010,2812.0
3802,20271,2010,6500.0
3803,20272,2010,12335.0
3804,20273,2010,6994.0
3805,20274,2010,2592.0
3806,20275,2010,14608.0
3807,20276,2010,1608.0
3808,20277,2010,25236.0
3809,20278,2010,73156.0
3810,20279,2010,5897.0
3811,20280,2010,4788.0
3812,20281,2010,622.0
3813,20282,2010,1596.0
3814,20283,2010,2092.0
3815,20284,2010,6327.0
3816,20285,2010,6821.0
3817,20286,2010,6447.0
3818,20287,2010,717.0
3819,20288,2010,1222.0
3820,20289,2010,2286.0
3821,20290,2010,2024.0
3822,20291,2010,8337.0
3823,20292,2010,2779.0
3824,20293,2010,31083.0
3825,20294,2010,12628.0
3826,20295,2010,18058.0
3827,20296,2010,1864.0
3828,20297,2010,4300.0
3829,20298,2010,23660.0
3830,20299,2010,2216.0
3831,20300,2010,12937.0
3832,20301,2010,3090.0
3833,20302,2010,8272.0
3834,20303,2010,2344.0
3835,20304,2010,1709.0
3836,20305,2010,7891.0
3837,20306,2010,7836.0
3838,20307,2010,19206.0
3839,20308,2010,5690.0
3840,20309,2010,20742.0
3841,20310,2010,13644.0
3842,20311,2010,916.0
3843,20312,2010,23143.0
3844,20313,2010,1668.0
3845,20314,2010,3422.0
3846,20315,2010,3428.0
3847,20316,2010,1506.0
3848,20317,2010,2822.0
3849,20318,2010,85754.0
3850,20319,2010,2210.0
3851,20320,2010,1460.0
3852,20321,2010,1711.0
3853,20322,2010,1768.0
3854,20323,2010,4270.0
3855,20324,2010,87800.0
3856,20325,2010,21003.0
3857,20326,2010,9914.0
3858,20327,2010,28328.0
3859,20328,2010,2348.0
3860,20329,2010,2643.0
3861,20330,2010,8564.0
3862,20331,2010,1796.0
3863,20332,2010,824.0
3864,20333,2010,5231.0
3865,20334,2010,88051.0
3866,20335,2010,2005.0
3867,20336,2010,4541.0
3868,20337,2010,11234.0
3869,20338,2010,18560.0
3870,20339,2010,8007.0
3871,20340,2010,3775.0
3872,20341,2010,464.0
3873,20342,2010,4168.0
3874,20343,2010,3698.0
3875,20344,2010,5241.0
3876,20345,2010,7944.0
3877,20346,2010,2898.0
3878,20347,2010,7328.0
3879,20348,2010,16529.0
3880,20349,2010,3962.0
3881,20350,2010,32482.0
3882,20351,2010,5252.0
3883,20352,2010,7666.0
3884,20353,2010,3978.0
3885,20354,2010,1030.0
3886,20355,2010,1482.0
3887,20356,2010,3986.0
3888,20357,2010,1818.0
3889,20358,2010,3708.0
3890,20359,2010,1618.0
3891,20360,2010,7184.0
3892,20361,2010,1844.0
3893,20362,2010,3001.0
3894,20363,2010,5317.0
3895,20364,2010,29468.0
3896,20365,2010,2623.0
3897,20366,2010,8034.0
3898,20367,2010,9086.0
3899,20368,2010,3632.0
3900,20369,2010,3710.0
3901,20370,2010,1358.0
3902,20371,2010,1908.0
3903,20372,2010,3772.0
3904,20373,2010,905.0
3905,20374,2010,2940.0
3906,20375,2010,20240.0
3907,20376,2010,728.0
3908,20377,2010,22095.0
3909,20378,2010,7260.0
3910,20379,2010,5916.0
3911,20380,2010,3944.0
3912,20381,2010,5212.0
3913,20382,2010,2358.0
3914,20383,2010,1216.0
3915,20384,2010,9033.0
3916,20385,2010,155666.0
3917,20386,2010,35813.0
3918,20387,2010,5719.0
3919,20388,2010,5096.0
3920,20389,2010,1842.0
3921,20390,2010,94712.0
3922,20391,2010,6730.0
3923,20392,2010,13356.0
3924,20393,2010,7219.0
3925,20394,2010,5556.0
3926,20395,2010,3805.0
3927,20396,2010,6504.0
3928,20397,2010,76953.0
3929,20398,2010,8820.0
3930,20399,2010,54935.0
3931,20400,2010,3270.0
3932,20401,2010,45129.0
3933,20402,2010,2174.0
3934,20403,2010,5558.0
3935,20404,2010,1550.0
3936,20405,2010,3882.0
3937,20406,2010,41195.0
3938,20407,2010,17068.0
3939,20408,2010,967.0
3940,20409,2010,16330.0
3941,20410,2010,6927.0
3942,20411,2010,1632.0
3943,20412,2010,6621.0
3944,20413,2010,77297.0
3945,20414,2010,21601.0
3946,20415,2010,9778.0
3947,20416,2010,1042.0
3948,20417,2010,18507.0
3949,20418,2010,23791.0
3950,20419,2010,1156.0
3951,20420,2010,3360.0
3952,20421,2010,8896.0
3953,20422,2010,1371.0
3954,20423,2010,1136.0
3955,20424,2010,8020.0
3956,20425,2010,4418.0
3957,20426,2010,15730.0
3958,20427,2010,30794.0
3959,20428,2010,3540.0
3960,20429,2010,3050.0
3961,20430,2010,506.0
3962,20431,2010,3548.0
3963,20432,2010,1936.0
3964,20433,2010,5192.0
3965,20434,2010,9333.0
3966,20435,2010,7016.0
3967,20436,2010,2229.0
3968,20437,2010,19333.0
3969,20438,2010,3519.0
3970,20439,2010,48652.0
3971,20440,2010,1792.0
3972,20441,2010,15589.0
3973,20442,2010,708.0
3974,20443,2010,904.0
3975,20444,2010,933.0
3976,20445,2010,3284.0
3977,20446,2010,13102.0
3978,20447,2010,30177.0
3979,20448,2010,4028.0
3980,20449,2010,6751.0
3981,20450,2010,24626.0
3982,20451,2010,2106.0
3983,20452,2010,8440.0
3984,20453,2010,7830.0
3985,20454,2010,6362.0
3986,20455,2010,5503.0
3987,20456,2010,3375.0
3988,20457,2010,6794.0
3989,20458,2010,2234.0
3990,20459,2010,8962.0
3991,20460,2010,10837.0
3992,20461,2010,1238.0
3993,20462,2010,8707.0
3994,20463,2010,1343.0
3995,20464,2010,960.0
3996,20465,2010,3141.0
3997,20466,2010,23843.0
3998,20467,2010,36824.0
3999,20468,2010,27174.0
4000,20469,2010,65873.0
4001,20470,2010,9438.0
4002,20471,2010,992.0
4003,20472,2010,6405.0
4004,20473,2010,2789.0
4005,20474,2010,6527.0
4006,20475,2010,19330.0
4007,20476,2010,836.0
4008,20477,2010,2868.0
4009,20478,2010,3847.0
4010,20479,2010,453.0
4011,20480,2010,1940.0
4012,20481,2010,3932.0
4013,20482,2010,100792.0
4014,20483,2010,19098.0
4015,20484,2010,8431.0
4016,20485,2010,6068.0
4017,20486,2010,4958.0
4018,20487,2010,3894.0
4019,20488,2010,263.0
4020,20489,2010,9914.0
4021,20490,2010,6152.0
4022,20491,2010,8346.0
4023,20492,2010,6420.0
4024,20493,2010,1109.0
4025,20494,2010,9788.0
4026,20495,2010,5810.0
4027,20496,2010,4342.0
4028,20497,2010,8246.0
4029,20498,2010,13985.0
4030,20499,2010,4065.0
4031,20500,2010,15782.0
4032,20501,2010,1880.0
4033,20502,2010,11039.0
4034,20503,2010,748.0
4035,20504,2010,3304.0
4036,20505,2010,15115.0
4037,20506,2010,1568.0
4038,20507,2010,6452.0
4039,20508,2010,3055.0
4040,20509,2010,21094.0
4041,20510,2010,1759.0
4042,20511,2010,7272.0
4043,20512,2010,1826.0
4044,20513,2010,16815.0
4045,20514,2010,2001.0
4046,20515,2010,123800.0
4047,20516,2010,9192.0
4048,20517,2010,10399.0
4049,20518,2010,306.0
4050,20519,2010,5580.0
4051,20520,2010,14338.0
4052,20521,2010,552.0
4053,20522,2010,2426.0
4054,20523,2010,3256.0
4055,20524,2010,744.0
4056,20525,2010,22503.0
4057,20526,2010,32020.0
4058,20527,2010,5667.0
4059,20528,2010,2449.0
4060,20529,2010,2664.0
4061,20530,2010,6787.0
4062,20531,2010,4666.0
4063,20532,2010,8152.0
4064,20533,2010,4395.0
4065,20534,2010,7928.0
4066,20535,2010,5955.0
4067,20536,2010,986.0
4068,20537,2010,13494.0
4069,20538,2010,1429.0
4070,20539,2010,10050.0
4071,20540,2010,14131.0
4072,20541,2010,3414.0
4073,20542,2010,1492.0
4074,20543,2010,11128.0
4075,20544,2010,2212.0
4076,20545,2010,17955.0
4077,20546,2010,11286.0
4078,20547,2010,1908.0
4079,20548,2010,3488.0
4080,20549,2010,22651.0
4081,20550,2010,10200.0
4082,20551,2010,39677.0
4083,20552,2010,1020.0
4084,20553,2010,18854.0
4085,20554,2010,11211.0
4086,20555,2010,5306.0
4087,20556,2010,498.0
4088,20557,2010,27946.0
4089,20558,2010,3088.0
4090,20559,2010,44975.0
4091,20560,2010,12360.0
4092,20561,2010,5366.0
4093,20562,2010,2916.0
4094,20563,2010,2627.0
4095,20564,2010,2584.0
4096,20565,2010,68242.0
4097,20566,2010,6074.0
4098,20567,2010,6281.0
4099,20568,2010,3028.0
4100,20569,2010,3463.0
4101,20570,2010,38519.0
4102,21000,2010,5787259.0
4103,21001,2010,120773.0
4104,21002,2010,17926.0
4105,21003,2010,67807.0
4106,21004,2010,104310.0
4107,21005,2010,5762.0
4108,21006,2010,29508.0
4109,21007,2010,6815.0
4110,21008,2010,20914.0
4111,21009,2010,4016.0
4112,21010,2010,121305.0
4113,21011,2010,3553.0
4114,21012,2010,12576.0
4115,21013,2010,37854.0
4116,21014,2010,10013.0
4117,21015,2010,201974.0
4118,21016,2010,15696.0
4119,21017,2010,50772.0
4120,21018,2010,7471.0
4121,21019,2010,254380.0
4122,21020,2010,12879.0
4123,21021,2010,2456.0
4124,21022,2010,23369.0
4125,21023,2010,16836.0
4126,21024,2010,1905.0
4127,21025,2010,16360.0
4128,21026,2010,27462.0
4129,21027,2010,8386.0
4130,21028,2010,4962.0
4131,21029,2010,7582.0
4132,21030,2010,1516.0
4133,21031,2010,5934.0
4134,21032,2010,2566.0
4135,21033,2010,9534.0
4136,21034,2010,69199.0
4137,21035,2010,39378.0
4138,21036,2010,28410.0
4139,21037,2010,4678.0
4140,21038,2010,17470.0
4141,21039,2010,18424.0
4142,21040,2010,19133.0
4143,21041,2010,158325.0
4144,21042,2010,6146.0
4145,21043,2010,94960.0
4146,21044,2010,30786.0
4147,21045,2010,88152.0
4148,21046,2010,13984.0
4149,21047,2010,38153.0
4150,21048,2010,37552.0
4151,21049,2010,31534.0
4152,21050,2010,48303.0
4153,21051,2010,67941.0
4154,21052,2010,2456.0
4155,21053,2010,115968.0
4156,21054,2010,60513.0
4157,21055,2010,9403.0
4158,21056,2010,2482.0
4159,21057,2010,14926.0
4160,21058,2010,38539.0
4161,21059,2010,4950.0
4162,21060,2010,13897.0
4163,21061,2010,25157.0
4164,21062,2010,9197.0
4165,21063,2010,27592.0
4166,21064,2010,32750.0
4167,21065,2010,38106.0
4168,21066,2010,12583.0
4169,21067,2010,33174.0
4170,21068,2010,15436.0
4171,21069,2010,50775.0
4172,21070,2010,13295.0
4173,21071,2010,195552.0
4174,21072,2010,31378.0
4175,21073,2010,17420.0
4176,21074,2010,126967.0
4177,21075,2010,23743.0
4178,21076,2010,53563.0
4179,21077,2010,11495.0
4180,21078,2010,27964.0
4181,21079,2010,10613.0
4182,21080,2010,5666.0
4183,21081,2010,7390.0
4184,21082,2010,16214.0
4185,21083,2010,50697.0
4186,21084,2010,13622.0
4187,21085,2010,145670.0
4188,21086,2010,25232.0
4189,21087,2010,25362.0
4190,21088,2010,9200.0
4191,21089,2010,26063.0
4192,21090,2010,37089.0
4193,21091,2010,20426.0
4194,21092,2010,10463.0
4195,21093,2010,15547.0
4196,21094,2010,63193.0
4197,21095,2010,968.0
4198,21096,2010,5301.0
4199,21097,2010,4432.0
4200,21098,2010,12442.0
4201,21099,2010,37949.0
4202,21100,2010,19420.0
4203,21101,2010,7196.0
4204,21102,2010,24028.0
4205,21103,2010,12073.0
4206,21104,2010,54665.0
4207,21105,2010,9657.0
4208,21106,2010,51444.0
4209,21107,2010,23295.0
4210,21108,2010,33264.0
4211,21109,2010,41236.0
4212,21110,2010,85848.0
4213,21111,2010,36955.0
4214,21112,2010,18801.0
4215,21113,2010,9180.0
4216,21114,2010,3079704.0
4217,21115,2010,94674.0
4218,21116,2010,42554.0
4219,21117,2010,28104.0
4220,21118,2010,51130.0
4221,21119,2010,200878.0
4222,21120,2010,10220.0
4223,21121,2010,2264.0
4224,21122,2010,18869.0
4225,21123,2010,8242.0
4226,21124,2010,28908.0
4227,21125,2010,16340.0
4228,21126,2010,11669.0
4229,21127,2010,7554.0
4230,21128,2010,16246.0
4231,21129,2010,25407.0
4232,21130,2010,6844.0
4233,21131,2010,1744.0
4234,21132,2010,282252.0
4235,21133,2010,1314.0
4236,21134,2010,38697.0
4237,21135,2010,1182.0
4238,21136,2010,23196.0
4239,21137,2010,18444.0
4240,21138,2010,21564.0
4241,21139,2010,7119.0
4242,21140,2010,240953.0
4243,21141,2010,6809.0
4244,21142,2010,55465.0
4245,21143,2010,56851.0
4246,21144,2010,27161.0
4247,21145,2010,27089.0
4248,21146,2010,1748.0
4249,21147,2010,11968.0
4250,21148,2010,16080.0
4251,21149,2010,43993.0
4252,21150,2010,14132.0
4253,21151,2010,16053.0
4254,21152,2010,23427.0
4255,21153,2010,40611.0
4256,21154,2010,143213.0
4257,21155,2010,10864.0
4258,21156,2010,550003.0
4259,21157,2010,22710.0
4260,21158,2010,13551.0
4261,21159,2010,8075.0
4262,21160,2010,6258.0
4263,21161,2010,38067.0
4264,21162,2010,8488.0
4265,21163,2010,32576.0
4266,21164,2010,149526.0
4267,21165,2010,2282.0
4268,21166,2010,16133.0
4269,21167,2010,20480.0
4270,21168,2010,13174.0
4271,21169,2010,40964.0
4272,21170,2010,32794.0
4273,21171,2010,6739.0
4274,21172,2010,51620.0
4275,21173,2010,11389.0
4276,21174,2010,184522.0
4277,21175,2010,19622.0
4278,21176,2010,16817.0
4279,21177,2010,96568.0
4280,21178,2010,34250.0
4281,21179,2010,57175.0
4282,21180,2010,73091.0
4283,21181,2010,12552.0
4284,21182,2010,9709.0
4285,21183,2010,39684.0
4286,21184,2010,12812.0
4287,21185,2010,16853.0
4288,21186,2010,103007.0
4289,21187,2010,10840.0
4290,21188,2010,34086.0
4291,21189,2010,39501.0
4292,21190,2010,2314.0
4293,21191,2010,18540.0
4294,21192,2010,11978.0
4295,21193,2010,12484.0
4296,21194,2010,56113.0
4297,21195,2010,48455.0
4298,21196,2010,3303.0
4299,21197,2010,151314.0
4300,21198,2010,2484.0
4301,21199,2010,75820.0
4302,21200,2010,7826.0
4303,21201,2010,6374.0
4304,21202,2010,24498.0
4305,21203,2010,12108.0
4306,21204,2010,15028.0
4307,21205,2010,45958.0
4308,21206,2010,8500.0
4309,21207,2010,106591.0
4310,21208,2010,152636.0
4311,21209,2010,16506.0
4312,21210,2010,11216.0
4313,21211,2010,30893.0
4314,21212,2010,38887.0
4315,21213,2010,25289.0
4316,21214,2010,31380.0
4317,21215,2010,9208.0
4318,21216,2010,5289.0
4319,21217,2010,41060.0
4320,22000,2010,1832201.0
4321,22001,2010,124458.0
4322,22002,2010,54327.0
4323,22003,2010,25918.0
4324,22004,2010,128625.0
4325,22005,2010,116683.0
4326,22006,2010,286390.0
4327,22007,2010,76605.0
4328,22008,2010,71211.0
4329,22009,2010,51241.0
4330,22010,2010,39932.0
4331,22011,2010,233409.0
4332,22012,2010,128186.0
4333,22013,2010,37005.0
4334,22014,2010,1604268.0
4335,22015,2010,17803.0
4336,22016,2010,484185.0
4337,22017,2010,126993.0
4338,22018,2010,52899.0
4339,23000,2010,1330846.0
4340,23001,2010,159375.0
4341,23002,2010,150458.0
4342,23003,2010,32643.0
4343,23004,2010,491007.0
4344,23005,2010,1323214.0
4345,23006,2010,72542.0
4346,23007,2010,50806.0
4347,23008,2010,319440.0
4348,23009,2010,56939.0
4349,23010,2010,
4350,23011,2010,
4351,24000,2010,2598831.0
4352,24001,2010,37414.0
4353,24002,2010,16399.0
4354,24003,2010,95089.0
4355,24004,2010,8949.0
4356,24005,2010,37926.0
4357,24006,2010,19681.0
4358,24007,2010,37088.0
4359,24008,2010,42832.0
4360,24009,2010,8052.0
4361,24010,2010,62772.0
4362,24011,2010,87272.0
4363,24012,2010,42416.0
4364,24013,2010,336593.0
4365,24014,2010,34055.0
4366,24015,2010,42702.0
4367,24016,2010,83297.0
4368,24017,2010,52070.0
4369,24018,2010,30669.0
4370,24019,2010,11635.0
4371,24020,2010,183523.0
4372,24021,2010,106913.0
4373,24022,2010,38802.0
4374,24023,2010,31496.0
4375,24024,2010,184640.0
4376,24025,2010,60591.0
4377,24026,2010,18858.0
4378,24027,2010,20445.0
4379,24028,2010,1545526.0
4380,24029,2010,43235.0
4381,24030,2010,11035.0
4382,24031,2010,23802.0
4383,24032,2010,81279.0
4384,24033,2010,24178.0
4385,24034,2010,30302.0
4386,24035,2010,536167.0
4387,24036,2010,57934.0
4388,24037,2010,194084.0
4389,24038,2010,31794.0
4390,24039,2010,28880.0
4391,24040,2010,76775.0
4392,24041,2010,38814.0
4393,24042,2010,29082.0
4394,24043,2010,18285.0
4395,24044,2010,15887.0
4396,24045,2010,29144.0
4397,24046,2010,32910.0
4398,24047,2010,19703.0
4399,24048,2010,10705.0
4400,24049,2010,76120.0
4401,24050,2010,94109.0
4402,24051,2010,29842.0
4403,24052,2010,20376.0
4404,24053,2010,66664.0
4405,24054,2010,103080.0
4406,24055,2010,49438.0
4407,24056,2010,31205.0
4408,24057,2010,60631.0
4409,24058,2010,41184.0
4410,25000,2010,2783193.0
4411,25001,2010,834617.0
4412,25002,2010,90225.0
4413,25003,2010,60729.0
4414,25004,2010,57463.0
4415,25005,2010,33566.0
4416,25006,2010,1720092.0
4417,25007,2010,66637.0
4418,25008,2010,86004.0
4419,25009,2010,108522.0
4420,25010,2010,195791.0
4421,25011,2010,572955.0
4422,25012,2010,879435.0
4423,25013,2010,92073.0
4424,25014,2010,99263.0
4425,25015,2010,158338.0
4426,25016,2010,45375.0
4427,25017,2010,177892.0
4428,25018,2010,271977.0
4429,26000,2010,2684101.0
4430,26001,2010,5286.0
4431,26002,2010,159349.0
4432,26003,2010,52330.0
4433,26004,2010,18377.0
4434,26005,2010,2506.0
4435,26006,2010,6227.0
4436,26007,2010,1266.0
4437,26008,2010,2505.0
4438,26009,2010,1599.0
4439,26010,2010,2946.0
4440,26011,2010,3375.0
4441,26012,2010,46184.0
4442,26013,2010,3333.0
4443,26014,2010,7134.0
4444,26015,2010,2915.0
4445,26016,2010,10623.0
4446,26017,2010,163525.0
4447,26018,2010,821815.0
4448,26019,2010,66009.0
4449,26020,2010,10871.0
4450,26021,2010,3552.0
4451,26022,2010,2156.0
4452,26023,2010,12744.0
4453,26024,2010,1626.0
4454,26025,2010,108444.0
4455,26026,2010,121903.0
4456,26027,2010,17440.0
4457,26028,2010,2306.0
4458,26029,2010,299488.0
4459,26030,2010,1571516.0
4460,26031,2010,2707.0
4461,26032,2010,1930.0
4462,26033,2010,158944.0
4463,26034,2010,2318.0
4464,26035,2010,24893.0
4465,26036,2010,59826.0
4466,26037,2010,2744.0
4467,26038,2010,9372.0
4468,26039,2010,12834.0
4469,26040,2010,4145.0
4470,26041,2010,25529.0
4471,26042,2010,316172.0
4472,26043,2010,443136.0
4473,26044,2010,825.0
4474,26045,2010,5894.0
4475,26046,2010,918.0
4476,26047,2010,19232.0
4477,26048,2010,114782.0
4478,26049,2010,7048.0
4479,26050,2010,3224.0
4480,26051,2010,10650.0
4481,26052,2010,12163.0
4482,26053,2010,792.0
4483,26054,2010,1013.0
4484,26055,2010,358026.0
4485,26056,2010,16916.0
4486,26057,2010,3241.0
4487,26058,2010,32218.0
4488,26059,2010,4087.0
4489,26060,2010,5487.0
4490,26061,2010,2621.0
4491,26062,2010,2282.0
4492,26063,2010,2730.0
4493,26064,2010,3576.0
4494,26065,2010,3637.0
4495,26066,2010,18533.0
4496,26067,2010,3481.0
4497,26068,2010,2581.0
4498,26069,2010,12318.0
4499,26070,2010,31506.0
4500,26071,2010,44251.0
4501,26072,2010,28649.0
4502,27000,2010,2240834.0
4503,27001,2010,114308.0
4504,27002,2010,497020.0
4505,27003,2010,204533.0
4506,27004,2010,1280775.0
4507,27005,2010,385606.0
4508,27006,2010,252832.0
4509,27007,2010,59198.0
4510,27008,2010,358996.0
4511,27009,2010,72796.0
4512,27010,2010,166732.0
4513,27011,2010,59174.0
4514,27012,2010,306307.0
4515,27013,2010,230135.0
4516,27014,2010,173240.0
4517,27015,2010,92632.0
4518,27016,2010,107126.0
4519,27017,2010,118027.0
4520,28000,2010,3287896.0
4521,28001,2010,24284.0
4522,28002,2010,60141.0
4523,28003,2010,426101.0
4524,28004,2010,18278.0
4525,28005,2010,9471.0
4526,28006,2010,15284.0
4527,28007,2010,30040.0
4528,28008,2010,9274.0
4529,28009,2010,394432.0
4530,28010,2010,4145.0
4531,28011,2010,17938.0
4532,28012,2010,87757.0
4533,28013,2010,31897.0
4534,28014,2010,9021.0
4535,28015,2010,31780.0
4536,28016,2010,47932.0
4537,28017,2010,30342.0
4538,28018,2010,16786.0
4539,28019,2010,35220.0
4540,28020,2010,5266.0
4541,28021,2010,232121.0
4542,28022,2010,980404.0
4543,28023,2010,9487.0
4544,28024,2010,9524.0
4545,28025,2010,54151.0
4546,28026,2010,7041.0
4547,28027,2010,768281.0
4548,28028,2010,6858.0
4549,28029,2010,26229.0
4550,28030,2010,28310.0
4551,28031,2010,3614.0
4552,28032,2010,1218934.0
4553,28033,2010,237850.0
4554,28034,2010,19114.0
4555,28035,2010,115295.0
4556,28036,2010,2082.0
4557,28037,2010,50699.0
4558,28038,2010,595112.0
4559,28039,2010,55270.0
4560,28040,2010,126877.0
4561,28041,2010,644742.0
4562,28042,2010,12935.0
4563,28043,2010,46131.0
4564,29000,2010,1172893.0
4565,29001,2010,19758.0
4566,29002,2010,26722.0
4567,29003,2010,12283.0
4568,29004,2010,31964.0
4569,29005,2010,153035.0
4570,29006,2010,89956.0
4571,29007,2010,30736.0
4572,29008,2010,27411.0
4573,29009,2010,10132.0
4574,29010,2010,132316.0
4575,29011,2010,8613.0
4576,29012,2010,16921.0
4577,29013,2010,170166.0
4578,29014,2010,27849.0
4579,29015,2010,70449.0
4580,29016,2010,13623.0
4581,29017,2010,19493.0
4582,29018,2010,70176.0
4583,29019,2010,37471.0
4584,29020,2010,17019.0
4585,29021,2010,33441.0
4586,29022,2010,11422.0
4587,29023,2010,47293.0
4588,29024,2010,50258.0
4589,29025,2010,139286.0
4590,29026,2010,35940.0
4591,29027,2010,23541.0
4592,29028,2010,43370.0
4593,29029,2010,22105.0
4594,29030,2010,27627.0
4595,29031,2010,57653.0
4596,29032,2010,24858.0
4597,29033,2010,179602.0
4598,29034,2010,80240.0
4599,29035,2010,11178.0
4600,29036,2010,41259.0
4601,29037,2010,16473.0
4602,29038,2010,29259.0
4603,29039,2010,43549.0
4604,29040,2010,19591.0
4605,29041,2010,54006.0
4606,29042,2010,24510.0
4607,29043,2010,66180.0
4608,29044,2010,77333.0
4609,29045,2010,11387.0
4610,29046,2010,8373.0
4611,29047,2010,5558.0
4612,29048,2010,33668.0
4613,29049,2010,10130.0
4614,29050,2010,19770.0
4615,29051,2010,7187.0
4616,29052,2010,11348.0
4617,29053,2010,13665.0
4618,29054,2010,10098.0
4619,29055,2010,5687.0
4620,29056,2010,13723.0
4621,29057,2010,8720.0
4622,29058,2010,15984.0
4623,29059,2010,12592.0
4624,29060,2010,8872.0
4625,30000,2010,7689219.0
4626,30001,2010,16470.0
4627,30002,2010,6173.0
4628,30003,2010,168494.0
4629,30004,2010,82343.0
4630,30005,2010,10281.0
4631,30006,2010,41954.0
4632,30007,2010,12469.0
4633,30008,2010,19382.0
4634,30009,2010,56203.0
4635,30010,2010,120863.0
4636,30011,2010,104337.0
4637,30012,2010,15001.0
4638,30013,2010,55299.0
4639,30014,2010,85634.0
4640,30015,2010,67391.0
4641,30016,2010,51060.0
4642,30017,2010,8060.0
4643,30018,2010,3594.0
4644,30019,2010,11990.0
4645,30020,2010,19648.0
4646,30021,2010,46083.0
4647,30022,2010,40146.0
4648,30023,2010,96923.0
4649,30024,2010,29255.0
4650,30025,2010,50932.0
4651,30026,2010,43153.0
4652,30027,2010,33457.0
4653,30028,2010,276133.0
4654,30029,2010,25858.0
4655,30030,2010,83556.0
4656,30031,2010,32717.0
4657,30032,2010,98086.0
4658,30033,2010,47069.0
4659,30034,2010,51686.0
4660,30035,2010,22199.0
4661,30036,2010,18860.0
4662,30037,2010,15649.0
4663,30038,2010,173616.0
4664,30039,2010,612433.0
4665,30040,2010,96992.0
4666,30041,2010,4305.0
4667,30042,2010,11494.0
4668,30043,2010,37498.0
4669,30044,2010,393143.0
4670,30045,2010,114916.0
4671,30046,2010,31355.0
4672,30047,2010,105080.0
4673,30048,2010,235712.0
4674,30049,2010,39664.0
4675,30050,2010,30995.0
4676,30051,2010,43680.0
4677,30052,2010,23301.0
4678,30053,2010,52666.0
4679,30054,2010,23467.0
4680,30055,2010,25391.0
4681,30056,2010,13600.0
4682,30057,2010,26436.0
4683,30058,2010,110172.0
4684,30059,2010,30695.0
4685,30060,2010,30689.0
4686,30061,2010,156916.0
4687,30062,2010,37210.0
4688,30063,2010,29669.0
4689,30064,2010,7778.0
4690,30065,2010,123594.0
4691,30066,2010,51218.0
4692,30067,2010,32836.0
4693,30068,2010,119581.0
4694,30069,2010,48802.0
4695,30070,2010,36951.0
4696,30071,2010,109210.0
4697,30072,2010,41603.0
4698,30073,2010,83448.0
4699,30074,2010,13500.0
4700,30075,2010,34292.0
4701,30076,2010,27150.0
4702,30077,2010,85476.0
4703,30078,2010,25446.0
4704,30079,2010,21475.0
4705,30080,2010,42824.0
4706,30081,2010,42303.0
4707,30082,2010,29910.0
4708,30083,2010,99774.0
4709,30084,2010,11647.0
4710,30085,2010,130821.0
4711,30086,2010,81509.0
4712,30087,2010,916042.0
4713,30088,2010,9884.0
4714,30089,2010,79722.0
4715,30090,2010,20782.0
4716,30091,2010,54918.0
4717,30092,2010,70532.0
4718,30093,2010,30662.0
4719,30094,2010,74865.0
4720,30095,2010,32960.0
4721,30096,2010,3092.0
4722,30097,2010,40341.0
4723,30098,2010,5840.0
4724,30099,2010,33810.0
4725,30100,2010,45252.0
4726,30101,2010,67906.0
4727,30102,2010,203285.0
4728,30103,2010,23616.0
4729,30104,2010,34911.0
4730,30105,2010,118570.0
4731,30106,2010,8866.0
4732,30107,2010,5794.0
4733,30108,2010,316094.0
4734,30109,2010,126189.0
4735,30110,2010,20775.0
4736,30111,2010,32564.0
4737,30112,2010,40563.0
4738,30113,2010,9014.0
4739,30114,2010,20277.0
4740,30115,2010,69390.0
4741,30116,2010,29790.0
4742,30117,2010,45168.0
4743,30118,2010,241998.0
4744,30119,2010,10590.0
4745,30120,2010,29970.0
4746,30121,2010,49752.0
4747,30122,2010,31887.0
4748,30123,2010,196187.0
4749,30124,2010,317785.0
4750,30125,2010,58459.0
4751,30126,2010,65310.0
4752,30127,2010,47306.0
4753,30128,2010,140602.0
4754,30129,2010,36096.0
4755,30130,2010,82669.0
4756,30131,2010,386703.0
4757,30132,2010,35945.0
4758,30133,2010,110879.0
4759,30134,2010,43350.0
4760,30135,2010,40496.0
4761,30136,2010,14085.0
4762,30137,2010,10983.0
4763,30138,2010,81269.0
4764,30139,2010,11886.0
4765,30140,2010,5438.0
4766,30141,2010,315111.0
4767,30142,2010,67558.0
4768,30143,2010,113237.0
4769,30144,2010,64759.0
4770,30145,2010,28994.0
4771,30146,2010,7004.0
4772,30147,2010,42778.0
4773,30148,2010,54154.0
4774,30149,2010,65345.0
4775,30150,2010,22619.0
4776,30151,2010,47578.0
4777,30152,2010,25035.0
4778,30153,2010,11782.0
4779,30154,2010,25895.0
4780,30155,2010,204510.0
4781,30156,2010,11191.0
4782,30157,2010,37448.0
4783,30158,2010,50835.0
4784,30159,2010,46958.0
4785,30160,2010,209541.0
4786,30161,2010,71284.0
4787,30162,2010,12503.0
4788,30163,2010,10464.0
4789,30164,2010,32707.0
4790,30165,2010,16498.0
4791,30166,2010,18016.0
4792,30167,2010,28080.0
4793,30168,2010,29299.0
4794,30169,2010,48254.0
4795,30170,2010,21281.0
4796,30171,2010,10584.0
4797,30172,2010,40795.0
4798,30173,2010,105202.0
4799,30174,2010,188864.0
4800,30175,2010,180457.0
4801,30176,2010,9295.0
4802,30177,2010,20624.0
4803,30178,2010,26789.0
4804,30179,2010,7930.0
4805,30180,2010,22607.0
4806,30181,2010,74515.0
4807,30182,2010,32696.0
4808,30183,2010,116270.0
4809,30184,2010,14364.0
4810,30185,2010,9766.0
4811,30186,2010,13536.0
4812,30187,2010,11414.0
4813,30188,2010,32806.0
4814,30189,2010,287728.0
4815,30190,2010,4362.0
4816,30191,2010,58058.0
4817,30192,2010,39490.0
4818,30193,2010,1104464.0
4819,30194,2010,21702.0
4820,30195,2010,10330.0
4821,30196,2010,34963.0
4822,30197,2010,22763.0
4823,30198,2010,13629.0
4824,30199,2010,21472.0
4825,30200,2010,24767.0
4826,30201,2010,83852.0
4827,30202,2010,27828.0
4828,30203,2010,26889.0
4829,30204,2010,92175.0
4830,30205,2010,38577.0
4831,30206,2010,54267.0
4832,30207,2010,90760.0
4833,30208,2010,45912.0
4834,30209,2010,28681.0
4835,30210,2010,54918.0
4836,30211,2010,58764.0
4837,30212,2010,25060.0
4838,31000,2010,1961350.0
4839,31001,2010,12720.0
4840,31002,2010,30702.0
4841,31003,2010,20768.0
4842,31004,2010,11474.0
4843,31005,2010,4107.0
4844,31006,2010,17368.0
4845,31007,2010,13646.0
4846,31008,2010,8239.0
4847,31009,2010,9399.0
4848,31010,2010,4849.0
4849,31011,2010,13683.0
4850,31012,2010,7468.0
4851,31013,2010,18358.0
4852,31014,2010,3208.0
4853,31015,2010,9937.0
4854,31016,2010,5641.0
4855,31017,2010,8949.0
4856,31018,2010,6079.0
4857,31019,2010,67198.0
4858,31020,2010,8251.0
4859,31021,2010,15969.0
4860,31022,2010,8332.0
4861,31023,2010,9079.0
4862,31024,2010,6309.0
4863,31025,2010,9884.0
4864,31026,2010,6995.0
4865,31027,2010,16292.0
4866,31028,2010,4957.0
4867,31029,2010,11840.0
4868,31030,2010,7086.0
4869,31031,2010,5546.0
4870,31032,2010,31201.0
4871,31033,2010,38172.0
4872,31034,2010,12134.0
4873,31035,2010,11415.0
4874,31036,2010,14551.0
4875,31037,2010,9692.0
4876,31038,2010,61496.0
4877,31039,2010,7642.0
4878,31040,2010,52026.0
4879,31041,2010,157508.0
4880,31042,2010,11027.0
4881,31043,2010,5532.0
4882,31044,2010,13149.0
4883,31045,2010,4900.0
4884,31046,2010,5788.0
4885,31047,2010,10542.0
4886,31048,2010,43437.0
4887,31049,2010,6544.0
4888,31050,2010,1661805.0
4889,31051,2010,6170.0
4890,31052,2010,68015.0
4891,31053,2010,24708.0
4892,31054,2010,5511.0
4893,31055,2010,12584.0
4894,31056,2010,58756.0
4895,31057,2010,15103.0
4896,31058,2010,48407.0
4897,31059,2010,107929.0
4898,31060,2010,1884.0
4899,31061,2010,6945.0
4900,31062,2010,9193.0
4901,31063,2010,10030.0
4902,31064,2010,3238.0
4903,31065,2010,3728.0
4904,31066,2010,7674.0
4905,31067,2010,18571.0
4906,31068,2010,6264.0
4907,31069,2010,16917.0
4908,31070,2010,8005.0
4909,31071,2010,3399.0
4910,31072,2010,3756.0
4911,31073,2010,8930.0
4912,31074,2010,7224.0
4913,31075,2010,12444.0
4914,31076,2010,32420.0
4915,31077,2010,5223.0
4916,31078,2010,7372.0
4917,31079,2010,81247.0
4918,31080,2010,19805.0
4919,31081,2010,6231.0
4920,31082,2010,7154.0
4921,31083,2010,3456.0
4922,31084,2010,13655.0
4923,31085,2010,29739.0
4924,31086,2010,4458.0
4925,31087,2010,9459.0
4926,31088,2010,3956.0
4927,31089,2010,75452.0
4928,31090,2010,13711.0
4929,31091,2010,22867.0
4930,31092,2010,13359.0
4931,31093,2010,34384.0
4932,31094,2010,9529.0
4933,31095,2010,10789.0
4934,31096,2010,147405.0
4935,31097,2010,6960.0
4936,31098,2010,28104.0
4937,31099,2010,7566.0
4938,31100,2010,6960.0
4939,31101,2010,102133.0
4940,31102,2010,149016.0
4941,31103,2010,6479.0
4942,31104,2010,29697.0
4943,31105,2010,5763.0
4944,31106,2010,4299.0
4945,32000,2010,1500451.0
4946,32001,2010,12716.0
4947,32002,2010,10058.0
4948,32003,2010,5412.0
4949,32004,2010,8772.0
4950,32005,2010,80280.0
4951,32006,2010,16500.0
4952,32007,2010,25692.0
4953,32008,2010,23939.0
4954,32009,2010,21214.0
4955,32010,2010,427939.0
4956,32011,2010,6121.0
4957,32012,2010,16315.0
4958,32013,2010,11885.0
4959,32014,2010,44059.0
4960,32015,2010,3249.0
4961,32016,2010,44798.0
4962,32017,2010,320283.0
4963,32018,2010,8693.0
4964,32019,2010,47341.0
4965,32020,2010,115440.0
4966,32021,2010,9271.0
4967,32022,2010,41086.0
4968,32023,2010,24611.0
4969,32024,2010,96899.0
4970,32025,2010,24604.0
4971,32026,2010,35966.0
4972,32027,2010,5388.0
4973,32028,2010,5283.0
4974,32029,2010,44644.0
4975,32030,2010,5074.0
4976,32031,2010,18169.0
4977,32032,2010,23072.0
4978,32033,2010,9216.0
4979,32034,2010,56098.0
4980,32035,2010,31283.0
4981,32036,2010,81814.0
4982,32037,2010,34340.0
4983,32038,2010,140072.0
4984,32039,2010,125495.0
4985,32040,2010,43154.0
4986,32041,2010,5495.0
4987,32042,2010,122654.0
4988,32043,2010,2724.0
4989,32044,2010,31375.0
4990,32045,2010,16516.0
4991,32046,2010,14208.0
4992,32047,2010,11076.0
4993,32048,2010,51042.0
4994,32049,2010,67086.0
4995,32050,2010,18728.0
4996,32051,2010,69382.0
4997,32052,2010,36591.0
4998,32053,2010,25864.0
4999,32054,2010,37027.0
5000,32055,2010,58987.0
5001,32056,2010,276537.0
5002,32057,2010,33897.0
5003,32058,2010,5685.0
5004,0,2011,114133863.2
5005,1000,2011,1215304.4
5006,1001,2011,1626290.7
5007,1002,2011,92686.0
5008,1003,2011,109377.6
5009,1004,2011,30638.3
5010,1005,2011,205866.1
5011,1006,2011,85480.0
5012,1007,2011,100843.4
5013,1008,2011,17170.5
5014,1009,2011,40131.7
5015,1010,2011,38797.9
5016,1011,2011,77079.3
5017,2000,2011,3228945.3
5018,2001,2011,933878.1
5019,2002,2011,1900701.5
5020,2003,2011,204840.4
5021,2004,2011,3193260.5
5022,2005,2011,189091.6
5023,2006,2011,
5024,3000,2011,662575.2
5025,3001,2011,144147.1
5026,3002,2011,120749.4
5027,3003,2011,514991.8
5028,3008,2011,501491.4
5029,3009,2011,34363.6
5030,4000,2011,841863.6
5031,4001,2011,107151.0
5032,4002,2011,526408.1
5033,4003,2011,450683.2
5034,4004,2011,165689.8
5035,4005,2011,57367.9
5036,4006,2011,76599.5
5037,4007,2011,17221.4
5038,4008,2011,19840.1
5039,4009,2011,110155.9
5040,4010,2011,55059.3
5041,4011,2011,85656.5
5042,4012,2011,
5043,5000,2011,2798497.4
5044,5001,2011,2185.5
5045,5002,2011,279138.4
5046,5003,2011,45571.9
5047,5004,2011,47645.3
5048,5005,2011,3611.9
5049,5006,2011,52620.5
5050,5007,2011,26140.3
5051,5008,2011,5866.5
5052,5009,2011,112295.6
5053,5010,2011,151955.6
5054,5011,2011,23652.0
5055,5012,2011,4322.8
5056,5013,2011,3808.2
5057,5014,2011,20056.0
5058,5015,2011,3310.4
5059,5016,2011,3688.5
5060,5017,2011,216969.5
5061,5018,2011,437072.3
5062,5019,2011,16530.2
5063,5020,2011,135025.4
5064,5021,2011,12795.2
5065,5022,2011,57143.8
5066,5023,2011,22033.6
5067,5024,2011,90966.7
5068,5025,2011,311263.8
5069,5026,2011,6974.8
5070,5027,2011,160862.3
5071,5028,2011,122745.8
5072,5029,2011,4678.1
5073,5030,2011,1481740.8
5074,5031,2011,44950.1
5075,5032,2011,83587.7
5076,5033,2011,205688.8
5077,5034,2011,12957.7
5078,5035,2011,1295621.3
5079,5036,2011,42604.7
5080,5037,2011,12753.8
5081,5038,2011,25890.6
5082,6000,2011,662814.1
5083,6001,2011,57424.5
5084,6002,2011,296386.0
5085,6003,2011,42168.5
5086,6004,2011,39268.1
5087,6005,2011,55243.9
5088,6006,2011,10757.8
5089,6007,2011,329701.1
5090,6008,2011,16807.7
5091,6009,2011,227601.8
5092,6010,2011,246093.3
5093,7000,2011,4922994.0
5094,7001,2011,34151.0
5095,7002,2011,56752.3
5096,7003,2011,55537.9
5097,7004,2011,61207.4
5098,7005,2011,43345.2
5099,7006,2011,59595.5
5100,7007,2011,18010.3
5101,7008,2011,54568.9
5102,7009,2011,81197.1
5103,7010,2011,15214.7
5104,7011,2011,38804.1
5105,7012,2011,91876.3
5106,7013,2011,62632.9
5107,7014,2011,38274.5
5108,7015,2011,89033.1
5109,7016,2011,34901.5
5110,7017,2011,162409.7
5111,7018,2011,17232.8
5112,7019,2011,287515.5
5113,7020,2011,91154.0
5114,7021,2011,42706.7
5115,7022,2011,29631.6
5116,7023,2011,158887.5
5117,7024,2011,22206.2
5118,7025,2011,14729.5
5119,7026,2011,74478.4
5120,7027,2011,180934.5
5121,7028,2011,10970.5
5122,7029,2011,10125.2
5123,7030,2011,64487.2
5124,7031,2011,228573.7
5125,7032,2011,60679.2
5126,7033,2011,14064.9
5127,7034,2011,137257.5
5128,7035,2011,25718.2
5129,7036,2011,14636.2
5130,7037,2011,67578.6
5131,7038,2011,43321.1
5132,7039,2011,46195.2
5133,7040,2011,103603.0
5134,7041,2011,83641.1
5135,7042,2011,20794.2
5136,7043,2011,20632.4
5137,7044,2011,50027.4
5138,7045,2011,11138.0
5139,7046,2011,77654.9
5140,7047,2011,38631.9
5141,7048,2011,42320.7
5142,7049,2011,42884.5
5143,7050,2011,10147.3
5144,7051,2011,90230.2
5145,7052,2011,229435.3
5146,7053,2011,15650.7
5147,7054,2011,53828.0
5148,7055,2011,10235.8
5149,7056,2011,22833.6
5150,7057,2011,140198.9
5151,7058,2011,8724.5
5152,7059,2011,407835.1
5153,7060,2011,24198.0
5154,7061,2011,169766.9
5155,7062,2011,34629.4
5156,7063,2011,7635.7
5157,7064,2011,89035.5
5158,7065,2011,227886.6
5159,7066,2011,42484.7
5160,7067,2011,22056.1
5161,7068,2011,60117.9
5162,7069,2011,103109.3
5163,7070,2011,26222.1
5164,7071,2011,56731.7
5165,7072,2011,61941.8
5166,7073,2011,18426.4
5167,7074,2011,82245.6
5168,7075,2011,51953.3
5169,7076,2011,51322.3
5170,7077,2011,116502.0
5171,7078,2011,377864.8
5172,7079,2011,68213.2
5173,7080,2011,73992.7
5174,7081,2011,83199.9
5175,7082,2011,25317.9
5176,7083,2011,34810.9
5177,7084,2011,16309.0
5178,7085,2011,19715.0
5179,7086,2011,43273.0
5180,7087,2011,71845.8
5181,7088,2011,4503.2
5182,7089,2011,648485.5
5183,7090,2011,8330.7
5184,7091,2011,24706.4
5185,7092,2011,79143.4
5186,7093,2011,82119.7
5187,7094,2011,77737.0
5188,7096,2011,145334.1
5189,7097,2011,172938.2
5190,7098,2011,12953.9
5191,7099,2011,148447.9
5192,7100,2011,64822.0
5193,7101,2011,1117285.1
5194,7102,2011,76186.7
5195,7103,2011,56938.0
5196,7104,2011,28758.3
5197,7105,2011,28595.4
5198,7106,2011,124695.5
5199,7107,2011,152404.7
5200,7108,2011,203684.7
5201,7109,2011,69886.0
5202,7110,2011,13639.1
5203,7111,2011,74754.8
5204,7112,2011,59818.4
5205,7113,2011,10836.9
5206,7114,2011,35946.3
5207,7115,2011,23572.3
5208,7116,2011,20324.7
5209,7117,2011,14262.7
5210,7118,2011,9403.4
5211,7119,2011,6833.8
5212,7120,2011,
5213,7121,2011,
5214,7122,2011,
5215,7123,2011,
5216,7124,2011,
5217,7125,2011,
5218,8000,2011,3474672.6
5219,8001,2011,23890.9
5220,8002,2011,45880.9
5221,8003,2011,16944.9
5222,8004,2011,26237.0
5223,8005,2011,48824.7
5224,8006,2011,12099.0
5225,8007,2011,36224.8
5226,8008,2011,29364.3
5227,8009,2011,57637.4
5228,8010,2011,45421.4
5229,8011,2011,98642.5
5230,8012,2011,18001.3
5231,8013,2011,21811.8
5232,8014,2011,4613.0
5233,8015,2011,3506.3
5234,8016,2011,7963.0
5235,8017,2011,315402.3
5236,8018,2011,11034.6
5237,8019,2011,1663449.6
5238,8020,2011,16869.8
5239,8021,2011,279485.2
5240,8022,2011,5743.5
5241,8023,2011,12106.7
5242,8024,2011,7867.1
5243,8025,2011,16955.9
5244,8026,2011,6292.8
5245,8027,2011,102088.9
5246,8028,2011,12714.6
5247,8029,2011,108766.9
5248,8030,2011,19049.2
5249,8031,2011,79640.2
5250,8032,2011,216591.2
5251,8033,2011,2134.8
5252,8034,2011,13580.7
5253,8035,2011,22241.1
5254,8036,2011,83231.4
5255,8037,2011,2701001.5
5256,8038,2011,10005.5
5257,8039,2011,8172.4
5258,8040,2011,58784.8
5259,8041,2011,3879.1
5260,8042,2011,3289.6
5261,8043,2011,6168.5
5262,8044,2011,9037.3
5263,8045,2011,89640.1
5264,8046,2011,17384.1
5265,8047,2011,10668.6
5266,8048,2011,46136.0
5267,8049,2011,5780.3
5268,8050,2011,120189.8
5269,8051,2011,15434.7
5270,8052,2011,52489.4
5271,8053,2011,9747.6
5272,8054,2011,16048.1
5273,8055,2011,34378.8
5274,8056,2011,4490.1
5275,8057,2011,4609.5
5276,8058,2011,6082.4
5277,8059,2011,9687.7
5278,8060,2011,21219.0
5279,8061,2011,7385.3
5280,8062,2011,64861.8
5281,8063,2011,12447.1
5282,8064,2011,3718.8
5283,8065,2011,42699.4
5284,8066,2011,16629.5
5285,8067,2011,10301.5
5286,9000,2011,8887537.9
5287,9002,2011,832920.8
5288,9003,2011,1239638.2
5289,9004,2011,379072.3
5290,9005,2011,2369059.8
5291,9006,2011,772725.8
5292,9007,2011,3635512.0
5293,9008,2011,479901.4
5294,9009,2011,265755.9
5295,9010,2011,1460489.0
5296,9011,2011,726971.7
5297,9012,2011,1311235.6
5298,9013,2011,835533.0
5299,9014,2011,780620.8
5300,9015,2011,1066472.6
5301,9016,2011,754094.2
5302,9017,2011,864501.2
5303,10000,2011,1668122.5
5304,10001,2011,63159.5
5305,10002,2011,8586.8
5306,10003,2011,9010.4
5307,10004,2011,67759.1
5308,10005,2011,1187397.7
5309,10006,2011,21177.5
5310,10007,2011,665960.8
5311,10008,2011,68999.0
5312,10009,2011,20792.1
5313,10010,2011,8538.2
5314,10011,2011,10509.0
5315,10012,2011,287181.1
5316,10013,2011,50884.8
5317,10014,2011,72590.6
5318,10015,2011,24993.5
5319,10016,2011,37191.8
5320,10017,2011,19197.1
5321,10018,2011,22511.4
5322,10019,2011,10505.3
5323,10020,2011,24040.3
5324,10021,2011,21179.3
5325,10022,2011,50017.0
5326,10023,2011,99425.9
5327,10024,2011,25630.9
5328,10025,2011,6849.2
5329,10026,2011,39672.5
5330,10027,2011,11849.8
5331,10028,2011,23821.3
5332,10029,2011,4347.2
5333,10030,2011,3464.6
5334,10031,2011,13970.0
5335,10032,2011,91503.0
5336,10033,2011,13622.1
5337,10034,2011,54407.0
5338,10035,2011,22301.0
5339,10036,2011,44388.6
5340,10037,2011,18117.1
5341,10038,2011,42718.7
5342,10039,2011,52756.9
5343,11000,2011,5572563.8
5344,11001,2011,170662.1
5345,11002,2011,218374.0
5346,11003,2011,324425.7
5347,11004,2011,128844.8
5348,11005,2011,177568.0
5349,11006,2011,11177.6
5350,11007,2011,948156.3
5351,11008,2011,75710.6
5352,11009,2011,156756.3
5353,11010,2011,23262.2
5354,11011,2011,178919.1
5355,11012,2011,55453.6
5356,11013,2011,47499.4
5357,11014,2011,300156.1
5358,11015,2011,348297.1
5359,11016,2011,40487.5
5360,11017,2011,1072637.7
5361,11018,2011,73705.6
5362,11019,2011,101538.5
5363,11020,2011,2932853.9
5364,11021,2011,98373.1
5365,11022,2011,46607.2
5366,11023,2011,301754.2
5367,11024,2011,22676.1
5368,11025,2011,140783.6
5369,11026,2011,115727.8
5370,11027,2011,524897.2
5371,11028,2011,193581.8
5372,11029,2011,75268.5
5373,11030,2011,217197.0
5374,11031,2011,230863.2
5375,11032,2011,148556.6
5376,11033,2011,234666.1
5377,11034,2011,10388.3
5378,11035,2011,159514.1
5379,11036,2011,13360.9
5380,11037,2011,353084.3
5381,11038,2011,23278.4
5382,11039,2011,71372.6
5383,11040,2011,36772.8
5384,11041,2011,119083.2
5385,11042,2011,284313.6
5386,11043,2011,40140.4
5387,11044,2011,113861.4
5388,11045,2011,23104.2
5389,11046,2011,141279.3
5390,12000,2011,3415108.4
5391,12001,2011,1578197.5
5392,12002,2011,50312.7
5393,12003,2011,76466.8
5394,12004,2011,38423.7
5395,12005,2011,13509.7
5396,12006,2011,24597.4
5397,12007,2011,64745.9
5398,12008,2011,16964.1
5399,12009,2011,11435.1
5400,12010,2011,53203.6
5401,12011,2011,122732.7
5402,12012,2011,126760.6
5403,12013,2011,29077.1
5404,12014,2011,30193.4
5405,12015,2011,25474.6
5406,12016,2011,26273.5
5407,12017,2011,29616.4
5408,12018,2011,27470.3
5409,12019,2011,29293.5
5410,12020,2011,38301.1
5411,12021,2011,147005.7
5412,12022,2011,84348.7
5413,12023,2011,52257.4
5414,12024,2011,14232.6
5415,12025,2011,30619.3
5416,12026,2011,18200.4
5417,12027,2011,42841.7
5418,12028,2011,242461.0
5419,12029,2011,492083.1
5420,12030,2011,40804.8
5421,12031,2011,12703.5
5422,12032,2011,73700.7
5423,12033,2011,29423.4
5424,12034,2011,74677.9
5425,12035,2011,283627.5
5426,12036,2011,21818.5
5427,12037,2011,13142.3
5428,12038,2011,238406.6
5429,12039,2011,49099.3
5430,12040,2011,49837.7
5431,12041,2011,59247.7
5432,12042,2011,35594.4
5433,12043,2011,38014.0
5434,12044,2011,22994.5
5435,12045,2011,50496.2
5436,12046,2011,124268.5
5437,12047,2011,14065.8
5438,12048,2011,90484.7
5439,12049,2011,23396.9
5440,12050,2011,74458.4
5441,12051,2011,69743.1
5442,12052,2011,85621.5
5443,12053,2011,97469.1
5444,12054,2011,55546.8
5445,12055,2011,208504.9
5446,12056,2011,88581.4
5447,12057,2011,125509.0
5448,12058,2011,107688.0
5449,12059,2011,61085.2
5450,12060,2011,26353.6
5451,12061,2011,80842.0
5452,12062,2011,42986.5
5453,12063,2011,19981.6
5454,12064,2011,23047.9
5455,12065,2011,14325.8
5456,12066,2011,165967.6
5457,12067,2011,43750.7
5458,12068,2011,51790.3
5459,12069,2011,24433.7
5460,12070,2011,14322.9
5461,12071,2011,56693.6
5462,12072,2011,21330.2
5463,12073,2011,38154.2
5464,12074,2011,45062.8
5465,12075,2011,93795.0
5466,12076,2011,67127.3
5467,12077,2011,26142.9
5468,12078,2011,38211.2
5469,12079,2011,31932.7
5470,12080,2011,14420.2
5471,12081,2011,21283.5
5472,13000,2011,2710263.6
5473,13001,2011,40603.9
5474,13002,2011,82278.1
5475,13003,2011,109960.3
5476,13004,2011,18259.3
5477,13005,2011,34492.1
5478,13006,2011,37866.4
5479,13007,2011,23011.6
5480,13008,2011,86089.1
5481,13009,2011,35244.1
5482,13010,2011,54753.6
5483,13011,2011,39006.9
5484,13012,2011,54530.7
5485,13013,2011,68435.9
5486,13014,2011,33867.2
5487,13015,2011,37055.2
5488,13016,2011,110225.3
5489,13017,2011,24711.0
5490,13018,2011,45008.2
5491,13019,2011,35176.8
5492,13020,2011,5584.7
5493,13021,2011,27090.2
5494,13022,2011,28233.1
5495,13023,2011,68278.2
5496,13024,2011,34483.9
5497,13025,2011,44854.8
5498,13026,2011,25590.5
5499,13027,2011,47056.0
5500,13028,2011,246652.6
5501,13029,2011,89259.7
5502,13030,2011,175186.2
5503,13031,2011,25580.0
5504,13032,2011,21828.3
5505,13033,2011,6343.2
5506,13034,2011,19705.1
5507,13035,2011,23200.8
5508,13036,2011,18754.9
5509,13037,2011,43176.6
5510,13038,2011,16159.2
5511,13039,2011,27849.3
5512,13040,2011,20803.6
5513,13041,2011,86584.1
5514,13042,2011,22549.2
5515,13043,2011,13174.6
5516,13044,2011,31709.3
5517,13045,2011,17992.4
5518,13046,2011,78302.4
5519,13047,2011,10063.2
5520,13048,2011,545074.1
5521,13049,2011,36629.7
5522,13050,2011,44729.7
5523,13051,2011,269923.4
5524,13052,2011,65512.7
5525,13053,2011,36260.8
5526,13054,2011,66354.2
5527,13055,2011,32499.2
5528,13056,2011,68227.9
5529,13057,2011,29943.0
5530,13058,2011,33846.2
5531,13059,2011,70751.7
5532,13060,2011,34483.3
5533,13061,2011,104343.9
5534,13062,2011,58708.1
5535,13063,2011,163291.7
5536,13064,2011,20058.3
5537,13065,2011,22367.1
5538,13066,2011,23593.7
5539,13067,2011,97487.1
5540,13068,2011,28154.3
5541,13069,2011,209151.5
5542,13070,2011,34692.2
5543,13071,2011,19499.1
5544,13072,2011,20712.6
5545,13073,2011,73077.3
5546,13074,2011,53906.4
5547,13075,2011,28116.5
5548,13076,2011,210140.2
5549,13077,2011,306545.6
5550,13078,2011,37983.6
5551,13079,2011,14587.5
5552,13080,2011,47429.5
5553,13081,2011,66055.8
5554,13082,2011,36773.4
5555,13083,2011,82139.6
5556,13084,2011,77391.2
5557,14000,2011,7477847.7
5558,14001,2011,42962.2
5559,14002,2011,48451.9
5560,14003,2011,43870.1
5561,14004,2011,11243.9
5562,14005,2011,29720.5
5563,14006,2011,115414.8
5564,14007,2011,17901.6
5565,14008,2011,147730.3
5566,14009,2011,35863.3
5567,14010,2011,13563.6
5568,14011,2011,10872.9
5569,14012,2011,8338.4
5570,14013,2011,116944.9
5571,14014,2011,16697.4
5572,14015,2011,117046.8
5573,14016,2011,77335.1
5574,14017,2011,25515.1
5575,14018,2011,129504.3
5576,14019,2011,14323.4
5577,14020,2011,20462.1
5578,14021,2011,42867.0
5579,14022,2011,78425.3
5580,14023,2011,205234.9
5581,14024,2011,53042.8
5582,14025,2011,36561.8
5583,14026,2011,11967.2
5584,14027,2011,35019.5
5585,14028,2011,4422.2
5586,14029,2011,35853.7
5587,14030,2011,99056.3
5588,14031,2011,7579.7
5589,14032,2011,11679.8
5590,14033,2011,42430.5
5591,14034,2011,4161.9
5592,14035,2011,104036.3
5593,14036,2011,37616.3
5594,14037,2011,48210.9
5595,14038,2011,8773.6
5596,14039,2011,2968466.8
5597,14040,2011,20335.5
5598,14041,2011,12167.5
5599,14042,2011,17902.3
5600,14043,2011,47055.5
5601,14044,2011,87822.9
5602,14045,2011,38684.6
5603,14046,2011,64417.5
5604,14047,2011,46194.0
5605,14048,2011,37585.6
5606,14049,2011,19515.2
5607,14050,2011,85450.4
5608,14051,2011,29999.0
5609,14052,2011,11083.3
5610,14053,2011,312361.5
5611,14054,2011,10980.5
5612,14055,2011,42773.1
5613,14056,2011,5164.3
5614,14057,2011,7585.4
5615,14058,2011,28937.7
5616,14059,2011,26674.3
5617,14060,2011,12053.5
5618,14061,2011,39264.2
5619,14062,2011,7226.7
5620,14063,2011,188640.2
5621,14064,2011,61044.1
5622,14065,2011,24408.5
5623,14066,2011,97995.5
5624,14067,2011,518782.9
5625,14068,2011,23458.5
5626,14069,2011,17335.9
5627,14070,2011,295518.8
5628,14071,2011,6457.4
5629,14072,2011,13686.1
5630,14073,2011,132488.1
5631,14074,2011,31297.7
5632,14075,2011,7633.4
5633,14076,2011,6903.1
5634,14077,2011,53014.2
5635,14078,2011,62933.7
5636,14079,2011,28545.9
5637,14080,2011,11506.4
5638,14081,2011,7419.2
5639,14082,2011,70295.6
5640,14083,2011,142035.5
5641,14084,2011,29439.7
5642,14085,2011,76541.8
5643,14086,2011,36987.5
5644,14087,2011,34134.0
5645,14088,2011,33193.5
5646,14089,2011,7166.8
5647,14090,2011,14206.9
5648,14091,2011,80562.2
5649,14092,2011,21730.6
5650,14093,2011,275697.4
5651,14094,2011,82574.7
5652,14095,2011,18337.6
5653,14096,2011,42150.9
5654,14097,2011,896012.4
5655,14098,2011,1232065.4
5656,14099,2011,19566.9
5657,14100,2011,70788.8
5658,14101,2011,975715.8
5659,14102,2011,11895.5
5660,14103,2011,14602.1
5661,14104,2011,8921.0
5662,14105,2011,44332.3
5663,14106,2011,8757.6
5664,14107,2011,12741.4
5665,14108,2011,69200.3
5666,14109,2011,35371.8
5667,14110,2011,27581.8
5668,14111,2011,13634.5
5669,14112,2011,11760.3
5670,14113,2011,30970.1
5671,14114,2011,34391.2
5672,14115,2011,11386.2
5673,14116,2011,37755.6
5674,14117,2011,8470.8
5675,14118,2011,44858.7
5676,14119,2011,56365.5
5677,14120,2011,2534789.4
5678,14121,2011,59349.7
5679,14122,2011,13565.6
5680,14123,2011,35655.0
5681,14124,2011,127767.8
5682,14125,2011,35475.2
5683,15000,2011,15363080.4
5684,15001,2011,123249.7
5685,15002,2011,280111.9
5686,15003,2011,90537.5
5687,15004,2011,29807.4
5688,15005,2011,300729.5
5689,15006,2011,22133.6
5690,15007,2011,45897.4
5691,15008,2011,52565.3
5692,15009,2011,97941.4
5693,15010,2011,55924.6
5694,15011,2011,116338.8
5695,15012,2011,21135.3
5696,15013,2011,986630.4
5697,15014,2011,190634.1
5698,15015,2011,56225.3
5699,15016,2011,51846.5
5700,15017,2011,18030.2
5701,15018,2011,98361.9
5702,15019,2011,68767.6
5703,15020,2011,559209.9
5704,15021,2011,72842.3
5705,15022,2011,24878.6
5706,15023,2011,78436.9
5707,15024,2011,287906.9
5708,15025,2011,638291.7
5709,15026,2011,55939.4
5710,15027,2011,19971.2
5711,15028,2011,53152.8
5712,15029,2011,355250.8
5713,15030,2011,46612.6
5714,15031,2011,1247056.7
5715,15032,2011,67707.0
5716,15033,2011,3310063.0
5717,15034,2011,19039.8
5718,15035,2011,212705.0
5719,15036,2011,81106.6
5720,15037,2011,492903.9
5721,15038,2011,20953.7
5722,15039,2011,949745.3
5723,15040,2011,67756.0
5724,15041,2011,13227.2
5725,15042,2011,286696.3
5726,15043,2011,54509.6
5727,15044,2011,53033.8
5728,15045,2011,168299.5
5729,15046,2011,36321.4
5730,15047,2011,139657.0
5731,15048,2011,124041.1
5732,15049,2011,26197.6
5733,15050,2011,47735.7
5734,15051,2011,276707.1
5735,15052,2011,51760.6
5736,15053,2011,102686.4
5737,15054,2011,433958.4
5738,15055,2011,23850.2
5739,15056,2011,57826.1
5740,15057,2011,1667702.2
5741,15058,2011,2217879.1
5742,15059,2011,68487.7
5743,15060,2011,746011.0
5744,15061,2011,18096.0
5745,15062,2011,125674.4
5746,15063,2011,64490.1
5747,15064,2011,69390.2
5748,15065,2011,69039.7
5749,15066,2011,9770.1
5750,15067,2011,158426.8
5751,15068,2011,55150.9
5752,15069,2011,8437.8
5753,15070,2011,517738.6
5754,15071,2011,26409.3
5755,15072,2011,26153.7
5756,15073,2011,46266.0
5757,15074,2011,247502.1
5758,15075,2011,50583.1
5759,15076,2011,150125.8
5760,15077,2011,12643.2
5761,15078,2011,18345.6
5762,15079,2011,24101.0
5763,15080,2011,51285.2
5764,15081,2011,765796.0
5765,15082,2011,143856.2
5766,15083,2011,23018.6
5767,15084,2011,73497.0
5768,15085,2011,126133.8
5769,15086,2011,66175.3
5770,15087,2011,183173.0
5771,15088,2011,184640.2
5772,15089,2011,21346.3
5773,15090,2011,158440.6
5774,15091,2011,126698.8
5775,15092,2011,107130.3
5776,15093,2011,56870.6
5777,15094,2011,37125.0
5778,15095,2011,180190.0
5779,15096,2011,68934.2
5780,15097,2011,34999.0
5781,15098,2011,10347.0
5782,15099,2011,478833.9
5783,15100,2011,72772.4
5784,15101,2011,144086.6
5785,15102,2011,30986.6
5786,15103,2011,92933.9
5787,15104,2011,1330045.4
5788,15105,2011,65806.2
5789,15106,2011,1657342.3
5790,15107,2011,24367.8
5791,15108,2011,268353.8
5792,15109,2011,979865.5
5793,15110,2011,123220.3
5794,15111,2011,96531.8
5795,15112,2011,91088.1
5796,15113,2011,121805.5
5797,15114,2011,191516.1
5798,15115,2011,94322.4
5799,15116,2011,8317.2
5800,15117,2011,29931.3
5801,15118,2011,342750.0
5802,15119,2011,33223.6
5803,15120,2011,343513.0
5804,15121,2011,1032047.6
5805,15122,2011,722118.5
5806,15123,2011,56014.8
5807,15124,2011,184437.4
5808,15125,2011,21378.0
5809,16000,2011,4411196.1
5810,16001,2011,22088.8
5811,16002,2011,32698.6
5812,16003,2011,42321.2
5813,16004,2011,29431.4
5814,16005,2011,21601.7
5815,16006,2011,248366.0
5816,16007,2011,6507.9
5817,16008,2011,48786.3
5818,16009,2011,70155.7
5819,16010,2011,44692.0
5820,16011,2011,21522.3
5821,16012,2011,85295.5
5822,16013,2011,19063.0
5823,16014,2011,29089.9
5824,16015,2011,37207.5
5825,16016,2011,41097.9
5826,16017,2011,66343.9
5827,16018,2011,18012.8
5828,16019,2011,39517.5
5829,16020,2011,56826.1
5830,16021,2011,24611.3
5831,16022,2011,44555.2
5832,16023,2011,20038.6
5833,16024,2011,36810.0
5834,16025,2011,73445.9
5835,16026,2011,10971.0
5836,16027,2011,10292.7
5837,16028,2011,11062.0
5838,16029,2011,28467.5
5839,16030,2011,25521.8
5840,16031,2011,32457.6
5841,16032,2011,29350.0
5842,16033,2011,42697.7
5843,16034,2011,237337.3
5844,16035,2011,65257.4
5845,16036,2011,23234.2
5846,16037,2011,15960.3
5847,16038,2011,84560.3
5848,16039,2011,16068.5
5849,16040,2011,33265.1
5850,16041,2011,29800.1
5851,16042,2011,27338.2
5852,16043,2011,129172.4
5853,16044,2011,26516.6
5854,16045,2011,68817.8
5855,16046,2011,27520.9
5856,16047,2011,40035.6
5857,16048,2011,11064.9
5858,16049,2011,35910.1
5859,16050,2011,162376.9
5860,16051,2011,26285.3
5861,16052,2011,361520.3
5862,16053,2011,1482825.4
5863,16054,2011,16160.6
5864,16055,2011,90190.5
5865,16056,2011,55434.3
5866,16057,2011,16129.4
5867,16058,2011,38221.7
5868,16059,2011,16690.0
5869,16060,2011,19236.1
5870,16061,2011,45685.2
5871,16062,2011,39237.4
5872,16063,2011,31918.2
5873,16064,2011,51227.9
5874,16065,2011,70446.7
5875,16066,2011,177795.2
5876,16067,2011,34259.7
5877,16068,2011,51613.9
5878,16069,2011,201119.3
5879,16070,2011,30658.5
5880,16071,2011,135984.7
5881,16072,2011,27260.4
5882,16073,2011,51517.3
5883,16074,2011,20083.6
5884,16075,2011,131319.7
5885,16076,2011,146840.8
5886,16077,2011,36846.9
5887,16078,2011,25286.6
5888,16079,2011,91460.2
5889,16080,2011,37167.3
5890,16081,2011,17585.2
5891,16082,2011,141989.2
5892,16083,2011,59750.7
5893,16084,2011,56444.5
5894,16085,2011,65965.3
5895,16086,2011,30444.0
5896,16087,2011,27546.0
5897,16088,2011,164637.2
5898,16089,2011,46362.1
5899,16090,2011,28394.9
5900,16091,2011,27320.6
5901,16092,2011,28911.1
5902,16093,2011,55379.5
5903,16094,2011,13701.7
5904,16095,2011,23354.5
5905,16096,2011,16095.3
5906,16097,2011,63788.0
5907,16098,2011,52064.9
5908,16099,2011,32626.5
5909,16100,2011,27385.7
5910,16101,2011,19092.8
5911,16102,2011,639575.1
5912,16103,2011,46965.9
5913,16104,2011,33802.7
5914,16105,2011,38427.1
5915,16106,2011,60469.8
5916,16107,2011,147639.6
5917,16108,2011,376391.7
5918,16109,2011,6497.6
5919,16110,2011,93942.5
5920,16111,2011,31138.7
5921,16112,2011,311455.6
5922,16113,2011,51301.0
5923,17000,2011,1800898.5
5924,17001,2011,34233.8
5925,17002,2011,39090.0
5926,17003,2011,68531.0
5927,17004,2011,160090.1
5928,17005,2011,19235.1
5929,17006,2011,352838.9
5930,17007,2011,733046.9
5931,17008,2011,171722.9
5932,17009,2011,36154.3
5933,17010,2011,31880.8
5934,17011,2011,397591.3
5935,17012,2011,110849.1
5936,17013,2011,29754.2
5937,17014,2011,18962.4
5938,17015,2011,48171.0
5939,17016,2011,34248.2
5940,17017,2011,118946.8
5941,17018,2011,219102.2
5942,17019,2011,51311.2
5943,17020,2011,85960.0
5944,17021,2011,14941.8
5945,17022,2011,37470.0
5946,17023,2011,13552.8
5947,17024,2011,98549.1
5948,17025,2011,63840.2
5949,17026,2011,33679.8
5950,17027,2011,21996.9
5951,17028,2011,131117.4
5952,17029,2011,197309.3
5953,17030,2011,95552.4
5954,17031,2011,70369.2
5955,17032,2011,18373.9
5956,17033,2011,29675.3
5957,17034,2011,
5958,17035,2011,
5959,17036,2011,
5960,18000,2011,1108480.9
5961,18001,2011,73536.2
5962,18002,2011,30604.5
5963,18003,2011,22492.4
5964,18004,2011,142759.1
5965,18005,2011,23347.4
5966,18006,2011,55080.4
5967,18007,2011,35833.9
5968,18008,2011,101505.1
5969,18009,2011,72712.6
5970,18010,2011,68745.9
5971,18011,2011,47278.9
5972,18012,2011,87366.3
5973,18013,2011,15126.3
5974,18014,2011,45637.9
5975,18015,2011,186585.4
5976,18016,2011,79139.7
5977,18017,2011,770248.4
5978,18018,2011,60129.1
5979,18019,2011,28611.2
5980,18020,2011,261766.9
5981,19000,2011,4779760.1
5982,19001,2011,5661.7
5983,19002,2011,7026.0
5984,19003,2011,2779.5
5985,19004,2011,65826.4
5986,19005,2011,37565.5
5987,19006,2011,1073509.3
5988,19007,2011,31216.0
5989,19008,2011,7615.6
5990,19009,2011,181784.3
5991,19010,2011,49953.3
5992,19011,2011,15805.8
5993,19012,2011,58039.9
5994,19013,2011,22205.0
5995,19014,2011,71341.0
5996,19015,2011,3522.8
5997,19016,2011,6977.9
5998,19017,2011,80835.2
5999,19018,2011,338154.0
6000,19019,2011,247250.1
6001,19020,2011,11395.6
6002,19021,2011,740547.7
6003,19022,2011,29540.3
6004,19023,2011,2712.7
6005,19024,2011,12239.1
6006,19025,2011,120016.7
6007,19026,2011,1349074.9
6008,19027,2011,4081.4
6009,19028,2011,3241.1
6010,19029,2011,14000.3
6011,19030,2011,7188.6
6012,19031,2011,557076.8
6013,19032,2011,10777.6
6014,19033,2011,159600.1
6015,19034,2011,11024.0
6016,19035,2011,1863.4
6017,19036,2011,14315.0
6018,19037,2011,11158.0
6019,19038,2011,120850.6
6020,19039,2011,2272624.5
6021,19040,2011,2099.3
6022,19041,2011,67402.4
6023,19042,2011,10991.1
6024,19043,2011,5362.2
6025,19044,2011,69570.2
6026,19045,2011,76680.5
6027,19046,2011,880331.2
6028,19047,2011,33164.0
6029,19048,2011,545454.4
6030,19049,2011,82575.5
6031,19050,2011,4087.3
6032,19051,2011,8200.7
6033,20000,2011,3846797.4
6034,20001,2011,2119.4
6035,20002,2011,90023.4
6036,20003,2011,5000.4
6037,20004,2011,2048.5
6038,20005,2011,29677.7
6039,20006,2011,36262.8
6040,20007,2011,5180.6
6041,20008,2011,1662.4
6042,20009,2011,13467.4
6043,20010,2011,27223.3
6044,20011,2011,2476.4
6045,20012,2011,20109.6
6046,20013,2011,5639.3
6047,20014,2011,53273.7
6048,20015,2011,9556.4
6049,20016,2011,17268.4
6050,20017,2011,6665.0
6051,20018,2011,1658.1
6052,20019,2011,6079.7
6053,20020,2011,7937.7
6054,20021,2011,29334.2
6055,20022,2011,1735.7
6056,20023,2011,38547.8
6057,20024,2011,7695.4
6058,20025,2011,22283.6
6059,20026,2011,17077.8
6060,20027,2011,4874.1
6061,20028,2011,40070.9
6062,20029,2011,8522.7
6063,20030,2011,16903.0
6064,20031,2011,14703.4
6065,20032,2011,2074.8
6066,20033,2011,4965.2
6067,20034,2011,2822.6
6068,20035,2011,1112.0
6069,20036,2011,10585.9
6070,20037,2011,8829.9
6071,20038,2011,4182.7
6072,20039,2011,141378.2
6073,20040,2011,12076.8
6074,20041,2011,60380.5
6075,20042,2011,15507.8
6076,20043,2011,190425.3
6077,20044,2011,83419.3
6078,20045,2011,15125.7
6079,20046,2011,6560.6
6080,20047,2011,184.6
6081,20048,2011,2634.0
6082,20049,2011,2295.1
6083,20050,2011,7550.4
6084,20051,2011,8815.2
6085,20052,2011,12354.1
6086,20053,2011,2466.2
6087,20054,2011,817.0
6088,20055,2011,7103.5
6089,20056,2011,2916.5
6090,20057,2011,76426.0
6091,20058,2011,26754.9
6092,20059,2011,84608.8
6093,20060,2011,5483.4
6094,20061,2011,5201.0
6095,20062,2011,1154.4
6096,20063,2011,7846.2
6097,20064,2011,15031.9
6098,20065,2011,2349.2
6099,20066,2011,10736.1
6100,20067,2011,528257.1
6101,20068,2011,43174.4
6102,20069,2011,5013.2
6103,20070,2011,13269.6
6104,20071,2011,6474.2
6105,20072,2011,13454.0
6106,20073,2011,64360.6
6107,20074,2011,1000.2
6108,20075,2011,5339.8
6109,20076,2011,6693.8
6110,20077,2011,7298.2
6111,20078,2011,2225.8
6112,20079,2011,165173.6
6113,20080,2011,2680.4
6114,20081,2011,3825.7
6115,20082,2011,7946.7
6116,20083,2011,16838.4
6117,20084,2011,7845.7
6118,20085,2011,45874.2
6119,20086,2011,1780.3
6120,20087,2011,8439.2
6121,20088,2011,5783.8
6122,20089,2011,4342.0
6123,20090,2011,11824.6
6124,20091,2011,10045.2
6125,20092,2011,2949.9
6126,20093,2011,1012.7
6127,20094,2011,3816.4
6128,20095,2011,8094.4
6129,20096,2011,1547.2
6130,20097,2011,3486.2
6131,20098,2011,8870.3
6132,20099,2011,931.2
6133,20100,2011,973.9
6134,20101,2011,1456.4
6135,20102,2011,8994.7
6136,20103,2011,11384.6
6137,20104,2011,5055.7
6138,20105,2011,13505.6
6139,20106,2011,585.1
6140,20107,2011,43889.8
6141,20108,2011,8429.2
6142,20109,2011,2465.8
6143,20110,2011,3219.0
6144,20111,2011,8883.8
6145,20112,2011,4909.2
6146,20113,2011,5743.5
6147,20114,2011,1357.9
6148,20115,2011,17723.0
6149,20116,2011,8119.8
6150,20117,2011,4823.8
6151,20118,2011,4929.6
6152,20119,2011,871.9
6153,20120,2011,752.2
6154,20121,2011,1317.1
6155,20122,2011,1359.1
6156,20123,2011,5438.8
6157,20124,2011,34734.3
6158,20125,2011,23650.4
6159,20126,2011,10128.3
6160,20127,2011,2567.0
6161,20128,2011,2483.3
6162,20129,2011,692.9
6163,20130,2011,10218.6
6164,20131,2011,21198.7
6165,20132,2011,2527.7
6166,20133,2011,7967.8
6167,20134,2011,54014.5
6168,20135,2011,14587.6
6169,20136,2011,23274.4
6170,20137,2011,6901.6
6171,20138,2011,918.2
6172,20139,2011,4291.9
6173,20140,2011,1655.5
6174,20141,2011,14847.9
6175,20142,2011,2256.4
6176,20143,2011,18038.5
6177,20144,2011,2213.0
6178,20145,2011,7296.2
6179,20146,2011,5359.4
6180,20147,2011,761.2
6181,20148,2011,3937.4
6182,20149,2011,3153.4
6183,20150,2011,24182.4
6184,20151,2011,781.5
6185,20152,2011,4380.6
6186,20153,2011,9545.9
6187,20154,2011,4773.2
6188,20155,2011,1919.5
6189,20156,2011,6996.1
6190,20157,2011,28313.4
6191,20158,2011,4462.4
6192,20159,2011,10987.0
6193,20160,2011,2894.0
6194,20161,2011,5188.9
6195,20162,2011,3745.3
6196,20163,2011,3208.1
6197,20164,2011,6363.2
6198,20165,2011,3045.6
6199,20166,2011,22152.0
6200,20167,2011,4199.0
6201,20168,2011,1963.3
6202,20169,2011,7481.4
6203,20170,2011,7668.2
6204,20171,2011,36912.4
6205,20172,2011,868.4
6206,20173,2011,3025.9
6207,20174,2011,7679.6
6208,20175,2011,3388.0
6209,20176,2011,5635.5
6210,20177,2011,19224.5
6211,20178,2011,12661.3
6212,20179,2011,2921.0
6213,20180,2011,4653.9
6214,20181,2011,850.3
6215,20182,2011,4575.3
6216,20183,2011,2899.9
6217,20184,2011,312643.6
6218,20185,2011,17425.3
6219,20186,2011,1196.6
6220,20187,2011,4926.6
6221,20188,2011,19026.5
6222,20189,2011,5153.8
6223,20190,2011,45109.6
6224,20191,2011,646.0
6225,20192,2011,2900.0
6226,20193,2011,5146.9
6227,20194,2011,2490.4
6228,20195,2011,2472.0
6229,20196,2011,811.7
6230,20197,2011,6155.4
6231,20198,2011,56699.0
6232,20199,2011,1383.1
6233,20200,2011,7820.9
6234,20201,2011,3673.6
6235,20202,2011,9112.4
6236,20203,2011,6620.6
6237,20204,2011,1413.8
6238,20205,2011,34769.1
6239,20206,2011,4729.9
6240,20207,2011,34636.0
6241,20208,2011,15107.4
6242,20209,2011,1401.2
6243,20210,2011,13153.7
6244,20211,2011,6395.6
6245,20212,2011,5676.0
6246,20213,2011,7405.8
6247,20214,2011,4577.4
6248,20215,2011,1557.3
6249,20216,2011,2644.0
6250,20217,2011,7017.8
6251,20218,2011,1205.3
6252,20219,2011,5169.9
6253,20220,2011,5546.2
6254,20221,2011,2717.1
6255,20222,2011,3039.2
6256,20223,2011,901.6
6257,20224,2011,1371.2
6258,20225,2011,11899.6
6259,20226,2011,5511.2
6260,20227,2011,28351.9
6261,20228,2011,1554.4
6262,20229,2011,14539.2
6263,20230,2011,1999.0
6264,20231,2011,6084.2
6265,20232,2011,43187.4
6266,20233,2011,3485.6
6267,20234,2011,15029.8
6268,20235,2011,7301.2
6269,20236,2011,3059.4
6270,20237,2011,3118.4
6271,20238,2011,1667.6
6272,20239,2011,2138.6
6273,20240,2011,4979.0
6274,20241,2011,2160.7
6275,20242,2011,22978.6
6276,20243,2011,3542.7
6277,20244,2011,7395.5
6278,20245,2011,2569.5
6279,20246,2011,1240.0
6280,20247,2011,2964.4
6281,20248,2011,28784.9
6282,20249,2011,7021.2
6283,20250,2011,2383.0
6284,20251,2011,2380.6
6285,20252,2011,4285.6
6286,20253,2011,4463.7
6287,20254,2011,6623.9
6288,20255,2011,4150.2
6289,20256,2011,471.5
6290,20257,2011,2174.2
6291,20258,2011,1478.8
6292,20259,2011,4891.7
6293,20260,2011,4929.4
6294,20261,2011,14429.2
6295,20262,2011,2084.2
6296,20263,2011,6971.6
6297,20264,2011,4546.3
6298,20265,2011,13264.4
6299,20266,2011,17063.3
6300,20267,2011,583.6
6301,20268,2011,1879.3
6302,20269,2011,8299.6
6303,20270,2011,2793.4
6304,20271,2011,6489.3
6305,20272,2011,12353.2
6306,20273,2011,7058.6
6307,20274,2011,2598.7
6308,20275,2011,14607.0
6309,20276,2011,1586.0
6310,20277,2011,25194.2
6311,20278,2011,73578.8
6312,20279,2011,5897.3
6313,20280,2011,4711.4
6314,20281,2011,621.5
6315,20282,2011,1567.0
6316,20283,2011,2091.6
6317,20284,2011,6322.9
6318,20285,2011,6876.9
6319,20286,2011,6423.3
6320,20287,2011,708.7
6321,20288,2011,1216.8
6322,20289,2011,2300.2
6323,20290,2011,2030.2
6324,20291,2011,8365.3
6325,20292,2011,2804.5
6326,20293,2011,31399.0
6327,20294,2011,12772.6
6328,20295,2011,18256.6
6329,20296,2011,1868.8
6330,20297,2011,4420.3
6331,20298,2011,24012.5
6332,20299,2011,2219.4
6333,20300,2011,12970.4
6334,20301,2011,3100.2
6335,20302,2011,8357.3
6336,20303,2011,2325.8
6337,20304,2011,1681.9
6338,20305,2011,7969.7
6339,20306,2011,7985.7
6340,20307,2011,19233.6
6341,20308,2011,5783.5
6342,20309,2011,20741.4
6343,20310,2011,15191.3
6344,20311,2011,921.1
6345,20312,2011,23084.7
6346,20313,2011,1648.1
6347,20314,2011,3432.4
6348,20315,2011,3465.0
6349,20316,2011,1503.0
6350,20317,2011,2792.1
6351,20318,2011,87138.9
6352,20319,2011,2183.8
6353,20320,2011,1455.2
6354,20321,2011,1691.3
6355,20322,2011,1748.4
6356,20323,2011,4323.8
6357,20324,2011,88670.4
6358,20325,2011,21290.6
6359,20326,2011,9934.4
6360,20327,2011,28620.9
6361,20328,2011,2401.7
6362,20329,2011,2609.3
6363,20330,2011,8567.2
6364,20331,2011,1812.8
6365,20332,2011,816.2
6366,20333,2011,5367.6
6367,20334,2011,89382.1
6368,20335,2011,1977.9
6369,20336,2011,4426.7
6370,20337,2011,11235.7
6371,20338,2011,18776.2
6372,20339,2011,8078.1
6373,20340,2011,3749.3
6374,20341,2011,465.8
6375,20342,2011,4572.2
6376,20343,2011,3729.2
6377,20344,2011,5279.8
6378,20345,2011,7987.7
6379,20346,2011,2916.6
6380,20347,2011,7435.6
6381,20348,2011,16518.2
6382,20349,2011,4005.1
6383,20350,2011,32611.1
6384,20351,2011,5287.2
6385,20352,2011,7887.4
6386,20353,2011,4061.4
6387,20354,2011,1023.8
6388,20355,2011,1471.3
6389,20356,2011,4023.2
6390,20357,2011,1805.8
6391,20358,2011,3728.8
6392,20359,2011,1583.6
6393,20360,2011,7262.7
6394,20361,2011,1824.6
6395,20362,2011,3000.1
6396,20363,2011,5322.0
6397,20364,2011,30256.6
6398,20365,2011,2573.4
6399,20366,2011,7968.5
6400,20367,2011,9095.6
6401,20368,2011,3682.3
6402,20369,2011,3778.3
6403,20370,2011,1356.2
6404,20371,2011,1914.4
6405,20372,2011,3658.0
6406,20373,2011,895.2
6407,20374,2011,2975.0
6408,20375,2011,20856.0
6409,20376,2011,728.2
6410,20377,2011,22070.7
6411,20378,2011,7279.5
6412,20379,2011,5914.6
6413,20380,2011,3998.0
6414,20381,2011,5278.8
6415,20382,2011,2360.0
6416,20383,2011,1213.4
6417,20384,2011,9089.1
6418,20385,2011,160180.0
6419,20386,2011,36047.9
6420,20387,2011,5725.5
6421,20388,2011,5152.7
6422,20389,2011,1839.4
6423,20390,2011,95313.2
6424,20391,2011,6732.8
6425,20392,2011,13365.6
6426,20393,2011,7332.4
6427,20394,2011,5559.7
6428,20395,2011,3750.6
6429,20396,2011,6505.4
6430,20397,2011,77285.4
6431,20398,2011,8914.6
6432,20399,2011,57826.7
6433,20400,2011,3285.7
6434,20401,2011,46028.2
6435,20402,2011,2170.7
6436,20403,2011,5753.7
6437,20404,2011,1547.4
6438,20405,2011,3858.2
6439,20406,2011,41371.8
6440,20407,2011,17281.8
6441,20408,2011,970.1
6442,20409,2011,16487.3
6443,20410,2011,6918.5
6444,20411,2011,1651.4
6445,20412,2011,6600.3
6446,20413,2011,79743.0
6447,20414,2011,21843.9
6448,20415,2011,9775.8
6449,20416,2011,1030.0
6450,20417,2011,18596.0
6451,20418,2011,23760.1
6452,20419,2011,1159.1
6453,20420,2011,3359.8
6454,20421,2011,8945.5
6455,20422,2011,1356.5
6456,20423,2011,1119.5
6457,20424,2011,7981.4
6458,20425,2011,4387.8
6459,20426,2011,15950.4
6460,20427,2011,31057.5
6461,20428,2011,3630.8
6462,20429,2011,3048.4
6463,20430,2011,518.8
6464,20431,2011,3559.2
6465,20432,2011,1923.0
6466,20433,2011,5211.6
6467,20434,2011,9197.7
6468,20435,2011,7029.6
6469,20436,2011,2185.7
6470,20437,2011,19330.3
6471,20438,2011,3535.6
6472,20439,2011,48856.2
6473,20440,2011,1775.2
6474,20441,2011,15881.9
6475,20442,2011,687.2
6476,20443,2011,900.4
6477,20444,2011,936.6
6478,20445,2011,3295.4
6479,20446,2011,12994.4
6480,20447,2011,30579.7
6481,20448,2011,4119.6
6482,20449,2011,6736.7
6483,20450,2011,24935.5
6484,20451,2011,2099.5
6485,20452,2011,8480.8
6486,20453,2011,7830.8
6487,20454,2011,6437.8
6488,20455,2011,5533.7
6489,20456,2011,3371.1
6490,20457,2011,6783.9
6491,20458,2011,2243.2
6492,20459,2011,9042.0
6493,20460,2011,10802.0
6494,20461,2011,1220.4
6495,20462,2011,8758.4
6496,20463,2011,1315.6
6497,20464,2011,932.5
6498,20465,2011,3155.7
6499,20466,2011,24237.2
6500,20467,2011,36968.9
6501,20468,2011,27298.2
6502,20469,2011,66233.5
6503,20470,2011,9377.3
6504,20471,2011,979.9
6505,20472,2011,6437.8
6506,20473,2011,2768.3
6507,20474,2011,6562.5
6508,20475,2011,19432.7
6509,20476,2011,836.6
6510,20477,2011,2848.8
6511,20478,2011,3784.4
6512,20479,2011,443.0
6513,20480,2011,2016.8
6514,20481,2011,3918.7
6515,20482,2011,101898.6
6516,20483,2011,19366.4
6517,20484,2011,8480.5
6518,20485,2011,6089.2
6519,20486,2011,4946.5
6520,20487,2011,3898.4
6521,20488,2011,263.2
6522,20489,2011,9905.0
6523,20490,2011,6131.6
6524,20491,2011,8499.6
6525,20492,2011,6330.8
6526,20493,2011,1108.0
6527,20494,2011,10071.0
6528,20495,2011,5836.7
6529,20496,2011,4286.4
6530,20497,2011,8268.0
6531,20498,2011,14154.3
6532,20499,2011,4043.9
6533,20500,2011,15803.3
6534,20501,2011,1891.9
6535,20502,2011,10954.3
6536,20503,2011,758.2
6537,20504,2011,3291.9
6538,20505,2011,15140.0
6539,20506,2011,1571.1
6540,20507,2011,6438.0
6541,20508,2011,3074.4
6542,20509,2011,21261.4
6543,20510,2011,1735.1
6544,20511,2011,7214.6
6545,20512,2011,1865.0
6546,20513,2011,16940.4
6547,20514,2011,1989.3
6548,20515,2011,124972.3
6549,20516,2011,9328.5
6550,20517,2011,10565.8
6551,20518,2011,298.0
6552,20519,2011,5699.2
6553,20520,2011,14384.6
6554,20521,2011,549.2
6555,20522,2011,2425.5
6556,20523,2011,3258.6
6557,20524,2011,735.0
6558,20525,2011,22754.9
6559,20526,2011,32160.9
6560,20527,2011,5598.5
6561,20528,2011,2386.4
6562,20529,2011,2692.4
6563,20530,2011,6894.1
6564,20531,2011,4721.8
6565,20532,2011,8150.0
6566,20533,2011,4501.9
6567,20534,2011,7837.9
6568,20535,2011,6006.6
6569,20536,2011,977.2
6570,20537,2011,13486.6
6571,20538,2011,1429.4
6572,20539,2011,10314.6
6573,20540,2011,14384.4
6574,20541,2011,3384.2
6575,20542,2011,1520.2
6576,20543,2011,11292.4
6577,20544,2011,2198.5
6578,20545,2011,18180.5
6579,20546,2011,11436.7
6580,20547,2011,1919.3
6581,20548,2011,3535.0
6582,20549,2011,22683.4
6583,20550,2011,10336.0
6584,20551,2011,41766.0
6585,20552,2011,1000.3
6586,20553,2011,19383.6
6587,20554,2011,11272.9
6588,20555,2011,5459.2
6589,20556,2011,509.4
6590,20557,2011,28063.7
6591,20558,2011,3054.7
6592,20559,2011,45096.3
6593,20560,2011,12417.9
6594,20561,2011,5420.2
6595,20562,2011,2960.8
6596,20563,2011,2614.3
6597,20564,2011,2564.6
6598,20565,2011,70711.6
6599,20566,2011,6095.4
6600,20567,2011,6330.3
6601,20568,2011,3064.2
6602,20569,2011,3410.4
6603,20570,2011,39089.4
6604,21000,2011,5867471.3
6605,21001,2011,123280.6
6606,21002,2011,17977.6
6607,21003,2011,68621.8
6608,21004,2011,106639.6
6609,21005,2011,5799.8
6610,21006,2011,29465.6
6611,21007,2011,6767.3
6612,21008,2011,21110.4
6613,21009,2011,4057.5
6614,21010,2011,124131.0
6615,21011,2011,3574.7
6616,21012,2011,12636.6
6617,21013,2011,38594.4
6618,21014,2011,9974.5
6619,21015,2011,206956.7
6620,21016,2011,15930.6
6621,21017,2011,51643.2
6622,21018,2011,7495.9
6623,21019,2011,257311.0
6624,21020,2011,13135.7
6625,21021,2011,2512.8
6626,21022,2011,23603.5
6627,21023,2011,16963.7
6628,21024,2011,1911.2
6629,21025,2011,16371.8
6630,21026,2011,27772.1
6631,21027,2011,8376.6
6632,21028,2011,5018.2
6633,21029,2011,7586.0
6634,21030,2011,1518.8
6635,21031,2011,5905.5
6636,21032,2011,2585.8
6637,21033,2011,9661.2
6638,21034,2011,71648.7
6639,21035,2011,39576.6
6640,21036,2011,28530.2
6641,21037,2011,4677.0
6642,21038,2011,17838.2
6643,21039,2011,18549.0
6644,21040,2011,19691.4
6645,21041,2011,169980.6
6646,21042,2011,6195.0
6647,21043,2011,95444.9
6648,21044,2011,31141.1
6649,21045,2011,88853.9
6650,21046,2011,14224.2
6651,21047,2011,38684.0
6652,21048,2011,38206.2
6653,21049,2011,31858.2
6654,21050,2011,48860.2
6655,21051,2011,68557.8
6656,21052,2011,2453.4
6657,21053,2011,117675.0
6658,21054,2011,61507.3
6659,21055,2011,9480.4
6660,21056,2011,2497.5
6661,21057,2011,14770.8
6662,21058,2011,38887.1
6663,21059,2011,5026.9
6664,21060,2011,14105.4
6665,21061,2011,25534.3
6666,21062,2011,9267.5
6667,21063,2011,27787.4
6668,21064,2011,33054.0
6669,21065,2011,38836.8
6670,21066,2011,12616.3
6671,21067,2011,33619.6
6672,21068,2011,15294.6
6673,21069,2011,51546.5
6674,21070,2011,13188.9
6675,21071,2011,196788.6
6676,21072,2011,31656.6
6677,21073,2011,17632.1
6678,21074,2011,132432.0
6679,21075,2011,23984.8
6680,21076,2011,53739.9
6681,21077,2011,11538.2
6682,21078,2011,28353.2
6683,21079,2011,10708.8
6684,21080,2011,5626.0
6685,21081,2011,7465.3
6686,21082,2011,16353.8
6687,21083,2011,50694.2
6688,21084,2011,13649.8
6689,21085,2011,147676.1
6690,21086,2011,25128.3
6691,21087,2011,25488.5
6692,21088,2011,9171.9
6693,21089,2011,25886.1
6694,21090,2011,38136.7
6695,21091,2011,20349.4
6696,21092,2011,10476.1
6697,21093,2011,15524.1
6698,21094,2011,64332.7
6699,21095,2011,1001.5
6700,21096,2011,5410.0
6701,21097,2011,4522.4
6702,21098,2011,12532.3
6703,21099,2011,38287.1
6704,21100,2011,19340.9
6705,21101,2011,7140.6
6706,21102,2011,24441.3
6707,21103,2011,12200.1
6708,21104,2011,55758.9
6709,21105,2011,9706.7
6710,21106,2011,54836.1
6711,21107,2011,23365.0
6712,21108,2011,33930.1
6713,21109,2011,41167.2
6714,21110,2011,87314.1
6715,21111,2011,36975.7
6716,21112,2011,18792.6
6717,21113,2011,9189.2
6718,21114,2011,3110174.4
6719,21115,2011,96817.5
6720,21116,2011,42869.6
6721,21117,2011,28484.0
6722,21118,2011,52022.8
6723,21119,2011,211679.8
6724,21120,2011,10385.6
6725,21121,2011,2291.6
6726,21122,2011,19196.0
6727,21123,2011,8176.4
6728,21124,2011,29208.0
6729,21125,2011,16640.2
6730,21126,2011,11822.5
6731,21127,2011,7521.6
6732,21128,2011,16716.0
6733,21129,2011,25669.9
6734,21130,2011,6880.7
6735,21131,2011,1764.8
6736,21132,2011,285176.5
6737,21133,2011,1321.0
6738,21134,2011,39025.5
6739,21135,2011,1170.9
6740,21136,2011,23368.8
6741,21137,2011,18696.0
6742,21138,2011,21765.0
6743,21139,2011,7161.6
6744,21140,2011,244546.6
6745,21141,2011,6827.3
6746,21142,2011,56062.9
6747,21143,2011,58145.3
6748,21144,2011,27808.6
6749,21145,2011,27019.5
6750,21146,2011,1723.0
6751,21147,2011,12043.8
6752,21148,2011,16771.6
6753,21149,2011,45657.4
6754,21150,2011,13939.8
6755,21151,2011,16312.9
6756,21152,2011,23613.4
6757,21153,2011,41277.3
6758,21154,2011,145051.7
6759,21155,2011,11145.4
6760,21156,2011,560482.0
6761,21157,2011,22978.4
6762,21158,2011,13546.1
6763,21159,2011,8035.8
6764,21160,2011,6370.3
6765,21161,2011,38711.3
6766,21162,2011,8470.2
6767,21163,2011,33090.4
6768,21164,2011,151434.8
6769,21165,2011,2297.0
6770,21166,2011,16304.6
6771,21167,2011,20506.6
6772,21168,2011,13361.8
6773,21169,2011,41336.5
6774,21170,2011,33357.4
6775,21171,2011,6836.5
6776,21172,2011,51903.4
6777,21173,2011,11580.7
6778,21174,2011,186788.1
6779,21175,2011,20547.0
6780,21176,2011,17069.0
6781,21177,2011,97864.7
6782,21178,2011,34021.2
6783,21179,2011,57789.7
6784,21180,2011,74097.2
6785,21181,2011,12783.2
6786,21182,2011,9820.1
6787,21183,2011,39803.5
6788,21184,2011,12816.0
6789,21185,2011,17238.6
6790,21186,2011,103825.2
6791,21187,2011,10743.0
6792,21188,2011,34543.3
6793,21189,2011,40050.5
6794,21190,2011,2320.4
6795,21191,2011,18665.8
6796,21192,2011,11965.6
6797,21193,2011,12531.9
6798,21194,2011,56212.9
6799,21195,2011,48922.9
6800,21196,2011,3287.2
6801,21197,2011,152310.5
6802,21198,2011,2498.2
6803,21199,2011,76826.6
6804,21200,2011,7732.4
6805,21201,2011,6411.9
6806,21202,2011,24653.2
6807,21203,2011,12333.7
6808,21204,2011,15110.4
6809,21205,2011,46640.7
6810,21206,2011,8582.2
6811,21207,2011,107510.3
6812,21208,2011,154849.1
6813,21209,2011,16581.8
6814,21210,2011,11229.4
6815,21211,2011,31154.7
6816,21212,2011,39142.0
6817,21213,2011,25165.5
6818,21214,2011,31915.3
6819,21215,2011,9195.0
6820,21216,2011,5252.4
6821,21217,2011,41022.3
6822,22000,2011,1886112.5
6823,22001,2011,125388.1
6824,22002,2011,54378.2
6825,22003,2011,25962.1
6826,22004,2011,129601.4
6827,22005,2011,118452.6
6828,22006,2011,300273.5
6829,22007,2011,78001.1
6830,22008,2011,71459.5
6831,22009,2011,51592.9
6832,22010,2011,39702.0
6833,22011,2011,256425.9
6834,22012,2011,130861.0
6835,22013,2011,37140.8
6836,22014,2011,1653810.9
6837,22015,2011,17695.9
6838,22016,2011,495400.5
6839,22017,2011,128751.7
6840,22018,2011,53204.4
6841,23000,2011,1384073.8
6842,23001,2011,161197.5
6843,23002,2011,152233.0
6844,23003,2011,33940.9
6845,23004,2011,488790.1
6846,23005,2011,1373232.6
6847,23006,2011,73132.0
6848,23007,2011,51573.8
6849,23008,2011,354334.7
6850,23009,2011,60632.1
6851,23010,2011,
6852,23011,2011,
6853,24000,2011,2622216.5
6854,24001,2011,37476.6
6855,24002,2011,16319.4
6856,24003,2011,95272.6
6857,24004,2011,8859.4
6858,24005,2011,37801.3
6859,24006,2011,19646.1
6860,24007,2011,37357.3
6861,24008,2011,42968.7
6862,24009,2011,8258.3
6863,24010,2011,62566.8
6864,24011,2011,88185.3
6865,24012,2011,42254.2
6866,24013,2011,338934.4
6867,24014,2011,33784.8
6868,24015,2011,42822.5
6869,24016,2011,83161.8
6870,24017,2011,51896.1
6871,24018,2011,30670.8
6872,24019,2011,11569.7
6873,24020,2011,185651.4
6874,24021,2011,107918.9
6875,24022,2011,38737.6
6876,24023,2011,31414.7
6877,24024,2011,185838.0
6878,24025,2011,60764.0
6879,24026,2011,18855.3
6880,24027,2011,20456.3
6881,24028,2011,1573379.5
6882,24029,2011,42639.6
6883,24030,2011,10892.8
6884,24031,2011,23864.6
6885,24032,2011,81172.9
6886,24033,2011,23922.1
6887,24034,2011,30290.5
6888,24035,2011,549012.4
6889,24036,2011,57997.0
6890,24037,2011,193705.2
6891,24038,2011,31494.6
6892,24039,2011,28743.7
6893,24040,2011,76549.0
6894,24041,2011,38584.6
6895,24042,2011,28884.5
6896,24043,2011,18069.4
6897,24044,2011,15814.7
6898,24045,2011,29085.2
6899,24046,2011,33281.3
6900,24047,2011,19599.5
6901,24048,2011,10695.2
6902,24049,2011,76197.8
6903,24050,2011,95304.0
6904,24051,2011,29954.9
6905,24052,2011,20402.7
6906,24053,2011,66522.4
6907,24054,2011,102728.7
6908,24055,2011,49988.1
6909,24056,2011,31549.1
6910,24057,2011,60368.9
6911,24058,2011,41271.0
6912,25000,2011,2810273.9
6913,25001,2011,843195.7
6914,25002,2011,90055.7
6915,25003,2011,60015.0
6916,25004,2011,56727.9
6917,25005,2011,33622.1
6918,25006,2011,1749429.5
6919,25007,2011,65896.5
6920,25008,2011,88942.6
6921,25009,2011,109693.1
6922,25010,2011,195582.4
6923,25011,2011,573791.0
6924,25012,2011,892002.1
6925,25013,2011,90968.3
6926,25014,2011,99846.8
6927,25015,2011,158416.7
6928,25016,2011,44767.4
6929,25017,2011,175925.0
6930,25018,2011,275075.3
6931,26000,2011,2712371.9
6932,26001,2011,5271.1
6933,26002,2011,161827.9
6934,26003,2011,52138.3
6935,26004,2011,18461.0
6936,26005,2011,2491.0
6937,26006,2011,6173.5
6938,26007,2011,1266.0
6939,26008,2011,2450.3
6940,26009,2011,1593.5
6941,26010,2011,2897.5
6942,26011,2011,3341.5
6943,26012,2011,46281.0
6944,26013,2011,3368.8
6945,26014,2011,7061.9
6946,26015,2011,2857.5
6947,26016,2011,10564.7
6948,26017,2011,165120.8
6949,26018,2011,827205.8
6950,26019,2011,67310.1
6951,26020,2011,10794.4
6952,26021,2011,3586.0
6953,26022,2011,2129.8
6954,26023,2011,12637.9
6955,26024,2011,1614.0
6956,26025,2011,108002.5
6957,26026,2011,122027.0
6958,26027,2011,17522.4
6959,26028,2011,2277.2
6960,26029,2011,300992.7
6961,26030,2011,1602119.2
6962,26031,2011,2675.4
6963,26032,2011,1914.7
6964,26033,2011,158623.4
6965,26034,2011,2275.5
6966,26035,2011,24977.6
6967,26036,2011,60489.8
6968,26037,2011,2692.6
6969,26038,2011,9470.5
6970,26039,2011,12708.2
6971,26040,2011,4038.3
6972,26041,2011,25861.3
6973,26042,2011,317496.4
6974,26043,2011,451823.1
6975,26044,2011,817.0
6976,26045,2011,5813.6
6977,26046,2011,927.6
6978,26047,2011,19161.1
6979,26048,2011,115851.2
6980,26049,2011,6985.5
6981,26050,2011,3203.6
6982,26051,2011,10565.0
6983,26052,2011,12002.9
6984,26053,2011,786.9
6985,26054,2011,1020.5
6986,26055,2011,362165.0
6987,26056,2011,17384.4
6988,26057,2011,3214.8
6989,26058,2011,32260.2
6990,26059,2011,4052.5
6991,26060,2011,5358.9
6992,26061,2011,2640.5
6993,26062,2011,2280.6
6994,26063,2011,2692.6
6995,26064,2011,3504.2
6996,26065,2011,3576.9
6997,26066,2011,18419.6
6998,26067,2011,3418.8
6999,26068,2011,2539.0
7000,26069,2011,12057.5
7001,26070,2011,31096.1
7002,26071,2011,44183.8
7003,26072,2011,28675.5
7004,27000,2011,2257195.9
7005,27001,2011,114664.7
7006,27002,2011,495968.4
7007,27003,2011,205647.9
7008,27004,2011,1289421.8
7009,27005,2011,390020.9
7010,27006,2011,255000.2
7011,27007,2011,59727.6
7012,27008,2011,361298.5
7013,27009,2011,73066.7
7014,27010,2011,168297.3
7015,27011,2011,59433.7
7016,27012,2011,307398.5
7017,27013,2011,237181.8
7018,27014,2011,175264.2
7019,27015,2011,92952.0
7020,27016,2011,108159.3
7021,27017,2011,118694.9
7022,28000,2011,3313332.7
7023,28001,2011,23825.6
7024,28002,2011,59943.7
7025,28003,2011,437589.5
7026,28004,2011,18241.2
7027,28005,2011,9395.0
7028,28006,2011,15264.6
7029,28007,2011,30378.0
7030,28008,2011,9202.7
7031,28009,2011,396175.4
7032,28010,2011,4074.0
7033,28011,2011,17821.3
7034,28012,2011,87325.4
7035,28013,2011,31745.4
7036,28014,2011,8908.2
7037,28015,2011,31751.1
7038,28016,2011,46560.3
7039,28017,2011,30516.5
7040,28018,2011,16386.8
7041,28019,2011,34664.7
7042,28020,2011,5157.1
7043,28021,2011,230171.8
7044,28022,2011,990904.2
7045,28023,2011,9424.3
7046,28024,2011,9858.8
7047,28025,2011,54004.7
7048,28026,2011,7079.9
7049,28027,2011,776470.2
7050,28028,2011,6942.5
7051,28029,2011,26264.4
7052,28030,2011,28221.2
7053,28031,2011,3640.1
7054,28032,2011,1238155.1
7055,28033,2011,240666.8
7056,28034,2011,18710.3
7057,28035,2011,114097.4
7058,28036,2011,2061.3
7059,28037,2011,50441.3
7060,28038,2011,595114.2
7061,28039,2011,55399.4
7062,28040,2011,126253.8
7063,28041,2011,650271.7
7064,28042,2011,12735.6
7065,28043,2011,45989.3
7066,29000,2011,1190130.2
7067,29001,2011,20064.2
7068,29002,2011,27250.4
7069,29003,2011,12488.5
7070,29004,2011,32395.4
7071,29005,2011,153879.4
7072,29006,2011,91212.5
7073,29007,2011,31129.3
7074,29008,2011,27921.3
7075,29009,2011,10304.4
7076,29010,2011,133728.6
7077,29011,2011,8708.4
7078,29012,2011,17113.5
7079,29013,2011,172921.9
7080,29014,2011,28105.0
7081,29015,2011,71206.9
7082,29016,2011,13765.0
7083,29017,2011,19863.3
7084,29018,2011,70874.2
7085,29019,2011,38178.8
7086,29020,2011,17208.3
7087,29021,2011,33843.8
7088,29022,2011,11566.2
7089,29023,2011,47828.3
7090,29024,2011,50904.1
7091,29025,2011,141899.3
7092,29026,2011,37170.0
7093,29027,2011,23781.8
7094,29028,2011,44088.4
7095,29029,2011,22560.4
7096,29030,2011,27970.0
7097,29031,2011,58960.7
7098,29032,2011,25086.2
7099,29033,2011,181623.2
7100,29034,2011,81335.2
7101,29035,2011,11320.2
7102,29036,2011,41638.9
7103,29037,2011,16668.4
7104,29038,2011,29937.0
7105,29039,2011,44319.8
7106,29040,2011,19757.4
7107,29041,2011,55307.0
7108,29042,2011,24898.4
7109,29043,2011,68013.4
7110,29044,2011,78743.6
7111,29045,2011,11491.6
7112,29046,2011,8531.1
7113,29047,2011,5711.5
7114,29048,2011,34108.4
7115,29049,2011,10294.8
7116,29050,2011,20146.7
7117,29051,2011,7287.2
7118,29052,2011,11504.5
7119,29053,2011,13837.0
7120,29054,2011,10226.5
7121,29055,2011,5737.5
7122,29056,2011,13941.2
7123,29057,2011,8776.4
7124,29058,2011,16278.2
7125,29059,2011,12883.3
7126,29060,2011,9073.4
7127,30000,2011,7730097.3
7128,30001,2011,16767.9
7129,30002,2011,6244.8
7130,30003,2011,167875.0
7131,30004,2011,82486.5
7132,30005,2011,10306.7
7133,30006,2011,42380.3
7134,30007,2011,12533.2
7135,30008,2011,19511.4
7136,30009,2011,56234.6
7137,30010,2011,121627.5
7138,30011,2011,105340.4
7139,30012,2011,15075.2
7140,30013,2011,55155.1
7141,30014,2011,86566.7
7142,30015,2011,67444.6
7143,30016,2011,51694.7
7144,30017,2011,8196.0
7145,30018,2011,3630.2
7146,30019,2011,12172.8
7147,30020,2011,19998.6
7148,30021,2011,46180.4
7149,30022,2011,40662.2
7150,30023,2011,97075.5
7151,30024,2011,29627.9
7152,30025,2011,51282.7
7153,30026,2011,44041.3
7154,30027,2011,33340.0
7155,30028,2011,277431.3
7156,30029,2011,26012.4
7157,30030,2011,83567.4
7158,30031,2011,33228.0
7159,30032,2011,98239.5
7160,30033,2011,47251.3
7161,30034,2011,51523.9
7162,30035,2011,22213.2
7163,30036,2011,19178.3
7164,30037,2011,15721.9
7165,30038,2011,175063.8
7166,30039,2011,613479.5
7167,30040,2011,98313.6
7168,30041,2011,4346.4
7169,30042,2011,11497.7
7170,30043,2011,37729.8
7171,30044,2011,394775.2
7172,30045,2011,114386.1
7173,30046,2011,31454.3
7174,30047,2011,106468.0
7175,30048,2011,238336.3
7176,30049,2011,40135.4
7177,30050,2011,31162.4
7178,30051,2011,43933.9
7179,30052,2011,23345.1
7180,30053,2011,53023.0
7181,30054,2011,23421.6
7182,30055,2011,25565.3
7183,30056,2011,13571.3
7184,30057,2011,26574.0
7185,30058,2011,109943.3
7186,30059,2011,32179.0
7187,30060,2011,30887.6
7188,30061,2011,157597.9
7189,30062,2011,37657.4
7190,30063,2011,29389.9
7191,30064,2011,7801.8
7192,30065,2011,128349.0
7193,30066,2011,51471.7
7194,30067,2011,33391.1
7195,30068,2011,120902.3
7196,30069,2011,48748.1
7197,30070,2011,36948.5
7198,30071,2011,110278.0
7199,30072,2011,41808.2
7200,30073,2011,83447.4
7201,30074,2011,13608.6
7202,30075,2011,34170.7
7203,30076,2011,27110.4
7204,30077,2011,85576.2
7205,30078,2011,25379.2
7206,30079,2011,21607.2
7207,30080,2011,43169.6
7208,30081,2011,43531.7
7209,30082,2011,30094.7
7210,30083,2011,99979.6
7211,30084,2011,11613.2
7212,30085,2011,132541.0
7213,30086,2011,82717.8
7214,30087,2011,922155.1
7215,30088,2011,9906.4
7216,30089,2011,79511.6
7217,30090,2011,20932.5
7218,30091,2011,55197.4
7219,30092,2011,71415.3
7220,30093,2011,30914.9
7221,30094,2011,75090.2
7222,30095,2011,32687.0
7223,30096,2011,3091.4
7224,30097,2011,40138.1
7225,30098,2011,5915.8
7226,30099,2011,34096.0
7227,30100,2011,45517.1
7228,30101,2011,68851.2
7229,30102,2011,204765.1
7230,30103,2011,23814.2
7231,30104,2011,34863.5
7232,30105,2011,125773.6
7233,30106,2011,8948.1
7234,30107,2011,5801.4
7235,30108,2011,313473.6
7236,30109,2011,126746.0
7237,30110,2011,21122.8
7238,30111,2011,32634.3
7239,30112,2011,41076.0
7240,30113,2011,9035.9
7241,30114,2011,20300.3
7242,30115,2011,69913.8
7243,30116,2011,30238.1
7244,30117,2011,45409.8
7245,30118,2011,242435.2
7246,30119,2011,10665.6
7247,30120,2011,29041.6
7248,30121,2011,49578.4
7249,30122,2011,32313.0
7250,30123,2011,195893.2
7251,30124,2011,318033.4
7252,30125,2011,59003.2
7253,30126,2011,65477.7
7254,30127,2011,48230.7
7255,30128,2011,142204.4
7256,30129,2011,36124.1
7257,30130,2011,82324.3
7258,30131,2011,385928.7
7259,30132,2011,36412.1
7260,30133,2011,111390.0
7261,30134,2011,43735.1
7262,30135,2011,41273.6
7263,30136,2011,14346.7
7264,30137,2011,11146.6
7265,30138,2011,81502.1
7266,30139,2011,11927.3
7267,30140,2011,5521.0
7268,30141,2011,316114.3
7269,30142,2011,67395.6
7270,30143,2011,113355.6
7271,30144,2011,64833.1
7272,30145,2011,29430.9
7273,30146,2011,7088.6
7274,30147,2011,43415.8
7275,30148,2011,54376.2
7276,30149,2011,65697.9
7277,30150,2011,22696.3
7278,30151,2011,47227.6
7279,30152,2011,24887.7
7280,30153,2011,11767.9
7281,30154,2011,25722.6
7282,30155,2011,204132.6
7283,30156,2011,11283.3
7284,30157,2011,37741.1
7285,30158,2011,50703.2
7286,30159,2011,48199.4
7287,30160,2011,210091.7
7288,30161,2011,71147.3
7289,30162,2011,12542.6
7290,30163,2011,10426.5
7291,30164,2011,32832.1
7292,30165,2011,16633.2
7293,30166,2011,18096.5
7294,30167,2011,28206.8
7295,30168,2011,29638.8
7296,30169,2011,47989.9
7297,30170,2011,21320.4
7298,30171,2011,10640.6
7299,30172,2011,40731.2
7300,30173,2011,105593.0
7301,30174,2011,189150.4
7302,30175,2011,181014.2
7303,30176,2011,9264.6
7304,30177,2011,20899.6
7305,30178,2011,26712.0
7306,30179,2011,7994.3
7307,30180,2011,22530.5
7308,30181,2011,74650.1
7309,30182,2011,33361.6
7310,30183,2011,116925.0
7311,30184,2011,14516.9
7312,30185,2011,9899.0
7313,30186,2011,13622.0
7314,30187,2011,11495.1
7315,30188,2011,32969.4
7316,30189,2011,289939.8
7317,30190,2011,4378.4
7318,30191,2011,58275.7
7319,30192,2011,39619.3
7320,30193,2011,1115471.0
7321,30194,2011,22030.8
7322,30195,2011,10477.3
7323,30196,2011,35051.7
7324,30197,2011,22730.0
7325,30198,2011,13626.6
7326,30199,2011,21706.8
7327,30200,2011,24807.6
7328,30201,2011,84472.9
7329,30202,2011,27979.9
7330,30203,2011,27106.1
7331,30204,2011,91789.8
7332,30205,2011,38624.3
7333,30206,2011,54685.8
7334,30207,2011,90726.2
7335,30208,2011,46001.4
7336,30209,2011,28832.5
7337,30210,2011,55629.1
7338,30211,2011,58971.8
7339,30212,2011,25182.3
7340,31000,2011,1997795.3
7341,31001,2011,12758.4
7342,31002,2011,30990.8
7343,31003,2011,21149.7
7344,31004,2011,11575.2
7345,31005,2011,4129.7
7346,31006,2011,17467.7
7347,31007,2011,13782.4
7348,31008,2011,8206.5
7349,31009,2011,9354.2
7350,31010,2011,4917.6
7351,31011,2011,13993.4
7352,31012,2011,7472.1
7353,31013,2011,19865.7
7354,31014,2011,3230.0
7355,31015,2011,10056.1
7356,31016,2011,5698.6
7357,31017,2011,8992.2
7358,31018,2011,6149.6
7359,31019,2011,68279.9
7360,31020,2011,8327.5
7361,31021,2011,16256.2
7362,31022,2011,8372.1
7363,31023,2011,9145.3
7364,31024,2011,6327.6
7365,31025,2011,10096.4
7366,31026,2011,7021.0
7367,31027,2011,16336.1
7368,31028,2011,5052.0
7369,31029,2011,11911.1
7370,31030,2011,7180.8
7371,31031,2011,5555.7
7372,31032,2011,31441.2
7373,31033,2011,38609.1
7374,31034,2011,12225.8
7375,31035,2011,11551.9
7376,31036,2011,14717.4
7377,31037,2011,9772.9
7378,31038,2011,62375.2
7379,31039,2011,7716.0
7380,31040,2011,52540.7
7381,31041,2011,170151.7
7382,31042,2011,11036.5
7383,31043,2011,5661.2
7384,31044,2011,13340.8
7385,31045,2011,4945.4
7386,31046,2011,5869.2
7387,31047,2011,10684.2
7388,31048,2011,43895.2
7389,31049,2011,6683.5
7390,31050,2011,1694684.7
7391,31051,2011,6242.5
7392,31052,2011,68782.9
7393,31053,2011,24937.9
7394,31054,2011,5558.1
7395,31055,2011,12742.1
7396,31056,2011,59656.8
7397,31057,2011,15160.3
7398,31058,2011,48765.7
7399,31059,2011,110339.5
7400,31060,2011,1890.9
7401,31061,2011,7053.5
7402,31062,2011,9267.3
7403,31063,2011,10155.0
7404,31064,2011,3254.4
7405,31065,2011,3783.7
7406,31066,2011,7753.6
7407,31067,2011,18726.7
7408,31068,2011,6280.3
7409,31069,2011,17020.7
7410,31070,2011,8010.3
7411,31071,2011,3451.0
7412,31072,2011,3752.8
7413,31073,2011,9210.7
7414,31074,2011,7256.8
7415,31075,2011,12584.0
7416,31076,2011,32769.2
7417,31077,2011,5237.3
7418,31078,2011,7384.4
7419,31079,2011,82149.1
7420,31080,2011,20029.0
7421,31081,2011,6281.1
7422,31082,2011,7142.6
7423,31083,2011,3493.6
7424,31084,2011,13699.2
7425,31085,2011,30109.8
7426,31086,2011,4440.0
7427,31087,2011,9607.5
7428,31088,2011,3943.8
7429,31089,2011,76011.0
7430,31090,2011,13845.3
7431,31091,2011,23121.8
7432,31092,2011,13601.9
7433,31093,2011,34634.7
7434,31094,2011,9666.1
7435,31095,2011,10849.7
7436,31096,2011,148892.0
7437,31097,2011,7004.2
7438,31098,2011,28370.8
7439,31099,2011,7647.9
7440,31100,2011,7075.8
7441,31101,2011,105764.7
7442,31102,2011,151256.2
7443,31103,2011,6521.7
7444,31104,2011,30003.9
7445,31105,2011,5846.0
7446,31106,2011,4312.4
7447,32000,2011,1513468.0
7448,32001,2011,12706.7
7449,32002,2011,10045.8
7450,32003,2011,5329.9
7451,32004,2011,8795.8
7452,32005,2011,81441.0
7453,32006,2011,16501.8
7454,32007,2011,25555.4
7455,32008,2011,24249.6
7456,32009,2011,21118.7
7457,32010,2011,433399.8
7458,32011,2011,6193.0
7459,32012,2011,16328.8
7460,32013,2011,12035.1
7461,32014,2011,43700.1
7462,32015,2011,3242.4
7463,32016,2011,45034.3
7464,32017,2011,330629.4
7465,32018,2011,8740.3
7466,32019,2011,47689.6
7467,32020,2011,115903.4
7468,32021,2011,9242.7
7469,32022,2011,40929.1
7470,32023,2011,24603.9
7471,32024,2011,97967.6
7472,32025,2011,24795.0
7473,32026,2011,35936.2
7474,32027,2011,5398.9
7475,32028,2011,5255.0
7476,32029,2011,44931.3
7477,32030,2011,5056.4
7478,32031,2011,18115.2
7479,32032,2011,23413.4
7480,32033,2011,9209.3
7481,32034,2011,56090.1
7482,32035,2011,31415.1
7483,32036,2011,82484.5
7484,32037,2011,34470.9
7485,32038,2011,140546.6
7486,32039,2011,125863.9
7487,32040,2011,43212.3
7488,32041,2011,5452.0
7489,32042,2011,123149.9
7490,32043,2011,2725.4
7491,32044,2011,31559.5
7492,32045,2011,16531.8
7493,32046,2011,14086.0
7494,32047,2011,11046.5
7495,32048,2011,51405.5
7496,32049,2011,66898.9
7497,32050,2011,18911.8
7498,32051,2011,69417.5
7499,32052,2011,36844.3
7500,32053,2011,25924.5
7501,32054,2011,37222.3
7502,32055,2011,59427.7
7503,32056,2011,278823.2
7504,32057,2011,34604.8
7505,32058,2011,5673.1
7506,0,2012,115498045.4
7507,1000,2012,1239417.8
7508,1001,2012,1656761.4
7509,1002,2012,93880.0
7510,1003,2012,110195.2
7511,1004,2012,31032.6
7512,1005,2012,211916.2
7513,1006,2012,86634.0
7514,1007,2012,102485.8
7515,1008,2012,17391.0
7516,1009,2012,40700.4
7517,1010,2012,39215.8
7518,1011,2012,82323.6
7519,2000,2012,3290601.6
7520,2001,2012,929206.2
7521,2002,2012,1923476.0
7522,2003,2012,206351.8
7523,2004,2012,3265802.0
7524,2005,2012,196349.2
7525,2006,2012,
7526,3000,2012,678532.4
7527,3001,2012,144548.2
7528,3002,2012,121702.8
7529,3003,2012,523022.6
7530,3008,2012,523969.8
7531,3009,2012,34599.2
7532,4000,2012,852294.2
7533,4001,2012,108424.0
7534,4002,2012,533352.2
7535,4003,2012,456171.4
7536,4004,2012,164720.6
7537,4005,2012,58091.8
7538,4006,2012,77469.0
7539,4007,2012,17277.8
7540,4008,2012,20185.2
7541,4009,2012,111314.8
7542,4010,2012,56032.6
7543,4011,2012,86752.0
7544,4012,2012,
7545,5000,2012,2838476.8
7546,5001,2012,2175.0
7547,5002,2012,284406.8
7548,5003,2012,45643.8
7549,5004,2012,49057.6
7550,5005,2012,3576.8
7551,5006,2012,53265.0
7552,5007,2012,26082.6
7553,5008,2012,5896.0
7554,5009,2012,112963.2
7555,5010,2012,153393.2
7556,5011,2012,23700.0
7557,5012,2012,4232.6
7558,5013,2012,3776.4
7559,5014,2012,19987.0
7560,5015,2012,3303.8
7561,5016,2012,3673.0
7562,5017,2012,219245.0
7563,5018,2012,441415.6
7564,5019,2012,16472.4
7565,5020,2012,135996.8
7566,5021,2012,12836.4
7567,5022,2012,58182.6
7568,5023,2012,21751.2
7569,5024,2012,90776.4
7570,5025,2012,315987.6
7571,5026,2012,6924.6
7572,5027,2012,170328.6
7573,5028,2012,123528.6
7574,5029,2012,4711.2
7575,5030,2012,1512720.6
7576,5031,2012,45483.2
7577,5032,2012,83707.4
7578,5033,2012,205352.6
7579,5034,2012,13034.4
7580,5035,2012,1311860.6
7581,5036,2012,42395.4
7582,5037,2012,12724.6
7583,5038,2012,25975.2
7584,6000,2012,670853.2
7585,6001,2012,57206.0
7586,6002,2012,298402.0
7587,6003,2012,42326.0
7588,6004,2012,39564.2
7589,6005,2012,56076.8
7590,6006,2012,10819.6
7591,6007,2012,335587.2
7592,6008,2012,17220.4
7593,6009,2012,228327.6
7594,6010,2012,252045.6
7595,7000,2012,4997312.0
7596,7001,2012,34385.0
7597,7002,2012,55186.6
7598,7003,2012,55408.8
7599,7004,2012,62467.8
7600,7005,2012,43990.4
7601,7006,2012,60029.0
7602,7007,2012,18517.6
7603,7008,2012,55632.8
7604,7009,2012,81396.2
7605,7010,2012,15162.4
7606,7011,2012,38977.2
7607,7012,2012,96140.6
7608,7013,2012,63955.8
7609,7014,2012,39424.0
7610,7015,2012,90292.2
7611,7016,2012,34988.0
7612,7017,2012,164299.4
7613,7018,2012,17521.6
7614,7019,2012,292559.0
7615,7020,2012,92342.0
7616,7021,2012,42914.4
7617,7022,2012,31209.2
7618,7023,2012,163893.0
7619,7024,2012,22778.4
7620,7025,2012,14756.0
7621,7026,2012,76732.8
7622,7027,2012,185842.0
7623,7028,2012,11120.0
7624,7029,2012,10201.4
7625,7030,2012,65537.4
7626,7031,2012,233703.4
7627,7032,2012,60836.4
7628,7033,2012,14113.8
7629,7034,2012,140039.0
7630,7035,2012,26106.4
7631,7036,2012,14722.4
7632,7037,2012,68155.2
7633,7038,2012,43613.2
7634,7039,2012,47268.4
7635,7040,2012,104000.0
7636,7041,2012,84668.2
7637,7042,2012,21018.4
7638,7043,2012,20784.8
7639,7044,2012,50922.8
7640,7045,2012,11300.0
7641,7046,2012,78268.8
7642,7047,2012,39890.8
7643,7048,2012,42464.4
7644,7049,2012,45066.0
7645,7050,2012,10198.6
7646,7051,2012,90641.4
7647,7052,2012,235336.6
7648,7053,2012,15671.4
7649,7054,2012,54158.0
7650,7055,2012,10404.6
7651,7056,2012,23353.2
7652,7057,2012,141639.8
7653,7058,2012,8814.0
7654,7059,2012,415001.2
7655,7060,2012,24640.0
7656,7061,2012,172806.8
7657,7062,2012,34906.8
7658,7063,2012,7674.4
7659,7064,2012,91354.0
7660,7065,2012,232119.2
7661,7066,2012,43640.4
7662,7067,2012,22335.2
7663,7068,2012,60540.8
7664,7069,2012,103306.6
7665,7070,2012,26035.2
7666,7071,2012,57315.4
7667,7072,2012,61652.6
7668,7073,2012,18800.8
7669,7074,2012,83069.2
7670,7075,2012,52612.6
7671,7076,2012,52262.6
7672,7077,2012,117886.0
7673,7078,2012,383854.6
7674,7079,2012,69960.4
7675,7080,2012,71536.4
7676,7081,2012,85730.8
7677,7082,2012,25965.8
7678,7083,2012,35203.8
7679,7084,2012,16411.0
7680,7085,2012,19946.0
7681,7086,2012,44194.0
7682,7087,2012,73161.6
7683,7088,2012,4517.4
7684,7089,2012,655146.0
7685,7090,2012,8416.4
7686,7091,2012,24990.8
7687,7092,2012,75154.8
7688,7093,2012,83698.4
7689,7094,2012,80112.0
7690,7096,2012,147746.2
7691,7097,2012,174353.4
7692,7098,2012,13121.8
7693,7099,2012,150515.8
7694,7100,2012,66080.0
7695,7101,2012,1127426.2
7696,7102,2012,76841.4
7697,7103,2012,57365.0
7698,7104,2012,29271.6
7699,7105,2012,28980.8
7700,7106,2012,125889.0
7701,7107,2012,150582.4
7702,7108,2012,205836.4
7703,7109,2012,71098.0
7704,7110,2012,13797.2
7705,7111,2012,76531.6
7706,7112,2012,61604.8
7707,7113,2012,11518.8
7708,7114,2012,37208.6
7709,7115,2012,24223.6
7710,7116,2012,20931.4
7711,7117,2012,14558.4
7712,7118,2012,9703.8
7713,7119,2012,7177.6
7714,7120,2012,
7715,7121,2012,
7716,7122,2012,
7717,7123,2012,
7718,7124,2012,
7719,7125,2012,
7720,8000,2012,3507898.2
7721,8001,2012,24543.8
7722,8002,2012,46611.8
7723,8003,2012,16972.8
7724,8004,2012,29065.0
7725,8005,2012,49237.4
7726,8006,2012,12065.0
7727,8007,2012,35954.6
7728,8008,2012,28713.6
7729,8009,2012,56499.8
7730,8010,2012,45975.8
7731,8011,2012,98782.0
7732,8012,2012,17871.6
7733,8013,2012,22055.6
7734,8014,2012,4566.0
7735,8015,2012,3398.6
7736,8016,2012,7904.0
7737,8017,2012,320612.6
7738,8018,2012,10966.2
7739,8019,2012,1687095.2
7740,8020,2012,16407.6
7741,8021,2012,281981.4
7742,8022,2012,5653.0
7743,8023,2012,12256.4
7744,8024,2012,7843.2
7745,8025,2012,16633.8
7746,8026,2012,6140.6
7747,8027,2012,102175.8
7748,8028,2012,12258.2
7749,8029,2012,108137.8
7750,8030,2012,18861.4
7751,8031,2012,78799.4
7752,8032,2012,218515.4
7753,8033,2012,2087.6
7754,8034,2012,13229.4
7755,8035,2012,22239.2
7756,8036,2012,83140.8
7757,8037,2012,2737052.0
7758,8038,2012,10016.0
7759,8039,2012,8199.8
7760,8040,2012,57862.6
7761,8041,2012,3750.2
7762,8042,2012,3201.2
7763,8043,2012,6097.0
7764,8044,2012,9007.6
7765,8045,2012,89820.2
7766,8046,2012,17160.2
7767,8047,2012,10489.2
7768,8048,2012,46094.0
7769,8049,2012,5762.6
7770,8050,2012,121467.6
7771,8051,2012,15548.4
7772,8052,2012,52124.8
7773,8053,2012,9811.2
7774,8054,2012,15984.2
7775,8055,2012,34378.6
7776,8056,2012,4459.2
7777,8057,2012,4592.0
7778,8058,2012,6023.8
7779,8059,2012,9733.4
7780,8060,2012,21454.0
7781,8061,2012,7346.6
7782,8062,2012,64354.6
7783,8063,2012,12261.2
7784,8064,2012,3633.6
7785,8065,2012,41982.8
7786,8066,2012,16288.0
7787,8067,2012,10235.0
7788,9000,2012,8923436.8
7789,9002,2012,836419.6
7790,9003,2012,1238444.4
7791,9004,2012,385332.6
7792,9005,2012,2366575.6
7793,9006,2012,776799.6
7794,9007,2012,3639452.0
7795,9008,2012,481610.8
7796,9009,2012,270173.8
7797,9010,2012,1466910.0
7798,9011,2012,733384.4
7799,9012,2012,1321118.2
7800,9013,2012,840965.0
7801,9014,2012,790363.6
7802,9015,2012,1069283.2
7803,9016,2012,762410.4
7804,9017,2012,867046.4
7805,10000,2012,1688138.0
7806,10001,2012,63159.0
7807,10002,2012,8624.6
7808,10003,2012,8920.8
7809,10004,2012,68012.2
7810,10005,2012,1208735.4
7811,10006,2012,21061.0
7812,10007,2012,675079.6
7813,10008,2012,69533.0
7814,10009,2012,20722.2
7815,10010,2012,8454.4
7816,10011,2012,10399.0
7817,10012,2012,291646.2
7818,10013,2012,51234.6
7819,10014,2012,75610.2
7820,10015,2012,25093.0
7821,10016,2012,37304.6
7822,10017,2012,18863.2
7823,10018,2012,22322.8
7824,10019,2012,10442.6
7825,10020,2012,24186.6
7826,10021,2012,21310.6
7827,10022,2012,50157.0
7828,10023,2012,99850.8
7829,10024,2012,25634.8
7830,10025,2012,6727.4
7831,10026,2012,39180.0
7832,10027,2012,11706.6
7833,10028,2012,23857.6
7834,10029,2012,4332.4
7835,10030,2012,3446.2
7836,10031,2012,13914.0
7837,10032,2012,92344.0
7838,10033,2012,13652.2
7839,10034,2012,54355.0
7840,10035,2012,22403.0
7841,10036,2012,44165.2
7842,10037,2012,18249.2
7843,10038,2012,43191.4
7844,10039,2012,53132.8
7845,11000,2012,5640659.6
7846,11001,2012,172199.2
7847,11002,2012,218296.0
7848,11003,2012,327246.4
7849,11004,2012,128629.6
7850,11005,2012,184056.0
7851,11006,2012,11113.2
7852,11007,2012,958700.6
7853,11008,2012,76516.2
7854,11009,2012,157630.6
7855,11010,2012,23140.4
7856,11011,2012,180830.2
7857,11012,2012,56162.2
7858,11013,2012,48311.8
7859,11014,2012,303128.2
7860,11015,2012,352842.2
7861,11016,2012,40689.0
7862,11017,2012,1085311.4
7863,11018,2012,74143.2
7864,11019,2012,101275.0
7865,11020,2012,2989814.8
7866,11021,2012,97947.2
7867,11022,2012,47495.4
7868,11023,2012,302732.4
7869,11024,2012,22923.2
7870,11025,2012,143791.2
7871,11026,2012,117552.6
7872,11027,2012,527426.4
7873,11028,2012,193000.6
7874,11029,2012,76052.0
7875,11030,2012,219749.0
7876,11031,2012,234326.4
7877,11032,2012,151976.2
7878,11033,2012,237233.2
7879,11034,2012,10508.6
7880,11035,2012,160127.2
7881,11036,2012,13368.8
7882,11037,2012,359177.6
7883,11038,2012,23206.8
7884,11039,2012,71432.2
7885,11040,2012,37135.6
7886,11041,2012,119521.4
7887,11042,2012,286253.2
7888,11043,2012,40420.8
7889,11044,2012,115864.8
7890,11045,2012,23013.4
7891,11046,2012,140871.6
7892,12000,2012,3429899.8
7893,12001,2012,1576104.0
7894,12002,2012,50340.4
7895,12003,2012,76351.6
7896,12004,2012,38872.4
7897,12005,2012,13745.4
7898,12006,2012,24341.8
7899,12007,2012,64956.8
7900,12008,2012,17114.2
7901,12009,2012,11456.2
7902,12010,2012,53629.2
7903,12011,2012,122598.4
7904,12012,2012,128044.2
7905,12013,2012,29208.2
7906,12014,2012,30278.8
7907,12015,2012,25533.2
7908,12016,2012,26133.0
7909,12017,2012,29788.8
7910,12018,2012,27639.6
7911,12019,2012,29516.0
7912,12020,2012,38862.2
7913,12021,2012,146922.4
7914,12022,2012,83606.4
7915,12023,2012,52391.8
7916,12024,2012,14404.2
7917,12025,2012,31001.6
7918,12026,2012,18019.8
7919,12027,2012,42660.4
7920,12028,2012,243019.0
7921,12029,2012,500392.2
7922,12030,2012,41217.6
7923,12031,2012,12694.0
7924,12032,2012,73811.4
7925,12033,2012,30040.8
7926,12034,2012,74515.8
7927,12035,2012,286440.0
7928,12036,2012,22004.0
7929,12037,2012,13047.6
7930,12038,2012,239948.2
7931,12039,2012,49443.6
7932,12040,2012,50159.4
7933,12041,2012,59251.4
7934,12042,2012,35775.8
7935,12043,2012,37991.0
7936,12044,2012,23198.0
7937,12045,2012,51232.4
7938,12046,2012,125638.0
7939,12047,2012,14078.6
7940,12048,2012,90370.4
7941,12049,2012,23635.8
7942,12050,2012,74741.8
7943,12051,2012,70026.2
7944,12052,2012,86398.0
7945,12053,2012,97784.2
7946,12054,2012,54749.6
7947,12055,2012,208807.8
7948,12056,2012,88980.8
7949,12057,2012,126127.0
7950,12058,2012,107690.0
7951,12059,2012,61149.4
7952,12060,2012,26438.2
7953,12061,2012,81484.0
7954,12062,2012,43278.0
7955,12063,2012,20005.2
7956,12064,2012,23083.8
7957,12065,2012,14424.6
7958,12066,2012,168899.2
7959,12067,2012,43828.4
7960,12068,2012,51907.6
7961,12069,2012,24383.4
7962,12070,2012,14480.8
7963,12071,2012,57044.2
7964,12072,2012,21628.4
7965,12073,2012,37955.4
7966,12074,2012,44939.6
7967,12075,2012,95186.0
7968,12076,2012,68609.6
7969,12077,2012,26415.8
7970,12078,2012,38693.4
7971,12079,2012,32470.4
7972,12080,2012,14500.4
7973,12081,2012,21514.0
7974,13000,2012,2751983.2
7975,13001,2012,41043.8
7976,13002,2012,83374.2
7977,13003,2012,111298.6
7978,13004,2012,18522.6
7979,13005,2012,34856.2
7980,13006,2012,37919.8
7981,13007,2012,23258.2
7982,13008,2012,86906.2
7983,13009,2012,35736.2
7984,13010,2012,55679.2
7985,13011,2012,39078.8
7986,13012,2012,55169.4
7987,13013,2012,74714.8
7988,13014,2012,33699.4
7989,13015,2012,37256.4
7990,13016,2012,111413.6
7991,13017,2012,24849.0
7992,13018,2012,45104.4
7993,13019,2012,35471.6
7994,13020,2012,5542.4
7995,13021,2012,27456.4
7996,13022,2012,28720.2
7997,13023,2012,68747.4
7998,13024,2012,34566.8
7999,13025,2012,44465.6
8000,13026,2012,25585.0
8001,13027,2012,46910.0
8002,13028,2012,247425.2
8003,13029,2012,89891.4
8004,13030,2012,177646.4
8005,13031,2012,25473.0
8006,13032,2012,21772.6
8007,13033,2012,6283.4
8008,13034,2012,19627.2
8009,13035,2012,23529.6
8010,13036,2012,18771.8
8011,13037,2012,43042.2
8012,13038,2012,16338.4
8013,13039,2012,27940.6
8014,13040,2012,20676.2
8015,13041,2012,87461.2
8016,13042,2012,22620.4
8017,13043,2012,13103.2
8018,13044,2012,31965.6
8019,13045,2012,18058.8
8020,13046,2012,78159.8
8021,13047,2012,10001.4
8022,13048,2012,554363.2
8023,13049,2012,36724.4
8024,13050,2012,45014.4
8025,13051,2012,284994.8
8026,13052,2012,66880.4
8027,13053,2012,36170.6
8028,13054,2012,67158.4
8029,13055,2012,32962.4
8030,13056,2012,69439.8
8031,13057,2012,29997.0
8032,13058,2012,33961.4
8033,13059,2012,71339.4
8034,13060,2012,34544.6
8035,13061,2012,105252.8
8036,13062,2012,59130.2
8037,13063,2012,165273.4
8038,13064,2012,20236.6
8039,13065,2012,22499.2
8040,13066,2012,23869.4
8041,13067,2012,98910.2
8042,13068,2012,28214.6
8043,13069,2012,223318.0
8044,13070,2012,35076.4
8045,13071,2012,19364.2
8046,13072,2012,20884.2
8047,13073,2012,73343.6
8048,13074,2012,54278.8
8049,13075,2012,29746.0
8050,13076,2012,212374.4
8051,13077,2012,309902.2
8052,13078,2012,37822.2
8053,13079,2012,14527.0
8054,13080,2012,47643.0
8055,13081,2012,67195.6
8056,13082,2012,37454.8
8057,13083,2012,85893.2
8058,13084,2012,77670.4
8059,14000,2012,7577162.4
8060,14001,2012,43352.4
8061,14002,2012,48857.8
8062,14003,2012,44254.2
8063,14004,2012,11274.8
8064,14005,2012,30088.0
8065,14006,2012,116027.6
8066,14007,2012,18009.2
8067,14008,2012,149275.6
8068,14009,2012,36578.6
8069,14010,2012,13784.2
8070,14011,2012,10911.8
8071,14012,2012,8348.8
8072,14013,2012,118198.8
8073,14014,2012,16777.8
8074,14015,2012,118514.6
8075,14016,2012,77985.2
8076,14017,2012,25552.2
8077,14018,2012,130228.6
8078,14019,2012,14346.8
8079,14020,2012,20646.2
8080,14021,2012,42681.0
8081,14022,2012,78647.6
8082,14023,2012,208107.8
8083,14024,2012,53659.6
8084,14025,2012,36881.6
8085,14026,2012,12046.4
8086,14027,2012,35224.0
8087,14028,2012,4417.4
8088,14029,2012,35857.4
8089,14030,2012,100323.6
8090,14031,2012,7475.4
8091,14032,2012,11715.6
8092,14033,2012,42442.0
8093,14034,2012,4141.8
8094,14035,2012,104354.6
8095,14036,2012,37889.6
8096,14037,2012,48625.8
8097,14038,2012,8741.2
8098,14039,2012,2946555.6
8099,14040,2012,20022.0
8100,14041,2012,12135.0
8101,14042,2012,18149.6
8102,14043,2012,47015.0
8103,14044,2012,93197.8
8104,14045,2012,38969.2
8105,14046,2012,64552.0
8106,14047,2012,46597.0
8107,14048,2012,37653.2
8108,14049,2012,19548.4
8109,14050,2012,86435.8
8110,14051,2012,33529.0
8111,14052,2012,11084.6
8112,14053,2012,316069.0
8113,14054,2012,10954.0
8114,14055,2012,42862.2
8115,14056,2012,5013.6
8116,14057,2012,7654.8
8117,14058,2012,28972.4
8118,14059,2012,26838.6
8119,14060,2012,11903.0
8120,14061,2012,40021.4
8121,14062,2012,7238.4
8122,14063,2012,191252.4
8123,14064,2012,61738.2
8124,14065,2012,24254.0
8125,14066,2012,99044.0
8126,14067,2012,526009.8
8127,14068,2012,23394.0
8128,14069,2012,17141.8
8129,14070,2012,314525.6
8130,14071,2012,6406.8
8131,14072,2012,13877.2
8132,14073,2012,133865.2
8133,14074,2012,31563.4
8134,14075,2012,7633.8
8135,14076,2012,6843.2
8136,14077,2012,53374.4
8137,14078,2012,63079.4
8138,14079,2012,29027.8
8139,14080,2012,11368.8
8140,14081,2012,7376.4
8141,14082,2012,70758.2
8142,14083,2012,145762.0
8143,14084,2012,29539.4
8144,14085,2012,76720.6
8145,14086,2012,37615.0
8146,14087,2012,34096.0
8147,14088,2012,33200.0
8148,14089,2012,7278.6
8149,14090,2012,14252.8
8150,14091,2012,80495.4
8151,14092,2012,21771.2
8152,14093,2012,278508.8
8153,14094,2012,83298.4
8154,14095,2012,18449.2
8155,14096,2012,42526.8
8156,14097,2012,958212.8
8157,14098,2012,1247866.8
8158,14099,2012,19890.8
8159,14100,2012,71028.6
8160,14101,2012,993958.6
8161,14102,2012,11900.0
8162,14103,2012,14663.2
8163,14104,2012,8867.0
8164,14105,2012,44674.6
8165,14106,2012,9030.2
8166,14107,2012,12817.8
8167,14108,2012,69863.6
8168,14109,2012,35707.6
8169,14110,2012,27589.6
8170,14111,2012,13609.0
8171,14112,2012,11830.6
8172,14113,2012,31217.2
8173,14114,2012,34811.4
8174,14115,2012,11361.4
8175,14116,2012,38033.2
8176,14117,2012,8514.6
8177,14118,2012,44878.4
8178,14119,2012,56880.0
8179,14120,2012,2581299.8
8180,14121,2012,60251.4
8181,14122,2012,13721.2
8182,14123,2012,35991.0
8183,14124,2012,127986.6
8184,14125,2012,35615.4
8185,15000,2012,15544870.8
8186,15001,2012,124638.4
8187,15002,2012,287101.8
8188,15003,2012,91426.0
8189,15004,2012,29902.8
8190,15005,2012,306114.0
8191,15006,2012,22495.2
8192,15007,2012,46058.8
8193,15008,2012,52341.6
8194,15009,2012,98939.8
8195,15010,2012,56799.2
8196,15011,2012,120187.6
8197,15012,2012,21672.6
8198,15013,2012,993376.8
8199,15014,2012,193764.2
8200,15015,2012,57068.6
8201,15016,2012,52561.0
8202,15017,2012,18267.4
8203,15018,2012,102652.8
8204,15019,2012,69332.2
8205,15020,2012,562285.8
8206,15021,2012,73336.6
8207,15022,2012,25473.2
8208,15023,2012,78807.8
8209,15024,2012,295662.8
8210,15025,2012,656272.4
8211,15026,2012,56776.8
8212,15027,2012,20590.4
8213,15028,2012,53923.6
8214,15029,2012,360389.6
8215,15030,2012,47587.2
8216,15031,2012,1265204.4
8217,15032,2012,68504.0
8218,15033,2012,3307912.0
8219,15034,2012,19330.6
8220,15035,2012,225348.0
8221,15036,2012,82485.2
8222,15037,2012,501462.8
8223,15038,2012,21276.4
8224,15039,2012,964713.6
8225,15040,2012,68430.0
8226,15041,2012,13196.4
8227,15042,2012,290427.6
8228,15043,2012,55273.2
8229,15044,2012,53411.6
8230,15045,2012,169082.0
8231,15046,2012,36702.8
8232,15047,2012,141213.0
8233,15048,2012,125653.2
8234,15049,2012,26715.2
8235,15050,2012,48461.4
8236,15051,2012,283813.2
8237,15052,2012,52266.2
8238,15053,2012,104881.8
8239,15054,2012,439586.8
8240,15055,2012,24268.4
8241,15056,2012,58773.2
8242,15057,2012,1667832.4
8243,15058,2012,2211319.2
8244,15059,2012,73564.4
8245,15060,2012,758810.0
8246,15061,2012,18386.0
8247,15062,2012,127733.8
8248,15063,2012,65374.2
8249,15064,2012,69888.4
8250,15065,2012,69546.4
8251,15066,2012,9776.2
8252,15067,2012,160553.6
8253,15068,2012,55865.8
8254,15069,2012,8581.6
8255,15070,2012,527787.2
8256,15071,2012,26805.6
8257,15072,2012,26797.4
8258,15073,2012,48228.0
8259,15074,2012,252207.2
8260,15075,2012,51449.2
8261,15076,2012,155093.6
8262,15077,2012,12726.4
8263,15078,2012,18469.2
8264,15079,2012,24606.0
8265,15080,2012,50952.4
8266,15081,2012,802378.0
8267,15082,2012,145496.4
8268,15083,2012,23603.2
8269,15084,2012,75018.0
8270,15085,2012,126877.6
8271,15086,2012,66604.6
8272,15087,2012,186326.0
8273,15088,2012,187387.4
8274,15089,2012,21504.6
8275,15090,2012,160951.2
8276,15091,2012,127167.6
8277,15092,2012,108229.6
8278,15093,2012,57791.2
8279,15094,2012,37558.0
8280,15095,2012,183213.0
8281,15096,2012,70050.4
8282,15097,2012,35218.0
8283,15098,2012,10472.0
8284,15099,2012,487313.8
8285,15100,2012,75140.8
8286,15101,2012,146801.2
8287,15102,2012,31191.2
8288,15103,2012,93549.8
8289,15104,2012,1331640.8
8290,15105,2012,65559.4
8291,15106,2012,1675553.6
8292,15107,2012,24529.6
8293,15108,2012,273569.6
8294,15109,2012,985734.0
8295,15110,2012,123219.6
8296,15111,2012,97645.6
8297,15112,2012,92412.2
8298,15113,2012,123624.0
8299,15114,2012,194281.2
8300,15115,2012,95982.8
8301,15116,2012,8528.4
8302,15117,2012,29611.6
8303,15118,2012,349972.0
8304,15119,2012,33717.2
8305,15120,2012,367672.0
8306,15121,2012,1040745.2
8307,15122,2012,728936.0
8308,15123,2012,56215.6
8309,15124,2012,186184.8
8310,15125,2012,22311.0
8311,16000,2012,4450696.2
8312,16001,2012,22148.6
8313,16002,2012,32385.2
8314,16003,2012,42736.4
8315,16004,2012,29483.8
8316,16005,2012,21622.4
8317,16006,2012,248855.0
8318,16007,2012,6569.8
8319,16008,2012,48981.6
8320,16009,2012,70430.4
8321,16010,2012,44344.0
8322,16011,2012,21727.6
8323,16012,2012,85952.0
8324,16013,2012,19024.0
8325,16014,2012,29661.8
8326,16015,2012,37566.0
8327,16016,2012,41191.8
8328,16017,2012,66767.8
8329,16018,2012,18119.6
8330,16019,2012,39625.0
8331,16020,2012,57160.2
8332,16021,2012,24886.6
8333,16022,2012,45517.4
8334,16023,2012,20127.2
8335,16024,2012,37297.0
8336,16025,2012,74299.8
8337,16026,2012,10843.0
8338,16027,2012,10248.4
8339,16028,2012,10996.0
8340,16029,2012,28056.0
8341,16030,2012,25319.6
8342,16031,2012,32435.2
8343,16032,2012,29582.0
8344,16033,2012,42730.4
8345,16034,2012,238936.6
8346,16035,2012,64827.8
8347,16036,2012,23242.4
8348,16037,2012,15952.6
8349,16038,2012,84537.6
8350,16039,2012,16287.0
8351,16040,2012,33657.2
8352,16041,2012,30054.2
8353,16042,2012,27480.4
8354,16043,2012,130115.8
8355,16044,2012,26450.2
8356,16045,2012,69209.6
8357,16046,2012,27784.8
8358,16047,2012,40002.2
8359,16048,2012,11112.8
8360,16049,2012,36237.2
8361,16050,2012,164183.8
8362,16051,2012,26475.6
8363,16052,2012,364949.6
8364,16053,2012,1506774.8
8365,16054,2012,16139.2
8366,16055,2012,90340.0
8367,16056,2012,56520.6
8368,16057,2012,16205.8
8369,16058,2012,38652.4
8370,16059,2012,16844.0
8371,16060,2012,19198.2
8372,16061,2012,46114.4
8373,16062,2012,39551.8
8374,16063,2012,31682.4
8375,16064,2012,51522.8
8376,16065,2012,71436.4
8377,16066,2012,179909.4
8378,16067,2012,34149.4
8379,16068,2012,52423.8
8380,16069,2012,202501.6
8381,16070,2012,30699.0
8382,16071,2012,136268.4
8383,16072,2012,27337.8
8384,16073,2012,51833.6
8385,16074,2012,20197.2
8386,16075,2012,134275.4
8387,16076,2012,147968.6
8388,16077,2012,36690.8
8389,16078,2012,25327.2
8390,16079,2012,92393.4
8391,16080,2012,37450.6
8392,16081,2012,17655.4
8393,16082,2012,143903.4
8394,16083,2012,60555.4
8395,16084,2012,57225.0
8396,16085,2012,66474.6
8397,16086,2012,30515.0
8398,16087,2012,27950.0
8399,16088,2012,171800.4
8400,16089,2012,46571.2
8401,16090,2012,28871.8
8402,16091,2012,27606.2
8403,16092,2012,28591.2
8404,16093,2012,55572.0
8405,16094,2012,13606.4
8406,16095,2012,23519.0
8407,16096,2012,15689.6
8408,16097,2012,63206.0
8409,16098,2012,52010.8
8410,16099,2012,32215.0
8411,16100,2012,27656.4
8412,16101,2012,19021.6
8413,16102,2012,647868.2
8414,16103,2012,46967.8
8415,16104,2012,33575.4
8416,16105,2012,38823.2
8417,16106,2012,60929.6
8418,16107,2012,148317.2
8419,16108,2012,380138.4
8420,16109,2012,6494.2
8421,16110,2012,94405.0
8422,16111,2012,31774.4
8423,16112,2012,311759.2
8424,16113,2012,51428.0
8425,17000,2012,1820077.0
8426,17001,2012,34343.6
8427,17002,2012,40356.0
8428,17003,2012,69628.0
8429,17004,2012,162283.2
8430,17005,2012,19528.2
8431,17006,2012,355219.8
8432,17007,2012,735705.8
8433,17008,2012,176435.8
8434,17009,2012,37585.6
8435,17010,2012,32430.6
8436,17011,2012,401271.6
8437,17012,2012,111357.2
8438,17013,2012,30160.4
8439,17014,2012,19001.8
8440,17015,2012,46332.0
8441,17016,2012,34717.4
8442,17017,2012,114628.6
8443,17018,2012,221928.4
8444,17019,2012,51863.4
8445,17020,2012,88633.0
8446,17021,2012,14976.6
8447,17022,2012,36613.0
8448,17023,2012,13812.6
8449,17024,2012,99253.2
8450,17025,2012,64257.4
8451,17026,2012,34255.6
8452,17027,2012,22387.8
8453,17028,2012,132900.8
8454,17029,2012,198894.6
8455,17030,2012,97404.8
8456,17031,2012,70571.4
8457,17032,2012,18549.8
8458,17033,2012,30061.6
8459,17034,2012,
8460,17035,2012,
8461,17036,2012,
8462,18000,2012,1123495.8
8463,18001,2012,73665.4
8464,18002,2012,30643.0
8465,18003,2012,22562.8
8466,18004,2012,144166.2
8467,18005,2012,23515.8
8468,18006,2012,55483.8
8469,18007,2012,36156.8
8470,18008,2012,104753.2
8471,18009,2012,75371.2
8472,18010,2012,68575.8
8473,18011,2012,47402.8
8474,18012,2012,86898.6
8475,18013,2012,15156.6
8476,18014,2012,46137.8
8477,18015,2012,186766.8
8478,18016,2012,78615.4
8479,18017,2012,779518.8
8480,18018,2012,60134.2
8481,18019,2012,28602.4
8482,18020,2012,274442.8
8483,19000,2012,4892640.2
8484,19001,2012,5698.4
8485,19002,2012,7010.0
8486,19003,2012,2785.0
8487,19004,2012,66361.8
8488,19005,2012,37451.0
8489,19006,2012,1100127.6
8490,19007,2012,31108.0
8491,19008,2012,7594.2
8492,19009,2012,189039.6
8493,19010,2012,67625.6
8494,19011,2012,15699.6
8495,19012,2012,66875.8
8496,19013,2012,22001.0
8497,19014,2012,71465.0
8498,19015,2012,3450.6
8499,19016,2012,6949.8
8500,19017,2012,80996.4
8501,19018,2012,388863.0
8502,19019,2012,249150.2
8503,19020,2012,11378.2
8504,19021,2012,765204.4
8505,19022,2012,29454.6
8506,19023,2012,2817.4
8507,19024,2012,12299.2
8508,19025,2012,129396.4
8509,19026,2012,1342099.8
8510,19027,2012,4068.8
8511,19028,2012,3198.2
8512,19029,2012,14021.6
8513,19030,2012,7133.2
8514,19031,2012,599984.6
8515,19032,2012,10777.2
8516,19033,2012,160779.2
8517,19034,2012,10943.0
8518,19035,2012,1987.8
8519,19036,2012,14427.0
8520,19037,2012,11273.0
8521,19038,2012,122496.2
8522,19039,2012,2274111.0
8523,19040,2012,2072.6
8524,19041,2012,92749.8
8525,19042,2012,10996.2
8526,19043,2012,5312.4
8527,19044,2012,69572.4
8528,19045,2012,87483.0
8529,19046,2012,874116.4
8530,19047,2012,33055.0
8531,19048,2012,552927.8
8532,19049,2012,83824.0
8533,19050,2012,3992.6
8534,19051,2012,8089.4
8535,20000,2012,3879594.8
8536,20001,2012,2070.8
8537,20002,2012,90080.8
8538,20003,2012,5010.8
8539,20004,2012,2067.0
8540,20005,2012,29785.4
8541,20006,2012,36789.6
8542,20007,2012,5137.2
8543,20008,2012,1640.8
8544,20009,2012,13494.8
8545,20010,2012,27197.6
8546,20011,2012,2512.8
8547,20012,2012,20366.2
8548,20013,2012,5690.6
8549,20014,2012,53599.4
8550,20015,2012,9685.8
8551,20016,2012,17474.8
8552,20017,2012,6726.0
8553,20018,2012,1641.2
8554,20019,2012,6017.4
8555,20020,2012,8135.4
8556,20021,2012,29296.4
8557,20022,2012,1722.4
8558,20023,2012,40239.6
8559,20024,2012,7651.8
8560,20025,2012,22332.2
8561,20026,2012,17188.6
8562,20027,2012,4817.2
8563,20028,2012,40763.8
8564,20029,2012,8512.4
8565,20030,2012,16990.0
8566,20031,2012,14666.8
8567,20032,2012,2083.6
8568,20033,2012,5064.4
8569,20034,2012,2795.2
8570,20035,2012,1136.0
8571,20036,2012,10579.8
8572,20037,2012,8833.8
8573,20038,2012,4137.4
8574,20039,2012,143072.4
8575,20040,2012,12154.6
8576,20041,2012,60720.0
8577,20042,2012,15648.6
8578,20043,2012,194539.6
8579,20044,2012,83289.6
8580,20045,2012,15198.4
8581,20046,2012,6487.2
8582,20047,2012,182.2
8583,20048,2012,2660.0
8584,20049,2012,2303.2
8585,20050,2012,7544.8
8586,20051,2012,8894.4
8587,20052,2012,12314.2
8588,20053,2012,2481.4
8589,20054,2012,816.0
8590,20055,2012,7146.0
8591,20056,2012,2915.0
8592,20057,2012,76455.0
8593,20058,2012,26613.8
8594,20059,2012,86406.6
8595,20060,2012,5426.8
8596,20061,2012,5266.0
8597,20062,2012,1136.8
8598,20063,2012,7928.4
8599,20064,2012,15252.8
8600,20065,2012,2328.4
8601,20066,2012,10736.2
8602,20067,2012,529778.2
8603,20068,2012,43657.8
8604,20069,2012,5134.4
8605,20070,2012,13224.2
8606,20071,2012,6506.4
8607,20072,2012,13750.0
8608,20073,2012,64911.2
8609,20074,2012,990.4
8610,20075,2012,5337.6
8611,20076,2012,6708.6
8612,20077,2012,7458.4
8613,20078,2012,2267.6
8614,20079,2012,165586.2
8615,20080,2012,2736.8
8616,20081,2012,3816.4
8617,20082,2012,7989.4
8618,20083,2012,17498.8
8619,20084,2012,7900.4
8620,20085,2012,46602.4
8621,20086,2012,1812.6
8622,20087,2012,8728.4
8623,20088,2012,5787.6
8624,20089,2012,4373.0
8625,20090,2012,11898.2
8626,20091,2012,10325.4
8627,20092,2012,3016.8
8628,20093,2012,1015.4
8629,20094,2012,3804.8
8630,20095,2012,8208.8
8631,20096,2012,1543.4
8632,20097,2012,3492.4
8633,20098,2012,8827.6
8634,20099,2012,912.4
8635,20100,2012,953.8
8636,20101,2012,1460.8
8637,20102,2012,9179.4
8638,20103,2012,11467.2
8639,20104,2012,5095.4
8640,20105,2012,13711.2
8641,20106,2012,576.2
8642,20107,2012,44853.6
8643,20108,2012,8149.4
8644,20109,2012,2465.6
8645,20110,2012,3232.0
8646,20111,2012,8979.6
8647,20112,2012,4936.4
8648,20113,2012,5811.0
8649,20114,2012,1356.8
8650,20115,2012,18065.0
8651,20116,2012,8135.6
8652,20117,2012,4780.6
8653,20118,2012,4915.2
8654,20119,2012,939.8
8655,20120,2012,768.4
8656,20121,2012,1304.2
8657,20122,2012,1354.2
8658,20123,2012,5463.6
8659,20124,2012,35255.6
8660,20125,2012,23615.8
8661,20126,2012,10202.6
8662,20127,2012,2560.0
8663,20128,2012,2505.6
8664,20129,2012,696.8
8665,20130,2012,10235.2
8666,20131,2012,21382.4
8667,20132,2012,2554.4
8668,20133,2012,7957.6
8669,20134,2012,54347.0
8670,20135,2012,14798.2
8671,20136,2012,23397.8
8672,20137,2012,6905.2
8673,20138,2012,916.4
8674,20139,2012,4303.8
8675,20140,2012,1652.0
8676,20141,2012,15137.8
8677,20142,2012,2192.8
8678,20143,2012,18137.0
8679,20144,2012,2206.0
8680,20145,2012,7644.4
8681,20146,2012,5386.8
8682,20147,2012,761.4
8683,20148,2012,3984.8
8684,20149,2012,3252.8
8685,20150,2012,24575.8
8686,20151,2012,764.0
8687,20152,2012,4443.2
8688,20153,2012,9577.8
8689,20154,2012,4760.4
8690,20155,2012,1943.0
8691,20156,2012,7036.2
8692,20157,2012,28906.8
8693,20158,2012,4462.8
8694,20159,2012,11001.0
8695,20160,2012,2890.0
8696,20161,2012,5222.8
8697,20162,2012,3786.6
8698,20163,2012,3202.2
8699,20164,2012,6296.4
8700,20165,2012,3069.2
8701,20166,2012,22207.0
8702,20167,2012,4210.0
8703,20168,2012,1955.6
8704,20169,2012,7594.8
8705,20170,2012,7638.4
8706,20171,2012,36835.8
8707,20172,2012,863.8
8708,20173,2012,3013.8
8709,20174,2012,7841.2
8710,20175,2012,3328.0
8711,20176,2012,5619.0
8712,20177,2012,19395.0
8713,20178,2012,12741.6
8714,20179,2012,2918.0
8715,20180,2012,4657.8
8716,20181,2012,857.6
8717,20182,2012,4551.6
8718,20183,2012,2905.8
8719,20184,2012,313374.2
8720,20185,2012,17475.6
8721,20186,2012,1180.2
8722,20187,2012,4781.2
8723,20188,2012,19048.0
8724,20189,2012,5273.6
8725,20190,2012,45120.2
8726,20191,2012,642.0
8727,20192,2012,2916.0
8728,20193,2012,5198.8
8729,20194,2012,2518.8
8730,20195,2012,2432.0
8731,20196,2012,812.4
8732,20197,2012,6202.8
8733,20198,2012,57030.0
8734,20199,2012,1340.2
8735,20200,2012,7777.8
8736,20201,2012,3683.2
8737,20202,2012,9125.8
8738,20203,2012,6671.2
8739,20204,2012,1397.6
8740,20205,2012,34683.2
8741,20206,2012,4743.8
8742,20207,2012,35020.0
8743,20208,2012,14971.8
8744,20209,2012,1380.4
8745,20210,2012,12975.4
8746,20211,2012,6443.2
8747,20212,2012,5738.0
8748,20213,2012,7517.6
8749,20214,2012,4520.8
8750,20215,2012,1579.6
8751,20216,2012,2626.0
8752,20217,2012,6990.6
8753,20218,2012,1192.6
8754,20219,2012,5189.8
8755,20220,2012,5529.4
8756,20221,2012,2748.2
8757,20222,2012,3018.4
8758,20223,2012,899.2
8759,20224,2012,1362.4
8760,20225,2012,11889.2
8761,20226,2012,5564.4
8762,20227,2012,29281.8
8763,20228,2012,1566.8
8764,20229,2012,14957.4
8765,20230,2012,1984.0
8766,20231,2012,6116.4
8767,20232,2012,43319.8
8768,20233,2012,3481.2
8769,20234,2012,14951.6
8770,20235,2012,7342.4
8771,20236,2012,3026.8
8772,20237,2012,3120.8
8773,20238,2012,1703.2
8774,20239,2012,2123.2
8775,20240,2012,5038.0
8776,20241,2012,2150.4
8777,20242,2012,23192.2
8778,20243,2012,3589.4
8779,20244,2012,7449.0
8780,20245,2012,2579.0
8781,20246,2012,1238.0
8782,20247,2012,2994.8
8783,20248,2012,29046.8
8784,20249,2012,7092.4
8785,20250,2012,2394.0
8786,20251,2012,2387.2
8787,20252,2012,4339.2
8788,20253,2012,4423.4
8789,20254,2012,6602.8
8790,20255,2012,4128.4
8791,20256,2012,471.0
8792,20257,2012,2166.4
8793,20258,2012,1469.6
8794,20259,2012,4824.4
8795,20260,2012,4869.8
8796,20261,2012,14366.4
8797,20262,2012,2074.4
8798,20263,2012,6906.2
8799,20264,2012,4524.6
8800,20265,2012,13286.8
8801,20266,2012,17079.6
8802,20267,2012,573.2
8803,20268,2012,1926.6
8804,20269,2012,8336.2
8805,20270,2012,2774.8
8806,20271,2012,6478.6
8807,20272,2012,12371.4
8808,20273,2012,7123.2
8809,20274,2012,2605.4
8810,20275,2012,14606.0
8811,20276,2012,1564.0
8812,20277,2012,25152.4
8813,20278,2012,74001.6
8814,20279,2012,5897.6
8815,20280,2012,4634.8
8816,20281,2012,621.0
8817,20282,2012,1538.0
8818,20283,2012,2091.2
8819,20284,2012,6318.8
8820,20285,2012,6932.8
8821,20286,2012,6399.6
8822,20287,2012,700.4
8823,20288,2012,1211.6
8824,20289,2012,2314.4
8825,20290,2012,2036.4
8826,20291,2012,8393.6
8827,20292,2012,2830.0
8828,20293,2012,31715.0
8829,20294,2012,12917.2
8830,20295,2012,18455.2
8831,20296,2012,1873.6
8832,20297,2012,4540.6
8833,20298,2012,24365.0
8834,20299,2012,2222.8
8835,20300,2012,13003.8
8836,20301,2012,3110.4
8837,20302,2012,8442.6
8838,20303,2012,2307.6
8839,20304,2012,1654.8
8840,20305,2012,8048.4
8841,20306,2012,8135.4
8842,20307,2012,19261.2
8843,20308,2012,5877.0
8844,20309,2012,20740.8
8845,20310,2012,16738.6
8846,20311,2012,926.2
8847,20312,2012,23026.4
8848,20313,2012,1628.2
8849,20314,2012,3442.8
8850,20315,2012,3502.0
8851,20316,2012,1500.0
8852,20317,2012,2762.2
8853,20318,2012,88523.8
8854,20319,2012,2157.6
8855,20320,2012,1450.4
8856,20321,2012,1671.6
8857,20322,2012,1728.8
8858,20323,2012,4377.6
8859,20324,2012,89540.8
8860,20325,2012,21578.2
8861,20326,2012,9954.8
8862,20327,2012,28913.8
8863,20328,2012,2455.4
8864,20329,2012,2575.6
8865,20330,2012,8570.4
8866,20331,2012,1829.6
8867,20332,2012,808.4
8868,20333,2012,5504.2
8869,20334,2012,90713.2
8870,20335,2012,1950.8
8871,20336,2012,4312.4
8872,20337,2012,11237.4
8873,20338,2012,18992.4
8874,20339,2012,8149.2
8875,20340,2012,3723.6
8876,20341,2012,467.6
8877,20342,2012,4976.4
8878,20343,2012,3760.4
8879,20344,2012,5318.6
8880,20345,2012,8031.4
8881,20346,2012,2935.2
8882,20347,2012,7543.2
8883,20348,2012,16507.4
8884,20349,2012,4048.2
8885,20350,2012,32740.2
8886,20351,2012,5322.4
8887,20352,2012,8108.8
8888,20353,2012,4144.8
8889,20354,2012,1017.6
8890,20355,2012,1460.6
8891,20356,2012,4060.4
8892,20357,2012,1793.6
8893,20358,2012,3749.6
8894,20359,2012,1549.2
8895,20360,2012,7341.4
8896,20361,2012,1805.2
8897,20362,2012,2999.2
8898,20363,2012,5327.0
8899,20364,2012,31045.2
8900,20365,2012,2523.8
8901,20366,2012,7903.0
8902,20367,2012,9105.2
8903,20368,2012,3732.6
8904,20369,2012,3846.6
8905,20370,2012,1354.4
8906,20371,2012,1920.8
8907,20372,2012,3544.0
8908,20373,2012,885.4
8909,20374,2012,3010.0
8910,20375,2012,21472.0
8911,20376,2012,728.4
8912,20377,2012,22046.4
8913,20378,2012,7299.0
8914,20379,2012,5913.2
8915,20380,2012,4052.0
8916,20381,2012,5345.6
8917,20382,2012,2362.0
8918,20383,2012,1210.8
8919,20384,2012,9145.2
8920,20385,2012,164694.0
8921,20386,2012,36282.8
8922,20387,2012,5732.0
8923,20388,2012,5209.4
8924,20389,2012,1836.8
8925,20390,2012,95914.4
8926,20391,2012,6735.6
8927,20392,2012,13375.2
8928,20393,2012,7445.8
8929,20394,2012,5563.4
8930,20395,2012,3696.2
8931,20396,2012,6506.8
8932,20397,2012,77617.8
8933,20398,2012,9009.2
8934,20399,2012,60718.4
8935,20400,2012,3301.4
8936,20401,2012,46927.4
8937,20402,2012,2167.4
8938,20403,2012,5949.4
8939,20404,2012,1544.8
8940,20405,2012,3834.4
8941,20406,2012,41548.6
8942,20407,2012,17495.6
8943,20408,2012,973.2
8944,20409,2012,16644.6
8945,20410,2012,6910.0
8946,20411,2012,1670.8
8947,20412,2012,6579.6
8948,20413,2012,82189.0
8949,20414,2012,22086.8
8950,20415,2012,9773.6
8951,20416,2012,1018.0
8952,20417,2012,18685.0
8953,20418,2012,23729.2
8954,20419,2012,1162.2
8955,20420,2012,3359.6
8956,20421,2012,8995.0
8957,20422,2012,1342.0
8958,20423,2012,1103.0
8959,20424,2012,7942.8
8960,20425,2012,4357.6
8961,20426,2012,16170.8
8962,20427,2012,31321.0
8963,20428,2012,3721.6
8964,20429,2012,3046.8
8965,20430,2012,531.6
8966,20431,2012,3570.4
8967,20432,2012,1910.0
8968,20433,2012,5231.2
8969,20434,2012,9062.4
8970,20435,2012,7043.2
8971,20436,2012,2142.4
8972,20437,2012,19327.6
8973,20438,2012,3552.2
8974,20439,2012,49060.4
8975,20440,2012,1758.4
8976,20441,2012,16174.8
8977,20442,2012,666.4
8978,20443,2012,896.8
8979,20444,2012,940.2
8980,20445,2012,3306.8
8981,20446,2012,12886.8
8982,20447,2012,30982.4
8983,20448,2012,4211.2
8984,20449,2012,6722.4
8985,20450,2012,25245.0
8986,20451,2012,2093.0
8987,20452,2012,8521.6
8988,20453,2012,7831.6
8989,20454,2012,6513.6
8990,20455,2012,5564.4
8991,20456,2012,3367.2
8992,20457,2012,6773.8
8993,20458,2012,2252.4
8994,20459,2012,9122.0
8995,20460,2012,10767.0
8996,20461,2012,1202.8
8997,20462,2012,8809.8
8998,20463,2012,1288.2
8999,20464,2012,905.0
9000,20465,2012,3170.4
9001,20466,2012,24631.4
9002,20467,2012,37113.8
9003,20468,2012,27422.4
9004,20469,2012,66594.0
9005,20470,2012,9316.6
9006,20471,2012,967.8
9007,20472,2012,6470.6
9008,20473,2012,2747.6
9009,20474,2012,6598.0
9010,20475,2012,19535.4
9011,20476,2012,837.2
9012,20477,2012,2829.6
9013,20478,2012,3721.8
9014,20479,2012,433.0
9015,20480,2012,2093.6
9016,20481,2012,3905.4
9017,20482,2012,103005.2
9018,20483,2012,19634.8
9019,20484,2012,8530.0
9020,20485,2012,6110.4
9021,20486,2012,4935.0
9022,20487,2012,3902.8
9023,20488,2012,263.4
9024,20489,2012,9896.0
9025,20490,2012,6111.2
9026,20491,2012,8653.2
9027,20492,2012,6241.6
9028,20493,2012,1107.0
9029,20494,2012,10354.0
9030,20495,2012,5863.4
9031,20496,2012,4230.8
9032,20497,2012,8290.0
9033,20498,2012,14323.6
9034,20499,2012,4022.8
9035,20500,2012,15824.6
9036,20501,2012,1903.8
9037,20502,2012,10869.6
9038,20503,2012,768.4
9039,20504,2012,3279.8
9040,20505,2012,15165.0
9041,20506,2012,1574.2
9042,20507,2012,6424.0
9043,20508,2012,3093.8
9044,20509,2012,21428.8
9045,20510,2012,1711.2
9046,20511,2012,7157.2
9047,20512,2012,1904.0
9048,20513,2012,17065.8
9049,20514,2012,1977.6
9050,20515,2012,126144.6
9051,20516,2012,9465.0
9052,20517,2012,10732.6
9053,20518,2012,290.0
9054,20519,2012,5818.4
9055,20520,2012,14431.2
9056,20521,2012,546.4
9057,20522,2012,2425.0
9058,20523,2012,3261.2
9059,20524,2012,726.0
9060,20525,2012,23006.8
9061,20526,2012,32301.8
9062,20527,2012,5530.0
9063,20528,2012,2323.8
9064,20529,2012,2720.8
9065,20530,2012,7001.2
9066,20531,2012,4777.6
9067,20532,2012,8148.0
9068,20533,2012,4608.8
9069,20534,2012,7747.8
9070,20535,2012,6058.2
9071,20536,2012,968.4
9072,20537,2012,13479.2
9073,20538,2012,1429.8
9074,20539,2012,10579.2
9075,20540,2012,14637.8
9076,20541,2012,3354.4
9077,20542,2012,1548.4
9078,20543,2012,11456.8
9079,20544,2012,2185.0
9080,20545,2012,18406.0
9081,20546,2012,11587.4
9082,20547,2012,1930.6
9083,20548,2012,3582.0
9084,20549,2012,22715.8
9085,20550,2012,10472.0
9086,20551,2012,43855.0
9087,20552,2012,980.6
9088,20553,2012,19913.2
9089,20554,2012,11334.8
9090,20555,2012,5612.4
9091,20556,2012,520.8
9092,20557,2012,28181.4
9093,20558,2012,3021.4
9094,20559,2012,45217.6
9095,20560,2012,12475.8
9096,20561,2012,5474.4
9097,20562,2012,3005.6
9098,20563,2012,2601.6
9099,20564,2012,2545.2
9100,20565,2012,73181.2
9101,20566,2012,6116.8
9102,20567,2012,6379.6
9103,20568,2012,3100.4
9104,20569,2012,3357.8
9105,20570,2012,39659.8
9106,21000,2012,5947683.6
9107,21001,2012,125788.2
9108,21002,2012,18029.2
9109,21003,2012,69436.6
9110,21004,2012,108969.2
9111,21005,2012,5837.6
9112,21006,2012,29423.2
9113,21007,2012,6719.6
9114,21008,2012,21306.8
9115,21009,2012,4099.0
9116,21010,2012,126957.0
9117,21011,2012,3596.4
9118,21012,2012,12697.2
9119,21013,2012,39334.8
9120,21014,2012,9936.0
9121,21015,2012,211939.4
9122,21016,2012,16165.2
9123,21017,2012,52514.4
9124,21018,2012,7520.8
9125,21019,2012,260242.0
9126,21020,2012,13392.4
9127,21021,2012,2569.6
9128,21022,2012,23838.0
9129,21023,2012,17091.4
9130,21024,2012,1917.4
9131,21025,2012,16383.6
9132,21026,2012,28082.2
9133,21027,2012,8367.2
9134,21028,2012,5074.4
9135,21029,2012,7590.0
9136,21030,2012,1521.6
9137,21031,2012,5877.0
9138,21032,2012,2605.6
9139,21033,2012,9788.4
9140,21034,2012,74098.4
9141,21035,2012,39775.2
9142,21036,2012,28650.4
9143,21037,2012,4676.0
9144,21038,2012,18206.4
9145,21039,2012,18674.0
9146,21040,2012,20249.8
9147,21041,2012,181636.2
9148,21042,2012,6244.0
9149,21043,2012,95929.8
9150,21044,2012,31496.2
9151,21045,2012,89555.8
9152,21046,2012,14464.4
9153,21047,2012,39215.0
9154,21048,2012,38860.4
9155,21049,2012,32182.4
9156,21050,2012,49417.4
9157,21051,2012,69174.6
9158,21052,2012,2450.8
9159,21053,2012,119382.0
9160,21054,2012,62501.6
9161,21055,2012,9557.8
9162,21056,2012,2513.0
9163,21057,2012,14615.6
9164,21058,2012,39235.2
9165,21059,2012,5103.8
9166,21060,2012,14313.8
9167,21061,2012,25911.6
9168,21062,2012,9338.0
9169,21063,2012,27982.8
9170,21064,2012,33358.0
9171,21065,2012,39567.6
9172,21066,2012,12649.6
9173,21067,2012,34065.2
9174,21068,2012,15153.2
9175,21069,2012,52318.0
9176,21070,2012,13082.8
9177,21071,2012,198025.2
9178,21072,2012,31935.2
9179,21073,2012,17844.2
9180,21074,2012,137897.0
9181,21075,2012,24226.6
9182,21076,2012,53916.8
9183,21077,2012,11581.4
9184,21078,2012,28742.4
9185,21079,2012,10804.6
9186,21080,2012,5586.0
9187,21081,2012,7540.6
9188,21082,2012,16493.6
9189,21083,2012,50691.4
9190,21084,2012,13677.6
9191,21085,2012,149682.2
9192,21086,2012,25024.6
9193,21087,2012,25615.0
9194,21088,2012,9143.8
9195,21089,2012,25709.2
9196,21090,2012,39184.4
9197,21091,2012,20272.8
9198,21092,2012,10489.2
9199,21093,2012,15501.2
9200,21094,2012,65472.4
9201,21095,2012,1035.0
9202,21096,2012,5519.0
9203,21097,2012,4612.8
9204,21098,2012,12622.6
9205,21099,2012,38625.2
9206,21100,2012,19261.8
9207,21101,2012,7085.2
9208,21102,2012,24854.6
9209,21103,2012,12327.2
9210,21104,2012,56852.8
9211,21105,2012,9756.4
9212,21106,2012,58228.2
9213,21107,2012,23435.0
9214,21108,2012,34596.2
9215,21109,2012,41098.4
9216,21110,2012,88780.2
9217,21111,2012,36996.4
9218,21112,2012,18784.2
9219,21113,2012,9198.4
9220,21114,2012,3140644.8
9221,21115,2012,98961.0
9222,21116,2012,43185.2
9223,21117,2012,28864.0
9224,21118,2012,52915.6
9225,21119,2012,222481.6
9226,21120,2012,10551.2
9227,21121,2012,2319.2
9228,21122,2012,19523.0
9229,21123,2012,8110.8
9230,21124,2012,29508.0
9231,21125,2012,16940.4
9232,21126,2012,11976.0
9233,21127,2012,7489.2
9234,21128,2012,17186.0
9235,21129,2012,25932.8
9236,21130,2012,6917.4
9237,21131,2012,1785.6
9238,21132,2012,288101.0
9239,21133,2012,1328.0
9240,21134,2012,39354.0
9241,21135,2012,1159.8
9242,21136,2012,23541.6
9243,21137,2012,18948.0
9244,21138,2012,21966.0
9245,21139,2012,7204.2
9246,21140,2012,248140.2
9247,21141,2012,6845.6
9248,21142,2012,56660.8
9249,21143,2012,59439.6
9250,21144,2012,28456.2
9251,21145,2012,26950.0
9252,21146,2012,1698.0
9253,21147,2012,12119.6
9254,21148,2012,17463.2
9255,21149,2012,47321.8
9256,21150,2012,13747.6
9257,21151,2012,16572.8
9258,21152,2012,23799.8
9259,21153,2012,41943.6
9260,21154,2012,146890.4
9261,21155,2012,11426.8
9262,21156,2012,570961.0
9263,21157,2012,23246.8
9264,21158,2012,13541.2
9265,21159,2012,7996.6
9266,21160,2012,6482.6
9267,21161,2012,39355.6
9268,21162,2012,8452.4
9269,21163,2012,33604.8
9270,21164,2012,153343.6
9271,21165,2012,2312.0
9272,21166,2012,16476.2
9273,21167,2012,20533.2
9274,21168,2012,13549.6
9275,21169,2012,41709.0
9276,21170,2012,33920.8
9277,21171,2012,6934.0
9278,21172,2012,52186.8
9279,21173,2012,11772.4
9280,21174,2012,189054.2
9281,21175,2012,21472.0
9282,21176,2012,17321.0
9283,21177,2012,99161.4
9284,21178,2012,33792.4
9285,21179,2012,58404.4
9286,21180,2012,75103.4
9287,21181,2012,13014.4
9288,21182,2012,9931.2
9289,21183,2012,39923.0
9290,21184,2012,12820.0
9291,21185,2012,17624.2
9292,21186,2012,104643.4
9293,21187,2012,10646.0
9294,21188,2012,35000.6
9295,21189,2012,40600.0
9296,21190,2012,2326.8
9297,21191,2012,18791.6
9298,21192,2012,11953.2
9299,21193,2012,12579.8
9300,21194,2012,56312.8
9301,21195,2012,49390.8
9302,21196,2012,3271.4
9303,21197,2012,153307.0
9304,21198,2012,2512.4
9305,21199,2012,77833.2
9306,21200,2012,7638.8
9307,21201,2012,6449.8
9308,21202,2012,24808.4
9309,21203,2012,12559.4
9310,21204,2012,15192.8
9311,21205,2012,47323.4
9312,21206,2012,8664.4
9313,21207,2012,108429.6
9314,21208,2012,157062.2
9315,21209,2012,16657.6
9316,21210,2012,11242.8
9317,21211,2012,31416.4
9318,21212,2012,39397.0
9319,21213,2012,25042.0
9320,21214,2012,32450.6
9321,21215,2012,9182.0
9322,21216,2012,5215.8
9323,21217,2012,40984.6
9324,22000,2012,1940024.0
9325,22001,2012,126318.2
9326,22002,2012,54429.4
9327,22003,2012,26006.2
9328,22004,2012,130577.8
9329,22005,2012,120222.2
9330,22006,2012,314157.0
9331,22007,2012,79397.2
9332,22008,2012,71708.0
9333,22009,2012,51944.8
9334,22010,2012,39472.0
9335,22011,2012,279442.8
9336,22012,2012,133536.0
9337,22013,2012,37276.6
9338,22014,2012,1703353.8
9339,22015,2012,17588.8
9340,22016,2012,506616.0
9341,22017,2012,130510.4
9342,22018,2012,53509.8
9343,23000,2012,1437301.6
9344,23001,2012,163020.0
9345,23002,2012,154008.0
9346,23003,2012,35238.8
9347,23004,2012,486573.2
9348,23005,2012,1423251.2
9349,23006,2012,73722.0
9350,23007,2012,52341.6
9351,23008,2012,389229.4
9352,23009,2012,64325.2
9353,23010,2012,
9354,23011,2012,
9355,24000,2012,2645602.0
9356,24001,2012,37539.2
9357,24002,2012,16239.8
9358,24003,2012,95456.2
9359,24004,2012,8769.8
9360,24005,2012,37676.6
9361,24006,2012,19611.2
9362,24007,2012,37626.6
9363,24008,2012,43105.4
9364,24009,2012,8464.6
9365,24010,2012,62361.6
9366,24011,2012,89098.6
9367,24012,2012,42092.4
9368,24013,2012,341275.8
9369,24014,2012,33514.6
9370,24015,2012,42943.0
9371,24016,2012,83026.6
9372,24017,2012,51722.2
9373,24018,2012,30672.6
9374,24019,2012,11504.4
9375,24020,2012,187779.8
9376,24021,2012,108924.8
9377,24022,2012,38673.2
9378,24023,2012,31333.4
9379,24024,2012,187036.0
9380,24025,2012,60937.0
9381,24026,2012,18852.6
9382,24027,2012,20467.6
9383,24028,2012,1601233.0
9384,24029,2012,42044.2
9385,24030,2012,10750.6
9386,24031,2012,23927.2
9387,24032,2012,81066.8
9388,24033,2012,23666.2
9389,24034,2012,30279.0
9390,24035,2012,561857.8
9391,24036,2012,58060.0
9392,24037,2012,193326.4
9393,24038,2012,31195.2
9394,24039,2012,28607.4
9395,24040,2012,76323.0
9396,24041,2012,38355.2
9397,24042,2012,28687.0
9398,24043,2012,17853.8
9399,24044,2012,15742.4
9400,24045,2012,29026.4
9401,24046,2012,33652.6
9402,24047,2012,19496.0
9403,24048,2012,10685.4
9404,24049,2012,76275.6
9405,24050,2012,96499.0
9406,24051,2012,30067.8
9407,24052,2012,20429.4
9408,24053,2012,66380.8
9409,24054,2012,102377.4
9410,24055,2012,50538.2
9411,24056,2012,31893.2
9412,24057,2012,60106.8
9413,24058,2012,41358.0
9414,25000,2012,2837354.8
9415,25001,2012,851774.4
9416,25002,2012,89886.4
9417,25003,2012,59301.0
9418,25004,2012,55992.8
9419,25005,2012,33678.2
9420,25006,2012,1778767.0
9421,25007,2012,65156.0
9422,25008,2012,91881.2
9423,25009,2012,110864.2
9424,25010,2012,195373.8
9425,25011,2012,574627.0
9426,25012,2012,904569.2
9427,25013,2012,89863.6
9428,25014,2012,100430.6
9429,25015,2012,158495.4
9430,25016,2012,44159.8
9431,25017,2012,173958.0
9432,25018,2012,278173.6
9433,26000,2012,2740642.8
9434,26001,2012,5256.2
9435,26002,2012,164306.8
9436,26003,2012,51946.6
9437,26004,2012,18545.0
9438,26005,2012,2476.0
9439,26006,2012,6120.0
9440,26007,2012,1266.0
9441,26008,2012,2395.6
9442,26009,2012,1588.0
9443,26010,2012,2849.0
9444,26011,2012,3308.0
9445,26012,2012,46378.0
9446,26013,2012,3404.6
9447,26014,2012,6989.8
9448,26015,2012,2800.0
9449,26016,2012,10506.4
9450,26017,2012,166716.6
9451,26018,2012,832596.6
9452,26019,2012,68611.2
9453,26020,2012,10717.8
9454,26021,2012,3620.0
9455,26022,2012,2103.6
9456,26023,2012,12531.8
9457,26024,2012,1602.0
9458,26025,2012,107561.0
9459,26026,2012,122151.0
9460,26027,2012,17604.8
9461,26028,2012,2248.4
9462,26029,2012,302497.4
9463,26030,2012,1632722.4
9464,26031,2012,2643.8
9465,26032,2012,1899.4
9466,26033,2012,158302.8
9467,26034,2012,2233.0
9468,26035,2012,25062.2
9469,26036,2012,61153.6
9470,26037,2012,2641.2
9471,26038,2012,9569.0
9472,26039,2012,12582.4
9473,26040,2012,3931.6
9474,26041,2012,26193.6
9475,26042,2012,318820.8
9476,26043,2012,460510.2
9477,26044,2012,809.0
9478,26045,2012,5733.2
9479,26046,2012,937.2
9480,26047,2012,19090.2
9481,26048,2012,116920.4
9482,26049,2012,6923.0
9483,26050,2012,3183.2
9484,26051,2012,10480.0
9485,26052,2012,11842.8
9486,26053,2012,781.8
9487,26054,2012,1028.0
9488,26055,2012,366304.0
9489,26056,2012,17852.8
9490,26057,2012,3188.6
9491,26058,2012,32302.4
9492,26059,2012,4018.0
9493,26060,2012,5230.8
9494,26061,2012,2660.0
9495,26062,2012,2279.2
9496,26063,2012,2655.2
9497,26064,2012,3432.4
9498,26065,2012,3516.8
9499,26066,2012,18306.2
9500,26067,2012,3356.6
9501,26068,2012,2497.0
9502,26069,2012,11797.0
9503,26070,2012,30686.2
9504,26071,2012,44116.6
9505,26072,2012,28702.0
9506,27000,2012,2273557.8
9507,27001,2012,115021.4
9508,27002,2012,494916.8
9509,27003,2012,206762.8
9510,27004,2012,1298068.6
9511,27005,2012,394435.8
9512,27006,2012,257168.4
9513,27007,2012,60257.2
9514,27008,2012,363601.0
9515,27009,2012,73337.4
9516,27010,2012,169862.6
9517,27011,2012,59693.4
9518,27012,2012,308490.0
9519,27013,2012,244228.6
9520,27014,2012,177288.4
9521,27015,2012,93272.0
9522,27016,2012,109192.6
9523,27017,2012,119362.8
9524,28000,2012,3338769.4
9525,28001,2012,23367.2
9526,28002,2012,59746.4
9527,28003,2012,449078.0
9528,28004,2012,18204.4
9529,28005,2012,9319.0
9530,28006,2012,15245.2
9531,28007,2012,30716.0
9532,28008,2012,9131.4
9533,28009,2012,397918.8
9534,28010,2012,4003.0
9535,28011,2012,17704.6
9536,28012,2012,86893.8
9537,28013,2012,31593.8
9538,28014,2012,8795.4
9539,28015,2012,31722.2
9540,28016,2012,45188.6
9541,28017,2012,30691.0
9542,28018,2012,15987.6
9543,28019,2012,34109.4
9544,28020,2012,5048.2
9545,28021,2012,228222.6
9546,28022,2012,1001404.4
9547,28023,2012,9361.6
9548,28024,2012,10193.6
9549,28025,2012,53858.4
9550,28026,2012,7118.8
9551,28027,2012,784659.4
9552,28028,2012,7027.0
9553,28029,2012,26299.8
9554,28030,2012,28132.4
9555,28031,2012,3666.2
9556,28032,2012,1257376.2
9557,28033,2012,243483.6
9558,28034,2012,18306.6
9559,28035,2012,112899.8
9560,28036,2012,2040.6
9561,28037,2012,50183.6
9562,28038,2012,595116.4
9563,28039,2012,55528.8
9564,28040,2012,125630.6
9565,28041,2012,655801.4
9566,28042,2012,12536.2
9567,28043,2012,45847.6
9568,29000,2012,1207367.4
9569,29001,2012,20370.4
9570,29002,2012,27778.8
9571,29003,2012,12694.0
9572,29004,2012,32826.8
9573,29005,2012,154723.8
9574,29006,2012,92469.0
9575,29007,2012,31522.6
9576,29008,2012,28431.6
9577,29009,2012,10476.8
9578,29010,2012,135141.2
9579,29011,2012,8803.8
9580,29012,2012,17306.0
9581,29013,2012,175677.8
9582,29014,2012,28361.0
9583,29015,2012,71964.8
9584,29016,2012,13907.0
9585,29017,2012,20233.6
9586,29018,2012,71572.4
9587,29019,2012,38886.6
9588,29020,2012,17397.6
9589,29021,2012,34246.6
9590,29022,2012,11710.4
9591,29023,2012,48363.6
9592,29024,2012,51550.2
9593,29025,2012,144512.6
9594,29026,2012,38400.0
9595,29027,2012,24022.6
9596,29028,2012,44806.8
9597,29029,2012,23015.8
9598,29030,2012,28313.0
9599,29031,2012,60268.4
9600,29032,2012,25314.4
9601,29033,2012,183644.4
9602,29034,2012,82430.4
9603,29035,2012,11462.4
9604,29036,2012,42018.8
9605,29037,2012,16863.8
9606,29038,2012,30615.0
9607,29039,2012,45090.6
9608,29040,2012,19923.8
9609,29041,2012,56608.0
9610,29042,2012,25286.8
9611,29043,2012,69846.8
9612,29044,2012,80154.2
9613,29045,2012,11596.2
9614,29046,2012,8689.2
9615,29047,2012,5865.0
9616,29048,2012,34548.8
9617,29049,2012,10459.6
9618,29050,2012,20523.4
9619,29051,2012,7387.4
9620,29052,2012,11661.0
9621,29053,2012,14009.0
9622,29054,2012,10355.0
9623,29055,2012,5788.0
9624,29056,2012,14159.4
9625,29057,2012,8832.8
9626,29058,2012,16572.4
9627,29059,2012,13174.6
9628,29060,2012,9274.8
9629,30000,2012,7770975.6
9630,30001,2012,17065.8
9631,30002,2012,6316.6
9632,30003,2012,167256.0
9633,30004,2012,82630.0
9634,30005,2012,10332.4
9635,30006,2012,42806.6
9636,30007,2012,12597.4
9637,30008,2012,19640.8
9638,30009,2012,56266.2
9639,30010,2012,122392.0
9640,30011,2012,106343.8
9641,30012,2012,15149.4
9642,30013,2012,55011.2
9643,30014,2012,87499.4
9644,30015,2012,67498.2
9645,30016,2012,52329.4
9646,30017,2012,8332.0
9647,30018,2012,3666.4
9648,30019,2012,12355.6
9649,30020,2012,20349.2
9650,30021,2012,46277.8
9651,30022,2012,41178.4
9652,30023,2012,97228.0
9653,30024,2012,30000.8
9654,30025,2012,51633.4
9655,30026,2012,44929.6
9656,30027,2012,33223.0
9657,30028,2012,278729.6
9658,30029,2012,26166.8
9659,30030,2012,83578.8
9660,30031,2012,33739.0
9661,30032,2012,98393.0
9662,30033,2012,47433.6
9663,30034,2012,51361.8
9664,30035,2012,22227.4
9665,30036,2012,19496.6
9666,30037,2012,15794.8
9667,30038,2012,176511.6
9668,30039,2012,614526.0
9669,30040,2012,99635.2
9670,30041,2012,4387.8
9671,30042,2012,11501.4
9672,30043,2012,37961.6
9673,30044,2012,396407.4
9674,30045,2012,113856.2
9675,30046,2012,31553.6
9676,30047,2012,107856.0
9677,30048,2012,240960.6
9678,30049,2012,40606.8
9679,30050,2012,31329.8
9680,30051,2012,44187.8
9681,30052,2012,23389.2
9682,30053,2012,53380.0
9683,30054,2012,23376.2
9684,30055,2012,25739.6
9685,30056,2012,13542.6
9686,30057,2012,26712.0
9687,30058,2012,109714.6
9688,30059,2012,33663.0
9689,30060,2012,31086.2
9690,30061,2012,158279.8
9691,30062,2012,38104.8
9692,30063,2012,29110.8
9693,30064,2012,7825.6
9694,30065,2012,133104.0
9695,30066,2012,51725.4
9696,30067,2012,33946.2
9697,30068,2012,122223.6
9698,30069,2012,48694.2
9699,30070,2012,36946.0
9700,30071,2012,111346.0
9701,30072,2012,42013.4
9702,30073,2012,83446.8
9703,30074,2012,13717.2
9704,30075,2012,34049.4
9705,30076,2012,27070.8
9706,30077,2012,85676.4
9707,30078,2012,25312.4
9708,30079,2012,21739.4
9709,30080,2012,43515.2
9710,30081,2012,44760.4
9711,30082,2012,30279.4
9712,30083,2012,100185.2
9713,30084,2012,11579.4
9714,30085,2012,134261.0
9715,30086,2012,83926.6
9716,30087,2012,928268.2
9717,30088,2012,9928.8
9718,30089,2012,79301.2
9719,30090,2012,21083.0
9720,30091,2012,55476.8
9721,30092,2012,72298.6
9722,30093,2012,31167.8
9723,30094,2012,75315.4
9724,30095,2012,32414.0
9725,30096,2012,3090.8
9726,30097,2012,39935.2
9727,30098,2012,5991.6
9728,30099,2012,34382.0
9729,30100,2012,45782.2
9730,30101,2012,69796.4
9731,30102,2012,206245.2
9732,30103,2012,24012.4
9733,30104,2012,34816.0
9734,30105,2012,132977.2
9735,30106,2012,9030.2
9736,30107,2012,5808.8
9737,30108,2012,310853.2
9738,30109,2012,127303.0
9739,30110,2012,21470.6
9740,30111,2012,32704.6
9741,30112,2012,41589.0
9742,30113,2012,9057.8
9743,30114,2012,20323.6
9744,30115,2012,70437.6
9745,30116,2012,30686.2
9746,30117,2012,45651.6
9747,30118,2012,242872.4
9748,30119,2012,10741.2
9749,30120,2012,28113.2
9750,30121,2012,49404.8
9751,30122,2012,32739.0
9752,30123,2012,195599.4
9753,30124,2012,318281.8
9754,30125,2012,59547.4
9755,30126,2012,65645.4
9756,30127,2012,49155.4
9757,30128,2012,143806.8
9758,30129,2012,36152.2
9759,30130,2012,81979.6
9760,30131,2012,385154.4
9761,30132,2012,36879.2
9762,30133,2012,111901.0
9763,30134,2012,44120.2
9764,30135,2012,42051.2
9765,30136,2012,14608.4
9766,30137,2012,11310.2
9767,30138,2012,81735.2
9768,30139,2012,11968.6
9769,30140,2012,5604.0
9770,30141,2012,317117.6
9771,30142,2012,67233.2
9772,30143,2012,113474.2
9773,30144,2012,64907.2
9774,30145,2012,29867.8
9775,30146,2012,7173.2
9776,30147,2012,44053.6
9777,30148,2012,54598.4
9778,30149,2012,66050.8
9779,30150,2012,22773.6
9780,30151,2012,46877.2
9781,30152,2012,24740.4
9782,30153,2012,11753.8
9783,30154,2012,25550.2
9784,30155,2012,203755.2
9785,30156,2012,11375.6
9786,30157,2012,38034.2
9787,30158,2012,50571.4
9788,30159,2012,49440.8
9789,30160,2012,210642.4
9790,30161,2012,71010.6
9791,30162,2012,12582.2
9792,30163,2012,10389.0
9793,30164,2012,32957.2
9794,30165,2012,16768.4
9795,30166,2012,18177.0
9796,30167,2012,28333.6
9797,30168,2012,29978.6
9798,30169,2012,47725.8
9799,30170,2012,21359.8
9800,30171,2012,10697.2
9801,30172,2012,40667.4
9802,30173,2012,105984.0
9803,30174,2012,189436.8
9804,30175,2012,181571.4
9805,30176,2012,9234.2
9806,30177,2012,21175.2
9807,30178,2012,26635.0
9808,30179,2012,8058.6
9809,30180,2012,22454.0
9810,30181,2012,74785.2
9811,30182,2012,34027.2
9812,30183,2012,117580.0
9813,30184,2012,14669.8
9814,30185,2012,10032.0
9815,30186,2012,13708.0
9816,30187,2012,11576.2
9817,30188,2012,33132.8
9818,30189,2012,292151.6
9819,30190,2012,4394.8
9820,30191,2012,58493.4
9821,30192,2012,39748.6
9822,30193,2012,1126478.0
9823,30194,2012,22359.6
9824,30195,2012,10624.6
9825,30196,2012,35140.4
9826,30197,2012,22697.0
9827,30198,2012,13624.2
9828,30199,2012,21941.6
9829,30200,2012,24848.2
9830,30201,2012,85093.8
9831,30202,2012,28131.8
9832,30203,2012,27323.2
9833,30204,2012,91404.6
9834,30205,2012,38671.6
9835,30206,2012,55104.6
9836,30207,2012,90692.4
9837,30208,2012,46090.8
9838,30209,2012,28984.0
9839,30210,2012,56340.2
9840,30211,2012,59179.6
9841,30212,2012,25304.6
9842,31000,2012,2034240.6
9843,31001,2012,12796.8
9844,31002,2012,31279.6
9845,31003,2012,21531.4
9846,31004,2012,11676.4
9847,31005,2012,4152.4
9848,31006,2012,17567.4
9849,31007,2012,13918.8
9850,31008,2012,8174.0
9851,31009,2012,9309.4
9852,31010,2012,4986.2
9853,31011,2012,14303.8
9854,31012,2012,7476.2
9855,31013,2012,21373.4
9856,31014,2012,3252.0
9857,31015,2012,10175.2
9858,31016,2012,5756.2
9859,31017,2012,9035.4
9860,31018,2012,6220.2
9861,31019,2012,69361.8
9862,31020,2012,8404.0
9863,31021,2012,16543.4
9864,31022,2012,8412.2
9865,31023,2012,9211.6
9866,31024,2012,6346.2
9867,31025,2012,10308.8
9868,31026,2012,7047.0
9869,31027,2012,16380.2
9870,31028,2012,5147.0
9871,31029,2012,11982.2
9872,31030,2012,7275.6
9873,31031,2012,5565.4
9874,31032,2012,31681.4
9875,31033,2012,39046.2
9876,31034,2012,12317.6
9877,31035,2012,11688.8
9878,31036,2012,14883.8
9879,31037,2012,9853.8
9880,31038,2012,63254.4
9881,31039,2012,7790.0
9882,31040,2012,53055.4
9883,31041,2012,182795.4
9884,31042,2012,11046.0
9885,31043,2012,5790.4
9886,31044,2012,13532.6
9887,31045,2012,4990.8
9888,31046,2012,5950.4
9889,31047,2012,10826.4
9890,31048,2012,44353.4
9891,31049,2012,6823.0
9892,31050,2012,1727564.4
9893,31051,2012,6315.0
9894,31052,2012,69550.8
9895,31053,2012,25167.8
9896,31054,2012,5605.2
9897,31055,2012,12900.2
9898,31056,2012,60557.6
9899,31057,2012,15217.6
9900,31058,2012,49124.4
9901,31059,2012,112750.0
9902,31060,2012,1897.8
9903,31061,2012,7162.0
9904,31062,2012,9341.6
9905,31063,2012,10280.0
9906,31064,2012,3270.8
9907,31065,2012,3839.4
9908,31066,2012,7833.2
9909,31067,2012,18882.4
9910,31068,2012,6296.6
9911,31069,2012,17124.4
9912,31070,2012,8015.6
9913,31071,2012,3503.0
9914,31072,2012,3749.6
9915,31073,2012,9491.4
9916,31074,2012,7289.6
9917,31075,2012,12724.0
9918,31076,2012,33118.4
9919,31077,2012,5251.6
9920,31078,2012,7396.8
9921,31079,2012,83051.2
9922,31080,2012,20253.0
9923,31081,2012,6331.2
9924,31082,2012,7131.2
9925,31083,2012,3531.2
9926,31084,2012,13743.4
9927,31085,2012,30480.6
9928,31086,2012,4422.0
9929,31087,2012,9756.0
9930,31088,2012,3931.6
9931,31089,2012,76570.0
9932,31090,2012,13979.6
9933,31091,2012,23376.6
9934,31092,2012,13844.8
9935,31093,2012,34885.4
9936,31094,2012,9803.2
9937,31095,2012,10910.4
9938,31096,2012,150379.0
9939,31097,2012,7048.4
9940,31098,2012,28637.6
9941,31099,2012,7729.8
9942,31100,2012,7191.6
9943,31101,2012,109396.4
9944,31102,2012,153496.4
9945,31103,2012,6564.4
9946,31104,2012,30310.8
9947,31105,2012,5929.0
9948,31106,2012,4325.8
9949,32000,2012,1526485.0
9950,32001,2012,12697.4
9951,32002,2012,10033.6
9952,32003,2012,5247.8
9953,32004,2012,8819.6
9954,32005,2012,82602.0
9955,32006,2012,16503.6
9956,32007,2012,25418.8
9957,32008,2012,24560.2
9958,32009,2012,21023.4
9959,32010,2012,438860.6
9960,32011,2012,6265.0
9961,32012,2012,16342.6
9962,32013,2012,12185.2
9963,32014,2012,43341.2
9964,32015,2012,3235.8
9965,32016,2012,45270.6
9966,32017,2012,340975.8
9967,32018,2012,8787.6
9968,32019,2012,48038.2
9969,32020,2012,116366.8
9970,32021,2012,9214.4
9971,32022,2012,40772.2
9972,32023,2012,24596.8
9973,32024,2012,99036.2
9974,32025,2012,24986.0
9975,32026,2012,35906.4
9976,32027,2012,5409.8
9977,32028,2012,5227.0
9978,32029,2012,45218.6
9979,32030,2012,5038.8
9980,32031,2012,18061.4
9981,32032,2012,23754.8
9982,32033,2012,9202.6
9983,32034,2012,56082.2
9984,32035,2012,31547.2
9985,32036,2012,83155.0
9986,32037,2012,34601.8
9987,32038,2012,141021.2
9988,32039,2012,126232.8
9989,32040,2012,43270.6
9990,32041,2012,5409.0
9991,32042,2012,123645.8
9992,32043,2012,2726.8
9993,32044,2012,31744.0
9994,32045,2012,16547.6
9995,32046,2012,13964.0
9996,32047,2012,11017.0
9997,32048,2012,51769.0
9998,32049,2012,66711.8
9999,32050,2012,19095.6
10000,32051,2012,69453.0
10001,32052,2012,37097.6
10002,32053,2012,25985.0
10003,32054,2012,37417.6
10004,32055,2012,59868.4
10005,32056,2012,281109.4
10006,32057,2012,35312.6
10007,32058,2012,5661.2
10008,0,2013,116862227.6
10009,1000,2013,1263531.2
10010,1001,2013,1687232.1
10011,1002,2013,95074.0
10012,1003,2013,111012.8
10013,1004,2013,31426.9
10014,1005,2013,217966.3
10015,1006,2013,87788.0
10016,1007,2013,104128.2
10017,1008,2013,17611.5
10018,1009,2013,41269.1
10019,1010,2013,39633.7
10020,1011,2013,87567.9
10021,2000,2013,3352257.9
10022,2001,2013,924534.3
10023,2002,2013,1946250.5
10024,2003,2013,207863.2
10025,2004,2013,3338343.5
10026,2005,2013,203606.8
10027,2006,2013,
10028,3000,2013,694489.6
10029,3001,2013,144949.3
10030,3002,2013,122656.2
10031,3003,2013,531053.4
10032,3008,2013,546448.2
10033,3009,2013,34834.8
10034,4000,2013,862724.8
10035,4001,2013,109697.0
10036,4002,2013,540296.3
10037,4003,2013,461659.6
10038,4004,2013,163751.4
10039,4005,2013,58815.7
10040,4006,2013,78338.5
10041,4007,2013,17334.2
10042,4008,2013,20530.3
10043,4009,2013,112473.7
10044,4010,2013,57005.9
10045,4011,2013,87847.5
10046,4012,2013,
10047,5000,2013,2878456.2
10048,5001,2013,2164.5
10049,5002,2013,289675.2
10050,5003,2013,45715.7
10051,5004,2013,50469.9
10052,5005,2013,3541.7
10053,5006,2013,53909.5
10054,5007,2013,26024.9
10055,5008,2013,5925.5
10056,5009,2013,113630.8
10057,5010,2013,154830.8
10058,5011,2013,23748.0
10059,5012,2013,4142.4
10060,5013,2013,3744.6
10061,5014,2013,19918.0
10062,5015,2013,3297.2
10063,5016,2013,3657.5
10064,5017,2013,221520.5
10065,5018,2013,445758.9
10066,5019,2013,16414.6
10067,5020,2013,136968.2
10068,5021,2013,12877.6
10069,5022,2013,59221.4
10070,5023,2013,21468.8
10071,5024,2013,90586.1
10072,5025,2013,320711.4
10073,5026,2013,6874.4
10074,5027,2013,179794.9
10075,5028,2013,124311.4
10076,5029,2013,4744.3
10077,5030,2013,1543700.4
10078,5031,2013,46016.3
10079,5032,2013,83827.1
10080,5033,2013,205016.4
10081,5034,2013,13111.1
10082,5035,2013,1328099.9
10083,5036,2013,42186.1
10084,5037,2013,12695.4
10085,5038,2013,26059.8
10086,6000,2013,678892.3
10087,6001,2013,56987.5
10088,6002,2013,300418.0
10089,6003,2013,42483.5
10090,6004,2013,39860.3
10091,6005,2013,56909.7
10092,6006,2013,10881.4
10093,6007,2013,341473.3
10094,6008,2013,17633.1
10095,6009,2013,229053.4
10096,6010,2013,257997.9
10097,7000,2013,5071630.0
10098,7001,2013,34619.0
10099,7002,2013,53620.9
10100,7003,2013,55279.7
10101,7004,2013,63728.2
10102,7005,2013,44635.6
10103,7006,2013,60462.5
10104,7007,2013,19024.9
10105,7008,2013,56696.7
10106,7009,2013,81595.3
10107,7010,2013,15110.1
10108,7011,2013,39150.3
10109,7012,2013,100404.9
10110,7013,2013,65278.7
10111,7014,2013,40573.5
10112,7015,2013,91551.3
10113,7016,2013,35074.5
10114,7017,2013,166189.1
10115,7018,2013,17810.4
10116,7019,2013,297602.5
10117,7020,2013,93530.0
10118,7021,2013,43122.1
10119,7022,2013,32786.8
10120,7023,2013,168898.5
10121,7024,2013,23350.6
10122,7025,2013,14782.5
10123,7026,2013,78987.2
10124,7027,2013,190749.5
10125,7028,2013,11269.5
10126,7029,2013,10277.6
10127,7030,2013,66587.6
10128,7031,2013,238833.1
10129,7032,2013,60993.6
10130,7033,2013,14162.7
10131,7034,2013,142820.5
10132,7035,2013,26494.6
10133,7036,2013,14808.6
10134,7037,2013,68731.8
10135,7038,2013,43905.3
10136,7039,2013,48341.6
10137,7040,2013,104397.0
10138,7041,2013,85695.3
10139,7042,2013,21242.6
10140,7043,2013,20937.2
10141,7044,2013,51818.2
10142,7045,2013,11462.0
10143,7046,2013,78882.7
10144,7047,2013,41149.7
10145,7048,2013,42608.1
10146,7049,2013,47247.5
10147,7050,2013,10249.9
10148,7051,2013,91052.6
10149,7052,2013,241237.9
10150,7053,2013,15692.1
10151,7054,2013,54488.0
10152,7055,2013,10573.4
10153,7056,2013,23872.8
10154,7057,2013,143080.7
10155,7058,2013,8903.5
10156,7059,2013,422167.3
10157,7060,2013,25082.0
10158,7061,2013,175846.7
10159,7062,2013,35184.2
10160,7063,2013,7713.1
10161,7064,2013,93672.5
10162,7065,2013,236351.8
10163,7066,2013,44796.1
10164,7067,2013,22614.3
10165,7068,2013,60963.7
10166,7069,2013,103503.9
10167,7070,2013,25848.3
10168,7071,2013,57899.1
10169,7072,2013,61363.4
10170,7073,2013,19175.2
10171,7074,2013,83892.8
10172,7075,2013,53271.9
10173,7076,2013,53202.9
10174,7077,2013,119270.0
10175,7078,2013,389844.4
10176,7079,2013,71707.6
10177,7080,2013,69080.1
10178,7081,2013,88261.7
10179,7082,2013,26613.7
10180,7083,2013,35596.7
10181,7084,2013,16513.0
10182,7085,2013,20177.0
10183,7086,2013,45115.0
10184,7087,2013,74477.4
10185,7088,2013,4531.6
10186,7089,2013,661806.5
10187,7090,2013,8502.1
10188,7091,2013,25275.2
10189,7092,2013,71166.2
10190,7093,2013,85277.1
10191,7094,2013,82487.0
10192,7096,2013,150158.3
10193,7097,2013,175768.6
10194,7098,2013,13289.7
10195,7099,2013,152583.7
10196,7100,2013,67338.0
10197,7101,2013,1137567.3
10198,7102,2013,77496.1
10199,7103,2013,57792.0
10200,7104,2013,29784.9
10201,7105,2013,29366.2
10202,7106,2013,127082.5
10203,7107,2013,148760.1
10204,7108,2013,207988.1
10205,7109,2013,72310.0
10206,7110,2013,13955.3
10207,7111,2013,78308.4
10208,7112,2013,63391.2
10209,7113,2013,12200.7
10210,7114,2013,38470.9
10211,7115,2013,24874.9
10212,7116,2013,21538.1
10213,7117,2013,14854.1
10214,7118,2013,10004.2
10215,7119,2013,7521.4
10216,7120,2013,
10217,7121,2013,
10218,7122,2013,
10219,7123,2013,
10220,7124,2013,
10221,7125,2013,
10222,8000,2013,3541123.8
10223,8001,2013,25196.7
10224,8002,2013,47342.7
10225,8003,2013,17000.7
10226,8004,2013,31893.0
10227,8005,2013,49650.1
10228,8006,2013,12031.0
10229,8007,2013,35684.4
10230,8008,2013,28062.9
10231,8009,2013,55362.2
10232,8010,2013,46530.2
10233,8011,2013,98921.5
10234,8012,2013,17741.9
10235,8013,2013,22299.4
10236,8014,2013,4519.0
10237,8015,2013,3290.9
10238,8016,2013,7845.0
10239,8017,2013,325822.9
10240,8018,2013,10897.8
10241,8019,2013,1710740.8
10242,8020,2013,15945.4
10243,8021,2013,284477.6
10244,8022,2013,5562.5
10245,8023,2013,12406.1
10246,8024,2013,7819.3
10247,8025,2013,16311.7
10248,8026,2013,5988.4
10249,8027,2013,102262.7
10250,8028,2013,11801.8
10251,8029,2013,107508.7
10252,8030,2013,18673.6
10253,8031,2013,77958.6
10254,8032,2013,220439.6
10255,8033,2013,2040.4
10256,8034,2013,12878.1
10257,8035,2013,22237.3
10258,8036,2013,83050.2
10259,8037,2013,2773102.5
10260,8038,2013,10026.5
10261,8039,2013,8227.2
10262,8040,2013,56940.4
10263,8041,2013,3621.3
10264,8042,2013,3112.8
10265,8043,2013,6025.5
10266,8044,2013,8977.9
10267,8045,2013,90000.3
10268,8046,2013,16936.3
10269,8047,2013,10309.8
10270,8048,2013,46052.0
10271,8049,2013,5744.9
10272,8050,2013,122745.4
10273,8051,2013,15662.1
10274,8052,2013,51760.2
10275,8053,2013,9874.8
10276,8054,2013,15920.3
10277,8055,2013,34378.4
10278,8056,2013,4428.3
10279,8057,2013,4574.5
10280,8058,2013,5965.2
10281,8059,2013,9779.1
10282,8060,2013,21689.0
10283,8061,2013,7307.9
10284,8062,2013,63847.4
10285,8063,2013,12075.3
10286,8064,2013,3548.4
10287,8065,2013,41266.2
10288,8066,2013,15946.5
10289,8067,2013,10168.5
10290,9000,2013,8959335.7
10291,9002,2013,839918.4
10292,9003,2013,1237250.6
10293,9004,2013,391592.9
10294,9005,2013,2364091.4
10295,9006,2013,780873.4
10296,9007,2013,3643392.0
10297,9008,2013,483320.2
10298,9009,2013,274591.7
10299,9010,2013,1473331.0
10300,9011,2013,739797.1
10301,9012,2013,1331000.8
10302,9013,2013,846397.0
10303,9014,2013,800106.4
10304,9015,2013,1072093.8
10305,9016,2013,770726.6
10306,9017,2013,869591.6
10307,10000,2013,1708153.5
10308,10001,2013,63158.5
10309,10002,2013,8662.4
10310,10003,2013,8831.2
10311,10004,2013,68265.3
10312,10005,2013,1230073.1
10313,10006,2013,20944.5
10314,10007,2013,684198.4
10315,10008,2013,70067.0
10316,10009,2013,20652.3
10317,10010,2013,8370.6
10318,10011,2013,10289.0
10319,10012,2013,296111.3
10320,10013,2013,51584.4
10321,10014,2013,78629.8
10322,10015,2013,25192.5
10323,10016,2013,37417.4
10324,10017,2013,18529.3
10325,10018,2013,22134.2
10326,10019,2013,10379.9
10327,10020,2013,24332.9
10328,10021,2013,21441.9
10329,10022,2013,50297.0
10330,10023,2013,100275.7
10331,10024,2013,25638.7
10332,10025,2013,6605.6
10333,10026,2013,38687.5
10334,10027,2013,11563.4
10335,10028,2013,23893.9
10336,10029,2013,4317.6
10337,10030,2013,3427.8
10338,10031,2013,13858.0
10339,10032,2013,93185.0
10340,10033,2013,13682.3
10341,10034,2013,54303.0
10342,10035,2013,22505.0
10343,10036,2013,43941.8
10344,10037,2013,18381.3
10345,10038,2013,43664.1
10346,10039,2013,53508.7
10347,11000,2013,5708755.4
10348,11001,2013,173736.3
10349,11002,2013,218218.0
10350,11003,2013,330067.1
10351,11004,2013,128414.4
10352,11005,2013,190544.0
10353,11006,2013,11048.8
10354,11007,2013,969244.9
10355,11008,2013,77321.8
10356,11009,2013,158504.9
10357,11010,2013,23018.6
10358,11011,2013,182741.3
10359,11012,2013,56870.8
10360,11013,2013,49124.2
10361,11014,2013,306100.3
10362,11015,2013,357387.3
10363,11016,2013,40890.5
10364,11017,2013,1097985.1
10365,11018,2013,74580.8
10366,11019,2013,101011.5
10367,11020,2013,3046775.7
10368,11021,2013,97521.3
10369,11022,2013,48383.6
10370,11023,2013,303710.6
10371,11024,2013,23170.3
10372,11025,2013,146798.8
10373,11026,2013,119377.4
10374,11027,2013,529955.6
10375,11028,2013,192419.4
10376,11029,2013,76835.5
10377,11030,2013,222301.0
10378,11031,2013,237789.6
10379,11032,2013,155395.8
10380,11033,2013,239800.3
10381,11034,2013,10628.9
10382,11035,2013,160740.3
10383,11036,2013,13376.7
10384,11037,2013,365270.9
10385,11038,2013,23135.2
10386,11039,2013,71491.8
10387,11040,2013,37498.4
10388,11041,2013,119959.6
10389,11042,2013,288192.8
10390,11043,2013,40701.2
10391,11044,2013,117868.2
10392,11045,2013,22922.6
10393,11046,2013,140463.9
10394,12000,2013,3444691.2
10395,12001,2013,1574010.5
10396,12002,2013,50368.1
10397,12003,2013,76236.4
10398,12004,2013,39321.1
10399,12005,2013,13981.1
10400,12006,2013,24086.2
10401,12007,2013,65167.7
10402,12008,2013,17264.3
10403,12009,2013,11477.3
10404,12010,2013,54054.8
10405,12011,2013,122464.1
10406,12012,2013,129327.8
10407,12013,2013,29339.3
10408,12014,2013,30364.2
10409,12015,2013,25591.8
10410,12016,2013,25992.5
10411,12017,2013,29961.2
10412,12018,2013,27808.9
10413,12019,2013,29738.5
10414,12020,2013,39423.3
10415,12021,2013,146839.1
10416,12022,2013,82864.1
10417,12023,2013,52526.2
10418,12024,2013,14575.8
10419,12025,2013,31383.9
10420,12026,2013,17839.2
10421,12027,2013,42479.1
10422,12028,2013,243577.0
10423,12029,2013,508701.3
10424,12030,2013,41630.4
10425,12031,2013,12684.5
10426,12032,2013,73922.1
10427,12033,2013,30658.2
10428,12034,2013,74353.7
10429,12035,2013,289252.5
10430,12036,2013,22189.5
10431,12037,2013,12952.9
10432,12038,2013,241489.8
10433,12039,2013,49787.9
10434,12040,2013,50481.1
10435,12041,2013,59255.1
10436,12042,2013,35957.2
10437,12043,2013,37968.0
10438,12044,2013,23401.5
10439,12045,2013,51968.6
10440,12046,2013,127007.5
10441,12047,2013,14091.4
10442,12048,2013,90256.1
10443,12049,2013,23874.7
10444,12050,2013,75025.2
10445,12051,2013,70309.3
10446,12052,2013,87174.5
10447,12053,2013,98099.3
10448,12054,2013,53952.4
10449,12055,2013,209110.7
10450,12056,2013,89380.2
10451,12057,2013,126745.0
10452,12058,2013,107692.0
10453,12059,2013,61213.6
10454,12060,2013,26522.8
10455,12061,2013,82126.0
10456,12062,2013,43569.5
10457,12063,2013,20028.8
10458,12064,2013,23119.7
10459,12065,2013,14523.4
10460,12066,2013,171830.8
10461,12067,2013,43906.1
10462,12068,2013,52024.9
10463,12069,2013,24333.1
10464,12070,2013,14638.7
10465,12071,2013,57394.8
10466,12072,2013,21926.6
10467,12073,2013,37756.6
10468,12074,2013,44816.4
10469,12075,2013,96577.0
10470,12076,2013,70091.9
10471,12077,2013,26688.7
10472,12078,2013,39175.6
10473,12079,2013,33008.1
10474,12080,2013,14580.6
10475,12081,2013,21744.5
10476,13000,2013,2793702.8
10477,13001,2013,41483.7
10478,13002,2013,84470.3
10479,13003,2013,112636.9
10480,13004,2013,18785.9
10481,13005,2013,35220.3
10482,13006,2013,37973.2
10483,13007,2013,23504.8
10484,13008,2013,87723.3
10485,13009,2013,36228.3
10486,13010,2013,56604.8
10487,13011,2013,39150.7
10488,13012,2013,55808.1
10489,13013,2013,80993.7
10490,13014,2013,33531.6
10491,13015,2013,37457.6
10492,13016,2013,112601.9
10493,13017,2013,24987.0
10494,13018,2013,45200.6
10495,13019,2013,35766.4
10496,13020,2013,5500.1
10497,13021,2013,27822.6
10498,13022,2013,29207.3
10499,13023,2013,69216.6
10500,13024,2013,34649.7
10501,13025,2013,44076.4
10502,13026,2013,25579.5
10503,13027,2013,46764.0
10504,13028,2013,248197.8
10505,13029,2013,90523.1
10506,13030,2013,180106.6
10507,13031,2013,25366.0
10508,13032,2013,21716.9
10509,13033,2013,6223.6
10510,13034,2013,19549.3
10511,13035,2013,23858.4
10512,13036,2013,18788.7
10513,13037,2013,42907.8
10514,13038,2013,16517.6
10515,13039,2013,28031.9
10516,13040,2013,20548.8
10517,13041,2013,88338.3
10518,13042,2013,22691.6
10519,13043,2013,13031.8
10520,13044,2013,32221.9
10521,13045,2013,18125.2
10522,13046,2013,78017.2
10523,13047,2013,9939.6
10524,13048,2013,563652.3
10525,13049,2013,36819.1
10526,13050,2013,45299.1
10527,13051,2013,300066.2
10528,13052,2013,68248.1
10529,13053,2013,36080.4
10530,13054,2013,67962.6
10531,13055,2013,33425.6
10532,13056,2013,70651.7
10533,13057,2013,30051.0
10534,13058,2013,34076.6
10535,13059,2013,71927.1
10536,13060,2013,34605.9
10537,13061,2013,106161.7
10538,13062,2013,59552.3
10539,13063,2013,167255.1
10540,13064,2013,20414.9
10541,13065,2013,22631.3
10542,13066,2013,24145.1
10543,13067,2013,100333.3
10544,13068,2013,28274.9
10545,13069,2013,237484.5
10546,13070,2013,35460.6
10547,13071,2013,19229.3
10548,13072,2013,21055.8
10549,13073,2013,73609.9
10550,13074,2013,54651.2
10551,13075,2013,31375.5
10552,13076,2013,214608.6
10553,13077,2013,313258.8
10554,13078,2013,37660.8
10555,13079,2013,14466.5
10556,13080,2013,47856.5
10557,13081,2013,68335.4
10558,13082,2013,38136.2
10559,13083,2013,89646.8
10560,13084,2013,77949.6
10561,14000,2013,7676477.1
10562,14001,2013,43742.6
10563,14002,2013,49263.7
10564,14003,2013,44638.3
10565,14004,2013,11305.7
10566,14005,2013,30455.5
10567,14006,2013,116640.4
10568,14007,2013,18116.8
10569,14008,2013,150820.9
10570,14009,2013,37293.9
10571,14010,2013,14004.8
10572,14011,2013,10950.7
10573,14012,2013,8359.2
10574,14013,2013,119452.7
10575,14014,2013,16858.2
10576,14015,2013,119982.4
10577,14016,2013,78635.3
10578,14017,2013,25589.3
10579,14018,2013,130952.9
10580,14019,2013,14370.2
10581,14020,2013,20830.3
10582,14021,2013,42495.0
10583,14022,2013,78869.9
10584,14023,2013,210980.7
10585,14024,2013,54276.4
10586,14025,2013,37201.4
10587,14026,2013,12125.6
10588,14027,2013,35428.5
10589,14028,2013,4412.6
10590,14029,2013,35861.1
10591,14030,2013,101590.9
10592,14031,2013,7371.1
10593,14032,2013,11751.4
10594,14033,2013,42453.5
10595,14034,2013,4121.7
10596,14035,2013,104672.9
10597,14036,2013,38162.9
10598,14037,2013,49040.7
10599,14038,2013,8708.8
10600,14039,2013,2924644.4
10601,14040,2013,19708.5
10602,14041,2013,12102.5
10603,14042,2013,18396.9
10604,14043,2013,46974.5
10605,14044,2013,98572.7
10606,14045,2013,39253.8
10607,14046,2013,64686.5
10608,14047,2013,47000.0
10609,14048,2013,37720.8
10610,14049,2013,19581.6
10611,14050,2013,87421.2
10612,14051,2013,37059.0
10613,14052,2013,11085.9
10614,14053,2013,319776.5
10615,14054,2013,10927.5
10616,14055,2013,42951.3
10617,14056,2013,4862.9
10618,14057,2013,7724.2
10619,14058,2013,29007.1
10620,14059,2013,27002.9
10621,14060,2013,11752.5
10622,14061,2013,40778.6
10623,14062,2013,7250.1
10624,14063,2013,193864.6
10625,14064,2013,62432.3
10626,14065,2013,24099.5
10627,14066,2013,100092.5
10628,14067,2013,533236.7
10629,14068,2013,23329.5
10630,14069,2013,16947.7
10631,14070,2013,333532.4
10632,14071,2013,6356.2
10633,14072,2013,14068.3
10634,14073,2013,135242.3
10635,14074,2013,31829.1
10636,14075,2013,7634.2
10637,14076,2013,6783.3
10638,14077,2013,53734.6
10639,14078,2013,63225.1
10640,14079,2013,29509.7
10641,14080,2013,11231.2
10642,14081,2013,7333.6
10643,14082,2013,71220.8
10644,14083,2013,149488.5
10645,14084,2013,29639.1
10646,14085,2013,76899.4
10647,14086,2013,38242.5
10648,14087,2013,34058.0
10649,14088,2013,33206.5
10650,14089,2013,7390.4
10651,14090,2013,14298.7
10652,14091,2013,80428.6
10653,14092,2013,21811.8
10654,14093,2013,281320.2
10655,14094,2013,84022.1
10656,14095,2013,18560.8
10657,14096,2013,42902.7
10658,14097,2013,1020413.2
10659,14098,2013,1263668.2
10660,14099,2013,20214.7
10661,14100,2013,71268.4
10662,14101,2013,1012201.4
10663,14102,2013,11904.5
10664,14103,2013,14724.3
10665,14104,2013,8813.0
10666,14105,2013,45016.9
10667,14106,2013,9302.8
10668,14107,2013,12894.2
10669,14108,2013,70526.9
10670,14109,2013,36043.4
10671,14110,2013,27597.4
10672,14111,2013,13583.5
10673,14112,2013,11900.9
10674,14113,2013,31464.3
10675,14114,2013,35231.6
10676,14115,2013,11336.6
10677,14116,2013,38310.8
10678,14117,2013,8558.4
10679,14118,2013,44898.1
10680,14119,2013,57394.5
10681,14120,2013,2627810.2
10682,14121,2013,61153.1
10683,14122,2013,13876.8
10684,14123,2013,36327.0
10685,14124,2013,128205.4
10686,14125,2013,35755.6
10687,15000,2013,15726661.2
10688,15001,2013,126027.1
10689,15002,2013,294091.7
10690,15003,2013,92314.5
10691,15004,2013,29998.2
10692,15005,2013,311498.5
10693,15006,2013,22856.8
10694,15007,2013,46220.2
10695,15008,2013,52117.9
10696,15009,2013,99938.2
10697,15010,2013,57673.8
10698,15011,2013,124036.4
10699,15012,2013,22209.9
10700,15013,2013,1000123.2
10701,15014,2013,196894.3
10702,15015,2013,57911.9
10703,15016,2013,53275.5
10704,15017,2013,18504.6
10705,15018,2013,106943.7
10706,15019,2013,69896.8
10707,15020,2013,565361.7
10708,15021,2013,73830.9
10709,15022,2013,26067.8
10710,15023,2013,79178.7
10711,15024,2013,303418.7
10712,15025,2013,674253.1
10713,15026,2013,57614.2
10714,15027,2013,21209.6
10715,15028,2013,54694.4
10716,15029,2013,365528.4
10717,15030,2013,48561.8
10718,15031,2013,1283352.1
10719,15032,2013,69301.0
10720,15033,2013,3305761.0
10721,15034,2013,19621.4
10722,15035,2013,237991.0
10723,15036,2013,83863.8
10724,15037,2013,510021.7
10725,15038,2013,21599.1
10726,15039,2013,979681.9
10727,15040,2013,69104.0
10728,15041,2013,13165.6
10729,15042,2013,294158.9
10730,15043,2013,56036.8
10731,15044,2013,53789.4
10732,15045,2013,169864.5
10733,15046,2013,37084.2
10734,15047,2013,142769.0
10735,15048,2013,127265.3
10736,15049,2013,27232.8
10737,15050,2013,49187.1
10738,15051,2013,290919.3
10739,15052,2013,52771.8
10740,15053,2013,107077.2
10741,15054,2013,445215.2
10742,15055,2013,24686.6
10743,15056,2013,59720.3
10744,15057,2013,1667962.6
10745,15058,2013,2204759.3
10746,15059,2013,78641.1
10747,15060,2013,771609.0
10748,15061,2013,18676.0
10749,15062,2013,129793.2
10750,15063,2013,66258.3
10751,15064,2013,70386.6
10752,15065,2013,70053.1
10753,15066,2013,9782.3
10754,15067,2013,162680.4
10755,15068,2013,56580.7
10756,15069,2013,8725.4
10757,15070,2013,537835.8
10758,15071,2013,27201.9
10759,15072,2013,27441.1
10760,15073,2013,50190.0
10761,15074,2013,256912.3
10762,15075,2013,52315.3
10763,15076,2013,160061.4
10764,15077,2013,12809.6
10765,15078,2013,18592.8
10766,15079,2013,25111.0
10767,15080,2013,50619.6
10768,15081,2013,838960.0
10769,15082,2013,147136.6
10770,15083,2013,24187.8
10771,15084,2013,76539.0
10772,15085,2013,127621.4
10773,15086,2013,67033.9
10774,15087,2013,189479.0
10775,15088,2013,190134.6
10776,15089,2013,21662.9
10777,15090,2013,163461.8
10778,15091,2013,127636.4
10779,15092,2013,109328.9
10780,15093,2013,58711.8
10781,15094,2013,37991.0
10782,15095,2013,186236.0
10783,15096,2013,71166.6
10784,15097,2013,35437.0
10785,15098,2013,10597.0
10786,15099,2013,495793.7
10787,15100,2013,77509.2
10788,15101,2013,149515.8
10789,15102,2013,31395.8
10790,15103,2013,94165.7
10791,15104,2013,1333236.2
10792,15105,2013,65312.6
10793,15106,2013,1693764.9
10794,15107,2013,24691.4
10795,15108,2013,278785.4
10796,15109,2013,991602.5
10797,15110,2013,123218.9
10798,15111,2013,98759.4
10799,15112,2013,93736.3
10800,15113,2013,125442.5
10801,15114,2013,197046.3
10802,15115,2013,97643.2
10803,15116,2013,8739.6
10804,15117,2013,29291.9
10805,15118,2013,357194.0
10806,15119,2013,34210.8
10807,15120,2013,391831.0
10808,15121,2013,1049442.8
10809,15122,2013,735753.5
10810,15123,2013,56416.4
10811,15124,2013,187932.2
10812,15125,2013,23244.0
10813,16000,2013,4490196.3
10814,16001,2013,22208.4
10815,16002,2013,32071.8
10816,16003,2013,43151.6
10817,16004,2013,29536.2
10818,16005,2013,21643.1
10819,16006,2013,249344.0
10820,16007,2013,6631.7
10821,16008,2013,49176.9
10822,16009,2013,70705.1
10823,16010,2013,43996.0
10824,16011,2013,21932.9
10825,16012,2013,86608.5
10826,16013,2013,18985.0
10827,16014,2013,30233.7
10828,16015,2013,37924.5
10829,16016,2013,41285.7
10830,16017,2013,67191.7
10831,16018,2013,18226.4
10832,16019,2013,39732.5
10833,16020,2013,57494.3
10834,16021,2013,25161.9
10835,16022,2013,46479.6
10836,16023,2013,20215.8
10837,16024,2013,37784.0
10838,16025,2013,75153.7
10839,16026,2013,10715.0
10840,16027,2013,10204.1
10841,16028,2013,10930.0
10842,16029,2013,27644.5
10843,16030,2013,25117.4
10844,16031,2013,32412.8
10845,16032,2013,29814.0
10846,16033,2013,42763.1
10847,16034,2013,240535.9
10848,16035,2013,64398.2
10849,16036,2013,23250.6
10850,16037,2013,15944.9
10851,16038,2013,84514.9
10852,16039,2013,16505.5
10853,16040,2013,34049.3
10854,16041,2013,30308.3
10855,16042,2013,27622.6
10856,16043,2013,131059.2
10857,16044,2013,26383.8
10858,16045,2013,69601.4
10859,16046,2013,28048.7
10860,16047,2013,39968.8
10861,16048,2013,11160.7
10862,16049,2013,36564.3
10863,16050,2013,165990.7
10864,16051,2013,26665.9
10865,16052,2013,368378.9
10866,16053,2013,1530724.2
10867,16054,2013,16117.8
10868,16055,2013,90489.5
10869,16056,2013,57606.9
10870,16057,2013,16282.2
10871,16058,2013,39083.1
10872,16059,2013,16998.0
10873,16060,2013,19160.3
10874,16061,2013,46543.6
10875,16062,2013,39866.2
10876,16063,2013,31446.6
10877,16064,2013,51817.7
10878,16065,2013,72426.1
10879,16066,2013,182023.6
10880,16067,2013,34039.1
10881,16068,2013,53233.7
10882,16069,2013,203883.9
10883,16070,2013,30739.5
10884,16071,2013,136552.1
10885,16072,2013,27415.2
10886,16073,2013,52149.9
10887,16074,2013,20310.8
10888,16075,2013,137231.1
10889,16076,2013,149096.4
10890,16077,2013,36534.7
10891,16078,2013,25367.8
10892,16079,2013,93326.6
10893,16080,2013,37733.9
10894,16081,2013,17725.6
10895,16082,2013,145817.6
10896,16083,2013,61360.1
10897,16084,2013,58005.5
10898,16085,2013,66983.9
10899,16086,2013,30586.0
10900,16087,2013,28354.0
10901,16088,2013,178963.6
10902,16089,2013,46780.3
10903,16090,2013,29348.7
10904,16091,2013,27891.8
10905,16092,2013,28271.3
10906,16093,2013,55764.5
10907,16094,2013,13511.1
10908,16095,2013,23683.5
10909,16096,2013,15283.9
10910,16097,2013,62624.0
10911,16098,2013,51956.7
10912,16099,2013,31803.5
10913,16100,2013,27927.1
10914,16101,2013,18950.4
10915,16102,2013,656161.3
10916,16103,2013,46969.7
10917,16104,2013,33348.1
10918,16105,2013,39219.3
10919,16106,2013,61389.4
10920,16107,2013,148994.8
10921,16108,2013,383885.1
10922,16109,2013,6490.8
10923,16110,2013,94867.5
10924,16111,2013,32410.1
10925,16112,2013,312062.8
10926,16113,2013,51555.0
10927,17000,2013,1839255.5
10928,17001,2013,34453.4
10929,17002,2013,41622.0
10930,17003,2013,70725.0
10931,17004,2013,164476.3
10932,17005,2013,19821.3
10933,17006,2013,357600.7
10934,17007,2013,738364.7
10935,17008,2013,181148.7
10936,17009,2013,39016.9
10937,17010,2013,32980.4
10938,17011,2013,404951.9
10939,17012,2013,111865.3
10940,17013,2013,30566.6
10941,17014,2013,19041.2
10942,17015,2013,44493.0
10943,17016,2013,35186.6
10944,17017,2013,110310.4
10945,17018,2013,224754.6
10946,17019,2013,52415.6
10947,17020,2013,91306.0
10948,17021,2013,15011.4
10949,17022,2013,35756.0
10950,17023,2013,14072.4
10951,17024,2013,99957.3
10952,17025,2013,64674.6
10953,17026,2013,34831.4
10954,17027,2013,22778.7
10955,17028,2013,134684.2
10956,17029,2013,200479.9
10957,17030,2013,99257.2
10958,17031,2013,70773.6
10959,17032,2013,18725.7
10960,17033,2013,30447.9
10961,17034,2013,
10962,17035,2013,
10963,17036,2013,
10964,18000,2013,1138510.7
10965,18001,2013,73794.6
10966,18002,2013,30681.5
10967,18003,2013,22633.2
10968,18004,2013,145573.3
10969,18005,2013,23684.2
10970,18006,2013,55887.2
10971,18007,2013,36479.7
10972,18008,2013,108001.3
10973,18009,2013,78029.8
10974,18010,2013,68405.7
10975,18011,2013,47526.7
10976,18012,2013,86430.9
10977,18013,2013,15186.9
10978,18014,2013,46637.7
10979,18015,2013,186948.2
10980,18016,2013,78091.1
10981,18017,2013,788789.2
10982,18018,2013,60139.3
10983,18019,2013,28593.6
10984,18020,2013,287118.7
10985,19000,2013,5005520.3
10986,19001,2013,5735.1
10987,19002,2013,6994.0
10988,19003,2013,2790.5
10989,19004,2013,66897.2
10990,19005,2013,37336.5
10991,19006,2013,1126745.9
10992,19007,2013,31000.0
10993,19008,2013,7572.8
10994,19009,2013,196294.9
10995,19010,2013,85297.9
10996,19011,2013,15593.4
10997,19012,2013,75711.7
10998,19013,2013,21797.0
10999,19014,2013,71589.0
11000,19015,2013,3378.4
11001,19016,2013,6921.7
11002,19017,2013,81157.6
11003,19018,2013,439572.0
11004,19019,2013,251050.3
11005,19020,2013,11360.8
11006,19021,2013,789861.1
11007,19022,2013,29368.9
11008,19023,2013,2922.1
11009,19024,2013,12359.3
11010,19025,2013,138776.1
11011,19026,2013,1335124.7
11012,19027,2013,4056.2
11013,19028,2013,3155.3
11014,19029,2013,14042.9
11015,19030,2013,7077.8
11016,19031,2013,642892.4
11017,19032,2013,10776.8
11018,19033,2013,161958.3
11019,19034,2013,10862.0
11020,19035,2013,2112.2
11021,19036,2013,14539.0
11022,19037,2013,11388.0
11023,19038,2013,124141.8
11024,19039,2013,2275597.5
11025,19040,2013,2045.9
11026,19041,2013,118097.20000000001
11027,19042,2013,11001.3
11028,19043,2013,5262.6
11029,19044,2013,69574.6
11030,19045,2013,98285.5
11031,19046,2013,867901.6
11032,19047,2013,32946.0
11033,19048,2013,560401.2
11034,19049,2013,85072.5
11035,19050,2013,3897.9
11036,19051,2013,7978.1
11037,20000,2013,3912392.2
11038,20001,2013,2022.2
11039,20002,2013,90138.2
11040,20003,2013,5021.2
11041,20004,2013,2085.5
11042,20005,2013,29893.1
11043,20006,2013,37316.4
11044,20007,2013,5093.8
11045,20008,2013,1619.2
11046,20009,2013,13522.2
11047,20010,2013,27171.9
11048,20011,2013,2549.2
11049,20012,2013,20622.8
11050,20013,2013,5741.9
11051,20014,2013,53925.1
11052,20015,2013,9815.2
11053,20016,2013,17681.2
11054,20017,2013,6787.0
11055,20018,2013,1624.3
11056,20019,2013,5955.1
11057,20020,2013,8333.1
11058,20021,2013,29258.6
11059,20022,2013,1709.1
11060,20023,2013,41931.4
11061,20024,2013,7608.2
11062,20025,2013,22380.8
11063,20026,2013,17299.4
11064,20027,2013,4760.3
11065,20028,2013,41456.7
11066,20029,2013,8502.1
11067,20030,2013,17077.0
11068,20031,2013,14630.2
11069,20032,2013,2092.4
11070,20033,2013,5163.6
11071,20034,2013,2767.8
11072,20035,2013,1160.0
11073,20036,2013,10573.7
11074,20037,2013,8837.7
11075,20038,2013,4092.1
11076,20039,2013,144766.6
11077,20040,2013,12232.4
11078,20041,2013,61059.5
11079,20042,2013,15789.4
11080,20043,2013,198653.9
11081,20044,2013,83159.9
11082,20045,2013,15271.1
11083,20046,2013,6413.8
11084,20047,2013,179.8
11085,20048,2013,2686.0
11086,20049,2013,2311.3
11087,20050,2013,7539.2
11088,20051,2013,8973.6
11089,20052,2013,12274.3
11090,20053,2013,2496.6
11091,20054,2013,815.0
11092,20055,2013,7188.5
11093,20056,2013,2913.5
11094,20057,2013,76484.0
11095,20058,2013,26472.7
11096,20059,2013,88204.4
11097,20060,2013,5370.2
11098,20061,2013,5331.0
11099,20062,2013,1119.2
11100,20063,2013,8010.6
11101,20064,2013,15473.7
11102,20065,2013,2307.6
11103,20066,2013,10736.3
11104,20067,2013,531299.3
11105,20068,2013,44141.2
11106,20069,2013,5255.6
11107,20070,2013,13178.8
11108,20071,2013,6538.6
11109,20072,2013,14046.0
11110,20073,2013,65461.8
11111,20074,2013,980.6
11112,20075,2013,5335.4
11113,20076,2013,6723.4
11114,20077,2013,7618.6
11115,20078,2013,2309.4
11116,20079,2013,165998.8
11117,20080,2013,2793.2
11118,20081,2013,3807.1
11119,20082,2013,8032.1
11120,20083,2013,18159.2
11121,20084,2013,7955.1
11122,20085,2013,47330.6
11123,20086,2013,1844.9
11124,20087,2013,9017.6
11125,20088,2013,5791.4
11126,20089,2013,4404.0
11127,20090,2013,11971.8
11128,20091,2013,10605.6
11129,20092,2013,3083.7
11130,20093,2013,1018.1
11131,20094,2013,3793.2
11132,20095,2013,8323.2
11133,20096,2013,1539.6
11134,20097,2013,3498.6
11135,20098,2013,8784.9
11136,20099,2013,893.6
11137,20100,2013,933.7
11138,20101,2013,1465.2
11139,20102,2013,9364.1
11140,20103,2013,11549.8
11141,20104,2013,5135.1
11142,20105,2013,13916.8
11143,20106,2013,567.3
11144,20107,2013,45817.4
11145,20108,2013,7869.6
11146,20109,2013,2465.4
11147,20110,2013,3245.0
11148,20111,2013,9075.4
11149,20112,2013,4963.6
11150,20113,2013,5878.5
11151,20114,2013,1355.7
11152,20115,2013,18407.0
11153,20116,2013,8151.4
11154,20117,2013,4737.4
11155,20118,2013,4900.8
11156,20119,2013,1007.7
11157,20120,2013,784.6
11158,20121,2013,1291.3
11159,20122,2013,1349.3
11160,20123,2013,5488.4
11161,20124,2013,35776.9
11162,20125,2013,23581.2
11163,20126,2013,10276.9
11164,20127,2013,2553.0
11165,20128,2013,2527.9
11166,20129,2013,700.7
11167,20130,2013,10251.8
11168,20131,2013,21566.1
11169,20132,2013,2581.1
11170,20133,2013,7947.4
11171,20134,2013,54679.5
11172,20135,2013,15008.8
11173,20136,2013,23521.2
11174,20137,2013,6908.8
11175,20138,2013,914.6
11176,20139,2013,4315.7
11177,20140,2013,1648.5
11178,20141,2013,15427.7
11179,20142,2013,2129.2
11180,20143,2013,18235.5
11181,20144,2013,2199.0
11182,20145,2013,7992.6
11183,20146,2013,5414.2
11184,20147,2013,761.6
11185,20148,2013,4032.2
11186,20149,2013,3352.2
11187,20150,2013,24969.2
11188,20151,2013,746.5
11189,20152,2013,4505.8
11190,20153,2013,9609.7
11191,20154,2013,4747.6
11192,20155,2013,1966.5
11193,20156,2013,7076.3
11194,20157,2013,29500.2
11195,20158,2013,4463.2
11196,20159,2013,11015.0
11197,20160,2013,2886.0
11198,20161,2013,5256.7
11199,20162,2013,3827.9
11200,20163,2013,3196.3
11201,20164,2013,6229.6
11202,20165,2013,3092.8
11203,20166,2013,22262.0
11204,20167,2013,4221.0
11205,20168,2013,1947.9
11206,20169,2013,7708.2
11207,20170,2013,7608.6
11208,20171,2013,36759.2
11209,20172,2013,859.2
11210,20173,2013,3001.7
11211,20174,2013,8002.8
11212,20175,2013,3268.0
11213,20176,2013,5602.5
11214,20177,2013,19565.5
11215,20178,2013,12821.9
11216,20179,2013,2915.0
11217,20180,2013,4661.7
11218,20181,2013,864.9
11219,20182,2013,4527.9
11220,20183,2013,2911.7
11221,20184,2013,314104.8
11222,20185,2013,17525.9
11223,20186,2013,1163.8
11224,20187,2013,4635.8
11225,20188,2013,19069.5
11226,20189,2013,5393.4
11227,20190,2013,45130.8
11228,20191,2013,638.0
11229,20192,2013,2932.0
11230,20193,2013,5250.7
11231,20194,2013,2547.2
11232,20195,2013,2392.0
11233,20196,2013,813.1
11234,20197,2013,6250.2
11235,20198,2013,57361.0
11236,20199,2013,1297.3
11237,20200,2013,7734.7
11238,20201,2013,3692.8
11239,20202,2013,9139.2
11240,20203,2013,6721.8
11241,20204,2013,1381.4
11242,20205,2013,34597.3
11243,20206,2013,4757.7
11244,20207,2013,35404.0
11245,20208,2013,14836.2
11246,20209,2013,1359.6
11247,20210,2013,12797.1
11248,20211,2013,6490.8
11249,20212,2013,5800.0
11250,20213,2013,7629.4
11251,20214,2013,4464.2
11252,20215,2013,1601.9
11253,20216,2013,2608.0
11254,20217,2013,6963.4
11255,20218,2013,1179.9
11256,20219,2013,5209.7
11257,20220,2013,5512.6
11258,20221,2013,2779.3
11259,20222,2013,2997.6
11260,20223,2013,896.8
11261,20224,2013,1353.6
11262,20225,2013,11878.8
11263,20226,2013,5617.6
11264,20227,2013,30211.7
11265,20228,2013,1579.2
11266,20229,2013,15375.6
11267,20230,2013,1969.0
11268,20231,2013,6148.6
11269,20232,2013,43452.2
11270,20233,2013,3476.8
11271,20234,2013,14873.4
11272,20235,2013,7383.6
11273,20236,2013,2994.2
11274,20237,2013,3123.2
11275,20238,2013,1738.8
11276,20239,2013,2107.8
11277,20240,2013,5097.0
11278,20241,2013,2140.1
11279,20242,2013,23405.8
11280,20243,2013,3636.1
11281,20244,2013,7502.5
11282,20245,2013,2588.5
11283,20246,2013,1236.0
11284,20247,2013,3025.2
11285,20248,2013,29308.7
11286,20249,2013,7163.6
11287,20250,2013,2405.0
11288,20251,2013,2393.8
11289,20252,2013,4392.8
11290,20253,2013,4383.1
11291,20254,2013,6581.7
11292,20255,2013,4106.6
11293,20256,2013,470.5
11294,20257,2013,2158.6
11295,20258,2013,1460.4
11296,20259,2013,4757.1
11297,20260,2013,4810.2
11298,20261,2013,14303.6
11299,20262,2013,2064.6
11300,20263,2013,6840.8
11301,20264,2013,4502.9
11302,20265,2013,13309.2
11303,20266,2013,17095.9
11304,20267,2013,562.8
11305,20268,2013,1973.9
11306,20269,2013,8372.8
11307,20270,2013,2756.2
11308,20271,2013,6467.9
11309,20272,2013,12389.6
11310,20273,2013,7187.8
11311,20274,2013,2612.1
11312,20275,2013,14605.0
11313,20276,2013,1542.0
11314,20277,2013,25110.6
11315,20278,2013,74424.4
11316,20279,2013,5897.9
11317,20280,2013,4558.2
11318,20281,2013,620.5
11319,20282,2013,1509.0
11320,20283,2013,2090.8
11321,20284,2013,6314.7
11322,20285,2013,6988.7
11323,20286,2013,6375.9
11324,20287,2013,692.1
11325,20288,2013,1206.4
11326,20289,2013,2328.6
11327,20290,2013,2042.6
11328,20291,2013,8421.9
11329,20292,2013,2855.5
11330,20293,2013,32031.0
11331,20294,2013,13061.8
11332,20295,2013,18653.8
11333,20296,2013,1878.4
11334,20297,2013,4660.9
11335,20298,2013,24717.5
11336,20299,2013,2226.2
11337,20300,2013,13037.2
11338,20301,2013,3120.6
11339,20302,2013,8527.9
11340,20303,2013,2289.4
11341,20304,2013,1627.7
11342,20305,2013,8127.1
11343,20306,2013,8285.1
11344,20307,2013,19288.8
11345,20308,2013,5970.5
11346,20309,2013,20740.2
11347,20310,2013,18285.9
11348,20311,2013,931.3
11349,20312,2013,22968.1
11350,20313,2013,1608.3
11351,20314,2013,3453.2
11352,20315,2013,3539.0
11353,20316,2013,1497.0
11354,20317,2013,2732.3
11355,20318,2013,89908.7
11356,20319,2013,2131.4
11357,20320,2013,1445.6
11358,20321,2013,1651.9
11359,20322,2013,1709.2
11360,20323,2013,4431.4
11361,20324,2013,90411.2
11362,20325,2013,21865.8
11363,20326,2013,9975.2
11364,20327,2013,29206.7
11365,20328,2013,2509.1
11366,20329,2013,2541.9
11367,20330,2013,8573.6
11368,20331,2013,1846.4
11369,20332,2013,800.6
11370,20333,2013,5640.8
11371,20334,2013,92044.3
11372,20335,2013,1923.7
11373,20336,2013,4198.1
11374,20337,2013,11239.1
11375,20338,2013,19208.6
11376,20339,2013,8220.3
11377,20340,2013,3697.9
11378,20341,2013,469.4
11379,20342,2013,5380.6
11380,20343,2013,3791.6
11381,20344,2013,5357.4
11382,20345,2013,8075.1
11383,20346,2013,2953.8
11384,20347,2013,7650.8
11385,20348,2013,16496.6
11386,20349,2013,4091.3
11387,20350,2013,32869.3
11388,20351,2013,5357.6
11389,20352,2013,8330.2
11390,20353,2013,4228.2
11391,20354,2013,1011.4
11392,20355,2013,1449.9
11393,20356,2013,4097.6
11394,20357,2013,1781.4
11395,20358,2013,3770.4
11396,20359,2013,1514.8
11397,20360,2013,7420.1
11398,20361,2013,1785.8
11399,20362,2013,2998.3
11400,20363,2013,5332.0
11401,20364,2013,31833.8
11402,20365,2013,2474.2
11403,20366,2013,7837.5
11404,20367,2013,9114.8
11405,20368,2013,3782.9
11406,20369,2013,3914.9
11407,20370,2013,1352.6
11408,20371,2013,1927.2
11409,20372,2013,3430.0
11410,20373,2013,875.6
11411,20374,2013,3045.0
11412,20375,2013,22088.0
11413,20376,2013,728.6
11414,20377,2013,22022.1
11415,20378,2013,7318.5
11416,20379,2013,5911.8
11417,20380,2013,4106.0
11418,20381,2013,5412.4
11419,20382,2013,2364.0
11420,20383,2013,1208.2
11421,20384,2013,9201.3
11422,20385,2013,169208.0
11423,20386,2013,36517.7
11424,20387,2013,5738.5
11425,20388,2013,5266.1
11426,20389,2013,1834.2
11427,20390,2013,96515.6
11428,20391,2013,6738.4
11429,20392,2013,13384.8
11430,20393,2013,7559.2
11431,20394,2013,5567.1
11432,20395,2013,3641.8
11433,20396,2013,6508.2
11434,20397,2013,77950.2
11435,20398,2013,9103.8
11436,20399,2013,63610.1
11437,20400,2013,3317.1
11438,20401,2013,47826.6
11439,20402,2013,2164.1
11440,20403,2013,6145.1
11441,20404,2013,1542.2
11442,20405,2013,3810.6
11443,20406,2013,41725.4
11444,20407,2013,17709.4
11445,20408,2013,976.3
11446,20409,2013,16801.9
11447,20410,2013,6901.5
11448,20411,2013,1690.2
11449,20412,2013,6558.9
11450,20413,2013,84635.0
11451,20414,2013,22329.7
11452,20415,2013,9771.4
11453,20416,2013,1006.0
11454,20417,2013,18774.0
11455,20418,2013,23698.3
11456,20419,2013,1165.3
11457,20420,2013,3359.4
11458,20421,2013,9044.5
11459,20422,2013,1327.5
11460,20423,2013,1086.5
11461,20424,2013,7904.2
11462,20425,2013,4327.4
11463,20426,2013,16391.2
11464,20427,2013,31584.5
11465,20428,2013,3812.4
11466,20429,2013,3045.2
11467,20430,2013,544.4
11468,20431,2013,3581.6
11469,20432,2013,1897.0
11470,20433,2013,5250.8
11471,20434,2013,8927.1
11472,20435,2013,7056.8
11473,20436,2013,2099.1
11474,20437,2013,19324.9
11475,20438,2013,3568.8
11476,20439,2013,49264.6
11477,20440,2013,1741.6
11478,20441,2013,16467.7
11479,20442,2013,645.6
11480,20443,2013,893.2
11481,20444,2013,943.8
11482,20445,2013,3318.2
11483,20446,2013,12779.2
11484,20447,2013,31385.1
11485,20448,2013,4302.8
11486,20449,2013,6708.1
11487,20450,2013,25554.5
11488,20451,2013,2086.5
11489,20452,2013,8562.4
11490,20453,2013,7832.4
11491,20454,2013,6589.4
11492,20455,2013,5595.1
11493,20456,2013,3363.3
11494,20457,2013,6763.7
11495,20458,2013,2261.6
11496,20459,2013,9202.0
11497,20460,2013,10732.0
11498,20461,2013,1185.2
11499,20462,2013,8861.2
11500,20463,2013,1260.8
11501,20464,2013,877.5
11502,20465,2013,3185.1
11503,20466,2013,25025.6
11504,20467,2013,37258.7
11505,20468,2013,27546.6
11506,20469,2013,66954.5
11507,20470,2013,9255.9
11508,20471,2013,955.7
11509,20472,2013,6503.4
11510,20473,2013,2726.9
11511,20474,2013,6633.5
11512,20475,2013,19638.1
11513,20476,2013,837.8
11514,20477,2013,2810.4
11515,20478,2013,3659.2
11516,20479,2013,423.0
11517,20480,2013,2170.4
11518,20481,2013,3892.1
11519,20482,2013,104111.8
11520,20483,2013,19903.2
11521,20484,2013,8579.5
11522,20485,2013,6131.6
11523,20486,2013,4923.5
11524,20487,2013,3907.2
11525,20488,2013,263.6
11526,20489,2013,9887.0
11527,20490,2013,6090.8
11528,20491,2013,8806.8
11529,20492,2013,6152.4
11530,20493,2013,1106.0
11531,20494,2013,10637.0
11532,20495,2013,5890.1
11533,20496,2013,4175.2
11534,20497,2013,8312.0
11535,20498,2013,14492.9
11536,20499,2013,4001.7
11537,20500,2013,15845.9
11538,20501,2013,1915.7
11539,20502,2013,10784.9
11540,20503,2013,778.6
11541,20504,2013,3267.7
11542,20505,2013,15190.0
11543,20506,2013,1577.3
11544,20507,2013,6410.0
11545,20508,2013,3113.2
11546,20509,2013,21596.2
11547,20510,2013,1687.3
11548,20511,2013,7099.8
11549,20512,2013,1943.0
11550,20513,2013,17191.2
11551,20514,2013,1965.9
11552,20515,2013,127316.9
11553,20516,2013,9601.5
11554,20517,2013,10899.4
11555,20518,2013,282.0
11556,20519,2013,5937.6
11557,20520,2013,14477.8
11558,20521,2013,543.6
11559,20522,2013,2424.5
11560,20523,2013,3263.8
11561,20524,2013,717.0
11562,20525,2013,23258.7
11563,20526,2013,32442.7
11564,20527,2013,5461.5
11565,20528,2013,2261.2
11566,20529,2013,2749.2
11567,20530,2013,7108.3
11568,20531,2013,4833.4
11569,20532,2013,8146.0
11570,20533,2013,4715.7
11571,20534,2013,7657.7
11572,20535,2013,6109.8
11573,20536,2013,959.6
11574,20537,2013,13471.8
11575,20538,2013,1430.2
11576,20539,2013,10843.8
11577,20540,2013,14891.2
11578,20541,2013,3324.6
11579,20542,2013,1576.6
11580,20543,2013,11621.2
11581,20544,2013,2171.5
11582,20545,2013,18631.5
11583,20546,2013,11738.1
11584,20547,2013,1941.9
11585,20548,2013,3629.0
11586,20549,2013,22748.2
11587,20550,2013,10608.0
11588,20551,2013,45944.0
11589,20552,2013,960.9
11590,20553,2013,20442.8
11591,20554,2013,11396.7
11592,20555,2013,5765.6
11593,20556,2013,532.2
11594,20557,2013,28299.1
11595,20558,2013,2988.1
11596,20559,2013,45338.9
11597,20560,2013,12533.7
11598,20561,2013,5528.6
11599,20562,2013,3050.4
11600,20563,2013,2588.9
11601,20564,2013,2525.8
11602,20565,2013,75650.8
11603,20566,2013,6138.2
11604,20567,2013,6428.9
11605,20568,2013,3136.6
11606,20569,2013,3305.2
11607,20570,2013,40230.2
11608,21000,2013,6027895.9
11609,21001,2013,128295.8
11610,21002,2013,18080.8
11611,21003,2013,70251.4
11612,21004,2013,111298.8
11613,21005,2013,5875.4
11614,21006,2013,29380.8
11615,21007,2013,6671.9
11616,21008,2013,21503.2
11617,21009,2013,4140.5
11618,21010,2013,129783.0
11619,21011,2013,3618.1
11620,21012,2013,12757.8
11621,21013,2013,40075.2
11622,21014,2013,9897.5
11623,21015,2013,216922.1
11624,21016,2013,16399.8
11625,21017,2013,53385.6
11626,21018,2013,7545.7
11627,21019,2013,263173.0
11628,21020,2013,13649.1
11629,21021,2013,2626.4
11630,21022,2013,24072.5
11631,21023,2013,17219.1
11632,21024,2013,1923.6
11633,21025,2013,16395.4
11634,21026,2013,28392.3
11635,21027,2013,8357.8
11636,21028,2013,5130.6
11637,21029,2013,7594.0
11638,21030,2013,1524.4
11639,21031,2013,5848.5
11640,21032,2013,2625.4
11641,21033,2013,9915.6
11642,21034,2013,76548.1
11643,21035,2013,39973.8
11644,21036,2013,28770.6
11645,21037,2013,4675.0
11646,21038,2013,18574.6
11647,21039,2013,18799.0
11648,21040,2013,20808.2
11649,21041,2013,193291.8
11650,21042,2013,6293.0
11651,21043,2013,96414.7
11652,21044,2013,31851.3
11653,21045,2013,90257.7
11654,21046,2013,14704.6
11655,21047,2013,39746.0
11656,21048,2013,39514.6
11657,21049,2013,32506.6
11658,21050,2013,49974.6
11659,21051,2013,69791.4
11660,21052,2013,2448.2
11661,21053,2013,121089.0
11662,21054,2013,63495.9
11663,21055,2013,9635.2
11664,21056,2013,2528.5
11665,21057,2013,14460.4
11666,21058,2013,39583.3
11667,21059,2013,5180.7
11668,21060,2013,14522.2
11669,21061,2013,26288.9
11670,21062,2013,9408.5
11671,21063,2013,28178.2
11672,21064,2013,33662.0
11673,21065,2013,40298.4
11674,21066,2013,12682.9
11675,21067,2013,34510.8
11676,21068,2013,15011.8
11677,21069,2013,53089.5
11678,21070,2013,12976.7
11679,21071,2013,199261.8
11680,21072,2013,32213.8
11681,21073,2013,18056.3
11682,21074,2013,143362.0
11683,21075,2013,24468.4
11684,21076,2013,54093.7
11685,21077,2013,11624.6
11686,21078,2013,29131.6
11687,21079,2013,10900.4
11688,21080,2013,5546.0
11689,21081,2013,7615.9
11690,21082,2013,16633.4
11691,21083,2013,50688.6
11692,21084,2013,13705.4
11693,21085,2013,151688.3
11694,21086,2013,24920.9
11695,21087,2013,25741.5
11696,21088,2013,9115.7
11697,21089,2013,25532.3
11698,21090,2013,40232.1
11699,21091,2013,20196.2
11700,21092,2013,10502.3
11701,21093,2013,15478.3
11702,21094,2013,66612.1
11703,21095,2013,1068.5
11704,21096,2013,5628.0
11705,21097,2013,4703.2
11706,21098,2013,12712.9
11707,21099,2013,38963.3
11708,21100,2013,19182.7
11709,21101,2013,7029.8
11710,21102,2013,25267.9
11711,21103,2013,12454.3
11712,21104,2013,57946.7
11713,21105,2013,9806.1
11714,21106,2013,61620.3
11715,21107,2013,23505.0
11716,21108,2013,35262.3
11717,21109,2013,41029.6
11718,21110,2013,90246.3
11719,21111,2013,37017.1
11720,21112,2013,18775.8
11721,21113,2013,9207.6
11722,21114,2013,3171115.2
11723,21115,2013,101104.5
11724,21116,2013,43500.8
11725,21117,2013,29244.0
11726,21118,2013,53808.4
11727,21119,2013,233283.4
11728,21120,2013,10716.8
11729,21121,2013,2346.8
11730,21122,2013,19850.0
11731,21123,2013,8045.2
11732,21124,2013,29808.0
11733,21125,2013,17240.6
11734,21126,2013,12129.5
11735,21127,2013,7456.8
11736,21128,2013,17656.0
11737,21129,2013,26195.7
11738,21130,2013,6954.1
11739,21131,2013,1806.4
11740,21132,2013,291025.5
11741,21133,2013,1335.0
11742,21134,2013,39682.5
11743,21135,2013,1148.7
11744,21136,2013,23714.4
11745,21137,2013,19200.0
11746,21138,2013,22167.0
11747,21139,2013,7246.8
11748,21140,2013,251733.8
11749,21141,2013,6863.9
11750,21142,2013,57258.7
11751,21143,2013,60733.9
11752,21144,2013,29103.8
11753,21145,2013,26880.5
11754,21146,2013,1673.0
11755,21147,2013,12195.4
11756,21148,2013,18154.8
11757,21149,2013,48986.2
11758,21150,2013,13555.4
11759,21151,2013,16832.7
11760,21152,2013,23986.2
11761,21153,2013,42609.9
11762,21154,2013,148729.1
11763,21155,2013,11708.2
11764,21156,2013,581440.0
11765,21157,2013,23515.2
11766,21158,2013,13536.3
11767,21159,2013,7957.4
11768,21160,2013,6594.9
11769,21161,2013,39999.9
11770,21162,2013,8434.6
11771,21163,2013,34119.2
11772,21164,2013,155252.4
11773,21165,2013,2327.0
11774,21166,2013,16647.8
11775,21167,2013,20559.8
11776,21168,2013,13737.4
11777,21169,2013,42081.5
11778,21170,2013,34484.2
11779,21171,2013,7031.5
11780,21172,2013,52470.2
11781,21173,2013,11964.1
11782,21174,2013,191320.3
11783,21175,2013,22397.0
11784,21176,2013,17573.0
11785,21177,2013,100458.1
11786,21178,2013,33563.6
11787,21179,2013,59019.1
11788,21180,2013,76109.6
11789,21181,2013,13245.6
11790,21182,2013,10042.3
11791,21183,2013,40042.5
11792,21184,2013,12824.0
11793,21185,2013,18009.8
11794,21186,2013,105461.6
11795,21187,2013,10549.0
11796,21188,2013,35457.9
11797,21189,2013,41149.5
11798,21190,2013,2333.2
11799,21191,2013,18917.4
11800,21192,2013,11940.8
11801,21193,2013,12627.7
11802,21194,2013,56412.7
11803,21195,2013,49858.7
11804,21196,2013,3255.6
11805,21197,2013,154303.5
11806,21198,2013,2526.6
11807,21199,2013,78839.8
11808,21200,2013,7545.2
11809,21201,2013,6487.7
11810,21202,2013,24963.6
11811,21203,2013,12785.1
11812,21204,2013,15275.2
11813,21205,2013,48006.1
11814,21206,2013,8746.6
11815,21207,2013,109348.9
11816,21208,2013,159275.3
11817,21209,2013,16733.4
11818,21210,2013,11256.2
11819,21211,2013,31678.1
11820,21212,2013,39652.0
11821,21213,2013,24918.5
11822,21214,2013,32985.9
11823,21215,2013,9169.0
11824,21216,2013,5179.2
11825,21217,2013,40946.9
11826,22000,2013,1993935.5
11827,22001,2013,127248.3
11828,22002,2013,54480.6
11829,22003,2013,26050.3
11830,22004,2013,131554.2
11831,22005,2013,121991.8
11832,22006,2013,328040.5
11833,22007,2013,80793.3
11834,22008,2013,71956.5
11835,22009,2013,52296.7
11836,22010,2013,39242.0
11837,22011,2013,302459.7
11838,22012,2013,136211.0
11839,22013,2013,37412.4
11840,22014,2013,1752896.7
11841,22015,2013,17481.7
11842,22016,2013,517831.5
11843,22017,2013,132269.1
11844,22018,2013,53815.2
11845,23000,2013,1490529.4
11846,23001,2013,164842.5
11847,23002,2013,155783.0
11848,23003,2013,36536.7
11849,23004,2013,484356.3
11850,23005,2013,1473269.8
11851,23006,2013,74312.0
11852,23007,2013,53109.4
11853,23008,2013,424124.1
11854,23009,2013,68018.3
11855,23010,2013,
11856,23011,2013,
11857,24000,2013,2668987.5
11858,24001,2013,37601.8
11859,24002,2013,16160.2
11860,24003,2013,95639.8
11861,24004,2013,8680.2
11862,24005,2013,37551.9
11863,24006,2013,19576.3
11864,24007,2013,37895.9
11865,24008,2013,43242.1
11866,24009,2013,8670.9
11867,24010,2013,62156.4
11868,24011,2013,90011.9
11869,24012,2013,41930.6
11870,24013,2013,343617.2
11871,24014,2013,33244.4
11872,24015,2013,43063.5
11873,24016,2013,82891.4
11874,24017,2013,51548.3
11875,24018,2013,30674.4
11876,24019,2013,11439.1
11877,24020,2013,189908.2
11878,24021,2013,109930.7
11879,24022,2013,38608.8
11880,24023,2013,31252.1
11881,24024,2013,188234.0
11882,24025,2013,61110.0
11883,24026,2013,18849.9
11884,24027,2013,20478.9
11885,24028,2013,1629086.5
11886,24029,2013,41448.8
11887,24030,2013,10608.4
11888,24031,2013,23989.8
11889,24032,2013,80960.7
11890,24033,2013,23410.3
11891,24034,2013,30267.5
11892,24035,2013,574703.2
11893,24036,2013,58123.0
11894,24037,2013,192947.6
11895,24038,2013,30895.8
11896,24039,2013,28471.1
11897,24040,2013,76097.0
11898,24041,2013,38125.8
11899,24042,2013,28489.5
11900,24043,2013,17638.2
11901,24044,2013,15670.1
11902,24045,2013,28967.6
11903,24046,2013,34023.9
11904,24047,2013,19392.5
11905,24048,2013,10675.6
11906,24049,2013,76353.4
11907,24050,2013,97694.0
11908,24051,2013,30180.7
11909,24052,2013,20456.1
11910,24053,2013,66239.2
11911,24054,2013,102026.1
11912,24055,2013,51088.3
11913,24056,2013,32237.3
11914,24057,2013,59844.7
11915,24058,2013,41445.0
11916,25000,2013,2864435.7
11917,25001,2013,860353.1
11918,25002,2013,89717.1
11919,25003,2013,58587.0
11920,25004,2013,55257.7
11921,25005,2013,33734.3
11922,25006,2013,1808104.5
11923,25007,2013,64415.5
11924,25008,2013,94819.8
11925,25009,2013,112035.3
11926,25010,2013,195165.2
11927,25011,2013,575463.0
11928,25012,2013,917136.3
11929,25013,2013,88758.9
11930,25014,2013,101014.4
11931,25015,2013,158574.1
11932,25016,2013,43552.2
11933,25017,2013,171991.0
11934,25018,2013,281271.9
11935,26000,2013,2768913.7
11936,26001,2013,5241.3
11937,26002,2013,166785.7
11938,26003,2013,51754.9
11939,26004,2013,18629.0
11940,26005,2013,2461.0
11941,26006,2013,6066.5
11942,26007,2013,1266.0
11943,26008,2013,2340.9
11944,26009,2013,1582.5
11945,26010,2013,2800.5
11946,26011,2013,3274.5
11947,26012,2013,46475.0
11948,26013,2013,3440.4
11949,26014,2013,6917.7
11950,26015,2013,2742.5
11951,26016,2013,10448.1
11952,26017,2013,168312.4
11953,26018,2013,837987.4
11954,26019,2013,69912.3
11955,26020,2013,10641.2
11956,26021,2013,3654.0
11957,26022,2013,2077.4
11958,26023,2013,12425.7
11959,26024,2013,1590.0
11960,26025,2013,107119.5
11961,26026,2013,122275.0
11962,26027,2013,17687.2
11963,26028,2013,2219.6
11964,26029,2013,304002.1
11965,26030,2013,1663325.6
11966,26031,2013,2612.2
11967,26032,2013,1884.1
11968,26033,2013,157982.2
11969,26034,2013,2190.5
11970,26035,2013,25146.8
11971,26036,2013,61817.4
11972,26037,2013,2589.8
11973,26038,2013,9667.5
11974,26039,2013,12456.6
11975,26040,2013,3824.9
11976,26041,2013,26525.9
11977,26042,2013,320145.2
11978,26043,2013,469197.3
11979,26044,2013,801.0
11980,26045,2013,5652.8
11981,26046,2013,946.8
11982,26047,2013,19019.3
11983,26048,2013,117989.6
11984,26049,2013,6860.5
11985,26050,2013,3162.8
11986,26051,2013,10395.0
11987,26052,2013,11682.7
11988,26053,2013,776.7
11989,26054,2013,1035.5
11990,26055,2013,370443.0
11991,26056,2013,18321.2
11992,26057,2013,3162.4
11993,26058,2013,32344.6
11994,26059,2013,3983.5
11995,26060,2013,5102.7
11996,26061,2013,2679.5
11997,26062,2013,2277.8
11998,26063,2013,2617.8
11999,26064,2013,3360.6
12000,26065,2013,3456.7
12001,26066,2013,18192.8
12002,26067,2013,3294.4
12003,26068,2013,2455.0
12004,26069,2013,11536.5
12005,26070,2013,30276.3
12006,26071,2013,44049.4
12007,26072,2013,28728.5
12008,27000,2013,2289919.7
12009,27001,2013,115378.1
12010,27002,2013,493865.2
12011,27003,2013,207877.7
12012,27004,2013,1306715.4
12013,27005,2013,398850.7
12014,27006,2013,259336.6
12015,27007,2013,60786.8
12016,27008,2013,365903.5
12017,27009,2013,73608.1
12018,27010,2013,171427.9
12019,27011,2013,59953.1
12020,27012,2013,309581.5
12021,27013,2013,251275.4
12022,27014,2013,179312.6
12023,27015,2013,93592.0
12024,27016,2013,110225.9
12025,27017,2013,120030.7
12026,28000,2013,3364206.1
12027,28001,2013,22908.8
12028,28002,2013,59549.1
12029,28003,2013,460566.5
12030,28004,2013,18167.6
12031,28005,2013,9243.0
12032,28006,2013,15225.8
12033,28007,2013,31054.0
12034,28008,2013,9060.1
12035,28009,2013,399662.2
12036,28010,2013,3932.0
12037,28011,2013,17587.9
12038,28012,2013,86462.2
12039,28013,2013,31442.2
12040,28014,2013,8682.6
12041,28015,2013,31693.3
12042,28016,2013,43816.9
12043,28017,2013,30865.5
12044,28018,2013,15588.4
12045,28019,2013,33554.1
12046,28020,2013,4939.3
12047,28021,2013,226273.4
12048,28022,2013,1011904.6
12049,28023,2013,9298.9
12050,28024,2013,10528.4
12051,28025,2013,53712.1
12052,28026,2013,7157.7
12053,28027,2013,792848.6
12054,28028,2013,7111.5
12055,28029,2013,26335.2
12056,28030,2013,28043.6
12057,28031,2013,3692.3
12058,28032,2013,1276597.3
12059,28033,2013,246300.4
12060,28034,2013,17902.9
12061,28035,2013,111702.2
12062,28036,2013,2019.9
12063,28037,2013,49925.9
12064,28038,2013,595118.6
12065,28039,2013,55658.2
12066,28040,2013,125007.4
12067,28041,2013,661331.1
12068,28042,2013,12336.8
12069,28043,2013,45705.9
12070,29000,2013,1224604.6
12071,29001,2013,20676.6
12072,29002,2013,28307.2
12073,29003,2013,12899.5
12074,29004,2013,33258.2
12075,29005,2013,155568.2
12076,29006,2013,93725.5
12077,29007,2013,31915.9
12078,29008,2013,28941.9
12079,29009,2013,10649.2
12080,29010,2013,136553.8
12081,29011,2013,8899.2
12082,29012,2013,17498.5
12083,29013,2013,178433.7
12084,29014,2013,28617.0
12085,29015,2013,72722.7
12086,29016,2013,14049.0
12087,29017,2013,20603.9
12088,29018,2013,72270.6
12089,29019,2013,39594.4
12090,29020,2013,17586.9
12091,29021,2013,34649.4
12092,29022,2013,11854.6
12093,29023,2013,48898.9
12094,29024,2013,52196.3
12095,29025,2013,147125.9
12096,29026,2013,39630.0
12097,29027,2013,24263.4
12098,29028,2013,45525.2
12099,29029,2013,23471.2
12100,29030,2013,28656.0
12101,29031,2013,61576.1
12102,29032,2013,25542.6
12103,29033,2013,185665.6
12104,29034,2013,83525.6
12105,29035,2013,11604.6
12106,29036,2013,42398.7
12107,29037,2013,17059.2
12108,29038,2013,31293.0
12109,29039,2013,45861.4
12110,29040,2013,20090.2
12111,29041,2013,57909.0
12112,29042,2013,25675.2
12113,29043,2013,71680.2
12114,29044,2013,81564.8
12115,29045,2013,11700.8
12116,29046,2013,8847.3
12117,29047,2013,6018.5
12118,29048,2013,34989.2
12119,29049,2013,10624.4
12120,29050,2013,20900.1
12121,29051,2013,7487.6
12122,29052,2013,11817.5
12123,29053,2013,14181.0
12124,29054,2013,10483.5
12125,29055,2013,5838.5
12126,29056,2013,14377.6
12127,29057,2013,8889.2
12128,29058,2013,16866.6
12129,29059,2013,13465.9
12130,29060,2013,9476.2
12131,30000,2013,7811853.9
12132,30001,2013,17363.7
12133,30002,2013,6388.4
12134,30003,2013,166637.0
12135,30004,2013,82773.5
12136,30005,2013,10358.1
12137,30006,2013,43232.9
12138,30007,2013,12661.6
12139,30008,2013,19770.2
12140,30009,2013,56297.8
12141,30010,2013,123156.5
12142,30011,2013,107347.2
12143,30012,2013,15223.6
12144,30013,2013,54867.3
12145,30014,2013,88432.1
12146,30015,2013,67551.8
12147,30016,2013,52964.1
12148,30017,2013,8468.0
12149,30018,2013,3702.6
12150,30019,2013,12538.4
12151,30020,2013,20699.8
12152,30021,2013,46375.2
12153,30022,2013,41694.6
12154,30023,2013,97380.5
12155,30024,2013,30373.7
12156,30025,2013,51984.1
12157,30026,2013,45817.9
12158,30027,2013,33106.0
12159,30028,2013,280027.9
12160,30029,2013,26321.2
12161,30030,2013,83590.2
12162,30031,2013,34250.0
12163,30032,2013,98546.5
12164,30033,2013,47615.9
12165,30034,2013,51199.7
12166,30035,2013,22241.6
12167,30036,2013,19814.9
12168,30037,2013,15867.7
12169,30038,2013,177959.4
12170,30039,2013,615572.5
12171,30040,2013,100956.8
12172,30041,2013,4429.2
12173,30042,2013,11505.1
12174,30043,2013,38193.4
12175,30044,2013,398039.6
12176,30045,2013,113326.3
12177,30046,2013,31652.9
12178,30047,2013,109244.0
12179,30048,2013,243584.9
12180,30049,2013,41078.2
12181,30050,2013,31497.2
12182,30051,2013,44441.7
12183,30052,2013,23433.3
12184,30053,2013,53737.0
12185,30054,2013,23330.8
12186,30055,2013,25913.9
12187,30056,2013,13513.9
12188,30057,2013,26850.0
12189,30058,2013,109485.9
12190,30059,2013,35147.0
12191,30060,2013,31284.8
12192,30061,2013,158961.7
12193,30062,2013,38552.2
12194,30063,2013,28831.7
12195,30064,2013,7849.4
12196,30065,2013,137859.0
12197,30066,2013,51979.1
12198,30067,2013,34501.3
12199,30068,2013,123544.9
12200,30069,2013,48640.3
12201,30070,2013,36943.5
12202,30071,2013,112414.0
12203,30072,2013,42218.6
12204,30073,2013,83446.2
12205,30074,2013,13825.8
12206,30075,2013,33928.1
12207,30076,2013,27031.2
12208,30077,2013,85776.6
12209,30078,2013,25245.6
12210,30079,2013,21871.6
12211,30080,2013,43860.8
12212,30081,2013,45989.1
12213,30082,2013,30464.1
12214,30083,2013,100390.8
12215,30084,2013,11545.6
12216,30085,2013,135981.0
12217,30086,2013,85135.4
12218,30087,2013,934381.3
12219,30088,2013,9951.2
12220,30089,2013,79090.8
12221,30090,2013,21233.5
12222,30091,2013,55756.2
12223,30092,2013,73181.9
12224,30093,2013,31420.7
12225,30094,2013,75540.6
12226,30095,2013,32141.0
12227,30096,2013,3090.2
12228,30097,2013,39732.3
12229,30098,2013,6067.4
12230,30099,2013,34668.0
12231,30100,2013,46047.3
12232,30101,2013,70741.6
12233,30102,2013,207725.3
12234,30103,2013,24210.6
12235,30104,2013,34768.5
12236,30105,2013,140180.8
12237,30106,2013,9112.3
12238,30107,2013,5816.2
12239,30108,2013,308232.8
12240,30109,2013,127860.0
12241,30110,2013,21818.4
12242,30111,2013,32774.9
12243,30112,2013,42102.0
12244,30113,2013,9079.7
12245,30114,2013,20346.9
12246,30115,2013,70961.4
12247,30116,2013,31134.3
12248,30117,2013,45893.4
12249,30118,2013,243309.6
12250,30119,2013,10816.8
12251,30120,2013,27184.8
12252,30121,2013,49231.2
12253,30122,2013,33165.0
12254,30123,2013,195305.6
12255,30124,2013,318530.2
12256,30125,2013,60091.6
12257,30126,2013,65813.1
12258,30127,2013,50080.1
12259,30128,2013,145409.2
12260,30129,2013,36180.3
12261,30130,2013,81634.9
12262,30131,2013,384380.1
12263,30132,2013,37346.3
12264,30133,2013,112412.0
12265,30134,2013,44505.3
12266,30135,2013,42828.8
12267,30136,2013,14870.1
12268,30137,2013,11473.8
12269,30138,2013,81968.3
12270,30139,2013,12009.9
12271,30140,2013,5687.0
12272,30141,2013,318120.9
12273,30142,2013,67070.8
12274,30143,2013,113592.8
12275,30144,2013,64981.3
12276,30145,2013,30304.7
12277,30146,2013,7257.8
12278,30147,2013,44691.4
12279,30148,2013,54820.6
12280,30149,2013,66403.7
12281,30150,2013,22850.9
12282,30151,2013,46526.8
12283,30152,2013,24593.1
12284,30153,2013,11739.7
12285,30154,2013,25377.8
12286,30155,2013,203377.8
12287,30156,2013,11467.9
12288,30157,2013,38327.3
12289,30158,2013,50439.6
12290,30159,2013,50682.2
12291,30160,2013,211193.1
12292,30161,2013,70873.9
12293,30162,2013,12621.8
12294,30163,2013,10351.5
12295,30164,2013,33082.3
12296,30165,2013,16903.6
12297,30166,2013,18257.5
12298,30167,2013,28460.4
12299,30168,2013,30318.4
12300,30169,2013,47461.7
12301,30170,2013,21399.2
12302,30171,2013,10753.8
12303,30172,2013,40603.6
12304,30173,2013,106375.0
12305,30174,2013,189723.2
12306,30175,2013,182128.6
12307,30176,2013,9203.8
12308,30177,2013,21450.8
12309,30178,2013,26558.0
12310,30179,2013,8122.9
12311,30180,2013,22377.5
12312,30181,2013,74920.3
12313,30182,2013,34692.8
12314,30183,2013,118235.0
12315,30184,2013,14822.7
12316,30185,2013,10165.0
12317,30186,2013,13794.0
12318,30187,2013,11657.3
12319,30188,2013,33296.2
12320,30189,2013,294363.4
12321,30190,2013,4411.2
12322,30191,2013,58711.1
12323,30192,2013,39877.9
12324,30193,2013,1137485.0
12325,30194,2013,22688.4
12326,30195,2013,10771.9
12327,30196,2013,35229.1
12328,30197,2013,22664.0
12329,30198,2013,13621.8
12330,30199,2013,22176.4
12331,30200,2013,24888.8
12332,30201,2013,85714.7
12333,30202,2013,28283.7
12334,30203,2013,27540.3
12335,30204,2013,91019.4
12336,30205,2013,38718.9
12337,30206,2013,55523.4
12338,30207,2013,90658.6
12339,30208,2013,46180.2
12340,30209,2013,29135.5
12341,30210,2013,57051.3
12342,30211,2013,59387.4
12343,30212,2013,25426.9
12344,31000,2013,2070685.9
12345,31001,2013,12835.2
12346,31002,2013,31568.4
12347,31003,2013,21913.1
12348,31004,2013,11777.6
12349,31005,2013,4175.1
12350,31006,2013,17667.1
12351,31007,2013,14055.2
12352,31008,2013,8141.5
12353,31009,2013,9264.6
12354,31010,2013,5054.8
12355,31011,2013,14614.2
12356,31012,2013,7480.3
12357,31013,2013,22881.1
12358,31014,2013,3274.0
12359,31015,2013,10294.3
12360,31016,2013,5813.8
12361,31017,2013,9078.6
12362,31018,2013,6290.8
12363,31019,2013,70443.7
12364,31020,2013,8480.5
12365,31021,2013,16830.6
12366,31022,2013,8452.3
12367,31023,2013,9277.9
12368,31024,2013,6364.8
12369,31025,2013,10521.2
12370,31026,2013,7073.0
12371,31027,2013,16424.3
12372,31028,2013,5242.0
12373,31029,2013,12053.3
12374,31030,2013,7370.4
12375,31031,2013,5575.1
12376,31032,2013,31921.6
12377,31033,2013,39483.3
12378,31034,2013,12409.4
12379,31035,2013,11825.7
12380,31036,2013,15050.2
12381,31037,2013,9934.7
12382,31038,2013,64133.6
12383,31039,2013,7864.0
12384,31040,2013,53570.1
12385,31041,2013,195439.1
12386,31042,2013,11055.5
12387,31043,2013,5919.6
12388,31044,2013,13724.4
12389,31045,2013,5036.2
12390,31046,2013,6031.6
12391,31047,2013,10968.6
12392,31048,2013,44811.6
12393,31049,2013,6962.5
12394,31050,2013,1760444.1
12395,31051,2013,6387.5
12396,31052,2013,70318.7
12397,31053,2013,25397.7
12398,31054,2013,5652.3
12399,31055,2013,13058.3
12400,31056,2013,61458.4
12401,31057,2013,15274.9
12402,31058,2013,49483.1
12403,31059,2013,115160.5
12404,31060,2013,1904.7
12405,31061,2013,7270.5
12406,31062,2013,9415.9
12407,31063,2013,10405.0
12408,31064,2013,3287.2
12409,31065,2013,3895.1
12410,31066,2013,7912.8
12411,31067,2013,19038.1
12412,31068,2013,6312.9
12413,31069,2013,17228.1
12414,31070,2013,8020.9
12415,31071,2013,3555.0
12416,31072,2013,3746.4
12417,31073,2013,9772.1
12418,31074,2013,7322.4
12419,31075,2013,12864.0
12420,31076,2013,33467.6
12421,31077,2013,5265.9
12422,31078,2013,7409.2
12423,31079,2013,83953.3
12424,31080,2013,20477.0
12425,31081,2013,6381.3
12426,31082,2013,7119.8
12427,31083,2013,3568.8
12428,31084,2013,13787.6
12429,31085,2013,30851.4
12430,31086,2013,4404.0
12431,31087,2013,9904.5
12432,31088,2013,3919.4
12433,31089,2013,77129.0
12434,31090,2013,14113.9
12435,31091,2013,23631.4
12436,31092,2013,14087.7
12437,31093,2013,35136.1
12438,31094,2013,9940.3
12439,31095,2013,10971.1
12440,31096,2013,151866.0
12441,31097,2013,7092.6
12442,31098,2013,28904.4
12443,31099,2013,7811.7
12444,31100,2013,7307.4
12445,31101,2013,113028.1
12446,31102,2013,155736.6
12447,31103,2013,6607.1
12448,31104,2013,30617.7
12449,31105,2013,6012.0
12450,31106,2013,4339.2
12451,32000,2013,1539502.0
12452,32001,2013,12688.1
12453,32002,2013,10021.4
12454,32003,2013,5165.7
12455,32004,2013,8843.4
12456,32005,2013,83763.0
12457,32006,2013,16505.4
12458,32007,2013,25282.2
12459,32008,2013,24870.8
12460,32009,2013,20928.1
12461,32010,2013,444321.4
12462,32011,2013,6337.0
12463,32012,2013,16356.4
12464,32013,2013,12335.3
12465,32014,2013,42982.3
12466,32015,2013,3229.2
12467,32016,2013,45506.9
12468,32017,2013,351322.2
12469,32018,2013,8834.9
12470,32019,2013,48386.8
12471,32020,2013,116830.2
12472,32021,2013,9186.1
12473,32022,2013,40615.3
12474,32023,2013,24589.7
12475,32024,2013,100104.8
12476,32025,2013,25177.0
12477,32026,2013,35876.6
12478,32027,2013,5420.7
12479,32028,2013,5199.0
12480,32029,2013,45505.9
12481,32030,2013,5021.2
12482,32031,2013,18007.6
12483,32032,2013,24096.2
12484,32033,2013,9195.9
12485,32034,2013,56074.3
12486,32035,2013,31679.3
12487,32036,2013,83825.5
12488,32037,2013,34732.7
12489,32038,2013,141495.8
12490,32039,2013,126601.7
12491,32040,2013,43328.9
12492,32041,2013,5366.0
12493,32042,2013,124141.7
12494,32043,2013,2728.2
12495,32044,2013,31928.5
12496,32045,2013,16563.4
12497,32046,2013,13842.0
12498,32047,2013,10987.5
12499,32048,2013,52132.5
12500,32049,2013,66524.7
12501,32050,2013,19279.4
12502,32051,2013,69488.5
12503,32052,2013,37350.9
12504,32053,2013,26045.5
12505,32054,2013,37612.9
12506,32055,2013,60309.1
12507,32056,2013,283395.6
12508,32057,2013,36020.4
12509,32058,2013,5649.3
12510,0,2014,118226409.8
12511,1000,2014,1287644.6
12512,1001,2014,1717702.8
12513,1002,2014,96268.0
12514,1003,2014,111830.4
12515,1004,2014,31821.2
12516,1005,2014,224016.4
12517,1006,2014,88942.0
12518,1007,2014,105770.6
12519,1008,2014,17832.0
12520,1009,2014,41837.8
12521,1010,2014,40051.6
12522,1011,2014,92812.2
12523,2000,2014,3413914.2
12524,2001,2014,919862.4
12525,2002,2014,1969025.0
12526,2003,2014,209374.6
12527,2004,2014,3410885.0
12528,2005,2014,210864.4
12529,2006,2014,
12530,3000,2014,710446.8
12531,3001,2014,145350.4
12532,3002,2014,123609.6
12533,3003,2014,539084.2
12534,3008,2014,568926.6
12535,3009,2014,35070.4
12536,4000,2014,873155.4
12537,4001,2014,110970.0
12538,4002,2014,547240.4
12539,4003,2014,467147.8
12540,4004,2014,162782.2
12541,4005,2014,59539.6
12542,4006,2014,79208.0
12543,4007,2014,17390.6
12544,4008,2014,20875.4
12545,4009,2014,113632.6
12546,4010,2014,57979.2
12547,4011,2014,88943.0
12548,4012,2014,
12549,5000,2014,2918435.6
12550,5001,2014,2154.0
12551,5002,2014,294943.6
12552,5003,2014,45787.6
12553,5004,2014,51882.2
12554,5005,2014,3506.6
12555,5006,2014,54554.0
12556,5007,2014,25967.2
12557,5008,2014,5955.0
12558,5009,2014,114298.4
12559,5010,2014,156268.4
12560,5011,2014,23796.0
12561,5012,2014,4052.2
12562,5013,2014,3712.8
12563,5014,2014,19849.0
12564,5015,2014,3290.6
12565,5016,2014,3642.0
12566,5017,2014,223796.0
12567,5018,2014,450102.2
12568,5019,2014,16356.8
12569,5020,2014,137939.6
12570,5021,2014,12918.8
12571,5022,2014,60260.2
12572,5023,2014,21186.4
12573,5024,2014,90395.8
12574,5025,2014,325435.2
12575,5026,2014,6824.2
12576,5027,2014,189261.2
12577,5028,2014,125094.2
12578,5029,2014,4777.4
12579,5030,2014,1574680.2
12580,5031,2014,46549.4
12581,5032,2014,83946.8
12582,5033,2014,204680.2
12583,5034,2014,13187.8
12584,5035,2014,1344339.2
12585,5036,2014,41976.8
12586,5037,2014,12666.2
12587,5038,2014,26144.4
12588,6000,2014,686931.4
12589,6001,2014,56769.0
12590,6002,2014,302434.0
12591,6003,2014,42641.0
12592,6004,2014,40156.4
12593,6005,2014,57742.6
12594,6006,2014,10943.2
12595,6007,2014,347359.4
12596,6008,2014,18045.8
12597,6009,2014,229779.2
12598,6010,2014,263950.2
12599,7000,2014,5145948.0
12600,7001,2014,34853.0
12601,7002,2014,52055.2
12602,7003,2014,55150.6
12603,7004,2014,64988.6
12604,7005,2014,45280.8
12605,7006,2014,60896.0
12606,7007,2014,19532.2
12607,7008,2014,57760.6
12608,7009,2014,81794.4
12609,7010,2014,15057.8
12610,7011,2014,39323.4
12611,7012,2014,104669.2
12612,7013,2014,66601.6
12613,7014,2014,41723.0
12614,7015,2014,92810.4
12615,7016,2014,35161.0
12616,7017,2014,168078.8
12617,7018,2014,18099.2
12618,7019,2014,302646.0
12619,7020,2014,94718.0
12620,7021,2014,43329.8
12621,7022,2014,34364.4
12622,7023,2014,173904.0
12623,7024,2014,23922.8
12624,7025,2014,14809.0
12625,7026,2014,81241.6
12626,7027,2014,195657.0
12627,7028,2014,11419.0
12628,7029,2014,10353.8
12629,7030,2014,67637.8
12630,7031,2014,243962.8
12631,7032,2014,61150.8
12632,7033,2014,14211.6
12633,7034,2014,145602.0
12634,7035,2014,26882.8
12635,7036,2014,14894.8
12636,7037,2014,69308.4
12637,7038,2014,44197.4
12638,7039,2014,49414.8
12639,7040,2014,104794.0
12640,7041,2014,86722.4
12641,7042,2014,21466.8
12642,7043,2014,21089.6
12643,7044,2014,52713.6
12644,7045,2014,11624.0
12645,7046,2014,79496.6
12646,7047,2014,42408.6
12647,7048,2014,42751.8
12648,7049,2014,49429.0
12649,7050,2014,10301.2
12650,7051,2014,91463.8
12651,7052,2014,247139.2
12652,7053,2014,15712.8
12653,7054,2014,54818.0
12654,7055,2014,10742.2
12655,7056,2014,24392.4
12656,7057,2014,144521.6
12657,7058,2014,8993.0
12658,7059,2014,429333.4
12659,7060,2014,25524.0
12660,7061,2014,178886.6
12661,7062,2014,35461.6
12662,7063,2014,7751.8
12663,7064,2014,95991.0
12664,7065,2014,240584.4
12665,7066,2014,45951.8
12666,7067,2014,22893.4
12667,7068,2014,61386.6
12668,7069,2014,103701.2
12669,7070,2014,25661.4
12670,7071,2014,58482.8
12671,7072,2014,61074.2
12672,7073,2014,19549.6
12673,7074,2014,84716.4
12674,7075,2014,53931.2
12675,7076,2014,54143.2
12676,7077,2014,120654.0
12677,7078,2014,395834.2
12678,7079,2014,73454.8
12679,7080,2014,66623.8
12680,7081,2014,90792.6
12681,7082,2014,27261.6
12682,7083,2014,35989.6
12683,7084,2014,16615.0
12684,7085,2014,20408.0
12685,7086,2014,46036.0
12686,7087,2014,75793.2
12687,7088,2014,4545.8
12688,7089,2014,668467.0
12689,7090,2014,8587.8
12690,7091,2014,25559.6
12691,7092,2014,67177.6
12692,7093,2014,86855.8
12693,7094,2014,84862.0
12694,7096,2014,152570.4
12695,7097,2014,177183.8
12696,7098,2014,13457.6
12697,7099,2014,154651.6
12698,7100,2014,68596.0
12699,7101,2014,1147708.4
12700,7102,2014,78150.8
12701,7103,2014,58219.0
12702,7104,2014,30298.2
12703,7105,2014,29751.6
12704,7106,2014,128276.0
12705,7107,2014,146937.8
12706,7108,2014,210139.8
12707,7109,2014,73522.0
12708,7110,2014,14113.4
12709,7111,2014,80085.2
12710,7112,2014,65177.6
12711,7113,2014,12882.6
12712,7114,2014,39733.2
12713,7115,2014,25526.2
12714,7116,2014,22144.8
12715,7117,2014,15149.8
12716,7118,2014,10304.6
12717,7119,2014,7865.2
12718,7120,2014,
12719,7121,2014,
12720,7122,2014,
12721,7123,2014,
12722,7124,2014,
12723,7125,2014,
12724,8000,2014,3574349.4
12725,8001,2014,25849.6
12726,8002,2014,48073.6
12727,8003,2014,17028.6
12728,8004,2014,34721.0
12729,8005,2014,50062.8
12730,8006,2014,11997.0
12731,8007,2014,35414.2
12732,8008,2014,27412.2
12733,8009,2014,54224.6
12734,8010,2014,47084.6
12735,8011,2014,99061.0
12736,8012,2014,17612.2
12737,8013,2014,22543.2
12738,8014,2014,4472.0
12739,8015,2014,3183.2
12740,8016,2014,7786.0
12741,8017,2014,331033.2
12742,8018,2014,10829.4
12743,8019,2014,1734386.4
12744,8020,2014,15483.2
12745,8021,2014,286973.8
12746,8022,2014,5472.0
12747,8023,2014,12555.8
12748,8024,2014,7795.4
12749,8025,2014,15989.6
12750,8026,2014,5836.2
12751,8027,2014,102349.6
12752,8028,2014,11345.4
12753,8029,2014,106879.6
12754,8030,2014,18485.8
12755,8031,2014,77117.8
12756,8032,2014,222363.8
12757,8033,2014,1993.2
12758,8034,2014,12526.8
12759,8035,2014,22235.4
12760,8036,2014,82959.6
12761,8037,2014,2809153.0
12762,8038,2014,10037.0
12763,8039,2014,8254.6
12764,8040,2014,56018.2
12765,8041,2014,3492.4
12766,8042,2014,3024.4
12767,8043,2014,5954.0
12768,8044,2014,8948.2
12769,8045,2014,90180.4
12770,8046,2014,16712.4
12771,8047,2014,10130.4
12772,8048,2014,46010.0
12773,8049,2014,5727.2
12774,8050,2014,124023.2
12775,8051,2014,15775.8
12776,8052,2014,51395.6
12777,8053,2014,9938.4
12778,8054,2014,15856.4
12779,8055,2014,34378.2
12780,8056,2014,4397.4
12781,8057,2014,4557.0
12782,8058,2014,5906.6
12783,8059,2014,9824.8
12784,8060,2014,21924.0
12785,8061,2014,7269.2
12786,8062,2014,63340.2
12787,8063,2014,11889.4
12788,8064,2014,3463.2
12789,8065,2014,40549.6
12790,8066,2014,15605.0
12791,8067,2014,10102.0
12792,9000,2014,8995234.6
12793,9002,2014,843417.2
12794,9003,2014,1236056.8
12795,9004,2014,397853.2
12796,9005,2014,2361607.2
12797,9006,2014,784947.2
12798,9007,2014,3647332.0
12799,9008,2014,485029.6
12800,9009,2014,279009.6
12801,9010,2014,1479752.0
12802,9011,2014,746209.8
12803,9012,2014,1340883.4
12804,9013,2014,851829.0
12805,9014,2014,809849.2
12806,9015,2014,1074904.4
12807,9016,2014,779042.8
12808,9017,2014,872136.8
12809,10000,2014,1728169.0
12810,10001,2014,63158.0
12811,10002,2014,8700.2
12812,10003,2014,8741.6
12813,10004,2014,68518.4
12814,10005,2014,1251410.8
12815,10006,2014,20828.0
12816,10007,2014,693317.2
12817,10008,2014,70601.0
12818,10009,2014,20582.4
12819,10010,2014,8286.8
12820,10011,2014,10179.0
12821,10012,2014,300576.4
12822,10013,2014,51934.2
12823,10014,2014,81649.4
12824,10015,2014,25292.0
12825,10016,2014,37530.2
12826,10017,2014,18195.4
12827,10018,2014,21945.6
12828,10019,2014,10317.2
12829,10020,2014,24479.2
12830,10021,2014,21573.2
12831,10022,2014,50437.0
12832,10023,2014,100700.6
12833,10024,2014,25642.6
12834,10025,2014,6483.8
12835,10026,2014,38195.0
12836,10027,2014,11420.2
12837,10028,2014,23930.2
12838,10029,2014,4302.8
12839,10030,2014,3409.4
12840,10031,2014,13802.0
12841,10032,2014,94026.0
12842,10033,2014,13712.4
12843,10034,2014,54251.0
12844,10035,2014,22607.0
12845,10036,2014,43718.4
12846,10037,2014,18513.4
12847,10038,2014,44136.8
12848,10039,2014,53884.6
12849,11000,2014,5776851.2
12850,11001,2014,175273.4
12851,11002,2014,218140.0
12852,11003,2014,332887.8
12853,11004,2014,128199.2
12854,11005,2014,197032.0
12855,11006,2014,10984.4
12856,11007,2014,979789.2
12857,11008,2014,78127.4
12858,11009,2014,159379.2
12859,11010,2014,22896.8
12860,11011,2014,184652.4
12861,11012,2014,57579.4
12862,11013,2014,49936.6
12863,11014,2014,309072.4
12864,11015,2014,361932.4
12865,11016,2014,41092.0
12866,11017,2014,1110658.8
12867,11018,2014,75018.4
12868,11019,2014,100748.0
12869,11020,2014,3103736.6
12870,11021,2014,97095.4
12871,11022,2014,49271.8
12872,11023,2014,304688.8
12873,11024,2014,23417.4
12874,11025,2014,149806.4
12875,11026,2014,121202.2
12876,11027,2014,532484.8
12877,11028,2014,191838.2
12878,11029,2014,77619.0
12879,11030,2014,224853.0
12880,11031,2014,241252.8
12881,11032,2014,158815.4
12882,11033,2014,242367.4
12883,11034,2014,10749.2
12884,11035,2014,161353.4
12885,11036,2014,13384.6
12886,11037,2014,371364.2
12887,11038,2014,23063.6
12888,11039,2014,71551.4
12889,11040,2014,37861.2
12890,11041,2014,120397.8
12891,11042,2014,290132.4
12892,11043,2014,40981.6
12893,11044,2014,119871.6
12894,11045,2014,22831.8
12895,11046,2014,140056.2
12896,12000,2014,3459482.6
12897,12001,2014,1571917.0
12898,12002,2014,50395.8
12899,12003,2014,76121.2
12900,12004,2014,39769.8
12901,12005,2014,14216.8
12902,12006,2014,23830.6
12903,12007,2014,65378.6
12904,12008,2014,17414.4
12905,12009,2014,11498.4
12906,12010,2014,54480.4
12907,12011,2014,122329.8
12908,12012,2014,130611.4
12909,12013,2014,29470.4
12910,12014,2014,30449.6
12911,12015,2014,25650.4
12912,12016,2014,25852.0
12913,12017,2014,30133.6
12914,12018,2014,27978.2
12915,12019,2014,29961.0
12916,12020,2014,39984.4
12917,12021,2014,146755.8
12918,12022,2014,82121.8
12919,12023,2014,52660.6
12920,12024,2014,14747.4
12921,12025,2014,31766.2
12922,12026,2014,17658.6
12923,12027,2014,42297.8
12924,12028,2014,244135.0
12925,12029,2014,517010.4
12926,12030,2014,42043.2
12927,12031,2014,12675.0
12928,12032,2014,74032.8
12929,12033,2014,31275.6
12930,12034,2014,74191.6
12931,12035,2014,292065.0
12932,12036,2014,22375.0
12933,12037,2014,12858.2
12934,12038,2014,243031.4
12935,12039,2014,50132.2
12936,12040,2014,50802.8
12937,12041,2014,59258.8
12938,12042,2014,36138.6
12939,12043,2014,37945.0
12940,12044,2014,23605.0
12941,12045,2014,52704.8
12942,12046,2014,128377.0
12943,12047,2014,14104.2
12944,12048,2014,90141.8
12945,12049,2014,24113.6
12946,12050,2014,75308.6
12947,12051,2014,70592.4
12948,12052,2014,87951.0
12949,12053,2014,98414.4
12950,12054,2014,53155.2
12951,12055,2014,209413.6
12952,12056,2014,89779.6
12953,12057,2014,127363.0
12954,12058,2014,107694.0
12955,12059,2014,61277.8
12956,12060,2014,26607.4
12957,12061,2014,82768.0
12958,12062,2014,43861.0
12959,12063,2014,20052.4
12960,12064,2014,23155.6
12961,12065,2014,14622.2
12962,12066,2014,174762.4
12963,12067,2014,43983.8
12964,12068,2014,52142.2
12965,12069,2014,24282.8
12966,12070,2014,14796.6
12967,12071,2014,57745.4
12968,12072,2014,22224.8
12969,12073,2014,37557.8
12970,12074,2014,44693.2
12971,12075,2014,97968.0
12972,12076,2014,71574.2
12973,12077,2014,26961.6
12974,12078,2014,39657.8
12975,12079,2014,33545.8
12976,12080,2014,14660.8
12977,12081,2014,21975.0
12978,13000,2014,2835422.4
12979,13001,2014,41923.6
12980,13002,2014,85566.4
12981,13003,2014,113975.2
12982,13004,2014,19049.2
12983,13005,2014,35584.4
12984,13006,2014,38026.6
12985,13007,2014,23751.4
12986,13008,2014,88540.4
12987,13009,2014,36720.4
12988,13010,2014,57530.4
12989,13011,2014,39222.6
12990,13012,2014,56446.8
12991,13013,2014,87272.6
12992,13014,2014,33363.8
12993,13015,2014,37658.8
12994,13016,2014,113790.2
12995,13017,2014,25125.0
12996,13018,2014,45296.8
12997,13019,2014,36061.2
12998,13020,2014,5457.8
12999,13021,2014,28188.8
13000,13022,2014,29694.4
13001,13023,2014,69685.8
13002,13024,2014,34732.6
13003,13025,2014,43687.2
13004,13026,2014,25574.0
13005,13027,2014,46618.0
13006,13028,2014,248970.4
13007,13029,2014,91154.8
13008,13030,2014,182566.8
13009,13031,2014,25259.0
13010,13032,2014,21661.2
13011,13033,2014,6163.8
13012,13034,2014,19471.4
13013,13035,2014,24187.2
13014,13036,2014,18805.6
13015,13037,2014,42773.4
13016,13038,2014,16696.8
13017,13039,2014,28123.2
13018,13040,2014,20421.4
13019,13041,2014,89215.4
13020,13042,2014,22762.8
13021,13043,2014,12960.4
13022,13044,2014,32478.2
13023,13045,2014,18191.6
13024,13046,2014,77874.6
13025,13047,2014,9877.8
13026,13048,2014,572941.4
13027,13049,2014,36913.8
13028,13050,2014,45583.8
13029,13051,2014,315137.6
13030,13052,2014,69615.8
13031,13053,2014,35990.2
13032,13054,2014,68766.8
13033,13055,2014,33888.8
13034,13056,2014,71863.6
13035,13057,2014,30105.0
13036,13058,2014,34191.8
13037,13059,2014,72514.8
13038,13060,2014,34667.2
13039,13061,2014,107070.6
13040,13062,2014,59974.4
13041,13063,2014,169236.8
13042,13064,2014,20593.2
13043,13065,2014,22763.4
13044,13066,2014,24420.8
13045,13067,2014,101756.4
13046,13068,2014,28335.2
13047,13069,2014,251651.0
13048,13070,2014,35844.8
13049,13071,2014,19094.4
13050,13072,2014,21227.4
13051,13073,2014,73876.2
13052,13074,2014,55023.6
13053,13075,2014,33005.0
13054,13076,2014,216842.8
13055,13077,2014,316615.4
13056,13078,2014,37499.4
13057,13079,2014,14406.0
13058,13080,2014,48070.0
13059,13081,2014,69475.2
13060,13082,2014,38817.6
13061,13083,2014,93400.4
13062,13084,2014,78228.8
13063,14000,2014,7775791.8
13064,14001,2014,44132.8
13065,14002,2014,49669.6
13066,14003,2014,45022.4
13067,14004,2014,11336.6
13068,14005,2014,30823.0
13069,14006,2014,117253.2
13070,14007,2014,18224.4
13071,14008,2014,152366.2
13072,14009,2014,38009.2
13073,14010,2014,14225.4
13074,14011,2014,10989.6
13075,14012,2014,8369.6
13076,14013,2014,120706.6
13077,14014,2014,16938.6
13078,14015,2014,121450.2
13079,14016,2014,79285.4
13080,14017,2014,25626.4
13081,14018,2014,131677.2
13082,14019,2014,14393.6
13083,14020,2014,21014.4
13084,14021,2014,42309.0
13085,14022,2014,79092.2
13086,14023,2014,213853.6
13087,14024,2014,54893.2
13088,14025,2014,37521.2
13089,14026,2014,12204.8
13090,14027,2014,35633.0
13091,14028,2014,4407.8
13092,14029,2014,35864.8
13093,14030,2014,102858.2
13094,14031,2014,7266.8
13095,14032,2014,11787.2
13096,14033,2014,42465.0
13097,14034,2014,4101.6
13098,14035,2014,104991.2
13099,14036,2014,38436.2
13100,14037,2014,49455.6
13101,14038,2014,8676.4
13102,14039,2014,2902733.2
13103,14040,2014,19395.0
13104,14041,2014,12070.0
13105,14042,2014,18644.2
13106,14043,2014,46934.0
13107,14044,2014,103947.6
13108,14045,2014,39538.4
13109,14046,2014,64821.0
13110,14047,2014,47403.0
13111,14048,2014,37788.4
13112,14049,2014,19614.8
13113,14050,2014,88406.6
13114,14051,2014,40589.0
13115,14052,2014,11087.2
13116,14053,2014,323484.0
13117,14054,2014,10901.0
13118,14055,2014,43040.4
13119,14056,2014,4712.2
13120,14057,2014,7793.6
13121,14058,2014,29041.8
13122,14059,2014,27167.2
13123,14060,2014,11602.0
13124,14061,2014,41535.8
13125,14062,2014,7261.8
13126,14063,2014,196476.8
13127,14064,2014,63126.4
13128,14065,2014,23945.0
13129,14066,2014,101141.0
13130,14067,2014,540463.6
13131,14068,2014,23265.0
13132,14069,2014,16753.6
13133,14070,2014,352539.2
13134,14071,2014,6305.6
13135,14072,2014,14259.4
13136,14073,2014,136619.4
13137,14074,2014,32094.8
13138,14075,2014,7634.6
13139,14076,2014,6723.4
13140,14077,2014,54094.8
13141,14078,2014,63370.8
13142,14079,2014,29991.6
13143,14080,2014,11093.6
13144,14081,2014,7290.8
13145,14082,2014,71683.4
13146,14083,2014,153215.0
13147,14084,2014,29738.8
13148,14085,2014,77078.2
13149,14086,2014,38870.0
13150,14087,2014,34020.0
13151,14088,2014,33213.0
13152,14089,2014,7502.2
13153,14090,2014,14344.6
13154,14091,2014,80361.8
13155,14092,2014,21852.4
13156,14093,2014,284131.6
13157,14094,2014,84745.8
13158,14095,2014,18672.4
13159,14096,2014,43278.6
13160,14097,2014,1082613.6
13161,14098,2014,1279469.6
13162,14099,2014,20538.6
13163,14100,2014,71508.2
13164,14101,2014,1030444.2
13165,14102,2014,11909.0
13166,14103,2014,14785.4
13167,14104,2014,8759.0
13168,14105,2014,45359.2
13169,14106,2014,9575.4
13170,14107,2014,12970.6
13171,14108,2014,71190.2
13172,14109,2014,36379.2
13173,14110,2014,27605.2
13174,14111,2014,13558.0
13175,14112,2014,11971.2
13176,14113,2014,31711.4
13177,14114,2014,35651.8
13178,14115,2014,11311.8
13179,14116,2014,38588.4
13180,14117,2014,8602.2
13181,14118,2014,44917.8
13182,14119,2014,57909.0
13183,14120,2014,2674320.6
13184,14121,2014,62054.8
13185,14122,2014,14032.4
13186,14123,2014,36663.0
13187,14124,2014,128424.2
13188,14125,2014,35895.8
13189,15000,2014,15908451.6
13190,15001,2014,127415.8
13191,15002,2014,301081.6
13192,15003,2014,93203.0
13193,15004,2014,30093.6
13194,15005,2014,316883.0
13195,15006,2014,23218.4
13196,15007,2014,46381.6
13197,15008,2014,51894.2
13198,15009,2014,100936.6
13199,15010,2014,58548.4
13200,15011,2014,127885.2
13201,15012,2014,22747.2
13202,15013,2014,1006869.6
13203,15014,2014,200024.4
13204,15015,2014,58755.2
13205,15016,2014,53990.0
13206,15017,2014,18741.8
13207,15018,2014,111234.6
13208,15019,2014,70461.4
13209,15020,2014,568437.6
13210,15021,2014,74325.2
13211,15022,2014,26662.4
13212,15023,2014,79549.6
13213,15024,2014,311174.6
13214,15025,2014,692233.8
13215,15026,2014,58451.6
13216,15027,2014,21828.8
13217,15028,2014,55465.2
13218,15029,2014,370667.2
13219,15030,2014,49536.4
13220,15031,2014,1301499.8
13221,15032,2014,70098.0
13222,15033,2014,3303610.0
13223,15034,2014,19912.2
13224,15035,2014,250634.0
13225,15036,2014,85242.4
13226,15037,2014,518580.6
13227,15038,2014,21921.8
13228,15039,2014,994650.2
13229,15040,2014,69778.0
13230,15041,2014,13134.8
13231,15042,2014,297890.2
13232,15043,2014,56800.4
13233,15044,2014,54167.2
13234,15045,2014,170647.0
13235,15046,2014,37465.6
13236,15047,2014,144325.0
13237,15048,2014,128877.4
13238,15049,2014,27750.4
13239,15050,2014,49912.8
13240,15051,2014,298025.4
13241,15052,2014,53277.4
13242,15053,2014,109272.6
13243,15054,2014,450843.6
13244,15055,2014,25104.8
13245,15056,2014,60667.4
13246,15057,2014,1668092.8
13247,15058,2014,2198199.4
13248,15059,2014,83717.8
13249,15060,2014,784408.0
13250,15061,2014,18966.0
13251,15062,2014,131852.6
13252,15063,2014,67142.4
13253,15064,2014,70884.8
13254,15065,2014,70559.8
13255,15066,2014,9788.4
13256,15067,2014,164807.2
13257,15068,2014,57295.6
13258,15069,2014,8869.2
13259,15070,2014,547884.4
13260,15071,2014,27598.2
13261,15072,2014,28084.8
13262,15073,2014,52152.0
13263,15074,2014,261617.4
13264,15075,2014,53181.4
13265,15076,2014,165029.2
13266,15077,2014,12892.8
13267,15078,2014,18716.4
13268,15079,2014,25616.0
13269,15080,2014,50286.8
13270,15081,2014,875542.0
13271,15082,2014,148776.8
13272,15083,2014,24772.4
13273,15084,2014,78060.0
13274,15085,2014,128365.2
13275,15086,2014,67463.2
13276,15087,2014,192632.0
13277,15088,2014,192881.8
13278,15089,2014,21821.2
13279,15090,2014,165972.4
13280,15091,2014,128105.2
13281,15092,2014,110428.2
13282,15093,2014,59632.4
13283,15094,2014,38424.0
13284,15095,2014,189259.0
13285,15096,2014,72282.8
13286,15097,2014,35656.0
13287,15098,2014,10722.0
13288,15099,2014,504273.6
13289,15100,2014,79877.6
13290,15101,2014,152230.4
13291,15102,2014,31600.4
13292,15103,2014,94781.6
13293,15104,2014,1334831.6
13294,15105,2014,65065.8
13295,15106,2014,1711976.2
13296,15107,2014,24853.2
13297,15108,2014,284001.2
13298,15109,2014,997471.0
13299,15110,2014,123218.2
13300,15111,2014,99873.2
13301,15112,2014,95060.4
13302,15113,2014,127261.0
13303,15114,2014,199811.4
13304,15115,2014,99303.6
13305,15116,2014,8950.8
13306,15117,2014,28972.2
13307,15118,2014,364416.0
13308,15119,2014,34704.4
13309,15120,2014,415990.0
13310,15121,2014,1058140.4
13311,15122,2014,742571.0
13312,15123,2014,56617.2
13313,15124,2014,189679.6
13314,15125,2014,24177.0
13315,16000,2014,4529696.4
13316,16001,2014,22268.2
13317,16002,2014,31758.4
13318,16003,2014,43566.8
13319,16004,2014,29588.6
13320,16005,2014,21663.8
13321,16006,2014,249833.0
13322,16007,2014,6693.6
13323,16008,2014,49372.2
13324,16009,2014,70979.8
13325,16010,2014,43648.0
13326,16011,2014,22138.2
13327,16012,2014,87265.0
13328,16013,2014,18946.0
13329,16014,2014,30805.6
13330,16015,2014,38283.0
13331,16016,2014,41379.6
13332,16017,2014,67615.6
13333,16018,2014,18333.2
13334,16019,2014,39840.0
13335,16020,2014,57828.4
13336,16021,2014,25437.2
13337,16022,2014,47441.8
13338,16023,2014,20304.4
13339,16024,2014,38271.0
13340,16025,2014,76007.6
13341,16026,2014,10587.0
13342,16027,2014,10159.8
13343,16028,2014,10864.0
13344,16029,2014,27233.0
13345,16030,2014,24915.2
13346,16031,2014,32390.4
13347,16032,2014,30046.0
13348,16033,2014,42795.8
13349,16034,2014,242135.2
13350,16035,2014,63968.6
13351,16036,2014,23258.8
13352,16037,2014,15937.2
13353,16038,2014,84492.2
13354,16039,2014,16724.0
13355,16040,2014,34441.4
13356,16041,2014,30562.4
13357,16042,2014,27764.8
13358,16043,2014,132002.6
13359,16044,2014,26317.4
13360,16045,2014,69993.2
13361,16046,2014,28312.6
13362,16047,2014,39935.4
13363,16048,2014,11208.6
13364,16049,2014,36891.4
13365,16050,2014,167797.6
13366,16051,2014,26856.2
13367,16052,2014,371808.2
13368,16053,2014,1554673.6
13369,16054,2014,16096.4
13370,16055,2014,90639.0
13371,16056,2014,58693.2
13372,16057,2014,16358.6
13373,16058,2014,39513.8
13374,16059,2014,17152.0
13375,16060,2014,19122.4
13376,16061,2014,46972.8
13377,16062,2014,40180.6
13378,16063,2014,31210.8
13379,16064,2014,52112.6
13380,16065,2014,73415.8
13381,16066,2014,184137.8
13382,16067,2014,33928.8
13383,16068,2014,54043.6
13384,16069,2014,205266.2
13385,16070,2014,30780.0
13386,16071,2014,136835.8
13387,16072,2014,27492.6
13388,16073,2014,52466.2
13389,16074,2014,20424.4
13390,16075,2014,140186.8
13391,16076,2014,150224.2
13392,16077,2014,36378.6
13393,16078,2014,25408.4
13394,16079,2014,94259.8
13395,16080,2014,38017.2
13396,16081,2014,17795.8
13397,16082,2014,147731.8
13398,16083,2014,62164.8
13399,16084,2014,58786.0
13400,16085,2014,67493.2
13401,16086,2014,30657.0
13402,16087,2014,28758.0
13403,16088,2014,186126.8
13404,16089,2014,46989.4
13405,16090,2014,29825.6
13406,16091,2014,28177.4
13407,16092,2014,27951.4
13408,16093,2014,55957.0
13409,16094,2014,13415.8
13410,16095,2014,23848.0
13411,16096,2014,14878.2
13412,16097,2014,62042.0
13413,16098,2014,51902.6
13414,16099,2014,31392.0
13415,16100,2014,28197.8
13416,16101,2014,18879.2
13417,16102,2014,664454.4
13418,16103,2014,46971.6
13419,16104,2014,33120.8
13420,16105,2014,39615.4
13421,16106,2014,61849.2
13422,16107,2014,149672.4
13423,16108,2014,387631.8
13424,16109,2014,6487.4
13425,16110,2014,95330.0
13426,16111,2014,33045.8
13427,16112,2014,312366.4
13428,16113,2014,51682.0
13429,17000,2014,1858434.0
13430,17001,2014,34563.2
13431,17002,2014,42888.0
13432,17003,2014,71822.0
13433,17004,2014,166669.4
13434,17005,2014,20114.4
13435,17006,2014,359981.6
13436,17007,2014,741023.6
13437,17008,2014,185861.6
13438,17009,2014,40448.2
13439,17010,2014,33530.2
13440,17011,2014,408632.2
13441,17012,2014,112373.4
13442,17013,2014,30972.8
13443,17014,2014,19080.6
13444,17015,2014,42654.0
13445,17016,2014,35655.8
13446,17017,2014,105992.2
13447,17018,2014,227580.8
13448,17019,2014,52967.8
13449,17020,2014,93979.0
13450,17021,2014,15046.2
13451,17022,2014,34899.0
13452,17023,2014,14332.2
13453,17024,2014,100661.4
13454,17025,2014,65091.8
13455,17026,2014,35407.2
13456,17027,2014,23169.6
13457,17028,2014,136467.6
13458,17029,2014,202065.2
13459,17030,2014,101109.6
13460,17031,2014,70975.8
13461,17032,2014,18901.6
13462,17033,2014,30834.2
13463,17034,2014,
13464,17035,2014,
13465,17036,2014,
13466,18000,2014,1153525.6
13467,18001,2014,73923.8
13468,18002,2014,30720.0
13469,18003,2014,22703.6
13470,18004,2014,146980.4
13471,18005,2014,23852.6
13472,18006,2014,56290.6
13473,18007,2014,36802.6
13474,18008,2014,111249.4
13475,18009,2014,80688.4
13476,18010,2014,68235.6
13477,18011,2014,47650.6
13478,18012,2014,85963.2
13479,18013,2014,15217.2
13480,18014,2014,47137.6
13481,18015,2014,187129.6
13482,18016,2014,77566.8
13483,18017,2014,798059.6
13484,18018,2014,60144.4
13485,18019,2014,28584.8
13486,18020,2014,299794.6
13487,19000,2014,5118400.4
13488,19001,2014,5771.8
13489,19002,2014,6978.0
13490,19003,2014,2796.0
13491,19004,2014,67432.6
13492,19005,2014,37222.0
13493,19006,2014,1153364.2
13494,19007,2014,30892.0
13495,19008,2014,7551.4
13496,19009,2014,203550.2
13497,19010,2014,102970.2
13498,19011,2014,15487.2
13499,19012,2014,84547.6
13500,19013,2014,21593.0
13501,19014,2014,71713.0
13502,19015,2014,3306.2
13503,19016,2014,6893.6
13504,19017,2014,81318.8
13505,19018,2014,490281.0
13506,19019,2014,252950.4
13507,19020,2014,11343.4
13508,19021,2014,814517.8
13509,19022,2014,29283.2
13510,19023,2014,3026.8
13511,19024,2014,12419.4
13512,19025,2014,148155.8
13513,19026,2014,1328149.6
13514,19027,2014,4043.6
13515,19028,2014,3112.4
13516,19029,2014,14064.2
13517,19030,2014,7022.4
13518,19031,2014,685800.2
13519,19032,2014,10776.4
13520,19033,2014,163137.4
13521,19034,2014,10781.0
13522,19035,2014,2236.6
13523,19036,2014,14651.0
13524,19037,2014,11503.0
13525,19038,2014,125787.4
13526,19039,2014,2277084.0
13527,19040,2014,2019.2
13528,19041,2014,143444.6
13529,19042,2014,11006.4
13530,19043,2014,5212.8
13531,19044,2014,69576.8
13532,19045,2014,109088.0
13533,19046,2014,861686.8
13534,19047,2014,32837.0
13535,19048,2014,567874.6
13536,19049,2014,86321.0
13537,19050,2014,3803.2
13538,19051,2014,7866.8
13539,20000,2014,3945189.6
13540,20001,2014,1973.6
13541,20002,2014,90195.6
13542,20003,2014,5031.6
13543,20004,2014,2104.0
13544,20005,2014,30000.8
13545,20006,2014,37843.2
13546,20007,2014,5050.4
13547,20008,2014,1597.6
13548,20009,2014,13549.6
13549,20010,2014,27146.2
13550,20011,2014,2585.6
13551,20012,2014,20879.4
13552,20013,2014,5793.2
13553,20014,2014,54250.8
13554,20015,2014,9944.6
13555,20016,2014,17887.6
13556,20017,2014,6848.0
13557,20018,2014,1607.4
13558,20019,2014,5892.8
13559,20020,2014,8530.8
13560,20021,2014,29220.8
13561,20022,2014,1695.8
13562,20023,2014,43623.2
13563,20024,2014,7564.6
13564,20025,2014,22429.4
13565,20026,2014,17410.2
13566,20027,2014,4703.4
13567,20028,2014,42149.6
13568,20029,2014,8491.8
13569,20030,2014,17164.0
13570,20031,2014,14593.6
13571,20032,2014,2101.2
13572,20033,2014,5262.8
13573,20034,2014,2740.4
13574,20035,2014,1184.0
13575,20036,2014,10567.6
13576,20037,2014,8841.6
13577,20038,2014,4046.8
13578,20039,2014,146460.8
13579,20040,2014,12310.2
13580,20041,2014,61399.0
13581,20042,2014,15930.2
13582,20043,2014,202768.2
13583,20044,2014,83030.2
13584,20045,2014,15343.8
13585,20046,2014,6340.4
13586,20047,2014,177.4
13587,20048,2014,2712.0
13588,20049,2014,2319.4
13589,20050,2014,7533.6
13590,20051,2014,9052.8
13591,20052,2014,12234.4
13592,20053,2014,2511.8
13593,20054,2014,814.0
13594,20055,2014,7231.0
13595,20056,2014,2912.0
13596,20057,2014,76513.0
13597,20058,2014,26331.6
13598,20059,2014,90002.2
13599,20060,2014,5313.6
13600,20061,2014,5396.0
13601,20062,2014,1101.6
13602,20063,2014,8092.8
13603,20064,2014,15694.6
13604,20065,2014,2286.8
13605,20066,2014,10736.4
13606,20067,2014,532820.4
13607,20068,2014,44624.6
13608,20069,2014,5376.8
13609,20070,2014,13133.4
13610,20071,2014,6570.8
13611,20072,2014,14342.0
13612,20073,2014,66012.4
13613,20074,2014,970.8
13614,20075,2014,5333.2
13615,20076,2014,6738.2
13616,20077,2014,7778.8
13617,20078,2014,2351.2
13618,20079,2014,166411.4
13619,20080,2014,2849.6
13620,20081,2014,3797.8
13621,20082,2014,8074.8
13622,20083,2014,18819.6
13623,20084,2014,8009.8
13624,20085,2014,48058.8
13625,20086,2014,1877.2
13626,20087,2014,9306.8
13627,20088,2014,5795.2
13628,20089,2014,4435.0
13629,20090,2014,12045.4
13630,20091,2014,10885.8
13631,20092,2014,3150.6
13632,20093,2014,1020.8
13633,20094,2014,3781.6
13634,20095,2014,8437.6
13635,20096,2014,1535.8
13636,20097,2014,3504.8
13637,20098,2014,8742.2
13638,20099,2014,874.8
13639,20100,2014,913.6
13640,20101,2014,1469.6
13641,20102,2014,9548.8
13642,20103,2014,11632.4
13643,20104,2014,5174.8
13644,20105,2014,14122.4
13645,20106,2014,558.4
13646,20107,2014,46781.2
13647,20108,2014,7589.8
13648,20109,2014,2465.2
13649,20110,2014,3258.0
13650,20111,2014,9171.2
13651,20112,2014,4990.8
13652,20113,2014,5946.0
13653,20114,2014,1354.6
13654,20115,2014,18749.0
13655,20116,2014,8167.2
13656,20117,2014,4694.2
13657,20118,2014,4886.4
13658,20119,2014,1075.6
13659,20120,2014,800.8
13660,20121,2014,1278.4
13661,20122,2014,1344.4
13662,20123,2014,5513.2
13663,20124,2014,36298.2
13664,20125,2014,23546.6
13665,20126,2014,10351.2
13666,20127,2014,2546.0
13667,20128,2014,2550.2
13668,20129,2014,704.6
13669,20130,2014,10268.4
13670,20131,2014,21749.8
13671,20132,2014,2607.8
13672,20133,2014,7937.2
13673,20134,2014,55012.0
13674,20135,2014,15219.4
13675,20136,2014,23644.6
13676,20137,2014,6912.4
13677,20138,2014,912.8
13678,20139,2014,4327.6
13679,20140,2014,1645.0
13680,20141,2014,15717.6
13681,20142,2014,2065.6
13682,20143,2014,18334.0
13683,20144,2014,2192.0
13684,20145,2014,8340.8
13685,20146,2014,5441.6
13686,20147,2014,761.8
13687,20148,2014,4079.6
13688,20149,2014,3451.6
13689,20150,2014,25362.6
13690,20151,2014,729.0
13691,20152,2014,4568.4
13692,20153,2014,9641.6
13693,20154,2014,4734.8
13694,20155,2014,1990.0
13695,20156,2014,7116.4
13696,20157,2014,30093.6
13697,20158,2014,4463.6
13698,20159,2014,11029.0
13699,20160,2014,2882.0
13700,20161,2014,5290.6
13701,20162,2014,3869.2
13702,20163,2014,3190.4
13703,20164,2014,6162.8
13704,20165,2014,3116.4
13705,20166,2014,22317.0
13706,20167,2014,4232.0
13707,20168,2014,1940.2
13708,20169,2014,7821.6
13709,20170,2014,7578.8
13710,20171,2014,36682.6
13711,20172,2014,854.6
13712,20173,2014,2989.6
13713,20174,2014,8164.4
13714,20175,2014,3208.0
13715,20176,2014,5586.0
13716,20177,2014,19736.0
13717,20178,2014,12902.2
13718,20179,2014,2912.0
13719,20180,2014,4665.6
13720,20181,2014,872.2
13721,20182,2014,4504.2
13722,20183,2014,2917.6
13723,20184,2014,314835.4
13724,20185,2014,17576.2
13725,20186,2014,1147.4
13726,20187,2014,4490.4
13727,20188,2014,19091.0
13728,20189,2014,5513.2
13729,20190,2014,45141.4
13730,20191,2014,634.0
13731,20192,2014,2948.0
13732,20193,2014,5302.6
13733,20194,2014,2575.6
13734,20195,2014,2352.0
13735,20196,2014,813.8
13736,20197,2014,6297.6
13737,20198,2014,57692.0
13738,20199,2014,1254.4
13739,20200,2014,7691.6
13740,20201,2014,3702.4
13741,20202,2014,9152.6
13742,20203,2014,6772.4
13743,20204,2014,1365.2
13744,20205,2014,34511.4
13745,20206,2014,4771.6
13746,20207,2014,35788.0
13747,20208,2014,14700.6
13748,20209,2014,1338.8
13749,20210,2014,12618.8
13750,20211,2014,6538.4
13751,20212,2014,5862.0
13752,20213,2014,7741.2
13753,20214,2014,4407.6
13754,20215,2014,1624.2
13755,20216,2014,2590.0
13756,20217,2014,6936.2
13757,20218,2014,1167.2
13758,20219,2014,5229.6
13759,20220,2014,5495.8
13760,20221,2014,2810.4
13761,20222,2014,2976.8
13762,20223,2014,894.4
13763,20224,2014,1344.8
13764,20225,2014,11868.4
13765,20226,2014,5670.8
13766,20227,2014,31141.6
13767,20228,2014,1591.6
13768,20229,2014,15793.8
13769,20230,2014,1954.0
13770,20231,2014,6180.8
13771,20232,2014,43584.6
13772,20233,2014,3472.4
13773,20234,2014,14795.2
13774,20235,2014,7424.8
13775,20236,2014,2961.6
13776,20237,2014,3125.6
13777,20238,2014,1774.4
13778,20239,2014,2092.4
13779,20240,2014,5156.0
13780,20241,2014,2129.8
13781,20242,2014,23619.4
13782,20243,2014,3682.8
13783,20244,2014,7556.0
13784,20245,2014,2598.0
13785,20246,2014,1234.0
13786,20247,2014,3055.6
13787,20248,2014,29570.6
13788,20249,2014,7234.8
13789,20250,2014,2416.0
13790,20251,2014,2400.4
13791,20252,2014,4446.4
13792,20253,2014,4342.8
13793,20254,2014,6560.6
13794,20255,2014,4084.8
13795,20256,2014,470.0
13796,20257,2014,2150.8
13797,20258,2014,1451.2
13798,20259,2014,4689.8
13799,20260,2014,4750.6
13800,20261,2014,14240.8
13801,20262,2014,2054.8
13802,20263,2014,6775.4
13803,20264,2014,4481.2
13804,20265,2014,13331.6
13805,20266,2014,17112.2
13806,20267,2014,552.4
13807,20268,2014,2021.2
13808,20269,2014,8409.4
13809,20270,2014,2737.6
13810,20271,2014,6457.2
13811,20272,2014,12407.8
13812,20273,2014,7252.4
13813,20274,2014,2618.8
13814,20275,2014,14604.0
13815,20276,2014,1520.0
13816,20277,2014,25068.8
13817,20278,2014,74847.2
13818,20279,2014,5898.2
13819,20280,2014,4481.6
13820,20281,2014,620.0
13821,20282,2014,1480.0
13822,20283,2014,2090.4
13823,20284,2014,6310.6
13824,20285,2014,7044.6
13825,20286,2014,6352.2
13826,20287,2014,683.8
13827,20288,2014,1201.2
13828,20289,2014,2342.8
13829,20290,2014,2048.8
13830,20291,2014,8450.2
13831,20292,2014,2881.0
13832,20293,2014,32347.0
13833,20294,2014,13206.4
13834,20295,2014,18852.4
13835,20296,2014,1883.2
13836,20297,2014,4781.2
13837,20298,2014,25070.0
13838,20299,2014,2229.6
13839,20300,2014,13070.6
13840,20301,2014,3130.8
13841,20302,2014,8613.2
13842,20303,2014,2271.2
13843,20304,2014,1600.6
13844,20305,2014,8205.8
13845,20306,2014,8434.8
13846,20307,2014,19316.4
13847,20308,2014,6064.0
13848,20309,2014,20739.6
13849,20310,2014,19833.2
13850,20311,2014,936.4
13851,20312,2014,22909.8
13852,20313,2014,1588.4
13853,20314,2014,3463.6
13854,20315,2014,3576.0
13855,20316,2014,1494.0
13856,20317,2014,2702.4
13857,20318,2014,91293.6
13858,20319,2014,2105.2
13859,20320,2014,1440.8
13860,20321,2014,1632.2
13861,20322,2014,1689.6
13862,20323,2014,4485.2
13863,20324,2014,91281.6
13864,20325,2014,22153.4
13865,20326,2014,9995.6
13866,20327,2014,29499.6
13867,20328,2014,2562.8
13868,20329,2014,2508.2
13869,20330,2014,8576.8
13870,20331,2014,1863.2
13871,20332,2014,792.8
13872,20333,2014,5777.4
13873,20334,2014,93375.4
13874,20335,2014,1896.6
13875,20336,2014,4083.8
13876,20337,2014,11240.8
13877,20338,2014,19424.8
13878,20339,2014,8291.4
13879,20340,2014,3672.2
13880,20341,2014,471.2
13881,20342,2014,5784.8
13882,20343,2014,3822.8
13883,20344,2014,5396.2
13884,20345,2014,8118.8
13885,20346,2014,2972.4
13886,20347,2014,7758.4
13887,20348,2014,16485.8
13888,20349,2014,4134.4
13889,20350,2014,32998.4
13890,20351,2014,5392.8
13891,20352,2014,8551.6
13892,20353,2014,4311.6
13893,20354,2014,1005.2
13894,20355,2014,1439.2
13895,20356,2014,4134.8
13896,20357,2014,1769.2
13897,20358,2014,3791.2
13898,20359,2014,1480.4
13899,20360,2014,7498.8
13900,20361,2014,1766.4
13901,20362,2014,2997.4
13902,20363,2014,5337.0
13903,20364,2014,32622.4
13904,20365,2014,2424.6
13905,20366,2014,7772.0
13906,20367,2014,9124.4
13907,20368,2014,3833.2
13908,20369,2014,3983.2
13909,20370,2014,1350.8
13910,20371,2014,1933.6
13911,20372,2014,3316.0
13912,20373,2014,865.8
13913,20374,2014,3080.0
13914,20375,2014,22704.0
13915,20376,2014,728.8
13916,20377,2014,21997.8
13917,20378,2014,7338.0
13918,20379,2014,5910.4
13919,20380,2014,4160.0
13920,20381,2014,5479.2
13921,20382,2014,2366.0
13922,20383,2014,1205.6
13923,20384,2014,9257.4
13924,20385,2014,173722.0
13925,20386,2014,36752.6
13926,20387,2014,5745.0
13927,20388,2014,5322.8
13928,20389,2014,1831.6
13929,20390,2014,97116.8
13930,20391,2014,6741.2
13931,20392,2014,13394.4
13932,20393,2014,7672.6
13933,20394,2014,5570.8
13934,20395,2014,3587.4
13935,20396,2014,6509.6
13936,20397,2014,78282.6
13937,20398,2014,9198.4
13938,20399,2014,66501.8
13939,20400,2014,3332.8
13940,20401,2014,48725.8
13941,20402,2014,2160.8
13942,20403,2014,6340.8
13943,20404,2014,1539.6
13944,20405,2014,3786.8
13945,20406,2014,41902.2
13946,20407,2014,17923.2
13947,20408,2014,979.4
13948,20409,2014,16959.2
13949,20410,2014,6893.0
13950,20411,2014,1709.6
13951,20412,2014,6538.2
13952,20413,2014,87081.0
13953,20414,2014,22572.6
13954,20415,2014,9769.2
13955,20416,2014,994.0
13956,20417,2014,18863.0
13957,20418,2014,23667.4
13958,20419,2014,1168.4
13959,20420,2014,3359.2
13960,20421,2014,9094.0
13961,20422,2014,1313.0
13962,20423,2014,1070.0
13963,20424,2014,7865.6
13964,20425,2014,4297.2
13965,20426,2014,16611.6
13966,20427,2014,31848.0
13967,20428,2014,3903.2
13968,20429,2014,3043.6
13969,20430,2014,557.2
13970,20431,2014,3592.8
13971,20432,2014,1884.0
13972,20433,2014,5270.4
13973,20434,2014,8791.8
13974,20435,2014,7070.4
13975,20436,2014,2055.8
13976,20437,2014,19322.2
13977,20438,2014,3585.4
13978,20439,2014,49468.8
13979,20440,2014,1724.8
13980,20441,2014,16760.6
13981,20442,2014,624.8
13982,20443,2014,889.6
13983,20444,2014,947.4
13984,20445,2014,3329.6
13985,20446,2014,12671.6
13986,20447,2014,31787.8
13987,20448,2014,4394.4
13988,20449,2014,6693.8
13989,20450,2014,25864.0
13990,20451,2014,2080.0
13991,20452,2014,8603.2
13992,20453,2014,7833.2
13993,20454,2014,6665.2
13994,20455,2014,5625.8
13995,20456,2014,3359.4
13996,20457,2014,6753.6
13997,20458,2014,2270.8
13998,20459,2014,9282.0
13999,20460,2014,10697.0
14000,20461,2014,1167.6
14001,20462,2014,8912.6
14002,20463,2014,1233.4
14003,20464,2014,850.0
14004,20465,2014,3199.8
14005,20466,2014,25419.8
14006,20467,2014,37403.6
14007,20468,2014,27670.8
14008,20469,2014,67315.0
14009,20470,2014,9195.2
14010,20471,2014,943.6
14011,20472,2014,6536.2
14012,20473,2014,2706.2
14013,20474,2014,6669.0
14014,20475,2014,19740.8
14015,20476,2014,838.4
14016,20477,2014,2791.2
14017,20478,2014,3596.6
14018,20479,2014,413.0
14019,20480,2014,2247.2
14020,20481,2014,3878.8
14021,20482,2014,105218.4
14022,20483,2014,20171.6
14023,20484,2014,8629.0
14024,20485,2014,6152.8
14025,20486,2014,4912.0
14026,20487,2014,3911.6
14027,20488,2014,263.8
14028,20489,2014,9878.0
14029,20490,2014,6070.4
14030,20491,2014,8960.4
14031,20492,2014,6063.2
14032,20493,2014,1105.0
14033,20494,2014,10920.0
14034,20495,2014,5916.8
14035,20496,2014,4119.6
14036,20497,2014,8334.0
14037,20498,2014,14662.2
14038,20499,2014,3980.6
14039,20500,2014,15867.2
14040,20501,2014,1927.6
14041,20502,2014,10700.2
14042,20503,2014,788.8
14043,20504,2014,3255.6
14044,20505,2014,15215.0
14045,20506,2014,1580.4
14046,20507,2014,6396.0
14047,20508,2014,3132.6
14048,20509,2014,21763.6
14049,20510,2014,1663.4
14050,20511,2014,7042.4
14051,20512,2014,1982.0
14052,20513,2014,17316.6
14053,20514,2014,1954.2
14054,20515,2014,128489.2
14055,20516,2014,9738.0
14056,20517,2014,11066.2
14057,20518,2014,274.0
14058,20519,2014,6056.8
14059,20520,2014,14524.4
14060,20521,2014,540.8
14061,20522,2014,2424.0
14062,20523,2014,3266.4
14063,20524,2014,708.0
14064,20525,2014,23510.6
14065,20526,2014,32583.6
14066,20527,2014,5393.0
14067,20528,2014,2198.6
14068,20529,2014,2777.6
14069,20530,2014,7215.4
14070,20531,2014,4889.2
14071,20532,2014,8144.0
14072,20533,2014,4822.6
14073,20534,2014,7567.6
14074,20535,2014,6161.4
14075,20536,2014,950.8
14076,20537,2014,13464.4
14077,20538,2014,1430.6
14078,20539,2014,11108.4
14079,20540,2014,15144.6
14080,20541,2014,3294.8
14081,20542,2014,1604.8
14082,20543,2014,11785.6
14083,20544,2014,2158.0
14084,20545,2014,18857.0
14085,20546,2014,11888.8
14086,20547,2014,1953.2
14087,20548,2014,3676.0
14088,20549,2014,22780.6
14089,20550,2014,10744.0
14090,20551,2014,48033.0
14091,20552,2014,941.2
14092,20553,2014,20972.4
14093,20554,2014,11458.6
14094,20555,2014,5918.8
14095,20556,2014,543.6
14096,20557,2014,28416.8
14097,20558,2014,2954.8
14098,20559,2014,45460.2
14099,20560,2014,12591.6
14100,20561,2014,5582.8
14101,20562,2014,3095.2
14102,20563,2014,2576.2
14103,20564,2014,2506.4
14104,20565,2014,78120.4
14105,20566,2014,6159.6
14106,20567,2014,6478.2
14107,20568,2014,3172.8
14108,20569,2014,3252.6
14109,20570,2014,40800.6
14110,21000,2014,6108108.2
14111,21001,2014,130803.4
14112,21002,2014,18132.4
14113,21003,2014,71066.2
14114,21004,2014,113628.4
14115,21005,2014,5913.2
14116,21006,2014,29338.4
14117,21007,2014,6624.2
14118,21008,2014,21699.6
14119,21009,2014,4182.0
14120,21010,2014,132609.0
14121,21011,2014,3639.8
14122,21012,2014,12818.4
14123,21013,2014,40815.6
14124,21014,2014,9859.0
14125,21015,2014,221904.8
14126,21016,2014,16634.4
14127,21017,2014,54256.8
14128,21018,2014,7570.6
14129,21019,2014,266104.0
14130,21020,2014,13905.8
14131,21021,2014,2683.2
14132,21022,2014,24307.0
14133,21023,2014,17346.8
14134,21024,2014,1929.8
14135,21025,2014,16407.2
14136,21026,2014,28702.4
14137,21027,2014,8348.4
14138,21028,2014,5186.8
14139,21029,2014,7598.0
14140,21030,2014,1527.2
14141,21031,2014,5820.0
14142,21032,2014,2645.2
14143,21033,2014,10042.8
14144,21034,2014,78997.8
14145,21035,2014,40172.4
14146,21036,2014,28890.8
14147,21037,2014,4674.0
14148,21038,2014,18942.8
14149,21039,2014,18924.0
14150,21040,2014,21366.6
14151,21041,2014,204947.4
14152,21042,2014,6342.0
14153,21043,2014,96899.6
14154,21044,2014,32206.4
14155,21045,2014,90959.6
14156,21046,2014,14944.8
14157,21047,2014,40277.0
14158,21048,2014,40168.8
14159,21049,2014,32830.8
14160,21050,2014,50531.8
14161,21051,2014,70408.2
14162,21052,2014,2445.6
14163,21053,2014,122796.0
14164,21054,2014,64490.2
14165,21055,2014,9712.6
14166,21056,2014,2544.0
14167,21057,2014,14305.2
14168,21058,2014,39931.4
14169,21059,2014,5257.6
14170,21060,2014,14730.6
14171,21061,2014,26666.2
14172,21062,2014,9479.0
14173,21063,2014,28373.6
14174,21064,2014,33966.0
14175,21065,2014,41029.2
14176,21066,2014,12716.2
14177,21067,2014,34956.4
14178,21068,2014,14870.4
14179,21069,2014,53861.0
14180,21070,2014,12870.6
14181,21071,2014,200498.4
14182,21072,2014,32492.4
14183,21073,2014,18268.4
14184,21074,2014,148827.0
14185,21075,2014,24710.2
14186,21076,2014,54270.6
14187,21077,2014,11667.8
14188,21078,2014,29520.8
14189,21079,2014,10996.2
14190,21080,2014,5506.0
14191,21081,2014,7691.2
14192,21082,2014,16773.2
14193,21083,2014,50685.8
14194,21084,2014,13733.2
14195,21085,2014,153694.4
14196,21086,2014,24817.2
14197,21087,2014,25868.0
14198,21088,2014,9087.6
14199,21089,2014,25355.4
14200,21090,2014,41279.8
14201,21091,2014,20119.6
14202,21092,2014,10515.4
14203,21093,2014,15455.4
14204,21094,2014,67751.8
14205,21095,2014,1102.0
14206,21096,2014,5737.0
14207,21097,2014,4793.6
14208,21098,2014,12803.2
14209,21099,2014,39301.4
14210,21100,2014,19103.6
14211,21101,2014,6974.4
14212,21102,2014,25681.2
14213,21103,2014,12581.4
14214,21104,2014,59040.6
14215,21105,2014,9855.8
14216,21106,2014,65012.4
14217,21107,2014,23575.0
14218,21108,2014,35928.4
14219,21109,2014,40960.8
14220,21110,2014,91712.4
14221,21111,2014,37037.8
14222,21112,2014,18767.4
14223,21113,2014,9216.8
14224,21114,2014,3201585.6
14225,21115,2014,103248.0
14226,21116,2014,43816.4
14227,21117,2014,29624.0
14228,21118,2014,54701.2
14229,21119,2014,244085.2
14230,21120,2014,10882.4
14231,21121,2014,2374.4
14232,21122,2014,20177.0
14233,21123,2014,7979.6
14234,21124,2014,30108.0
14235,21125,2014,17540.8
14236,21126,2014,12283.0
14237,21127,2014,7424.4
14238,21128,2014,18126.0
14239,21129,2014,26458.6
14240,21130,2014,6990.8
14241,21131,2014,1827.2
14242,21132,2014,293950.0
14243,21133,2014,1342.0
14244,21134,2014,40011.0
14245,21135,2014,1137.6
14246,21136,2014,23887.2
14247,21137,2014,19452.0
14248,21138,2014,22368.0
14249,21139,2014,7289.4
14250,21140,2014,255327.4
14251,21141,2014,6882.2
14252,21142,2014,57856.6
14253,21143,2014,62028.2
14254,21144,2014,29751.4
14255,21145,2014,26811.0
14256,21146,2014,1648.0
14257,21147,2014,12271.2
14258,21148,2014,18846.4
14259,21149,2014,50650.6
14260,21150,2014,13363.2
14261,21151,2014,17092.6
14262,21152,2014,24172.6
14263,21153,2014,43276.2
14264,21154,2014,150567.8
14265,21155,2014,11989.6
14266,21156,2014,591919.0
14267,21157,2014,23783.6
14268,21158,2014,13531.4
14269,21159,2014,7918.2
14270,21160,2014,6707.2
14271,21161,2014,40644.2
14272,21162,2014,8416.8
14273,21163,2014,34633.6
14274,21164,2014,157161.2
14275,21165,2014,2342.0
14276,21166,2014,16819.4
14277,21167,2014,20586.4
14278,21168,2014,13925.2
14279,21169,2014,42454.0
14280,21170,2014,35047.6
14281,21171,2014,7129.0
14282,21172,2014,52753.6
14283,21173,2014,12155.8
14284,21174,2014,193586.4
14285,21175,2014,23322.0
14286,21176,2014,17825.0
14287,21177,2014,101754.8
14288,21178,2014,33334.8
14289,21179,2014,59633.8
14290,21180,2014,77115.8
14291,21181,2014,13476.8
14292,21182,2014,10153.4
14293,21183,2014,40162.0
14294,21184,2014,12828.0
14295,21185,2014,18395.4
14296,21186,2014,106279.8
14297,21187,2014,10452.0
14298,21188,2014,35915.2
14299,21189,2014,41699.0
14300,21190,2014,2339.6
14301,21191,2014,19043.2
14302,21192,2014,11928.4
14303,21193,2014,12675.6
14304,21194,2014,56512.6
14305,21195,2014,50326.6
14306,21196,2014,3239.8
14307,21197,2014,155300.0
14308,21198,2014,2540.8
14309,21199,2014,79846.4
14310,21200,2014,7451.6
14311,21201,2014,6525.6
14312,21202,2014,25118.8
14313,21203,2014,13010.8
14314,21204,2014,15357.6
14315,21205,2014,48688.8
14316,21206,2014,8828.8
14317,21207,2014,110268.2
14318,21208,2014,161488.4
14319,21209,2014,16809.2
14320,21210,2014,11269.6
14321,21211,2014,31939.8
14322,21212,2014,39907.0
14323,21213,2014,24795.0
14324,21214,2014,33521.2
14325,21215,2014,9156.0
14326,21216,2014,5142.6
14327,21217,2014,40909.2
14328,22000,2014,2047847.0
14329,22001,2014,128178.4
14330,22002,2014,54531.8
14331,22003,2014,26094.4
14332,22004,2014,132530.6
14333,22005,2014,123761.4
14334,22006,2014,341924.0
14335,22007,2014,82189.4
14336,22008,2014,72205.0
14337,22009,2014,52648.6
14338,22010,2014,39012.0
14339,22011,2014,325476.6
14340,22012,2014,138886.0
14341,22013,2014,37548.2
14342,22014,2014,1802439.6
14343,22015,2014,17374.6
14344,22016,2014,529047.0
14345,22017,2014,134027.8
14346,22018,2014,54120.6
14347,23000,2014,1543757.2
14348,23001,2014,166665.0
14349,23002,2014,157558.0
14350,23003,2014,37834.6
14351,23004,2014,482139.4
14352,23005,2014,1523288.4
14353,23006,2014,74902.0
14354,23007,2014,53877.2
14355,23008,2014,459018.8
14356,23009,2014,71711.4
14357,23010,2014,
14358,23011,2014,
14359,24000,2014,2692373.0
14360,24001,2014,37664.4
14361,24002,2014,16080.6
14362,24003,2014,95823.4
14363,24004,2014,8590.6
14364,24005,2014,37427.2
14365,24006,2014,19541.4
14366,24007,2014,38165.2
14367,24008,2014,43378.8
14368,24009,2014,8877.2
14369,24010,2014,61951.2
14370,24011,2014,90925.2
14371,24012,2014,41768.8
14372,24013,2014,345958.6
14373,24014,2014,32974.2
14374,24015,2014,43184.0
14375,24016,2014,82756.2
14376,24017,2014,51374.4
14377,24018,2014,30676.2
14378,24019,2014,11373.8
14379,24020,2014,192036.6
14380,24021,2014,110936.6
14381,24022,2014,38544.4
14382,24023,2014,31170.8
14383,24024,2014,189432.0
14384,24025,2014,61283.0
14385,24026,2014,18847.2
14386,24027,2014,20490.2
14387,24028,2014,1656940.0
14388,24029,2014,40853.4
14389,24030,2014,10466.2
14390,24031,2014,24052.4
14391,24032,2014,80854.6
14392,24033,2014,23154.4
14393,24034,2014,30256.0
14394,24035,2014,587548.6
14395,24036,2014,58186.0
14396,24037,2014,192568.8
14397,24038,2014,30596.4
14398,24039,2014,28334.8
14399,24040,2014,75871.0
14400,24041,2014,37896.4
14401,24042,2014,28292.0
14402,24043,2014,17422.6
14403,24044,2014,15597.8
14404,24045,2014,28908.8
14405,24046,2014,34395.2
14406,24047,2014,19289.0
14407,24048,2014,10665.8
14408,24049,2014,76431.2
14409,24050,2014,98889.0
14410,24051,2014,30293.6
14411,24052,2014,20482.8
14412,24053,2014,66097.6
14413,24054,2014,101674.8
14414,24055,2014,51638.4
14415,24056,2014,32581.4
14416,24057,2014,59582.6
14417,24058,2014,41532.0
14418,25000,2014,2891516.6
14419,25001,2014,868931.8
14420,25002,2014,89547.8
14421,25003,2014,57873.0
14422,25004,2014,54522.6
14423,25005,2014,33790.4
14424,25006,2014,1837442.0
14425,25007,2014,63675.0
14426,25008,2014,97758.4
14427,25009,2014,113206.4
14428,25010,2014,194956.6
14429,25011,2014,576299.0
14430,25012,2014,929703.4
14431,25013,2014,87654.2
14432,25014,2014,101598.2
14433,25015,2014,158652.8
14434,25016,2014,42944.6
14435,25017,2014,170024.0
14436,25018,2014,284370.2
14437,26000,2014,2797184.6
14438,26001,2014,5226.4
14439,26002,2014,169264.6
14440,26003,2014,51563.2
14441,26004,2014,18713.0
14442,26005,2014,2446.0
14443,26006,2014,6013.0
14444,26007,2014,1266.0
14445,26008,2014,2286.2
14446,26009,2014,1577.0
14447,26010,2014,2752.0
14448,26011,2014,3241.0
14449,26012,2014,46572.0
14450,26013,2014,3476.2
14451,26014,2014,6845.6
14452,26015,2014,2685.0
14453,26016,2014,10389.8
14454,26017,2014,169908.2
14455,26018,2014,843378.2
14456,26019,2014,71213.4
14457,26020,2014,10564.6
14458,26021,2014,3688.0
14459,26022,2014,2051.2
14460,26023,2014,12319.6
14461,26024,2014,1578.0
14462,26025,2014,106678.0
14463,26026,2014,122399.0
14464,26027,2014,17769.6
14465,26028,2014,2190.8
14466,26029,2014,305506.8
14467,26030,2014,1693928.8
14468,26031,2014,2580.6
14469,26032,2014,1868.8
14470,26033,2014,157661.6
14471,26034,2014,2148.0
14472,26035,2014,25231.4
14473,26036,2014,62481.2
14474,26037,2014,2538.4
14475,26038,2014,9766.0
14476,26039,2014,12330.8
14477,26040,2014,3718.2
14478,26041,2014,26858.2
14479,26042,2014,321469.6
14480,26043,2014,477884.4
14481,26044,2014,793.0
14482,26045,2014,5572.4
14483,26046,2014,956.4
14484,26047,2014,18948.4
14485,26048,2014,119058.8
14486,26049,2014,6798.0
14487,26050,2014,3142.4
14488,26051,2014,10310.0
14489,26052,2014,11522.6
14490,26053,2014,771.6
14491,26054,2014,1043.0
14492,26055,2014,374582.0
14493,26056,2014,18789.6
14494,26057,2014,3136.2
14495,26058,2014,32386.8
14496,26059,2014,3949.0
14497,26060,2014,4974.6
14498,26061,2014,2699.0
14499,26062,2014,2276.4
14500,26063,2014,2580.4
14501,26064,2014,3288.8
14502,26065,2014,3396.6
14503,26066,2014,18079.4
14504,26067,2014,3232.2
14505,26068,2014,2413.0
14506,26069,2014,11276.0
14507,26070,2014,29866.4
14508,26071,2014,43982.2
14509,26072,2014,28755.0
14510,27000,2014,2306281.6
14511,27001,2014,115734.8
14512,27002,2014,492813.6
14513,27003,2014,208992.6
14514,27004,2014,1315362.2
14515,27005,2014,403265.6
14516,27006,2014,261504.8
14517,27007,2014,61316.4
14518,27008,2014,368206.0
14519,27009,2014,73878.8
14520,27010,2014,172993.2
14521,27011,2014,60212.8
14522,27012,2014,310673.0
14523,27013,2014,258322.2
14524,27014,2014,181336.8
14525,27015,2014,93912.0
14526,27016,2014,111259.2
14527,27017,2014,120698.6
14528,28000,2014,3389642.8
14529,28001,2014,22450.4
14530,28002,2014,59351.8
14531,28003,2014,472055.0
14532,28004,2014,18130.8
14533,28005,2014,9167.0
14534,28006,2014,15206.4
14535,28007,2014,31392.0
14536,28008,2014,8988.8
14537,28009,2014,401405.6
14538,28010,2014,3861.0
14539,28011,2014,17471.2
14540,28012,2014,86030.6
14541,28013,2014,31290.6
14542,28014,2014,8569.8
14543,28015,2014,31664.4
14544,28016,2014,42445.2
14545,28017,2014,31040.0
14546,28018,2014,15189.2
14547,28019,2014,32998.8
14548,28020,2014,4830.4
14549,28021,2014,224324.2
14550,28022,2014,1022404.8
14551,28023,2014,9236.2
14552,28024,2014,10863.2
14553,28025,2014,53565.8
14554,28026,2014,7196.6
14555,28027,2014,801037.8
14556,28028,2014,7196.0
14557,28029,2014,26370.6
14558,28030,2014,27954.8
14559,28031,2014,3718.4
14560,28032,2014,1295818.4
14561,28033,2014,249117.2
14562,28034,2014,17499.2
14563,28035,2014,110504.6
14564,28036,2014,1999.2
14565,28037,2014,49668.2
14566,28038,2014,595120.8
14567,28039,2014,55787.6
14568,28040,2014,124384.2
14569,28041,2014,666860.8
14570,28042,2014,12137.4
14571,28043,2014,45564.2
14572,29000,2014,1241841.8
14573,29001,2014,20982.8
14574,29002,2014,28835.6
14575,29003,2014,13105.0
14576,29004,2014,33689.6
14577,29005,2014,156412.6
14578,29006,2014,94982.0
14579,29007,2014,32309.2
14580,29008,2014,29452.2
14581,29009,2014,10821.6
14582,29010,2014,137966.4
14583,29011,2014,8994.6
14584,29012,2014,17691.0
14585,29013,2014,181189.6
14586,29014,2014,28873.0
14587,29015,2014,73480.6
14588,29016,2014,14191.0
14589,29017,2014,20974.2
14590,29018,2014,72968.8
14591,29019,2014,40302.2
14592,29020,2014,17776.2
14593,29021,2014,35052.2
14594,29022,2014,11998.8
14595,29023,2014,49434.2
14596,29024,2014,52842.4
14597,29025,2014,149739.2
14598,29026,2014,40860.0
14599,29027,2014,24504.2
14600,29028,2014,46243.6
14601,29029,2014,23926.6
14602,29030,2014,28999.0
14603,29031,2014,62883.8
14604,29032,2014,25770.8
14605,29033,2014,187686.8
14606,29034,2014,84620.8
14607,29035,2014,11746.8
14608,29036,2014,42778.6
14609,29037,2014,17254.6
14610,29038,2014,31971.0
14611,29039,2014,46632.2
14612,29040,2014,20256.6
14613,29041,2014,59210.0
14614,29042,2014,26063.6
14615,29043,2014,73513.6
14616,29044,2014,82975.4
14617,29045,2014,11805.4
14618,29046,2014,9005.4
14619,29047,2014,6172.0
14620,29048,2014,35429.6
14621,29049,2014,10789.2
14622,29050,2014,21276.8
14623,29051,2014,7587.8
14624,29052,2014,11974.0
14625,29053,2014,14353.0
14626,29054,2014,10612.0
14627,29055,2014,5889.0
14628,29056,2014,14595.8
14629,29057,2014,8945.6
14630,29058,2014,17160.8
14631,29059,2014,13757.2
14632,29060,2014,9677.6
14633,30000,2014,7852732.2
14634,30001,2014,17661.6
14635,30002,2014,6460.2
14636,30003,2014,166018.0
14637,30004,2014,82917.0
14638,30005,2014,10383.8
14639,30006,2014,43659.2
14640,30007,2014,12725.8
14641,30008,2014,19899.6
14642,30009,2014,56329.4
14643,30010,2014,123921.0
14644,30011,2014,108350.6
14645,30012,2014,15297.8
14646,30013,2014,54723.4
14647,30014,2014,89364.8
14648,30015,2014,67605.4
14649,30016,2014,53598.8
14650,30017,2014,8604.0
14651,30018,2014,3738.8
14652,30019,2014,12721.2
14653,30020,2014,21050.4
14654,30021,2014,46472.6
14655,30022,2014,42210.8
14656,30023,2014,97533.0
14657,30024,2014,30746.6
14658,30025,2014,52334.8
14659,30026,2014,46706.2
14660,30027,2014,32989.0
14661,30028,2014,281326.2
14662,30029,2014,26475.6
14663,30030,2014,83601.6
14664,30031,2014,34761.0
14665,30032,2014,98700.0
14666,30033,2014,47798.2
14667,30034,2014,51037.6
14668,30035,2014,22255.8
14669,30036,2014,20133.2
14670,30037,2014,15940.6
14671,30038,2014,179407.2
14672,30039,2014,616619.0
14673,30040,2014,102278.4
14674,30041,2014,4470.6
14675,30042,2014,11508.8
14676,30043,2014,38425.2
14677,30044,2014,399671.8
14678,30045,2014,112796.4
14679,30046,2014,31752.2
14680,30047,2014,110632.0
14681,30048,2014,246209.2
14682,30049,2014,41549.6
14683,30050,2014,31664.6
14684,30051,2014,44695.6
14685,30052,2014,23477.4
14686,30053,2014,54094.0
14687,30054,2014,23285.4
14688,30055,2014,26088.2
14689,30056,2014,13485.2
14690,30057,2014,26988.0
14691,30058,2014,109257.2
14692,30059,2014,36631.0
14693,30060,2014,31483.4
14694,30061,2014,159643.6
14695,30062,2014,38999.6
14696,30063,2014,28552.6
14697,30064,2014,7873.2
14698,30065,2014,142614.0
14699,30066,2014,52232.8
14700,30067,2014,35056.4
14701,30068,2014,124866.2
14702,30069,2014,48586.4
14703,30070,2014,36941.0
14704,30071,2014,113482.0
14705,30072,2014,42423.8
14706,30073,2014,83445.6
14707,30074,2014,13934.4
14708,30075,2014,33806.8
14709,30076,2014,26991.6
14710,30077,2014,85876.8
14711,30078,2014,25178.8
14712,30079,2014,22003.8
14713,30080,2014,44206.4
14714,30081,2014,47217.8
14715,30082,2014,30648.8
14716,30083,2014,100596.4
14717,30084,2014,11511.8
14718,30085,2014,137701.0
14719,30086,2014,86344.2
14720,30087,2014,940494.4
14721,30088,2014,9973.6
14722,30089,2014,78880.4
14723,30090,2014,21384.0
14724,30091,2014,56035.6
14725,30092,2014,74065.2
14726,30093,2014,31673.6
14727,30094,2014,75765.8
14728,30095,2014,31868.0
14729,30096,2014,3089.6
14730,30097,2014,39529.4
14731,30098,2014,6143.2
14732,30099,2014,34954.0
14733,30100,2014,46312.4
14734,30101,2014,71686.8
14735,30102,2014,209205.4
14736,30103,2014,24408.8
14737,30104,2014,34721.0
14738,30105,2014,147384.4
14739,30106,2014,9194.4
14740,30107,2014,5823.6
14741,30108,2014,305612.4
14742,30109,2014,128417.0
14743,30110,2014,22166.2
14744,30111,2014,32845.2
14745,30112,2014,42615.0
14746,30113,2014,9101.6
14747,30114,2014,20370.2
14748,30115,2014,71485.2
14749,30116,2014,31582.4
14750,30117,2014,46135.2
14751,30118,2014,243746.8
14752,30119,2014,10892.4
14753,30120,2014,26256.4
14754,30121,2014,49057.6
14755,30122,2014,33591.0
14756,30123,2014,195011.8
14757,30124,2014,318778.6
14758,30125,2014,60635.8
14759,30126,2014,65980.8
14760,30127,2014,51004.8
14761,30128,2014,147011.6
14762,30129,2014,36208.4
14763,30130,2014,81290.2
14764,30131,2014,383605.8
14765,30132,2014,37813.4
14766,30133,2014,112923.0
14767,30134,2014,44890.4
14768,30135,2014,43606.4
14769,30136,2014,15131.8
14770,30137,2014,11637.4
14771,30138,2014,82201.4
14772,30139,2014,12051.2
14773,30140,2014,5770.0
14774,30141,2014,319124.2
14775,30142,2014,66908.4
14776,30143,2014,113711.4
14777,30144,2014,65055.4
14778,30145,2014,30741.6
14779,30146,2014,7342.4
14780,30147,2014,45329.2
14781,30148,2014,55042.8
14782,30149,2014,66756.6
14783,30150,2014,22928.2
14784,30151,2014,46176.4
14785,30152,2014,24445.8
14786,30153,2014,11725.6
14787,30154,2014,25205.4
14788,30155,2014,203000.4
14789,30156,2014,11560.2
14790,30157,2014,38620.4
14791,30158,2014,50307.8
14792,30159,2014,51923.6
14793,30160,2014,211743.8
14794,30161,2014,70737.2
14795,30162,2014,12661.4
14796,30163,2014,10314.0
14797,30164,2014,33207.4
14798,30165,2014,17038.8
14799,30166,2014,18338.0
14800,30167,2014,28587.2
14801,30168,2014,30658.2
14802,30169,2014,47197.6
14803,30170,2014,21438.6
14804,30171,2014,10810.4
14805,30172,2014,40539.8
14806,30173,2014,106766.0
14807,30174,2014,190009.6
14808,30175,2014,182685.8
14809,30176,2014,9173.4
14810,30177,2014,21726.4
14811,30178,2014,26481.0
14812,30179,2014,8187.2
14813,30180,2014,22301.0
14814,30181,2014,75055.4
14815,30182,2014,35358.4
14816,30183,2014,118890.0
14817,30184,2014,14975.6
14818,30185,2014,10298.0
14819,30186,2014,13880.0
14820,30187,2014,11738.4
14821,30188,2014,33459.6
14822,30189,2014,296575.2
14823,30190,2014,4427.6
14824,30191,2014,58928.8
14825,30192,2014,40007.2
14826,30193,2014,1148492.0
14827,30194,2014,23017.2
14828,30195,2014,10919.2
14829,30196,2014,35317.8
14830,30197,2014,22631.0
14831,30198,2014,13619.4
14832,30199,2014,22411.2
14833,30200,2014,24929.4
14834,30201,2014,86335.6
14835,30202,2014,28435.6
14836,30203,2014,27757.4
14837,30204,2014,90634.2
14838,30205,2014,38766.2
14839,30206,2014,55942.2
14840,30207,2014,90624.8
14841,30208,2014,46269.6
14842,30209,2014,29287.0
14843,30210,2014,57762.4
14844,30211,2014,59595.2
14845,30212,2014,25549.2
14846,31000,2014,2107131.2
14847,31001,2014,12873.6
14848,31002,2014,31857.2
14849,31003,2014,22294.8
14850,31004,2014,11878.8
14851,31005,2014,4197.8
14852,31006,2014,17766.8
14853,31007,2014,14191.6
14854,31008,2014,8109.0
14855,31009,2014,9219.8
14856,31010,2014,5123.4
14857,31011,2014,14924.6
14858,31012,2014,7484.4
14859,31013,2014,24388.8
14860,31014,2014,3296.0
14861,31015,2014,10413.4
14862,31016,2014,5871.4
14863,31017,2014,9121.8
14864,31018,2014,6361.4
14865,31019,2014,71525.6
14866,31020,2014,8557.0
14867,31021,2014,17117.8
14868,31022,2014,8492.4
14869,31023,2014,9344.2
14870,31024,2014,6383.4
14871,31025,2014,10733.6
14872,31026,2014,7099.0
14873,31027,2014,16468.4
14874,31028,2014,5337.0
14875,31029,2014,12124.4
14876,31030,2014,7465.2
14877,31031,2014,5584.8
14878,31032,2014,32161.8
14879,31033,2014,39920.4
14880,31034,2014,12501.2
14881,31035,2014,11962.6
14882,31036,2014,15216.6
14883,31037,2014,10015.6
14884,31038,2014,65012.8
14885,31039,2014,7938.0
14886,31040,2014,54084.8
14887,31041,2014,208082.8
14888,31042,2014,11065.0
14889,31043,2014,6048.8
14890,31044,2014,13916.2
14891,31045,2014,5081.6
14892,31046,2014,6112.8
14893,31047,2014,11110.8
14894,31048,2014,45269.8
14895,31049,2014,7102.0
14896,31050,2014,1793323.8
14897,31051,2014,6460.0
14898,31052,2014,71086.6
14899,31053,2014,25627.6
14900,31054,2014,5699.4
14901,31055,2014,13216.4
14902,31056,2014,62359.2
14903,31057,2014,15332.2
14904,31058,2014,49841.8
14905,31059,2014,117571.0
14906,31060,2014,1911.6
14907,31061,2014,7379.0
14908,31062,2014,9490.2
14909,31063,2014,10530.0
14910,31064,2014,3303.6
14911,31065,2014,3950.8
14912,31066,2014,7992.4
14913,31067,2014,19193.8
14914,31068,2014,6329.2
14915,31069,2014,17331.8
14916,31070,2014,8026.2
14917,31071,2014,3607.0
14918,31072,2014,3743.2
14919,31073,2014,10052.8
14920,31074,2014,7355.2
14921,31075,2014,13004.0
14922,31076,2014,33816.8
14923,31077,2014,5280.2
14924,31078,2014,7421.6
14925,31079,2014,84855.4
14926,31080,2014,20701.0
14927,31081,2014,6431.4
14928,31082,2014,7108.4
14929,31083,2014,3606.4
14930,31084,2014,13831.8
14931,31085,2014,31222.2
14932,31086,2014,4386.0
14933,31087,2014,10053.0
14934,31088,2014,3907.2
14935,31089,2014,77688.0
14936,31090,2014,14248.2
14937,31091,2014,23886.2
14938,31092,2014,14330.6
14939,31093,2014,35386.8
14940,31094,2014,10077.4
14941,31095,2014,11031.8
14942,31096,2014,153353.0
14943,31097,2014,7136.8
14944,31098,2014,29171.2
14945,31099,2014,7893.6
14946,31100,2014,7423.2
14947,31101,2014,116659.8
14948,31102,2014,157976.8
14949,31103,2014,6649.8
14950,31104,2014,30924.6
14951,31105,2014,6095.0
14952,31106,2014,4352.6
14953,32000,2014,1552519.0
14954,32001,2014,12678.8
14955,32002,2014,10009.2
14956,32003,2014,5083.6
14957,32004,2014,8867.2
14958,32005,2014,84924.0
14959,32006,2014,16507.2
14960,32007,2014,25145.6
14961,32008,2014,25181.4
14962,32009,2014,20832.8
14963,32010,2014,449782.2
14964,32011,2014,6409.0
14965,32012,2014,16370.2
14966,32013,2014,12485.4
14967,32014,2014,42623.4
14968,32015,2014,3222.6
14969,32016,2014,45743.2
14970,32017,2014,361668.6
14971,32018,2014,8882.2
14972,32019,2014,48735.4
14973,32020,2014,117293.6
14974,32021,2014,9157.8
14975,32022,2014,40458.4
14976,32023,2014,24582.6
14977,32024,2014,101173.4
14978,32025,2014,25368.0
14979,32026,2014,35846.8
14980,32027,2014,5431.6
14981,32028,2014,5171.0
14982,32029,2014,45793.2
14983,32030,2014,5003.6
14984,32031,2014,17953.8
14985,32032,2014,24437.6
14986,32033,2014,9189.2
14987,32034,2014,56066.4
14988,32035,2014,31811.4
14989,32036,2014,84496.0
14990,32037,2014,34863.6
14991,32038,2014,141970.4
14992,32039,2014,126970.6
14993,32040,2014,43387.2
14994,32041,2014,5323.0
14995,32042,2014,124637.6
14996,32043,2014,2729.6
14997,32044,2014,32113.0
14998,32045,2014,16579.2
14999,32046,2014,13720.0
15000,32047,2014,10958.0
15001,32048,2014,52496.0
15002,32049,2014,66337.6
15003,32050,2014,19463.2
15004,32051,2014,69524.0
15005,32052,2014,37604.2
15006,32053,2014,26106.0
15007,32054,2014,37808.2
15008,32055,2014,60749.8
15009,32056,2014,285681.8
15010,32057,2014,36728.2
15011,32058,2014,5637.4
15012,0,2015,119590592.0
15013,1000,2015,1311758.0
15014,1001,2015,1748173.5
15015,1002,2015,97462.0
15016,1003,2015,112648.0
15017,1004,2015,32215.5
15018,1005,2015,230066.5
15019,1006,2015,90096.0
15020,1007,2015,107413.0
15021,1008,2015,18052.5
15022,1009,2015,42406.5
15023,1010,2015,40469.5
15024,1011,2015,98056.5
15025,2000,2015,3475570.5
15026,2001,2015,915190.5
15027,2002,2015,1991799.5
15028,2003,2015,210886.0
15029,2004,2015,3483426.5
15030,2005,2015,218122.0
15031,2006,2015,
15032,3000,2015,726404.0
15033,3001,2015,145751.5
15034,3002,2015,124563.0
15035,3003,2015,547115.0
15036,3008,2015,591405.0
15037,3009,2015,35306.0
15038,4000,2015,883586.0
15039,4001,2015,112243.0
15040,4002,2015,554184.5
15041,4003,2015,472636.0
15042,4004,2015,161813.0
15043,4005,2015,60263.5
15044,4006,2015,80077.5
15045,4007,2015,17447.0
15046,4008,2015,21220.5
15047,4009,2015,114791.5
15048,4010,2015,58952.5
15049,4011,2015,90038.5
15050,4012,2015,
15051,5000,2015,2958415.0
15052,5001,2015,2143.5
15053,5002,2015,300212.0
15054,5003,2015,45859.5
15055,5004,2015,53294.5
15056,5005,2015,3471.5
15057,5006,2015,55198.5
15058,5007,2015,25909.5
15059,5008,2015,5984.5
15060,5009,2015,114966.0
15061,5010,2015,157706.0
15062,5011,2015,23844.0
15063,5012,2015,3962.0
15064,5013,2015,3681.0
15065,5014,2015,19780.0
15066,5015,2015,3284.0
15067,5016,2015,3626.5
15068,5017,2015,226071.5
15069,5018,2015,454445.5
15070,5019,2015,16299.0
15071,5020,2015,138911.0
15072,5021,2015,12960.0
15073,5022,2015,61299.0
15074,5023,2015,20904.0
15075,5024,2015,90205.5
15076,5025,2015,330159.0
15077,5026,2015,6774.0
15078,5027,2015,198727.5
15079,5028,2015,125877.0
15080,5029,2015,4810.5
15081,5030,2015,1605660.0
15082,5031,2015,47082.5
15083,5032,2015,84066.5
15084,5033,2015,204344.0
15085,5034,2015,13264.5
15086,5035,2015,1360578.5
15087,5036,2015,41767.5
15088,5037,2015,12637.0
15089,5038,2015,26229.0
15090,6000,2015,694970.5
15091,6001,2015,56550.5
15092,6002,2015,304450.0
15093,6003,2015,42798.5
15094,6004,2015,40452.5
15095,6005,2015,58575.5
15096,6006,2015,11005.0
15097,6007,2015,353245.5
15098,6008,2015,18458.5
15099,6009,2015,230505.0
15100,6010,2015,269902.5
15101,7000,2015,5220266.0
15102,7001,2015,35087.0
15103,7002,2015,50489.5
15104,7003,2015,55021.5
15105,7004,2015,66249.0
15106,7005,2015,45926.0
15107,7006,2015,61329.5
15108,7007,2015,20039.5
15109,7008,2015,58824.5
15110,7009,2015,81993.5
15111,7010,2015,15005.5
15112,7011,2015,39496.5
15113,7012,2015,108933.5
15114,7013,2015,67924.5
15115,7014,2015,42872.5
15116,7015,2015,94069.5
15117,7016,2015,35247.5
15118,7017,2015,169968.5
15119,7018,2015,18388.0
15120,7019,2015,307689.5
15121,7020,2015,95906.0
15122,7021,2015,43537.5
15123,7022,2015,35942.0
15124,7023,2015,178909.5
15125,7024,2015,24495.0
15126,7025,2015,14835.5
15127,7026,2015,83496.0
15128,7027,2015,200564.5
15129,7028,2015,11568.5
15130,7029,2015,10430.0
15131,7030,2015,68688.0
15132,7031,2015,249092.5
15133,7032,2015,61308.0
15134,7033,2015,14260.5
15135,7034,2015,148383.5
15136,7035,2015,27271.0
15137,7036,2015,14981.0
15138,7037,2015,69885.0
15139,7038,2015,44489.5
15140,7039,2015,50488.0
15141,7040,2015,105191.0
15142,7041,2015,87749.5
15143,7042,2015,21691.0
15144,7043,2015,21242.0
15145,7044,2015,53609.0
15146,7045,2015,11786.0
15147,7046,2015,80110.5
15148,7047,2015,43667.5
15149,7048,2015,42895.5
15150,7049,2015,51610.5
15151,7050,2015,10352.5
15152,7051,2015,91875.0
15153,7052,2015,253040.5
15154,7053,2015,15733.5
15155,7054,2015,55148.0
15156,7055,2015,10911.0
15157,7056,2015,24912.0
15158,7057,2015,145962.5
15159,7058,2015,9082.5
15160,7059,2015,436499.5
15161,7060,2015,25966.0
15162,7061,2015,181926.5
15163,7062,2015,35739.0
15164,7063,2015,7790.5
15165,7064,2015,98309.5
15166,7065,2015,244817.0
15167,7066,2015,47107.5
15168,7067,2015,23172.5
15169,7068,2015,61809.5
15170,7069,2015,103898.5
15171,7070,2015,25474.5
15172,7071,2015,59066.5
15173,7072,2015,60785.0
15174,7073,2015,19924.0
15175,7074,2015,85540.0
15176,7075,2015,54590.5
15177,7076,2015,55083.5
15178,7077,2015,122038.0
15179,7078,2015,401824.0
15180,7079,2015,75202.0
15181,7080,2015,64167.5
15182,7081,2015,93323.5
15183,7082,2015,27909.5
15184,7083,2015,36382.5
15185,7084,2015,16717.0
15186,7085,2015,20639.0
15187,7086,2015,46957.0
15188,7087,2015,77109.0
15189,7088,2015,4560.0
15190,7089,2015,675127.5
15191,7090,2015,8673.5
15192,7091,2015,25844.0
15193,7092,2015,63189.0
15194,7093,2015,88434.5
15195,7094,2015,87237.0
15196,7096,2015,154982.5
15197,7097,2015,178599.0
15198,7098,2015,13625.5
15199,7099,2015,156719.5
15200,7100,2015,69854.0
15201,7101,2015,1157849.5
15202,7102,2015,78805.5
15203,7103,2015,58646.0
15204,7104,2015,30811.5
15205,7105,2015,30137.0
15206,7106,2015,129469.5
15207,7107,2015,145115.5
15208,7108,2015,212291.5
15209,7109,2015,74734.0
15210,7110,2015,14271.5
15211,7111,2015,81862.0
15212,7112,2015,66964.0
15213,7113,2015,13564.5
15214,7114,2015,40995.5
15215,7115,2015,26177.5
15216,7116,2015,22751.5
15217,7117,2015,15445.5
15218,7118,2015,10605.0
15219,7119,2015,8209.0
15220,7120,2015,
15221,7121,2015,
15222,7122,2015,
15223,7123,2015,
15224,7124,2015,
15225,7125,2015,
15226,8000,2015,3607575.0
15227,8001,2015,26502.5
15228,8002,2015,48804.5
15229,8003,2015,17056.5
15230,8004,2015,37549.0
15231,8005,2015,50475.5
15232,8006,2015,11963.0
15233,8007,2015,35144.0
15234,8008,2015,26761.5
15235,8009,2015,53087.0
15236,8010,2015,47639.0
15237,8011,2015,99200.5
15238,8012,2015,17482.5
15239,8013,2015,22787.0
15240,8014,2015,4425.0
15241,8015,2015,3075.5
15242,8016,2015,7727.0
15243,8017,2015,336243.5
15244,8018,2015,10761.0
15245,8019,2015,1758032.0
15246,8020,2015,15021.0
15247,8021,2015,289470.0
15248,8022,2015,5381.5
15249,8023,2015,12705.5
15250,8024,2015,7771.5
15251,8025,2015,15667.5
15252,8026,2015,5684.0
15253,8027,2015,102436.5
15254,8028,2015,10889.0
15255,8029,2015,106250.5
15256,8030,2015,18298.0
15257,8031,2015,76277.0
15258,8032,2015,224288.0
15259,8033,2015,1946.0
15260,8034,2015,12175.5
15261,8035,2015,22233.5
15262,8036,2015,82869.0
15263,8037,2015,2845203.5
15264,8038,2015,10047.5
15265,8039,2015,8282.0
15266,8040,2015,55096.0
15267,8041,2015,3363.5
15268,8042,2015,2936.0
15269,8043,2015,5882.5
15270,8044,2015,8918.5
15271,8045,2015,90360.5
15272,8046,2015,16488.5
15273,8047,2015,9951.0
15274,8048,2015,45968.0
15275,8049,2015,5709.5
15276,8050,2015,125301.0
15277,8051,2015,15889.5
15278,8052,2015,51031.0
15279,8053,2015,10002.0
15280,8054,2015,15792.5
15281,8055,2015,34378.0
15282,8056,2015,4366.5
15283,8057,2015,4539.5
15284,8058,2015,5848.0
15285,8059,2015,9870.5
15286,8060,2015,22159.0
15287,8061,2015,7230.5
15288,8062,2015,62833.0
15289,8063,2015,11703.5
15290,8064,2015,3378.0
15291,8065,2015,39833.0
15292,8066,2015,15263.5
15293,8067,2015,10035.5
15294,9000,2015,9031133.5
15295,9002,2015,846916.0
15296,9003,2015,1234863.0
15297,9004,2015,404113.5
15298,9005,2015,2359123.0
15299,9006,2015,789021.0
15300,9007,2015,3651272.0
15301,9008,2015,486739.0
15302,9009,2015,283427.5
15303,9010,2015,1486173.0
15304,9011,2015,752622.5
15305,9012,2015,1350766.0
15306,9013,2015,857261.0
15307,9014,2015,819592.0
15308,9015,2015,1077715.0
15309,9016,2015,787359.0
15310,9017,2015,874682.0
15311,10000,2015,1748184.5
15312,10001,2015,63157.5
15313,10002,2015,8738.0
15314,10003,2015,8652.0
15315,10004,2015,68771.5
15316,10005,2015,1272748.5
15317,10006,2015,20711.5
15318,10007,2015,702436.0
15319,10008,2015,71135.0
15320,10009,2015,20512.5
15321,10010,2015,8203.0
15322,10011,2015,10069.0
15323,10012,2015,305041.5
15324,10013,2015,52284.0
15325,10014,2015,84669.0
15326,10015,2015,25391.5
15327,10016,2015,37643.0
15328,10017,2015,17861.5
15329,10018,2015,21757.0
15330,10019,2015,10254.5
15331,10020,2015,24625.5
15332,10021,2015,21704.5
15333,10022,2015,50577.0
15334,10023,2015,101125.5
15335,10024,2015,25646.5
15336,10025,2015,6362.0
15337,10026,2015,37702.5
15338,10027,2015,11277.0
15339,10028,2015,23966.5
15340,10029,2015,4288.0
15341,10030,2015,3391.0
15342,10031,2015,13746.0
15343,10032,2015,94867.0
15344,10033,2015,13742.5
15345,10034,2015,54199.0
15346,10035,2015,22709.0
15347,10036,2015,43495.0
15348,10037,2015,18645.5
15349,10038,2015,44609.5
15350,10039,2015,54260.5
15351,11000,2015,5844947.0
15352,11001,2015,176810.5
15353,11002,2015,218062.0
15354,11003,2015,335708.5
15355,11004,2015,127984.0
15356,11005,2015,203520.0
15357,11006,2015,10920.0
15358,11007,2015,990333.5
15359,11008,2015,78933.0
15360,11009,2015,160253.5
15361,11010,2015,22775.0
15362,11011,2015,186563.5
15363,11012,2015,58288.0
15364,11013,2015,50749.0
15365,11014,2015,312044.5
15366,11015,2015,366477.5
15367,11016,2015,41293.5
15368,11017,2015,1123332.5
15369,11018,2015,75456.0
15370,11019,2015,100484.5
15371,11020,2015,3160697.5
15372,11021,2015,96669.5
15373,11022,2015,50160.0
15374,11023,2015,305667.0
15375,11024,2015,23664.5
15376,11025,2015,152814.0
15377,11026,2015,123027.0
15378,11027,2015,535014.0
15379,11028,2015,191257.0
15380,11029,2015,78402.5
15381,11030,2015,227405.0
15382,11031,2015,244716.0
15383,11032,2015,162235.0
15384,11033,2015,244934.5
15385,11034,2015,10869.5
15386,11035,2015,161966.5
15387,11036,2015,13392.5
15388,11037,2015,377457.5
15389,11038,2015,22992.0
15390,11039,2015,71611.0
15391,11040,2015,38224.0
15392,11041,2015,120836.0
15393,11042,2015,292072.0
15394,11043,2015,41262.0
15395,11044,2015,121875.0
15396,11045,2015,22741.0
15397,11046,2015,139648.5
15398,12000,2015,3474274.0
15399,12001,2015,1569823.5
15400,12002,2015,50423.5
15401,12003,2015,76006.0
15402,12004,2015,40218.5
15403,12005,2015,14452.5
15404,12006,2015,23575.0
15405,12007,2015,65589.5
15406,12008,2015,17564.5
15407,12009,2015,11519.5
15408,12010,2015,54906.0
15409,12011,2015,122195.5
15410,12012,2015,131895.0
15411,12013,2015,29601.5
15412,12014,2015,30535.0
15413,12015,2015,25709.0
15414,12016,2015,25711.5
15415,12017,2015,30306.0
15416,12018,2015,28147.5
15417,12019,2015,30183.5
15418,12020,2015,40545.5
15419,12021,2015,146672.5
15420,12022,2015,81379.5
15421,12023,2015,52795.0
15422,12024,2015,14919.0
15423,12025,2015,32148.5
15424,12026,2015,17478.0
15425,12027,2015,42116.5
15426,12028,2015,244693.0
15427,12029,2015,525319.5
15428,12030,2015,42456.0
15429,12031,2015,12665.5
15430,12032,2015,74143.5
15431,12033,2015,31893.0
15432,12034,2015,74029.5
15433,12035,2015,294877.5
15434,12036,2015,22560.5
15435,12037,2015,12763.5
15436,12038,2015,244573.0
15437,12039,2015,50476.5
15438,12040,2015,51124.5
15439,12041,2015,59262.5
15440,12042,2015,36320.0
15441,12043,2015,37922.0
15442,12044,2015,23808.5
15443,12045,2015,53441.0
15444,12046,2015,129746.5
15445,12047,2015,14117.0
15446,12048,2015,90027.5
15447,12049,2015,24352.5
15448,12050,2015,75592.0
15449,12051,2015,70875.5
15450,12052,2015,88727.5
15451,12053,2015,98729.5
15452,12054,2015,52358.0
15453,12055,2015,209716.5
15454,12056,2015,90179.0
15455,12057,2015,127981.0
15456,12058,2015,107696.0
15457,12059,2015,61342.0
15458,12060,2015,26692.0
15459,12061,2015,83410.0
15460,12062,2015,44152.5
15461,12063,2015,20076.0
15462,12064,2015,23191.5
15463,12065,2015,14721.0
15464,12066,2015,177694.0
15465,12067,2015,44061.5
15466,12068,2015,52259.5
15467,12069,2015,24232.5
15468,12070,2015,14954.5
15469,12071,2015,58096.0
15470,12072,2015,22523.0
15471,12073,2015,37359.0
15472,12074,2015,44570.0
15473,12075,2015,99359.0
15474,12076,2015,73056.5
15475,12077,2015,27234.5
15476,12078,2015,40140.0
15477,12079,2015,34083.5
15478,12080,2015,14741.0
15479,12081,2015,22205.5
15480,13000,2015,2877142.0
15481,13001,2015,42363.5
15482,13002,2015,86662.5
15483,13003,2015,115313.5
15484,13004,2015,19312.5
15485,13005,2015,35948.5
15486,13006,2015,38080.0
15487,13007,2015,23998.0
15488,13008,2015,89357.5
15489,13009,2015,37212.5
15490,13010,2015,58456.0
15491,13011,2015,39294.5
15492,13012,2015,57085.5
15493,13013,2015,93551.5
15494,13014,2015,33196.0
15495,13015,2015,37860.0
15496,13016,2015,114978.5
15497,13017,2015,25263.0
15498,13018,2015,45393.0
15499,13019,2015,36356.0
15500,13020,2015,5415.5
15501,13021,2015,28555.0
15502,13022,2015,30181.5
15503,13023,2015,70155.0
15504,13024,2015,34815.5
15505,13025,2015,43298.0
15506,13026,2015,25568.5
15507,13027,2015,46472.0
15508,13028,2015,249743.0
15509,13029,2015,91786.5
15510,13030,2015,185027.0
15511,13031,2015,25152.0
15512,13032,2015,21605.5
15513,13033,2015,6104.0
15514,13034,2015,19393.5
15515,13035,2015,24516.0
15516,13036,2015,18822.5
15517,13037,2015,42639.0
15518,13038,2015,16876.0
15519,13039,2015,28214.5
15520,13040,2015,20294.0
15521,13041,2015,90092.5
15522,13042,2015,22834.0
15523,13043,2015,12889.0
15524,13044,2015,32734.5
15525,13045,2015,18258.0
15526,13046,2015,77732.0
15527,13047,2015,9816.0
15528,13048,2015,582230.5
15529,13049,2015,37008.5
15530,13050,2015,45868.5
15531,13051,2015,330209.0
15532,13052,2015,70983.5
15533,13053,2015,35900.0
15534,13054,2015,69571.0
15535,13055,2015,34352.0
15536,13056,2015,73075.5
15537,13057,2015,30159.0
15538,13058,2015,34307.0
15539,13059,2015,73102.5
15540,13060,2015,34728.5
15541,13061,2015,107979.5
15542,13062,2015,60396.5
15543,13063,2015,171218.5
15544,13064,2015,20771.5
15545,13065,2015,22895.5
15546,13066,2015,24696.5
15547,13067,2015,103179.5
15548,13068,2015,28395.5
15549,13069,2015,265817.5
15550,13070,2015,36229.0
15551,13071,2015,18959.5
15552,13072,2015,21399.0
15553,13073,2015,74142.5
15554,13074,2015,55396.0
15555,13075,2015,34634.5
15556,13076,2015,219077.0
15557,13077,2015,319972.0
15558,13078,2015,37338.0
15559,13079,2015,14345.5
15560,13080,2015,48283.5
15561,13081,2015,70615.0
15562,13082,2015,39499.0
15563,13083,2015,97154.0
15564,13084,2015,78508.0
15565,14000,2015,7875106.5
15566,14001,2015,44523.0
15567,14002,2015,50075.5
15568,14003,2015,45406.5
15569,14004,2015,11367.5
15570,14005,2015,31190.5
15571,14006,2015,117866.0
15572,14007,2015,18332.0
15573,14008,2015,153911.5
15574,14009,2015,38724.5
15575,14010,2015,14446.0
15576,14011,2015,11028.5
15577,14012,2015,8380.0
15578,14013,2015,121960.5
15579,14014,2015,17019.0
15580,14015,2015,122918.0
15581,14016,2015,79935.5
15582,14017,2015,25663.5
15583,14018,2015,132401.5
15584,14019,2015,14417.0
15585,14020,2015,21198.5
15586,14021,2015,42123.0
15587,14022,2015,79314.5
15588,14023,2015,216726.5
15589,14024,2015,55510.0
15590,14025,2015,37841.0
15591,14026,2015,12284.0
15592,14027,2015,35837.5
15593,14028,2015,4403.0
15594,14029,2015,35868.5
15595,14030,2015,104125.5
15596,14031,2015,7162.5
15597,14032,2015,11823.0
15598,14033,2015,42476.5
15599,14034,2015,4081.5
15600,14035,2015,105309.5
15601,14036,2015,38709.5
15602,14037,2015,49870.5
15603,14038,2015,8644.0
15604,14039,2015,2880822.0
15605,14040,2015,19081.5
15606,14041,2015,12037.5
15607,14042,2015,18891.5
15608,14043,2015,46893.5
15609,14044,2015,109322.5
15610,14045,2015,39823.0
15611,14046,2015,64955.5
15612,14047,2015,47806.0
15613,14048,2015,37856.0
15614,14049,2015,19648.0
15615,14050,2015,89392.0
15616,14051,2015,44119.0
15617,14052,2015,11088.5
15618,14053,2015,327191.5
15619,14054,2015,10874.5
15620,14055,2015,43129.5
15621,14056,2015,4561.5
15622,14057,2015,7863.0
15623,14058,2015,29076.5
15624,14059,2015,27331.5
15625,14060,2015,11451.5
15626,14061,2015,42293.0
15627,14062,2015,7273.5
15628,14063,2015,199089.0
15629,14064,2015,63820.5
15630,14065,2015,23790.5
15631,14066,2015,102189.5
15632,14067,2015,547690.5
15633,14068,2015,23200.5
15634,14069,2015,16559.5
15635,14070,2015,371546.0
15636,14071,2015,6255.0
15637,14072,2015,14450.5
15638,14073,2015,137996.5
15639,14074,2015,32360.5
15640,14075,2015,7635.0
15641,14076,2015,6663.5
15642,14077,2015,54455.0
15643,14078,2015,63516.5
15644,14079,2015,30473.5
15645,14080,2015,10956.0
15646,14081,2015,7248.0
15647,14082,2015,72146.0
15648,14083,2015,156941.5
15649,14084,2015,29838.5
15650,14085,2015,77257.0
15651,14086,2015,39497.5
15652,14087,2015,33982.0
15653,14088,2015,33219.5
15654,14089,2015,7614.0
15655,14090,2015,14390.5
15656,14091,2015,80295.0
15657,14092,2015,21893.0
15658,14093,2015,286943.0
15659,14094,2015,85469.5
15660,14095,2015,18784.0
15661,14096,2015,43654.5
15662,14097,2015,1144814.0
15663,14098,2015,1295271.0
15664,14099,2015,20862.5
15665,14100,2015,71748.0
15666,14101,2015,1048687.0
15667,14102,2015,11913.5
15668,14103,2015,14846.5
15669,14104,2015,8705.0
15670,14105,2015,45701.5
15671,14106,2015,9848.0
15672,14107,2015,13047.0
15673,14108,2015,71853.5
15674,14109,2015,36715.0
15675,14110,2015,27613.0
15676,14111,2015,13532.5
15677,14112,2015,12041.5
15678,14113,2015,31958.5
15679,14114,2015,36072.0
15680,14115,2015,11287.0
15681,14116,2015,38866.0
15682,14117,2015,8646.0
15683,14118,2015,44937.5
15684,14119,2015,58423.5
15685,14120,2015,2720831.0
15686,14121,2015,62956.5
15687,14122,2015,14188.0
15688,14123,2015,36999.0
15689,14124,2015,128643.0
15690,14125,2015,36036.0
15691,15000,2015,16090242.0
15692,15001,2015,128804.5
15693,15002,2015,308071.5
15694,15003,2015,94091.5
15695,15004,2015,30189.0
15696,15005,2015,322267.5
15697,15006,2015,23580.0
15698,15007,2015,46543.0
15699,15008,2015,51670.5
15700,15009,2015,101935.0
15701,15010,2015,59423.0
15702,15011,2015,131734.0
15703,15012,2015,23284.5
15704,15013,2015,1013616.0
15705,15014,2015,203154.5
15706,15015,2015,59598.5
15707,15016,2015,54704.5
15708,15017,2015,18979.0
15709,15018,2015,115525.5
15710,15019,2015,71026.0
15711,15020,2015,571513.5
15712,15021,2015,74819.5
15713,15022,2015,27257.0
15714,15023,2015,79920.5
15715,15024,2015,318930.5
15716,15025,2015,710214.5
15717,15026,2015,59289.0
15718,15027,2015,22448.0
15719,15028,2015,56236.0
15720,15029,2015,375806.0
15721,15030,2015,50511.0
15722,15031,2015,1319647.5
15723,15032,2015,70895.0
15724,15033,2015,3301459.0
15725,15034,2015,20203.0
15726,15035,2015,263277.0
15727,15036,2015,86621.0
15728,15037,2015,527139.5
15729,15038,2015,22244.5
15730,15039,2015,1009618.5
15731,15040,2015,70452.0
15732,15041,2015,13104.0
15733,15042,2015,301621.5
15734,15043,2015,57564.0
15735,15044,2015,54545.0
15736,15045,2015,171429.5
15737,15046,2015,37847.0
15738,15047,2015,145881.0
15739,15048,2015,130489.5
15740,15049,2015,28268.0
15741,15050,2015,50638.5
15742,15051,2015,305131.5
15743,15052,2015,53783.0
15744,15053,2015,111468.0
15745,15054,2015,456472.0
15746,15055,2015,25523.0
15747,15056,2015,61614.5
15748,15057,2015,1668223.0
15749,15058,2015,2191639.5
15750,15059,2015,88794.5
15751,15060,2015,797207.0
15752,15061,2015,19256.0
15753,15062,2015,133912.0
15754,15063,2015,68026.5
15755,15064,2015,71383.0
15756,15065,2015,71066.5
15757,15066,2015,9794.5
15758,15067,2015,166934.0
15759,15068,2015,58010.5
15760,15069,2015,9013.0
15761,15070,2015,557933.0
15762,15071,2015,27994.5
15763,15072,2015,28728.5
15764,15073,2015,54114.0
15765,15074,2015,266322.5
15766,15075,2015,54047.5
15767,15076,2015,169997.0
15768,15077,2015,12976.0
15769,15078,2015,18840.0
15770,15079,2015,26121.0
15771,15080,2015,49954.0
15772,15081,2015,912124.0
15773,15082,2015,150417.0
15774,15083,2015,25357.0
15775,15084,2015,79581.0
15776,15085,2015,129109.0
15777,15086,2015,67892.5
15778,15087,2015,195785.0
15779,15088,2015,195629.0
15780,15089,2015,21979.5
15781,15090,2015,168483.0
15782,15091,2015,128574.0
15783,15092,2015,111527.5
15784,15093,2015,60553.0
15785,15094,2015,38857.0
15786,15095,2015,192282.0
15787,15096,2015,73399.0
15788,15097,2015,35875.0
15789,15098,2015,10847.0
15790,15099,2015,512753.5
15791,15100,2015,82246.0
15792,15101,2015,154945.0
15793,15102,2015,31805.0
15794,15103,2015,95397.5
15795,15104,2015,1336427.0
15796,15105,2015,64819.0
15797,15106,2015,1730187.5
15798,15107,2015,25015.0
15799,15108,2015,289217.0
15800,15109,2015,1003339.5
15801,15110,2015,123217.5
15802,15111,2015,100987.0
15803,15112,2015,96384.5
15804,15113,2015,129079.5
15805,15114,2015,202576.5
15806,15115,2015,100964.0
15807,15116,2015,9162.0
15808,15117,2015,28652.5
15809,15118,2015,371638.0
15810,15119,2015,35198.0
15811,15120,2015,440149.0
15812,15121,2015,1066838.0
15813,15122,2015,749388.5
15814,15123,2015,56818.0
15815,15124,2015,191427.0
15816,15125,2015,25110.0
15817,16000,2015,4569196.5
15818,16001,2015,22328.0
15819,16002,2015,31445.0
15820,16003,2015,43982.0
15821,16004,2015,29641.0
15822,16005,2015,21684.5
15823,16006,2015,250322.0
15824,16007,2015,6755.5
15825,16008,2015,49567.5
15826,16009,2015,71254.5
15827,16010,2015,43300.0
15828,16011,2015,22343.5
15829,16012,2015,87921.5
15830,16013,2015,18907.0
15831,16014,2015,31377.5
15832,16015,2015,38641.5
15833,16016,2015,41473.5
15834,16017,2015,68039.5
15835,16018,2015,18440.0
15836,16019,2015,39947.5
15837,16020,2015,58162.5
15838,16021,2015,25712.5
15839,16022,2015,48404.0
15840,16023,2015,20393.0
15841,16024,2015,38758.0
15842,16025,2015,76861.5
15843,16026,2015,10459.0
15844,16027,2015,10115.5
15845,16028,2015,10798.0
15846,16029,2015,26821.5
15847,16030,2015,24713.0
15848,16031,2015,32368.0
15849,16032,2015,30278.0
15850,16033,2015,42828.5
15851,16034,2015,243734.5
15852,16035,2015,63539.0
15853,16036,2015,23267.0
15854,16037,2015,15929.5
15855,16038,2015,84469.5
15856,16039,2015,16942.5
15857,16040,2015,34833.5
15858,16041,2015,30816.5
15859,16042,2015,27907.0
15860,16043,2015,132946.0
15861,16044,2015,26251.0
15862,16045,2015,70385.0
15863,16046,2015,28576.5
15864,16047,2015,39902.0
15865,16048,2015,11256.5
15866,16049,2015,37218.5
15867,16050,2015,169604.5
15868,16051,2015,27046.5
15869,16052,2015,375237.5
15870,16053,2015,1578623.0
15871,16054,2015,16075.0
15872,16055,2015,90788.5
15873,16056,2015,59779.5
15874,16057,2015,16435.0
15875,16058,2015,39944.5
15876,16059,2015,17306.0
15877,16060,2015,19084.5
15878,16061,2015,47402.0
15879,16062,2015,40495.0
15880,16063,2015,30975.0
15881,16064,2015,52407.5
15882,16065,2015,74405.5
15883,16066,2015,186252.0
15884,16067,2015,33818.5
15885,16068,2015,54853.5
15886,16069,2015,206648.5
15887,16070,2015,30820.5
15888,16071,2015,137119.5
15889,16072,2015,27570.0
15890,16073,2015,52782.5
15891,16074,2015,20538.0
15892,16075,2015,143142.5
15893,16076,2015,151352.0
15894,16077,2015,36222.5
15895,16078,2015,25449.0
15896,16079,2015,95193.0
15897,16080,2015,38300.5
15898,16081,2015,17866.0
15899,16082,2015,149646.0
15900,16083,2015,62969.5
15901,16084,2015,59566.5
15902,16085,2015,68002.5
15903,16086,2015,30728.0
15904,16087,2015,29162.0
15905,16088,2015,193290.0
15906,16089,2015,47198.5
15907,16090,2015,30302.5
15908,16091,2015,28463.0
15909,16092,2015,27631.5
15910,16093,2015,56149.5
15911,16094,2015,13320.5
15912,16095,2015,24012.5
15913,16096,2015,14472.5
15914,16097,2015,61460.0
15915,16098,2015,51848.5
15916,16099,2015,30980.5
15917,16100,2015,28468.5
15918,16101,2015,18808.0
15919,16102,2015,672747.5
15920,16103,2015,46973.5
15921,16104,2015,32893.5
15922,16105,2015,40011.5
15923,16106,2015,62309.0
15924,16107,2015,150350.0
15925,16108,2015,391378.5
15926,16109,2015,6484.0
15927,16110,2015,95792.5
15928,16111,2015,33681.5
15929,16112,2015,312670.0
15930,16113,2015,51809.0
15931,17000,2015,1877612.5
15932,17001,2015,34673.0
15933,17002,2015,44154.0
15934,17003,2015,72919.0
15935,17004,2015,168862.5
15936,17005,2015,20407.5
15937,17006,2015,362362.5
15938,17007,2015,743682.5
15939,17008,2015,190574.5
15940,17009,2015,41879.5
15941,17010,2015,34080.0
15942,17011,2015,412312.5
15943,17012,2015,112881.5
15944,17013,2015,31379.0
15945,17014,2015,19120.0
15946,17015,2015,40815.0
15947,17016,2015,36125.0
15948,17017,2015,101674.0
15949,17018,2015,230407.0
15950,17019,2015,53520.0
15951,17020,2015,96652.0
15952,17021,2015,15081.0
15953,17022,2015,34042.0
15954,17023,2015,14592.0
15955,17024,2015,101365.5
15956,17025,2015,65509.0
15957,17026,2015,35983.0
15958,17027,2015,23560.5
15959,17028,2015,138251.0
15960,17029,2015,203650.5
15961,17030,2015,102962.0
15962,17031,2015,71178.0
15963,17032,2015,19077.5
15964,17033,2015,31220.5
15965,17034,2015,
15966,17035,2015,
15967,17036,2015,
15968,18000,2015,1168540.5
15969,18001,2015,74053.0
15970,18002,2015,30758.5
15971,18003,2015,22774.0
15972,18004,2015,148387.5
15973,18005,2015,24021.0
15974,18006,2015,56694.0
15975,18007,2015,37125.5
15976,18008,2015,114497.5
15977,18009,2015,83347.0
15978,18010,2015,68065.5
15979,18011,2015,47774.5
15980,18012,2015,85495.5
15981,18013,2015,15247.5
15982,18014,2015,47637.5
15983,18015,2015,187311.0
15984,18016,2015,77042.5
15985,18017,2015,807330.0
15986,18018,2015,60149.5
15987,18019,2015,28576.0
15988,18020,2015,312470.5
15989,19000,2015,5231280.5
15990,19001,2015,5808.5
15991,19002,2015,6962.0
15992,19003,2015,2801.5
15993,19004,2015,67968.0
15994,19005,2015,37107.5
15995,19006,2015,1179982.5
15996,19007,2015,30784.0
15997,19008,2015,7530.0
15998,19009,2015,210805.5
15999,19010,2015,120642.5
16000,19011,2015,15381.0
16001,19012,2015,93383.5
16002,19013,2015,21389.0
16003,19014,2015,71837.0
16004,19015,2015,3234.0
16005,19016,2015,6865.5
16006,19017,2015,81480.0
16007,19018,2015,540990.0
16008,19019,2015,254850.5
16009,19020,2015,11326.0
16010,19021,2015,839174.5
16011,19022,2015,29197.5
16012,19023,2015,3131.5
16013,19024,2015,12479.5
16014,19025,2015,157535.5
16015,19026,2015,1321174.5
16016,19027,2015,4031.0
16017,19028,2015,3069.5
16018,19029,2015,14085.5
16019,19030,2015,6967.0
16020,19031,2015,728708.0
16021,19032,2015,10776.0
16022,19033,2015,164316.5
16023,19034,2015,10700.0
16024,19035,2015,2361.0
16025,19036,2015,14763.0
16026,19037,2015,11618.0
16027,19038,2015,127433.0
16028,19039,2015,2278570.5
16029,19040,2015,1992.5
16030,19041,2015,168792.0
16031,19042,2015,11011.5
16032,19043,2015,5163.0
16033,19044,2015,69579.0
16034,19045,2015,119890.5
16035,19046,2015,855472.0
16036,19047,2015,32728.0
16037,19048,2015,575348.0
16038,19049,2015,87569.5
16039,19050,2015,3708.5
16040,19051,2015,7755.5
16041,20000,2015,3977987.0
16042,20001,2015,1925.0
16043,20002,2015,90253.0
16044,20003,2015,5042.0
16045,20004,2015,2122.5
16046,20005,2015,30108.5
16047,20006,2015,38370.0
16048,20007,2015,5007.0
16049,20008,2015,1576.0
16050,20009,2015,13577.0
16051,20010,2015,27120.5
16052,20011,2015,2622.0
16053,20012,2015,21136.0
16054,20013,2015,5844.5
16055,20014,2015,54576.5
16056,20015,2015,10074.0
16057,20016,2015,18094.0
16058,20017,2015,6909.0
16059,20018,2015,1590.5
16060,20019,2015,5830.5
16061,20020,2015,8728.5
16062,20021,2015,29183.0
16063,20022,2015,1682.5
16064,20023,2015,45315.0
16065,20024,2015,7521.0
16066,20025,2015,22478.0
16067,20026,2015,17521.0
16068,20027,2015,4646.5
16069,20028,2015,42842.5
16070,20029,2015,8481.5
16071,20030,2015,17251.0
16072,20031,2015,14557.0
16073,20032,2015,2110.0
16074,20033,2015,5362.0
16075,20034,2015,2713.0
16076,20035,2015,1208.0
16077,20036,2015,10561.5
16078,20037,2015,8845.5
16079,20038,2015,4001.5
16080,20039,2015,148155.0
16081,20040,2015,12388.0
16082,20041,2015,61738.5
16083,20042,2015,16071.0
16084,20043,2015,206882.5
16085,20044,2015,82900.5
16086,20045,2015,15416.5
16087,20046,2015,6267.0
16088,20047,2015,175.0
16089,20048,2015,2738.0
16090,20049,2015,2327.5
16091,20050,2015,7528.0
16092,20051,2015,9132.0
16093,20052,2015,12194.5
16094,20053,2015,2527.0
16095,20054,2015,813.0
16096,20055,2015,7273.5
16097,20056,2015,2910.5
16098,20057,2015,76542.0
16099,20058,2015,26190.5
16100,20059,2015,91800.0
16101,20060,2015,5257.0
16102,20061,2015,5461.0
16103,20062,2015,1084.0
16104,20063,2015,8175.0
16105,20064,2015,15915.5
16106,20065,2015,2266.0
16107,20066,2015,10736.5
16108,20067,2015,534341.5
16109,20068,2015,45108.0
16110,20069,2015,5498.0
16111,20070,2015,13088.0
16112,20071,2015,6603.0
16113,20072,2015,14638.0
16114,20073,2015,66563.0
16115,20074,2015,961.0
16116,20075,2015,5331.0
16117,20076,2015,6753.0
16118,20077,2015,7939.0
16119,20078,2015,2393.0
16120,20079,2015,166824.0
16121,20080,2015,2906.0
16122,20081,2015,3788.5
16123,20082,2015,8117.5
16124,20083,2015,19480.0
16125,20084,2015,8064.5
16126,20085,2015,48787.0
16127,20086,2015,1909.5
16128,20087,2015,9596.0
16129,20088,2015,5799.0
16130,20089,2015,4466.0
16131,20090,2015,12119.0
16132,20091,2015,11166.0
16133,20092,2015,3217.5
16134,20093,2015,1023.5
16135,20094,2015,3770.0
16136,20095,2015,8552.0
16137,20096,2015,1532.0
16138,20097,2015,3511.0
16139,20098,2015,8699.5
16140,20099,2015,856.0
16141,20100,2015,893.5
16142,20101,2015,1474.0
16143,20102,2015,9733.5
16144,20103,2015,11715.0
16145,20104,2015,5214.5
16146,20105,2015,14328.0
16147,20106,2015,549.5
16148,20107,2015,47745.0
16149,20108,2015,7310.0
16150,20109,2015,2465.0
16151,20110,2015,3271.0
16152,20111,2015,9267.0
16153,20112,2015,5018.0
16154,20113,2015,6013.5
16155,20114,2015,1353.5
16156,20115,2015,19091.0
16157,20116,2015,8183.0
16158,20117,2015,4651.0
16159,20118,2015,4872.0
16160,20119,2015,1143.5
16161,20120,2015,817.0
16162,20121,2015,1265.5
16163,20122,2015,1339.5
16164,20123,2015,5538.0
16165,20124,2015,36819.5
16166,20125,2015,23512.0
16167,20126,2015,10425.5
16168,20127,2015,2539.0
16169,20128,2015,2572.5
16170,20129,2015,708.5
16171,20130,2015,10285.0
16172,20131,2015,21933.5
16173,20132,2015,2634.5
16174,20133,2015,7927.0
16175,20134,2015,55344.5
16176,20135,2015,15430.0
16177,20136,2015,23768.0
16178,20137,2015,6916.0
16179,20138,2015,911.0
16180,20139,2015,4339.5
16181,20140,2015,1641.5
16182,20141,2015,16007.5
16183,20142,2015,2002.0
16184,20143,2015,18432.5
16185,20144,2015,2185.0
16186,20145,2015,8689.0
16187,20146,2015,5469.0
16188,20147,2015,762.0
16189,20148,2015,4127.0
16190,20149,2015,3551.0
16191,20150,2015,25756.0
16192,20151,2015,711.5
16193,20152,2015,4631.0
16194,20153,2015,9673.5
16195,20154,2015,4722.0
16196,20155,2015,2013.5
16197,20156,2015,7156.5
16198,20157,2015,30687.0
16199,20158,2015,4464.0
16200,20159,2015,11043.0
16201,20160,2015,2878.0
16202,20161,2015,5324.5
16203,20162,2015,3910.5
16204,20163,2015,3184.5
16205,20164,2015,6096.0
16206,20165,2015,3140.0
16207,20166,2015,22372.0
16208,20167,2015,4243.0
16209,20168,2015,1932.5
16210,20169,2015,7935.0
16211,20170,2015,7549.0
16212,20171,2015,36606.0
16213,20172,2015,850.0
16214,20173,2015,2977.5
16215,20174,2015,8326.0
16216,20175,2015,3148.0
16217,20176,2015,5569.5
16218,20177,2015,19906.5
16219,20178,2015,12982.5
16220,20179,2015,2909.0
16221,20180,2015,4669.5
16222,20181,2015,879.5
16223,20182,2015,4480.5
16224,20183,2015,2923.5
16225,20184,2015,315566.0
16226,20185,2015,17626.5
16227,20186,2015,1131.0
16228,20187,2015,4345.0
16229,20188,2015,19112.5
16230,20189,2015,5633.0
16231,20190,2015,45152.0
16232,20191,2015,630.0
16233,20192,2015,2964.0
16234,20193,2015,5354.5
16235,20194,2015,2604.0
16236,20195,2015,2312.0
16237,20196,2015,814.5
16238,20197,2015,6345.0
16239,20198,2015,58023.0
16240,20199,2015,1211.5
16241,20200,2015,7648.5
16242,20201,2015,3712.0
16243,20202,2015,9166.0
16244,20203,2015,6823.0
16245,20204,2015,1349.0
16246,20205,2015,34425.5
16247,20206,2015,4785.5
16248,20207,2015,36172.0
16249,20208,2015,14565.0
16250,20209,2015,1318.0
16251,20210,2015,12440.5
16252,20211,2015,6586.0
16253,20212,2015,5924.0
16254,20213,2015,7853.0
16255,20214,2015,4351.0
16256,20215,2015,1646.5
16257,20216,2015,2572.0
16258,20217,2015,6909.0
16259,20218,2015,1154.5
16260,20219,2015,5249.5
16261,20220,2015,5479.0
16262,20221,2015,2841.5
16263,20222,2015,2956.0
16264,20223,2015,892.0
16265,20224,2015,1336.0
16266,20225,2015,11858.0
16267,20226,2015,5724.0
16268,20227,2015,32071.5
16269,20228,2015,1604.0
16270,20229,2015,16212.0
16271,20230,2015,1939.0
16272,20231,2015,6213.0
16273,20232,2015,43717.0
16274,20233,2015,3468.0
16275,20234,2015,14717.0
16276,20235,2015,7466.0
16277,20236,2015,2929.0
16278,20237,2015,3128.0
16279,20238,2015,1810.0
16280,20239,2015,2077.0
16281,20240,2015,5215.0
16282,20241,2015,2119.5
16283,20242,2015,23833.0
16284,20243,2015,3729.5
16285,20244,2015,7609.5
16286,20245,2015,2607.5
16287,20246,2015,1232.0
16288,20247,2015,3086.0
16289,20248,2015,29832.5
16290,20249,2015,7306.0
16291,20250,2015,2427.0
16292,20251,2015,2407.0
16293,20252,2015,4500.0
16294,20253,2015,4302.5
16295,20254,2015,6539.5
16296,20255,2015,4063.0
16297,20256,2015,469.5
16298,20257,2015,2143.0
16299,20258,2015,1442.0
16300,20259,2015,4622.5
16301,20260,2015,4691.0
16302,20261,2015,14178.0
16303,20262,2015,2045.0
16304,20263,2015,6710.0
16305,20264,2015,4459.5
16306,20265,2015,13354.0
16307,20266,2015,17128.5
16308,20267,2015,542.0
16309,20268,2015,2068.5
16310,20269,2015,8446.0
16311,20270,2015,2719.0
16312,20271,2015,6446.5
16313,20272,2015,12426.0
16314,20273,2015,7317.0
16315,20274,2015,2625.5
16316,20275,2015,14603.0
16317,20276,2015,1498.0
16318,20277,2015,25027.0
16319,20278,2015,75270.0
16320,20279,2015,5898.5
16321,20280,2015,4405.0
16322,20281,2015,619.5
16323,20282,2015,1451.0
16324,20283,2015,2090.0
16325,20284,2015,6306.5
16326,20285,2015,7100.5
16327,20286,2015,6328.5
16328,20287,2015,675.5
16329,20288,2015,1196.0
16330,20289,2015,2357.0
16331,20290,2015,2055.0
16332,20291,2015,8478.5
16333,20292,2015,2906.5
16334,20293,2015,32663.0
16335,20294,2015,13351.0
16336,20295,2015,19051.0
16337,20296,2015,1888.0
16338,20297,2015,4901.5
16339,20298,2015,25422.5
16340,20299,2015,2233.0
16341,20300,2015,13104.0
16342,20301,2015,3141.0
16343,20302,2015,8698.5
16344,20303,2015,2253.0
16345,20304,2015,1573.5
16346,20305,2015,8284.5
16347,20306,2015,8584.5
16348,20307,2015,19344.0
16349,20308,2015,6157.5
16350,20309,2015,20739.0
16351,20310,2015,21380.5
16352,20311,2015,941.5
16353,20312,2015,22851.5
16354,20313,2015,1568.5
16355,20314,2015,3474.0
16356,20315,2015,3613.0
16357,20316,2015,1491.0
16358,20317,2015,2672.5
16359,20318,2015,92678.5
16360,20319,2015,2079.0
16361,20320,2015,1436.0
16362,20321,2015,1612.5
16363,20322,2015,1670.0
16364,20323,2015,4539.0
16365,20324,2015,92152.0
16366,20325,2015,22441.0
16367,20326,2015,10016.0
16368,20327,2015,29792.5
16369,20328,2015,2616.5
16370,20329,2015,2474.5
16371,20330,2015,8580.0
16372,20331,2015,1880.0
16373,20332,2015,785.0
16374,20333,2015,5914.0
16375,20334,2015,94706.5
16376,20335,2015,1869.5
16377,20336,2015,3969.5
16378,20337,2015,11242.5
16379,20338,2015,19641.0
16380,20339,2015,8362.5
16381,20340,2015,3646.5
16382,20341,2015,473.0
16383,20342,2015,6189.0
16384,20343,2015,3854.0
16385,20344,2015,5435.0
16386,20345,2015,8162.5
16387,20346,2015,2991.0
16388,20347,2015,7866.0
16389,20348,2015,16475.0
16390,20349,2015,4177.5
16391,20350,2015,33127.5
16392,20351,2015,5428.0
16393,20352,2015,8773.0
16394,20353,2015,4395.0
16395,20354,2015,999.0
16396,20355,2015,1428.5
16397,20356,2015,4172.0
16398,20357,2015,1757.0
16399,20358,2015,3812.0
16400,20359,2015,1446.0
16401,20360,2015,7577.5
16402,20361,2015,1747.0
16403,20362,2015,2996.5
16404,20363,2015,5342.0
16405,20364,2015,33411.0
16406,20365,2015,2375.0
16407,20366,2015,7706.5
16408,20367,2015,9134.0
16409,20368,2015,3883.5
16410,20369,2015,4051.5
16411,20370,2015,1349.0
16412,20371,2015,1940.0
16413,20372,2015,3202.0
16414,20373,2015,856.0
16415,20374,2015,3115.0
16416,20375,2015,23320.0
16417,20376,2015,729.0
16418,20377,2015,21973.5
16419,20378,2015,7357.5
16420,20379,2015,5909.0
16421,20380,2015,4214.0
16422,20381,2015,5546.0
16423,20382,2015,2368.0
16424,20383,2015,1203.0
16425,20384,2015,9313.5
16426,20385,2015,178236.0
16427,20386,2015,36987.5
16428,20387,2015,5751.5
16429,20388,2015,5379.5
16430,20389,2015,1829.0
16431,20390,2015,97718.0
16432,20391,2015,6744.0
16433,20392,2015,13404.0
16434,20393,2015,7786.0
16435,20394,2015,5574.5
16436,20395,2015,3533.0
16437,20396,2015,6511.0
16438,20397,2015,78615.0
16439,20398,2015,9293.0
16440,20399,2015,69393.5
16441,20400,2015,3348.5
16442,20401,2015,49625.0
16443,20402,2015,2157.5
16444,20403,2015,6536.5
16445,20404,2015,1537.0
16446,20405,2015,3763.0
16447,20406,2015,42079.0
16448,20407,2015,18137.0
16449,20408,2015,982.5
16450,20409,2015,17116.5
16451,20410,2015,6884.5
16452,20411,2015,1729.0
16453,20412,2015,6517.5
16454,20413,2015,89527.0
16455,20414,2015,22815.5
16456,20415,2015,9767.0
16457,20416,2015,982.0
16458,20417,2015,18952.0
16459,20418,2015,23636.5
16460,20419,2015,1171.5
16461,20420,2015,3359.0
16462,20421,2015,9143.5
16463,20422,2015,1298.5
16464,20423,2015,1053.5
16465,20424,2015,7827.0
16466,20425,2015,4267.0
16467,20426,2015,16832.0
16468,20427,2015,32111.5
16469,20428,2015,3994.0
16470,20429,2015,3042.0
16471,20430,2015,570.0
16472,20431,2015,3604.0
16473,20432,2015,1871.0
16474,20433,2015,5290.0
16475,20434,2015,8656.5
16476,20435,2015,7084.0
16477,20436,2015,2012.5
16478,20437,2015,19319.5
16479,20438,2015,3602.0
16480,20439,2015,49673.0
16481,20440,2015,1708.0
16482,20441,2015,17053.5
16483,20442,2015,604.0
16484,20443,2015,886.0
16485,20444,2015,951.0
16486,20445,2015,3341.0
16487,20446,2015,12564.0
16488,20447,2015,32190.5
16489,20448,2015,4486.0
16490,20449,2015,6679.5
16491,20450,2015,26173.5
16492,20451,2015,2073.5
16493,20452,2015,8644.0
16494,20453,2015,7834.0
16495,20454,2015,6741.0
16496,20455,2015,5656.5
16497,20456,2015,3355.5
16498,20457,2015,6743.5
16499,20458,2015,2280.0
16500,20459,2015,9362.0
16501,20460,2015,10662.0
16502,20461,2015,1150.0
16503,20462,2015,8964.0
16504,20463,2015,1206.0
16505,20464,2015,822.5
16506,20465,2015,3214.5
16507,20466,2015,25814.0
16508,20467,2015,37548.5
16509,20468,2015,27795.0
16510,20469,2015,67675.5
16511,20470,2015,9134.5
16512,20471,2015,931.5
16513,20472,2015,6569.0
16514,20473,2015,2685.5
16515,20474,2015,6704.5
16516,20475,2015,19843.5
16517,20476,2015,839.0
16518,20477,2015,2772.0
16519,20478,2015,3534.0
16520,20479,2015,403.0
16521,20480,2015,2324.0
16522,20481,2015,3865.5
16523,20482,2015,106325.0
16524,20483,2015,20440.0
16525,20484,2015,8678.5
16526,20485,2015,6174.0
16527,20486,2015,4900.5
16528,20487,2015,3916.0
16529,20488,2015,264.0
16530,20489,2015,9869.0
16531,20490,2015,6050.0
16532,20491,2015,9114.0
16533,20492,2015,5974.0
16534,20493,2015,1104.0
16535,20494,2015,11203.0
16536,20495,2015,5943.5
16537,20496,2015,4064.0
16538,20497,2015,8356.0
16539,20498,2015,14831.5
16540,20499,2015,3959.5
16541,20500,2015,15888.5
16542,20501,2015,1939.5
16543,20502,2015,10615.5
16544,20503,2015,799.0
16545,20504,2015,3243.5
16546,20505,2015,15240.0
16547,20506,2015,1583.5
16548,20507,2015,6382.0
16549,20508,2015,3152.0
16550,20509,2015,21931.0
16551,20510,2015,1639.5
16552,20511,2015,6985.0
16553,20512,2015,2021.0
16554,20513,2015,17442.0
16555,20514,2015,1942.5
16556,20515,2015,129661.5
16557,20516,2015,9874.5
16558,20517,2015,11233.0
16559,20518,2015,266.0
16560,20519,2015,6176.0
16561,20520,2015,14571.0
16562,20521,2015,538.0
16563,20522,2015,2423.5
16564,20523,2015,3269.0
16565,20524,2015,699.0
16566,20525,2015,23762.5
16567,20526,2015,32724.5
16568,20527,2015,5324.5
16569,20528,2015,2136.0
16570,20529,2015,2806.0
16571,20530,2015,7322.5
16572,20531,2015,4945.0
16573,20532,2015,8142.0
16574,20533,2015,4929.5
16575,20534,2015,7477.5
16576,20535,2015,6213.0
16577,20536,2015,942.0
16578,20537,2015,13457.0
16579,20538,2015,1431.0
16580,20539,2015,11373.0
16581,20540,2015,15398.0
16582,20541,2015,3265.0
16583,20542,2015,1633.0
16584,20543,2015,11950.0
16585,20544,2015,2144.5
16586,20545,2015,19082.5
16587,20546,2015,12039.5
16588,20547,2015,1964.5
16589,20548,2015,3723.0
16590,20549,2015,22813.0
16591,20550,2015,10880.0
16592,20551,2015,50122.0
16593,20552,2015,921.5
16594,20553,2015,21502.0
16595,20554,2015,11520.5
16596,20555,2015,6072.0
16597,20556,2015,555.0
16598,20557,2015,28534.5
16599,20558,2015,2921.5
16600,20559,2015,45581.5
16601,20560,2015,12649.5
16602,20561,2015,5637.0
16603,20562,2015,3140.0
16604,20563,2015,2563.5
16605,20564,2015,2487.0
16606,20565,2015,80590.0
16607,20566,2015,6181.0
16608,20567,2015,6527.5
16609,20568,2015,3209.0
16610,20569,2015,3200.0
16611,20570,2015,41371.0
16612,21000,2015,6188320.5
16613,21001,2015,133311.0
16614,21002,2015,18184.0
16615,21003,2015,71881.0
16616,21004,2015,115958.0
16617,21005,2015,5951.0
16618,21006,2015,29296.0
16619,21007,2015,6576.5
16620,21008,2015,21896.0
16621,21009,2015,4223.5
16622,21010,2015,135435.0
16623,21011,2015,3661.5
16624,21012,2015,12879.0
16625,21013,2015,41556.0
16626,21014,2015,9820.5
16627,21015,2015,226887.5
16628,21016,2015,16869.0
16629,21017,2015,55128.0
16630,21018,2015,7595.5
16631,21019,2015,269035.0
16632,21020,2015,14162.5
16633,21021,2015,2740.0
16634,21022,2015,24541.5
16635,21023,2015,17474.5
16636,21024,2015,1936.0
16637,21025,2015,16419.0
16638,21026,2015,29012.5
16639,21027,2015,8339.0
16640,21028,2015,5243.0
16641,21029,2015,7602.0
16642,21030,2015,1530.0
16643,21031,2015,5791.5
16644,21032,2015,2665.0
16645,21033,2015,10170.0
16646,21034,2015,81447.5
16647,21035,2015,40371.0
16648,21036,2015,29011.0
16649,21037,2015,4673.0
16650,21038,2015,19311.0
16651,21039,2015,19049.0
16652,21040,2015,21925.0
16653,21041,2015,216603.0
16654,21042,2015,6391.0
16655,21043,2015,97384.5
16656,21044,2015,32561.5
16657,21045,2015,91661.5
16658,21046,2015,15185.0
16659,21047,2015,40808.0
16660,21048,2015,40823.0
16661,21049,2015,33155.0
16662,21050,2015,51089.0
16663,21051,2015,71025.0
16664,21052,2015,2443.0
16665,21053,2015,124503.0
16666,21054,2015,65484.5
16667,21055,2015,9790.0
16668,21056,2015,2559.5
16669,21057,2015,14150.0
16670,21058,2015,40279.5
16671,21059,2015,5334.5
16672,21060,2015,14939.0
16673,21061,2015,27043.5
16674,21062,2015,9549.5
16675,21063,2015,28569.0
16676,21064,2015,34270.0
16677,21065,2015,41760.0
16678,21066,2015,12749.5
16679,21067,2015,35402.0
16680,21068,2015,14729.0
16681,21069,2015,54632.5
16682,21070,2015,12764.5
16683,21071,2015,201735.0
16684,21072,2015,32771.0
16685,21073,2015,18480.5
16686,21074,2015,154292.0
16687,21075,2015,24952.0
16688,21076,2015,54447.5
16689,21077,2015,11711.0
16690,21078,2015,29910.0
16691,21079,2015,11092.0
16692,21080,2015,5466.0
16693,21081,2015,7766.5
16694,21082,2015,16913.0
16695,21083,2015,50683.0
16696,21084,2015,13761.0
16697,21085,2015,155700.5
16698,21086,2015,24713.5
16699,21087,2015,25994.5
16700,21088,2015,9059.5
16701,21089,2015,25178.5
16702,21090,2015,42327.5
16703,21091,2015,20043.0
16704,21092,2015,10528.5
16705,21093,2015,15432.5
16706,21094,2015,68891.5
16707,21095,2015,1135.5
16708,21096,2015,5846.0
16709,21097,2015,4884.0
16710,21098,2015,12893.5
16711,21099,2015,39639.5
16712,21100,2015,19024.5
16713,21101,2015,6919.0
16714,21102,2015,26094.5
16715,21103,2015,12708.5
16716,21104,2015,60134.5
16717,21105,2015,9905.5
16718,21106,2015,68404.5
16719,21107,2015,23645.0
16720,21108,2015,36594.5
16721,21109,2015,40892.0
16722,21110,2015,93178.5
16723,21111,2015,37058.5
16724,21112,2015,18759.0
16725,21113,2015,9226.0
16726,21114,2015,3232056.0
16727,21115,2015,105391.5
16728,21116,2015,44132.0
16729,21117,2015,30004.0
16730,21118,2015,55594.0
16731,21119,2015,254887.0
16732,21120,2015,11048.0
16733,21121,2015,2402.0
16734,21122,2015,20504.0
16735,21123,2015,7914.0
16736,21124,2015,30408.0
16737,21125,2015,17841.0
16738,21126,2015,12436.5
16739,21127,2015,7392.0
16740,21128,2015,18596.0
16741,21129,2015,26721.5
16742,21130,2015,7027.5
16743,21131,2015,1848.0
16744,21132,2015,296874.5
16745,21133,2015,1349.0
16746,21134,2015,40339.5
16747,21135,2015,1126.5
16748,21136,2015,24060.0
16749,21137,2015,19704.0
16750,21138,2015,22569.0
16751,21139,2015,7332.0
16752,21140,2015,258921.0
16753,21141,2015,6900.5
16754,21142,2015,58454.5
16755,21143,2015,63322.5
16756,21144,2015,30399.0
16757,21145,2015,26741.5
16758,21146,2015,1623.0
16759,21147,2015,12347.0
16760,21148,2015,19538.0
16761,21149,2015,52315.0
16762,21150,2015,13171.0
16763,21151,2015,17352.5
16764,21152,2015,24359.0
16765,21153,2015,43942.5
16766,21154,2015,152406.5
16767,21155,2015,12271.0
16768,21156,2015,602398.0
16769,21157,2015,24052.0
16770,21158,2015,13526.5
16771,21159,2015,7879.0
16772,21160,2015,6819.5
16773,21161,2015,41288.5
16774,21162,2015,8399.0
16775,21163,2015,35148.0
16776,21164,2015,159070.0
16777,21165,2015,2357.0
16778,21166,2015,16991.0
16779,21167,2015,20613.0
16780,21168,2015,14113.0
16781,21169,2015,42826.5
16782,21170,2015,35611.0
16783,21171,2015,7226.5
16784,21172,2015,53037.0
16785,21173,2015,12347.5
16786,21174,2015,195852.5
16787,21175,2015,24247.0
16788,21176,2015,18077.0
16789,21177,2015,103051.5
16790,21178,2015,33106.0
16791,21179,2015,60248.5
16792,21180,2015,78122.0
16793,21181,2015,13708.0
16794,21182,2015,10264.5
16795,21183,2015,40281.5
16796,21184,2015,12832.0
16797,21185,2015,18781.0
16798,21186,2015,107098.0
16799,21187,2015,10355.0
16800,21188,2015,36372.5
16801,21189,2015,42248.5
16802,21190,2015,2346.0
16803,21191,2015,19169.0
16804,21192,2015,11916.0
16805,21193,2015,12723.5
16806,21194,2015,56612.5
16807,21195,2015,50794.5
16808,21196,2015,3224.0
16809,21197,2015,156296.5
16810,21198,2015,2555.0
16811,21199,2015,80853.0
16812,21200,2015,7358.0
16813,21201,2015,6563.5
16814,21202,2015,25274.0
16815,21203,2015,13236.5
16816,21204,2015,15440.0
16817,21205,2015,49371.5
16818,21206,2015,8911.0
16819,21207,2015,111187.5
16820,21208,2015,163701.5
16821,21209,2015,16885.0
16822,21210,2015,11283.0
16823,21211,2015,32201.5
16824,21212,2015,40162.0
16825,21213,2015,24671.5
16826,21214,2015,34056.5
16827,21215,2015,9143.0
16828,21216,2015,5106.0
16829,21217,2015,40871.5
16830,22000,2015,2101758.5
16831,22001,2015,129108.5
16832,22002,2015,54583.0
16833,22003,2015,26138.5
16834,22004,2015,133507.0
16835,22005,2015,125531.0
16836,22006,2015,355807.5
16837,22007,2015,83585.5
16838,22008,2015,72453.5
16839,22009,2015,53000.5
16840,22010,2015,38782.0
16841,22011,2015,348493.5
16842,22012,2015,141561.0
16843,22013,2015,37684.0
16844,22014,2015,1851982.5
16845,22015,2015,17267.5
16846,22016,2015,540262.5
16847,22017,2015,135786.5
16848,22018,2015,54426.0
16849,23000,2015,1596985.0
16850,23001,2015,168487.5
16851,23002,2015,159333.0
16852,23003,2015,39132.5
16853,23004,2015,479922.5
16854,23005,2015,1573307.0
16855,23006,2015,75492.0
16856,23007,2015,54645.0
16857,23008,2015,493913.5
16858,23009,2015,75404.5
16859,23010,2015,
16860,23011,2015,
16861,24000,2015,2715758.5
16862,24001,2015,37727.0
16863,24002,2015,16001.0
16864,24003,2015,96007.0
16865,24004,2015,8501.0
16866,24005,2015,37302.5
16867,24006,2015,19506.5
16868,24007,2015,38434.5
16869,24008,2015,43515.5
16870,24009,2015,9083.5
16871,24010,2015,61746.0
16872,24011,2015,91838.5
16873,24012,2015,41607.0
16874,24013,2015,348300.0
16875,24014,2015,32704.0
16876,24015,2015,43304.5
16877,24016,2015,82621.0
16878,24017,2015,51200.5
16879,24018,2015,30678.0
16880,24019,2015,11308.5
16881,24020,2015,194165.0
16882,24021,2015,111942.5
16883,24022,2015,38480.0
16884,24023,2015,31089.5
16885,24024,2015,190630.0
16886,24025,2015,61456.0
16887,24026,2015,18844.5
16888,24027,2015,20501.5
16889,24028,2015,1684793.5
16890,24029,2015,40258.0
16891,24030,2015,10324.0
16892,24031,2015,24115.0
16893,24032,2015,80748.5
16894,24033,2015,22898.5
16895,24034,2015,30244.5
16896,24035,2015,600394.0
16897,24036,2015,58249.0
16898,24037,2015,192190.0
16899,24038,2015,30297.0
16900,24039,2015,28198.5
16901,24040,2015,75645.0
16902,24041,2015,37667.0
16903,24042,2015,28094.5
16904,24043,2015,17207.0
16905,24044,2015,15525.5
16906,24045,2015,28850.0
16907,24046,2015,34766.5
16908,24047,2015,19185.5
16909,24048,2015,10656.0
16910,24049,2015,76509.0
16911,24050,2015,100084.0
16912,24051,2015,30406.5
16913,24052,2015,20509.5
16914,24053,2015,65956.0
16915,24054,2015,101323.5
16916,24055,2015,52188.5
16917,24056,2015,32925.5
16918,24057,2015,59320.5
16919,24058,2015,41619.0
16920,25000,2015,2918597.5
16921,25001,2015,877510.5
16922,25002,2015,89378.5
16923,25003,2015,57159.0
16924,25004,2015,53787.5
16925,25005,2015,33846.5
16926,25006,2015,1866779.5
16927,25007,2015,62934.5
16928,25008,2015,100697.0
16929,25009,2015,114377.5
16930,25010,2015,194748.0
16931,25011,2015,577135.0
16932,25012,2015,942270.5
16933,25013,2015,86549.5
16934,25014,2015,102182.0
16935,25015,2015,158731.5
16936,25016,2015,42337.0
16937,25017,2015,168057.0
16938,25018,2015,287468.5
16939,26000,2015,2825455.5
16940,26001,2015,5211.5
16941,26002,2015,171743.5
16942,26003,2015,51371.5
16943,26004,2015,18797.0
16944,26005,2015,2431.0
16945,26006,2015,5959.5
16946,26007,2015,1266.0
16947,26008,2015,2231.5
16948,26009,2015,1571.5
16949,26010,2015,2703.5
16950,26011,2015,3207.5
16951,26012,2015,46669.0
16952,26013,2015,3512.0
16953,26014,2015,6773.5
16954,26015,2015,2627.5
16955,26016,2015,10331.5
16956,26017,2015,171504.0
16957,26018,2015,848769.0
16958,26019,2015,72514.5
16959,26020,2015,10488.0
16960,26021,2015,3722.0
16961,26022,2015,2025.0
16962,26023,2015,12213.5
16963,26024,2015,1566.0
16964,26025,2015,106236.5
16965,26026,2015,122523.0
16966,26027,2015,17852.0
16967,26028,2015,2162.0
16968,26029,2015,307011.5
16969,26030,2015,1724532.0
16970,26031,2015,2549.0
16971,26032,2015,1853.5
16972,26033,2015,157341.0
16973,26034,2015,2105.5
16974,26035,2015,25316.0
16975,26036,2015,63145.0
16976,26037,2015,2487.0
16977,26038,2015,9864.5
16978,26039,2015,12205.0
16979,26040,2015,3611.5
16980,26041,2015,27190.5
16981,26042,2015,322794.0
16982,26043,2015,486571.5
16983,26044,2015,785.0
16984,26045,2015,5492.0
16985,26046,2015,966.0
16986,26047,2015,18877.5
16987,26048,2015,120128.0
16988,26049,2015,6735.5
16989,26050,2015,3122.0
16990,26051,2015,10225.0
16991,26052,2015,11362.5
16992,26053,2015,766.5
16993,26054,2015,1050.5
16994,26055,2015,378721.0
16995,26056,2015,19258.0
16996,26057,2015,3110.0
16997,26058,2015,32429.0
16998,26059,2015,3914.5
16999,26060,2015,4846.5
17000,26061,2015,2718.5
17001,26062,2015,2275.0
17002,26063,2015,2543.0
17003,26064,2015,3217.0
17004,26065,2015,3336.5
17005,26066,2015,17966.0
17006,26067,2015,3170.0
17007,26068,2015,2371.0
17008,26069,2015,11015.5
17009,26070,2015,29456.5
17010,26071,2015,43915.0
17011,26072,2015,28781.5
17012,27000,2015,2322643.5
17013,27001,2015,116091.5
17014,27002,2015,491762.0
17015,27003,2015,210107.5
17016,27004,2015,1324009.0
17017,27005,2015,407680.5
17018,27006,2015,263673.0
17019,27007,2015,61846.0
17020,27008,2015,370508.5
17021,27009,2015,74149.5
17022,27010,2015,174558.5
17023,27011,2015,60472.5
17024,27012,2015,311764.5
17025,27013,2015,265369.0
17026,27014,2015,183361.0
17027,27015,2015,94232.0
17028,27016,2015,112292.5
17029,27017,2015,121366.5
17030,28000,2015,3415079.5
17031,28001,2015,21992.0
17032,28002,2015,59154.5
17033,28003,2015,483543.5
17034,28004,2015,18094.0
17035,28005,2015,9091.0
17036,28006,2015,15187.0
17037,28007,2015,31730.0
17038,28008,2015,8917.5
17039,28009,2015,403149.0
17040,28010,2015,3790.0
17041,28011,2015,17354.5
17042,28012,2015,85599.0
17043,28013,2015,31139.0
17044,28014,2015,8457.0
17045,28015,2015,31635.5
17046,28016,2015,41073.5
17047,28017,2015,31214.5
17048,28018,2015,14790.0
17049,28019,2015,32443.5
17050,28020,2015,4721.5
17051,28021,2015,222375.0
17052,28022,2015,1032905.0
17053,28023,2015,9173.5
17054,28024,2015,11198.0
17055,28025,2015,53419.5
17056,28026,2015,7235.5
17057,28027,2015,809227.0
17058,28028,2015,7280.5
17059,28029,2015,26406.0
17060,28030,2015,27866.0
17061,28031,2015,3744.5
17062,28032,2015,1315039.5
17063,28033,2015,251934.0
17064,28034,2015,17095.5
17065,28035,2015,109307.0
17066,28036,2015,1978.5
17067,28037,2015,49410.5
17068,28038,2015,595123.0
17069,28039,2015,55917.0
17070,28040,2015,123761.0
17071,28041,2015,672390.5
17072,28042,2015,11938.0
17073,28043,2015,45422.5
17074,29000,2015,1259079.0
17075,29001,2015,21289.0
17076,29002,2015,29364.0
17077,29003,2015,13310.5
17078,29004,2015,34121.0
17079,29005,2015,157257.0
17080,29006,2015,96238.5
17081,29007,2015,32702.5
17082,29008,2015,29962.5
17083,29009,2015,10994.0
17084,29010,2015,139379.0
17085,29011,2015,9090.0
17086,29012,2015,17883.5
17087,29013,2015,183945.5
17088,29014,2015,29129.0
17089,29015,2015,74238.5
17090,29016,2015,14333.0
17091,29017,2015,21344.5
17092,29018,2015,73667.0
17093,29019,2015,41010.0
17094,29020,2015,17965.5
17095,29021,2015,35455.0
17096,29022,2015,12143.0
17097,29023,2015,49969.5
17098,29024,2015,53488.5
17099,29025,2015,152352.5
17100,29026,2015,42090.0
17101,29027,2015,24745.0
17102,29028,2015,46962.0
17103,29029,2015,24382.0
17104,29030,2015,29342.0
17105,29031,2015,64191.5
17106,29032,2015,25999.0
17107,29033,2015,189708.0
17108,29034,2015,85716.0
17109,29035,2015,11889.0
17110,29036,2015,43158.5
17111,29037,2015,17450.0
17112,29038,2015,32649.0
17113,29039,2015,47403.0
17114,29040,2015,20423.0
17115,29041,2015,60511.0
17116,29042,2015,26452.0
17117,29043,2015,75347.0
17118,29044,2015,84386.0
17119,29045,2015,11910.0
17120,29046,2015,9163.5
17121,29047,2015,6325.5
17122,29048,2015,35870.0
17123,29049,2015,10954.0
17124,29050,2015,21653.5
17125,29051,2015,7688.0
17126,29052,2015,12130.5
17127,29053,2015,14525.0
17128,29054,2015,10740.5
17129,29055,2015,5939.5
17130,29056,2015,14814.0
17131,29057,2015,9002.0
17132,29058,2015,17455.0
17133,29059,2015,14048.5
17134,29060,2015,9879.0
17135,30000,2015,7893610.5
17136,30001,2015,17959.5
17137,30002,2015,6532.0
17138,30003,2015,165399.0
17139,30004,2015,83060.5
17140,30005,2015,10409.5
17141,30006,2015,44085.5
17142,30007,2015,12790.0
17143,30008,2015,20029.0
17144,30009,2015,56361.0
17145,30010,2015,124685.5
17146,30011,2015,109354.0
17147,30012,2015,15372.0
17148,30013,2015,54579.5
17149,30014,2015,90297.5
17150,30015,2015,67659.0
17151,30016,2015,54233.5
17152,30017,2015,8740.0
17153,30018,2015,3775.0
17154,30019,2015,12904.0
17155,30020,2015,21401.0
17156,30021,2015,46570.0
17157,30022,2015,42727.0
17158,30023,2015,97685.5
17159,30024,2015,31119.5
17160,30025,2015,52685.5
17161,30026,2015,47594.5
17162,30027,2015,32872.0
17163,30028,2015,282624.5
17164,30029,2015,26630.0
17165,30030,2015,83613.0
17166,30031,2015,35272.0
17167,30032,2015,98853.5
17168,30033,2015,47980.5
17169,30034,2015,50875.5
17170,30035,2015,22270.0
17171,30036,2015,20451.5
17172,30037,2015,16013.5
17173,30038,2015,180855.0
17174,30039,2015,617665.5
17175,30040,2015,103600.0
17176,30041,2015,4512.0
17177,30042,2015,11512.5
17178,30043,2015,38657.0
17179,30044,2015,401304.0
17180,30045,2015,112266.5
17181,30046,2015,31851.5
17182,30047,2015,112020.0
17183,30048,2015,248833.5
17184,30049,2015,42021.0
17185,30050,2015,31832.0
17186,30051,2015,44949.5
17187,30052,2015,23521.5
17188,30053,2015,54451.0
17189,30054,2015,23240.0
17190,30055,2015,26262.5
17191,30056,2015,13456.5
17192,30057,2015,27126.0
17193,30058,2015,109028.5
17194,30059,2015,38115.0
17195,30060,2015,31682.0
17196,30061,2015,160325.5
17197,30062,2015,39447.0
17198,30063,2015,28273.5
17199,30064,2015,7897.0
17200,30065,2015,147369.0
17201,30066,2015,52486.5
17202,30067,2015,35611.5
17203,30068,2015,126187.5
17204,30069,2015,48532.5
17205,30070,2015,36938.5
17206,30071,2015,114550.0
17207,30072,2015,42629.0
17208,30073,2015,83445.0
17209,30074,2015,14043.0
17210,30075,2015,33685.5
17211,30076,2015,26952.0
17212,30077,2015,85977.0
17213,30078,2015,25112.0
17214,30079,2015,22136.0
17215,30080,2015,44552.0
17216,30081,2015,48446.5
17217,30082,2015,30833.5
17218,30083,2015,100802.0
17219,30084,2015,11478.0
17220,30085,2015,139421.0
17221,30086,2015,87553.0
17222,30087,2015,946607.5
17223,30088,2015,9996.0
17224,30089,2015,78670.0
17225,30090,2015,21534.5
17226,30091,2015,56315.0
17227,30092,2015,74948.5
17228,30093,2015,31926.5
17229,30094,2015,75991.0
17230,30095,2015,31595.0
17231,30096,2015,3089.0
17232,30097,2015,39326.5
17233,30098,2015,6219.0
17234,30099,2015,35240.0
17235,30100,2015,46577.5
17236,30101,2015,72632.0
17237,30102,2015,210685.5
17238,30103,2015,24607.0
17239,30104,2015,34673.5
17240,30105,2015,154588.0
17241,30106,2015,9276.5
17242,30107,2015,5831.0
17243,30108,2015,302992.0
17244,30109,2015,128974.0
17245,30110,2015,22514.0
17246,30111,2015,32915.5
17247,30112,2015,43128.0
17248,30113,2015,9123.5
17249,30114,2015,20393.5
17250,30115,2015,72009.0
17251,30116,2015,32030.5
17252,30117,2015,46377.0
17253,30118,2015,244184.0
17254,30119,2015,10968.0
17255,30120,2015,25328.0
17256,30121,2015,48884.0
17257,30122,2015,34017.0
17258,30123,2015,194718.0
17259,30124,2015,319027.0
17260,30125,2015,61180.0
17261,30126,2015,66148.5
17262,30127,2015,51929.5
17263,30128,2015,148614.0
17264,30129,2015,36236.5
17265,30130,2015,80945.5
17266,30131,2015,382831.5
17267,30132,2015,38280.5
17268,30133,2015,113434.0
17269,30134,2015,45275.5
17270,30135,2015,44384.0
17271,30136,2015,15393.5
17272,30137,2015,11801.0
17273,30138,2015,82434.5
17274,30139,2015,12092.5
17275,30140,2015,5853.0
17276,30141,2015,320127.5
17277,30142,2015,66746.0
17278,30143,2015,113830.0
17279,30144,2015,65129.5
17280,30145,2015,31178.5
17281,30146,2015,7427.0
17282,30147,2015,45967.0
17283,30148,2015,55265.0
17284,30149,2015,67109.5
17285,30150,2015,23005.5
17286,30151,2015,45826.0
17287,30152,2015,24298.5
17288,30153,2015,11711.5
17289,30154,2015,25033.0
17290,30155,2015,202623.0
17291,30156,2015,11652.5
17292,30157,2015,38913.5
17293,30158,2015,50176.0
17294,30159,2015,53165.0
17295,30160,2015,212294.5
17296,30161,2015,70600.5
17297,30162,2015,12701.0
17298,30163,2015,10276.5
17299,30164,2015,33332.5
17300,30165,2015,17174.0
17301,30166,2015,18418.5
17302,30167,2015,28714.0
17303,30168,2015,30998.0
17304,30169,2015,46933.5
17305,30170,2015,21478.0
17306,30171,2015,10867.0
17307,30172,2015,40476.0
17308,30173,2015,107157.0
17309,30174,2015,190296.0
17310,30175,2015,183243.0
17311,30176,2015,9143.0
17312,30177,2015,22002.0
17313,30178,2015,26404.0
17314,30179,2015,8251.5
17315,30180,2015,22224.5
17316,30181,2015,75190.5
17317,30182,2015,36024.0
17318,30183,2015,119545.0
17319,30184,2015,15128.5
17320,30185,2015,10431.0
17321,30186,2015,13966.0
17322,30187,2015,11819.5
17323,30188,2015,33623.0
17324,30189,2015,298787.0
17325,30190,2015,4444.0
17326,30191,2015,59146.5
17327,30192,2015,40136.5
17328,30193,2015,1159499.0
17329,30194,2015,23346.0
17330,30195,2015,11066.5
17331,30196,2015,35406.5
17332,30197,2015,22598.0
17333,30198,2015,13617.0
17334,30199,2015,22646.0
17335,30200,2015,24970.0
17336,30201,2015,86956.5
17337,30202,2015,28587.5
17338,30203,2015,27974.5
17339,30204,2015,90249.0
17340,30205,2015,38813.5
17341,30206,2015,56361.0
17342,30207,2015,90591.0
17343,30208,2015,46359.0
17344,30209,2015,29438.5
17345,30210,2015,58473.5
17346,30211,2015,59803.0
17347,30212,2015,25671.5
17348,31000,2015,2143576.5
17349,31001,2015,12912.0
17350,31002,2015,32146.0
17351,31003,2015,22676.5
17352,31004,2015,11980.0
17353,31005,2015,4220.5
17354,31006,2015,17866.5
17355,31007,2015,14328.0
17356,31008,2015,8076.5
17357,31009,2015,9175.0
17358,31010,2015,5192.0
17359,31011,2015,15235.0
17360,31012,2015,7488.5
17361,31013,2015,25896.5
17362,31014,2015,3318.0
17363,31015,2015,10532.5
17364,31016,2015,5929.0
17365,31017,2015,9165.0
17366,31018,2015,6432.0
17367,31019,2015,72607.5
17368,31020,2015,8633.5
17369,31021,2015,17405.0
17370,31022,2015,8532.5
17371,31023,2015,9410.5
17372,31024,2015,6402.0
17373,31025,2015,10946.0
17374,31026,2015,7125.0
17375,31027,2015,16512.5
17376,31028,2015,5432.0
17377,31029,2015,12195.5
17378,31030,2015,7560.0
17379,31031,2015,5594.5
17380,31032,2015,32402.0
17381,31033,2015,40357.5
17382,31034,2015,12593.0
17383,31035,2015,12099.5
17384,31036,2015,15383.0
17385,31037,2015,10096.5
17386,31038,2015,65892.0
17387,31039,2015,8012.0
17388,31040,2015,54599.5
17389,31041,2015,220726.5
17390,31042,2015,11074.5
17391,31043,2015,6178.0
17392,31044,2015,14108.0
17393,31045,2015,5127.0
17394,31046,2015,6194.0
17395,31047,2015,11253.0
17396,31048,2015,45728.0
17397,31049,2015,7241.5
17398,31050,2015,1826203.5
17399,31051,2015,6532.5
17400,31052,2015,71854.5
17401,31053,2015,25857.5
17402,31054,2015,5746.5
17403,31055,2015,13374.5
17404,31056,2015,63260.0
17405,31057,2015,15389.5
17406,31058,2015,50200.5
17407,31059,2015,119981.5
17408,31060,2015,1918.5
17409,31061,2015,7487.5
17410,31062,2015,9564.5
17411,31063,2015,10655.0
17412,31064,2015,3320.0
17413,31065,2015,4006.5
17414,31066,2015,8072.0
17415,31067,2015,19349.5
17416,31068,2015,6345.5
17417,31069,2015,17435.5
17418,31070,2015,8031.5
17419,31071,2015,3659.0
17420,31072,2015,3740.0
17421,31073,2015,10333.5
17422,31074,2015,7388.0
17423,31075,2015,13144.0
17424,31076,2015,34166.0
17425,31077,2015,5294.5
17426,31078,2015,7434.0
17427,31079,2015,85757.5
17428,31080,2015,20925.0
17429,31081,2015,6481.5
17430,31082,2015,7097.0
17431,31083,2015,3644.0
17432,31084,2015,13876.0
17433,31085,2015,31593.0
17434,31086,2015,4368.0
17435,31087,2015,10201.5
17436,31088,2015,3895.0
17437,31089,2015,78247.0
17438,31090,2015,14382.5
17439,31091,2015,24141.0
17440,31092,2015,14573.5
17441,31093,2015,35637.5
17442,31094,2015,10214.5
17443,31095,2015,11092.5
17444,31096,2015,154840.0
17445,31097,2015,7181.0
17446,31098,2015,29438.0
17447,31099,2015,7975.5
17448,31100,2015,7539.0
17449,31101,2015,120291.5
17450,31102,2015,160217.0
17451,31103,2015,6692.5
17452,31104,2015,31231.5
17453,31105,2015,6178.0
17454,31106,2015,4366.0
17455,32000,2015,1565536.0
17456,32001,2015,12669.5
17457,32002,2015,9997.0
17458,32003,2015,5001.5
17459,32004,2015,8891.0
17460,32005,2015,86085.0
17461,32006,2015,16509.0
17462,32007,2015,25009.0
17463,32008,2015,25492.0
17464,32009,2015,20737.5
17465,32010,2015,455243.0
17466,32011,2015,6481.0
17467,32012,2015,16384.0
17468,32013,2015,12635.5
17469,32014,2015,42264.5
17470,32015,2015,3216.0
17471,32016,2015,45979.5
17472,32017,2015,372015.0
17473,32018,2015,8929.5
17474,32019,2015,49084.0
17475,32020,2015,117757.0
17476,32021,2015,9129.5
17477,32022,2015,40301.5
17478,32023,2015,24575.5
17479,32024,2015,102242.0
17480,32025,2015,25559.0
17481,32026,2015,35817.0
17482,32027,2015,5442.5
17483,32028,2015,5143.0
17484,32029,2015,46080.5
17485,32030,2015,4986.0
17486,32031,2015,17900.0
17487,32032,2015,24779.0
17488,32033,2015,9182.5
17489,32034,2015,56058.5
17490,32035,2015,31943.5
17491,32036,2015,85166.5
17492,32037,2015,34994.5
17493,32038,2015,142445.0
17494,32039,2015,127339.5
17495,32040,2015,43445.5
17496,32041,2015,5280.0
17497,32042,2015,125133.5
17498,32043,2015,2731.0
17499,32044,2015,32297.5
17500,32045,2015,16595.0
17501,32046,2015,13598.0
17502,32047,2015,10928.5
17503,32048,2015,52859.5
17504,32049,2015,66150.5
17505,32050,2015,19647.0
17506,32051,2015,69559.5
17507,32052,2015,37857.5
17508,32053,2015,26166.5
17509,32054,2015,38003.5
17510,32055,2015,61190.5
17511,32056,2015,287968.0
17512,32057,2015,37436.0
17513,32058,2015,5625.5
17514,0,2016,120954774.2
17515,1000,2016,1335871.4
17516,1001,2016,1778644.2
17517,1002,2016,98656.0
17518,1003,2016,113465.6
17519,1004,2016,32609.8
17520,1005,2016,236116.6
17521,1006,2016,91250.0
17522,1007,2016,109055.4
17523,1008,2016,18273.0
17524,1009,2016,42975.2
17525,1010,2016,40887.4
17526,1011,2016,103300.8
17527,2000,2016,3537226.8
17528,2001,2016,910518.6
17529,2002,2016,2014574.0
17530,2003,2016,212397.4
17531,2004,2016,3555968.0
17532,2005,2016,225379.6
17533,2006,2016,
17534,3000,2016,742361.2
17535,3001,2016,146152.6
17536,3002,2016,125516.4
17537,3003,2016,555145.8
17538,3008,2016,613883.4
17539,3009,2016,35541.6
17540,4000,2016,894016.6
17541,4001,2016,113516.0
17542,4002,2016,561128.6
17543,4003,2016,478124.2
17544,4004,2016,160843.8
17545,4005,2016,60987.4
17546,4006,2016,80947.0
17547,4007,2016,17503.4
17548,4008,2016,21565.6
17549,4009,2016,115950.4
17550,4010,2016,59925.8
17551,4011,2016,91134.0
17552,4012,2016,
17553,5000,2016,2998394.4
17554,5001,2016,2133.0
17555,5002,2016,305480.4
17556,5003,2016,45931.4
17557,5004,2016,54706.8
17558,5005,2016,3436.4
17559,5006,2016,55843.0
17560,5007,2016,25851.8
17561,5008,2016,6014.0
17562,5009,2016,115633.6
17563,5010,2016,159143.6
17564,5011,2016,23892.0
17565,5012,2016,3871.8
17566,5013,2016,3649.2
17567,5014,2016,19711.0
17568,5015,2016,3277.4
17569,5016,2016,3611.0
17570,5017,2016,228347.0
17571,5018,2016,458788.8
17572,5019,2016,16241.2
17573,5020,2016,139882.4
17574,5021,2016,13001.2
17575,5022,2016,62337.8
17576,5023,2016,20621.6
17577,5024,2016,90015.2
17578,5025,2016,334882.8
17579,5026,2016,6723.8
17580,5027,2016,208193.8
17581,5028,2016,126659.8
17582,5029,2016,4843.6
17583,5030,2016,1636639.8
17584,5031,2016,47615.6
17585,5032,2016,84186.2
17586,5033,2016,204007.8
17587,5034,2016,13341.2
17588,5035,2016,1376817.8
17589,5036,2016,41558.2
17590,5037,2016,12607.8
17591,5038,2016,26313.6
17592,6000,2016,703009.6
17593,6001,2016,56332.0
17594,6002,2016,306466.0
17595,6003,2016,42956.0
17596,6004,2016,40748.6
17597,6005,2016,59408.4
17598,6006,2016,11066.8
17599,6007,2016,359131.6
17600,6008,2016,18871.2
17601,6009,2016,231230.8
17602,6010,2016,275854.8
17603,7000,2016,5294584.0
17604,7001,2016,35321.0
17605,7002,2016,48923.8
17606,7003,2016,54892.4
17607,7004,2016,67509.4
17608,7005,2016,46571.2
17609,7006,2016,61763.0
17610,7007,2016,20546.8
17611,7008,2016,59888.4
17612,7009,2016,82192.6
17613,7010,2016,14953.2
17614,7011,2016,39669.6
17615,7012,2016,113197.8
17616,7013,2016,69247.4
17617,7014,2016,44022.0
17618,7015,2016,95328.6
17619,7016,2016,35334.0
17620,7017,2016,171858.2
17621,7018,2016,18676.8
17622,7019,2016,312733.0
17623,7020,2016,97094.0
17624,7021,2016,43745.2
17625,7022,2016,37519.6
17626,7023,2016,183915.0
17627,7024,2016,25067.2
17628,7025,2016,14862.0
17629,7026,2016,85750.4
17630,7027,2016,205472.0
17631,7028,2016,11718.0
17632,7029,2016,10506.2
17633,7030,2016,69738.2
17634,7031,2016,254222.2
17635,7032,2016,61465.2
17636,7033,2016,14309.4
17637,7034,2016,151165.0
17638,7035,2016,27659.2
17639,7036,2016,15067.2
17640,7037,2016,70461.6
17641,7038,2016,44781.6
17642,7039,2016,51561.2
17643,7040,2016,105588.0
17644,7041,2016,88776.6
17645,7042,2016,21915.2
17646,7043,2016,21394.4
17647,7044,2016,54504.4
17648,7045,2016,11948.0
17649,7046,2016,80724.4
17650,7047,2016,44926.4
17651,7048,2016,43039.2
17652,7049,2016,53792.0
17653,7050,2016,10403.8
17654,7051,2016,92286.2
17655,7052,2016,258941.8
17656,7053,2016,15754.2
17657,7054,2016,55478.0
17658,7055,2016,11079.8
17659,7056,2016,25431.6
17660,7057,2016,147403.4
17661,7058,2016,9172.0
17662,7059,2016,443665.6
17663,7060,2016,26408.0
17664,7061,2016,184966.4
17665,7062,2016,36016.4
17666,7063,2016,7829.2
17667,7064,2016,100628.0
17668,7065,2016,249049.6
17669,7066,2016,48263.2
17670,7067,2016,23451.6
17671,7068,2016,62232.4
17672,7069,2016,104095.8
17673,7070,2016,25287.6
17674,7071,2016,59650.2
17675,7072,2016,60495.8
17676,7073,2016,20298.4
17677,7074,2016,86363.6
17678,7075,2016,55249.8
17679,7076,2016,56023.8
17680,7077,2016,123422.0
17681,7078,2016,407813.8
17682,7079,2016,76949.2
17683,7080,2016,61711.2
17684,7081,2016,95854.4
17685,7082,2016,28557.4
17686,7083,2016,36775.4
17687,7084,2016,16819.0
17688,7085,2016,20870.0
17689,7086,2016,47878.0
17690,7087,2016,78424.8
17691,7088,2016,4574.2
17692,7089,2016,681788.0
17693,7090,2016,8759.2
17694,7091,2016,26128.4
17695,7092,2016,59200.4
17696,7093,2016,90013.2
17697,7094,2016,89612.0
17698,7096,2016,157394.6
17699,7097,2016,180014.2
17700,7098,2016,13793.4
17701,7099,2016,158787.4
17702,7100,2016,71112.0
17703,7101,2016,1167990.6
17704,7102,2016,79460.2
17705,7103,2016,59073.0
17706,7104,2016,31324.8
17707,7105,2016,30522.4
17708,7106,2016,130663.0
17709,7107,2016,143293.2
17710,7108,2016,214443.2
17711,7109,2016,75946.0
17712,7110,2016,14429.6
17713,7111,2016,83638.8
17714,7112,2016,68750.4
17715,7113,2016,14246.4
17716,7114,2016,42257.8
17717,7115,2016,26828.8
17718,7116,2016,23358.2
17719,7117,2016,15741.2
17720,7118,2016,10905.4
17721,7119,2016,8552.8
17722,7120,2016,
17723,7121,2016,
17724,7122,2016,
17725,7123,2016,
17726,7124,2016,
17727,7125,2016,
17728,8000,2016,3640800.6
17729,8001,2016,27155.4
17730,8002,2016,49535.4
17731,8003,2016,17084.4
17732,8004,2016,40377.0
17733,8005,2016,50888.2
17734,8006,2016,11929.0
17735,8007,2016,34873.8
17736,8008,2016,26110.8
17737,8009,2016,51949.4
17738,8010,2016,48193.4
17739,8011,2016,99340.0
17740,8012,2016,17352.8
17741,8013,2016,23030.8
17742,8014,2016,4378.0
17743,8015,2016,2967.8
17744,8016,2016,7668.0
17745,8017,2016,341453.8
17746,8018,2016,10692.6
17747,8019,2016,1781677.6
17748,8020,2016,14558.8
17749,8021,2016,291966.2
17750,8022,2016,5291.0
17751,8023,2016,12855.2
17752,8024,2016,7747.6
17753,8025,2016,15345.4
17754,8026,2016,5531.8
17755,8027,2016,102523.4
17756,8028,2016,10432.6
17757,8029,2016,105621.4
17758,8030,2016,18110.2
17759,8031,2016,75436.2
17760,8032,2016,226212.2
17761,8033,2016,1898.8
17762,8034,2016,11824.2
17763,8035,2016,22231.6
17764,8036,2016,82778.4
17765,8037,2016,2881254.0
17766,8038,2016,10058.0
17767,8039,2016,8309.4
17768,8040,2016,54173.8
17769,8041,2016,3234.6
17770,8042,2016,2847.6
17771,8043,2016,5811.0
17772,8044,2016,8888.8
17773,8045,2016,90540.6
17774,8046,2016,16264.6
17775,8047,2016,9771.6
17776,8048,2016,45926.0
17777,8049,2016,5691.8
17778,8050,2016,126578.8
17779,8051,2016,16003.2
17780,8052,2016,50666.4
17781,8053,2016,10065.6
17782,8054,2016,15728.6
17783,8055,2016,34377.8
17784,8056,2016,4335.6
17785,8057,2016,4522.0
17786,8058,2016,5789.4
17787,8059,2016,9916.2
17788,8060,2016,22394.0
17789,8061,2016,7191.8
17790,8062,2016,62325.8
17791,8063,2016,11517.6
17792,8064,2016,3292.8
17793,8065,2016,39116.4
17794,8066,2016,14922.0
17795,8067,2016,9969.0
17796,9000,2016,9067032.4
17797,9002,2016,850414.8
17798,9003,2016,1233669.2
17799,9004,2016,410373.8
17800,9005,2016,2356638.8
17801,9006,2016,793094.8
17802,9007,2016,3655212.0
17803,9008,2016,488448.4
17804,9009,2016,287845.4
17805,9010,2016,1492594.0
17806,9011,2016,759035.2
17807,9012,2016,1360648.6
17808,9013,2016,862693.0
17809,9014,2016,829334.8
17810,9015,2016,1080525.6
17811,9016,2016,795675.2
17812,9017,2016,877227.2
17813,10000,2016,1768200.0
17814,10001,2016,63157.0
17815,10002,2016,8775.8
17816,10003,2016,8562.4
17817,10004,2016,69024.6
17818,10005,2016,1294086.2
17819,10006,2016,20595.0
17820,10007,2016,711554.8
17821,10008,2016,71669.0
17822,10009,2016,20442.6
17823,10010,2016,8119.2
17824,10011,2016,9959.0
17825,10012,2016,309506.6
17826,10013,2016,52633.8
17827,10014,2016,87688.6
17828,10015,2016,25491.0
17829,10016,2016,37755.8
17830,10017,2016,17527.6
17831,10018,2016,21568.4
17832,10019,2016,10191.8
17833,10020,2016,24771.8
17834,10021,2016,21835.8
17835,10022,2016,50717.0
17836,10023,2016,101550.4
17837,10024,2016,25650.4
17838,10025,2016,6240.2
17839,10026,2016,37210.0
17840,10027,2016,11133.8
17841,10028,2016,24002.8
17842,10029,2016,4273.2
17843,10030,2016,3372.6
17844,10031,2016,13690.0
17845,10032,2016,95708.0
17846,10033,2016,13772.6
17847,10034,2016,54147.0
17848,10035,2016,22811.0
17849,10036,2016,43271.6
17850,10037,2016,18777.6
17851,10038,2016,45082.2
17852,10039,2016,54636.4
17853,11000,2016,5913042.8
17854,11001,2016,178347.6
17855,11002,2016,217984.0
17856,11003,2016,338529.2
17857,11004,2016,127768.8
17858,11005,2016,210008.0
17859,11006,2016,10855.6
17860,11007,2016,1000877.8
17861,11008,2016,79738.6
17862,11009,2016,161127.8
17863,11010,2016,22653.2
17864,11011,2016,188474.6
17865,11012,2016,58996.6
17866,11013,2016,51561.4
17867,11014,2016,315016.6
17868,11015,2016,371022.6
17869,11016,2016,41495.0
17870,11017,2016,1136006.2
17871,11018,2016,75893.6
17872,11019,2016,100221.0
17873,11020,2016,3217658.4
17874,11021,2016,96243.6
17875,11022,2016,51048.2
17876,11023,2016,306645.2
17877,11024,2016,23911.6
17878,11025,2016,155821.6
17879,11026,2016,124851.8
17880,11027,2016,537543.2
17881,11028,2016,190675.8
17882,11029,2016,79186.0
17883,11030,2016,229957.0
17884,11031,2016,248179.2
17885,11032,2016,165654.6
17886,11033,2016,247501.6
17887,11034,2016,10989.8
17888,11035,2016,162579.6
17889,11036,2016,13400.4
17890,11037,2016,383550.8
17891,11038,2016,22920.4
17892,11039,2016,71670.6
17893,11040,2016,38586.8
17894,11041,2016,121274.2
17895,11042,2016,294011.6
17896,11043,2016,41542.4
17897,11044,2016,123878.4
17898,11045,2016,22650.2
17899,11046,2016,139240.8
17900,12000,2016,3489065.4
17901,12001,2016,1567730.0
17902,12002,2016,50451.2
17903,12003,2016,75890.8
17904,12004,2016,40667.2
17905,12005,2016,14688.2
17906,12006,2016,23319.4
17907,12007,2016,65800.4
17908,12008,2016,17714.6
17909,12009,2016,11540.6
17910,12010,2016,55331.6
17911,12011,2016,122061.2
17912,12012,2016,133178.6
17913,12013,2016,29732.6
17914,12014,2016,30620.4
17915,12015,2016,25767.6
17916,12016,2016,25571.0
17917,12017,2016,30478.4
17918,12018,2016,28316.8
17919,12019,2016,30406.0
17920,12020,2016,41106.6
17921,12021,2016,146589.2
17922,12022,2016,80637.2
17923,12023,2016,52929.4
17924,12024,2016,15090.6
17925,12025,2016,32530.8
17926,12026,2016,17297.4
17927,12027,2016,41935.2
17928,12028,2016,245251.0
17929,12029,2016,533628.6
17930,12030,2016,42868.8
17931,12031,2016,12656.0
17932,12032,2016,74254.2
17933,12033,2016,32510.4
17934,12034,2016,73867.4
17935,12035,2016,297690.0
17936,12036,2016,22746.0
17937,12037,2016,12668.8
17938,12038,2016,246114.6
17939,12039,2016,50820.8
17940,12040,2016,51446.2
17941,12041,2016,59266.2
17942,12042,2016,36501.4
17943,12043,2016,37899.0
17944,12044,2016,24012.0
17945,12045,2016,54177.2
17946,12046,2016,131116.0
17947,12047,2016,14129.8
17948,12048,2016,89913.2
17949,12049,2016,24591.4
17950,12050,2016,75875.4
17951,12051,2016,71158.6
17952,12052,2016,89504.0
17953,12053,2016,99044.6
17954,12054,2016,51560.8
17955,12055,2016,210019.4
17956,12056,2016,90578.4
17957,12057,2016,128599.0
17958,12058,2016,107698.0
17959,12059,2016,61406.2
17960,12060,2016,26776.6
17961,12061,2016,84052.0
17962,12062,2016,44444.0
17963,12063,2016,20099.6
17964,12064,2016,23227.4
17965,12065,2016,14819.8
17966,12066,2016,180625.6
17967,12067,2016,44139.2
17968,12068,2016,52376.8
17969,12069,2016,24182.2
17970,12070,2016,15112.4
17971,12071,2016,58446.6
17972,12072,2016,22821.2
17973,12073,2016,37160.2
17974,12074,2016,44446.8
17975,12075,2016,100750.0
17976,12076,2016,74538.8
17977,12077,2016,27507.4
17978,12078,2016,40622.2
17979,12079,2016,34621.2
17980,12080,2016,14821.2
17981,12081,2016,22436.0
17982,13000,2016,2918861.6
17983,13001,2016,42803.4
17984,13002,2016,87758.6
17985,13003,2016,116651.8
17986,13004,2016,19575.8
17987,13005,2016,36312.6
17988,13006,2016,38133.4
17989,13007,2016,24244.6
17990,13008,2016,90174.6
17991,13009,2016,37704.6
17992,13010,2016,59381.6
17993,13011,2016,39366.4
17994,13012,2016,57724.2
17995,13013,2016,99830.4
17996,13014,2016,33028.2
17997,13015,2016,38061.2
17998,13016,2016,116166.8
17999,13017,2016,25401.0
18000,13018,2016,45489.2
18001,13019,2016,36650.8
18002,13020,2016,5373.2
18003,13021,2016,28921.2
18004,13022,2016,30668.6
18005,13023,2016,70624.2
18006,13024,2016,34898.4
18007,13025,2016,42908.8
18008,13026,2016,25563.0
18009,13027,2016,46326.0
18010,13028,2016,250515.6
18011,13029,2016,92418.2
18012,13030,2016,187487.2
18013,13031,2016,25045.0
18014,13032,2016,21549.8
18015,13033,2016,6044.2
18016,13034,2016,19315.6
18017,13035,2016,24844.8
18018,13036,2016,18839.4
18019,13037,2016,42504.6
18020,13038,2016,17055.2
18021,13039,2016,28305.8
18022,13040,2016,20166.6
18023,13041,2016,90969.6
18024,13042,2016,22905.2
18025,13043,2016,12817.6
18026,13044,2016,32990.8
18027,13045,2016,18324.4
18028,13046,2016,77589.4
18029,13047,2016,9754.2
18030,13048,2016,591519.6
18031,13049,2016,37103.2
18032,13050,2016,46153.2
18033,13051,2016,345280.4
18034,13052,2016,72351.2
18035,13053,2016,35809.8
18036,13054,2016,70375.2
18037,13055,2016,34815.2
18038,13056,2016,74287.4
18039,13057,2016,30213.0
18040,13058,2016,34422.2
18041,13059,2016,73690.2
18042,13060,2016,34789.8
18043,13061,2016,108888.4
18044,13062,2016,60818.6
18045,13063,2016,173200.2
18046,13064,2016,20949.8
18047,13065,2016,23027.6
18048,13066,2016,24972.2
18049,13067,2016,104602.6
18050,13068,2016,28455.8
18051,13069,2016,279984.0
18052,13070,2016,36613.2
18053,13071,2016,18824.6
18054,13072,2016,21570.6
18055,13073,2016,74408.8
18056,13074,2016,55768.4
18057,13075,2016,36264.0
18058,13076,2016,221311.2
18059,13077,2016,323328.6
18060,13078,2016,37176.6
18061,13079,2016,14285.0
18062,13080,2016,48497.0
18063,13081,2016,71754.8
18064,13082,2016,40180.4
18065,13083,2016,100907.6
18066,13084,2016,78787.2
18067,14000,2016,7974421.2
18068,14001,2016,44913.2
18069,14002,2016,50481.4
18070,14003,2016,45790.6
18071,14004,2016,11398.4
18072,14005,2016,31558.0
18073,14006,2016,118478.8
18074,14007,2016,18439.6
18075,14008,2016,155456.8
18076,14009,2016,39439.8
18077,14010,2016,14666.6
18078,14011,2016,11067.4
18079,14012,2016,8390.4
18080,14013,2016,123214.4
18081,14014,2016,17099.4
18082,14015,2016,124385.8
18083,14016,2016,80585.6
18084,14017,2016,25700.6
18085,14018,2016,133125.8
18086,14019,2016,14440.4
18087,14020,2016,21382.6
18088,14021,2016,41937.0
18089,14022,2016,79536.8
18090,14023,2016,219599.4
18091,14024,2016,56126.8
18092,14025,2016,38160.8
18093,14026,2016,12363.2
18094,14027,2016,36042.0
18095,14028,2016,4398.2
18096,14029,2016,35872.2
18097,14030,2016,105392.8
18098,14031,2016,7058.2
18099,14032,2016,11858.8
18100,14033,2016,42488.0
18101,14034,2016,4061.4
18102,14035,2016,105627.8
18103,14036,2016,38982.8
18104,14037,2016,50285.4
18105,14038,2016,8611.6
18106,14039,2016,2858910.8
18107,14040,2016,18768.0
18108,14041,2016,12005.0
18109,14042,2016,19138.8
18110,14043,2016,46853.0
18111,14044,2016,114697.4
18112,14045,2016,40107.6
18113,14046,2016,65090.0
18114,14047,2016,48209.0
18115,14048,2016,37923.6
18116,14049,2016,19681.2
18117,14050,2016,90377.4
18118,14051,2016,47649.0
18119,14052,2016,11089.8
18120,14053,2016,330899.0
18121,14054,2016,10848.0
18122,14055,2016,43218.6
18123,14056,2016,4410.8
18124,14057,2016,7932.4
18125,14058,2016,29111.2
18126,14059,2016,27495.8
18127,14060,2016,11301.0
18128,14061,2016,43050.2
18129,14062,2016,7285.2
18130,14063,2016,201701.2
18131,14064,2016,64514.6
18132,14065,2016,23636.0
18133,14066,2016,103238.0
18134,14067,2016,554917.4
18135,14068,2016,23136.0
18136,14069,2016,16365.4
18137,14070,2016,390552.8
18138,14071,2016,6204.4
18139,14072,2016,14641.6
18140,14073,2016,139373.6
18141,14074,2016,32626.2
18142,14075,2016,7635.4
18143,14076,2016,6603.6
18144,14077,2016,54815.2
18145,14078,2016,63662.2
18146,14079,2016,30955.4
18147,14080,2016,10818.4
18148,14081,2016,7205.2
18149,14082,2016,72608.6
18150,14083,2016,160668.0
18151,14084,2016,29938.2
18152,14085,2016,77435.8
18153,14086,2016,40125.0
18154,14087,2016,33944.0
18155,14088,2016,33226.0
18156,14089,2016,7725.8
18157,14090,2016,14436.4
18158,14091,2016,80228.2
18159,14092,2016,21933.6
18160,14093,2016,289754.4
18161,14094,2016,86193.2
18162,14095,2016,18895.6
18163,14096,2016,44030.4
18164,14097,2016,1207014.4
18165,14098,2016,1311072.4
18166,14099,2016,21186.4
18167,14100,2016,71987.8
18168,14101,2016,1066929.8
18169,14102,2016,11918.0
18170,14103,2016,14907.6
18171,14104,2016,8651.0
18172,14105,2016,46043.8
18173,14106,2016,10120.6
18174,14107,2016,13123.4
18175,14108,2016,72516.8
18176,14109,2016,37050.8
18177,14110,2016,27620.8
18178,14111,2016,13507.0
18179,14112,2016,12111.8
18180,14113,2016,32205.6
18181,14114,2016,36492.2
18182,14115,2016,11262.2
18183,14116,2016,39143.6
18184,14117,2016,8689.8
18185,14118,2016,44957.2
18186,14119,2016,58938.0
18187,14120,2016,2767341.4
18188,14121,2016,63858.2
18189,14122,2016,14343.6
18190,14123,2016,37335.0
18191,14124,2016,128861.8
18192,14125,2016,36176.2
18193,15000,2016,16272032.4
18194,15001,2016,130193.2
18195,15002,2016,315061.4
18196,15003,2016,94980.0
18197,15004,2016,30284.4
18198,15005,2016,327652.0
18199,15006,2016,23941.6
18200,15007,2016,46704.4
18201,15008,2016,51446.8
18202,15009,2016,102933.4
18203,15010,2016,60297.6
18204,15011,2016,135582.8
18205,15012,2016,23821.8
18206,15013,2016,1020362.4
18207,15014,2016,206284.6
18208,15015,2016,60441.8
18209,15016,2016,55419.0
18210,15017,2016,19216.2
18211,15018,2016,119816.4
18212,15019,2016,71590.6
18213,15020,2016,574589.4
18214,15021,2016,75313.8
18215,15022,2016,27851.6
18216,15023,2016,80291.4
18217,15024,2016,326686.4
18218,15025,2016,728195.2
18219,15026,2016,60126.4
18220,15027,2016,23067.2
18221,15028,2016,57006.8
18222,15029,2016,380944.8
18223,15030,2016,51485.6
18224,15031,2016,1337795.2
18225,15032,2016,71692.0
18226,15033,2016,3299308.0
18227,15034,2016,20493.8
18228,15035,2016,275920.0
18229,15036,2016,87999.6
18230,15037,2016,535698.4
18231,15038,2016,22567.2
18232,15039,2016,1024586.8
18233,15040,2016,71126.0
18234,15041,2016,13073.2
18235,15042,2016,305352.8
18236,15043,2016,58327.6
18237,15044,2016,54922.8
18238,15045,2016,172212.0
18239,15046,2016,38228.4
18240,15047,2016,147437.0
18241,15048,2016,132101.6
18242,15049,2016,28785.6
18243,15050,2016,51364.2
18244,15051,2016,312237.6
18245,15052,2016,54288.6
18246,15053,2016,113663.4
18247,15054,2016,462100.4
18248,15055,2016,25941.2
18249,15056,2016,62561.6
18250,15057,2016,1668353.2
18251,15058,2016,2185079.6
18252,15059,2016,93871.2
18253,15060,2016,810006.0
18254,15061,2016,19546.0
18255,15062,2016,135971.4
18256,15063,2016,68910.6
18257,15064,2016,71881.2
18258,15065,2016,71573.2
18259,15066,2016,9800.6
18260,15067,2016,169060.8
18261,15068,2016,58725.4
18262,15069,2016,9156.8
18263,15070,2016,567981.6
18264,15071,2016,28390.8
18265,15072,2016,29372.2
18266,15073,2016,56076.0
18267,15074,2016,271027.6
18268,15075,2016,54913.6
18269,15076,2016,174964.8
18270,15077,2016,13059.2
18271,15078,2016,18963.6
18272,15079,2016,26626.0
18273,15080,2016,49621.2
18274,15081,2016,948706.0
18275,15082,2016,152057.2
18276,15083,2016,25941.6
18277,15084,2016,81102.0
18278,15085,2016,129852.8
18279,15086,2016,68321.8
18280,15087,2016,198938.0
18281,15088,2016,198376.2
18282,15089,2016,22137.8
18283,15090,2016,170993.6
18284,15091,2016,129042.8
18285,15092,2016,112626.8
18286,15093,2016,61473.6
18287,15094,2016,39290.0
18288,15095,2016,195305.0
18289,15096,2016,74515.2
18290,15097,2016,36094.0
18291,15098,2016,10972.0
18292,15099,2016,521233.4
18293,15100,2016,84614.4
18294,15101,2016,157659.6
18295,15102,2016,32009.6
18296,15103,2016,96013.4
18297,15104,2016,1338022.4
18298,15105,2016,64572.2
18299,15106,2016,1748398.8
18300,15107,2016,25176.8
18301,15108,2016,294432.8
18302,15109,2016,1009208.0
18303,15110,2016,123216.8
18304,15111,2016,102100.8
18305,15112,2016,97708.6
18306,15113,2016,130898.0
18307,15114,2016,205341.6
18308,15115,2016,102624.4
18309,15116,2016,9373.2
18310,15117,2016,28332.8
18311,15118,2016,378860.0
18312,15119,2016,35691.6
18313,15120,2016,464308.0
18314,15121,2016,1075535.6
18315,15122,2016,756206.0
18316,15123,2016,57018.8
18317,15124,2016,193174.4
18318,15125,2016,26043.0
18319,16000,2016,4608696.6
18320,16001,2016,22387.8
18321,16002,2016,31131.6
18322,16003,2016,44397.2
18323,16004,2016,29693.4
18324,16005,2016,21705.2
18325,16006,2016,250811.0
18326,16007,2016,6817.4
18327,16008,2016,49762.8
18328,16009,2016,71529.2
18329,16010,2016,42952.0
18330,16011,2016,22548.8
18331,16012,2016,88578.0
18332,16013,2016,18868.0
18333,16014,2016,31949.4
18334,16015,2016,39000.0
18335,16016,2016,41567.4
18336,16017,2016,68463.4
18337,16018,2016,18546.8
18338,16019,2016,40055.0
18339,16020,2016,58496.6
18340,16021,2016,25987.8
18341,16022,2016,49366.2
18342,16023,2016,20481.6
18343,16024,2016,39245.0
18344,16025,2016,77715.4
18345,16026,2016,10331.0
18346,16027,2016,10071.2
18347,16028,2016,10732.0
18348,16029,2016,26410.0
18349,16030,2016,24510.8
18350,16031,2016,32345.6
18351,16032,2016,30510.0
18352,16033,2016,42861.2
18353,16034,2016,245333.8
18354,16035,2016,63109.4
18355,16036,2016,23275.2
18356,16037,2016,15921.8
18357,16038,2016,84446.8
18358,16039,2016,17161.0
18359,16040,2016,35225.6
18360,16041,2016,31070.6
18361,16042,2016,28049.2
18362,16043,2016,133889.4
18363,16044,2016,26184.6
18364,16045,2016,70776.8
18365,16046,2016,28840.4
18366,16047,2016,39868.6
18367,16048,2016,11304.4
18368,16049,2016,37545.6
18369,16050,2016,171411.4
18370,16051,2016,27236.8
18371,16052,2016,378666.8
18372,16053,2016,1602572.4
18373,16054,2016,16053.6
18374,16055,2016,90938.0
18375,16056,2016,60865.8
18376,16057,2016,16511.4
18377,16058,2016,40375.2
18378,16059,2016,17460.0
18379,16060,2016,19046.6
18380,16061,2016,47831.2
18381,16062,2016,40809.4
18382,16063,2016,30739.2
18383,16064,2016,52702.4
18384,16065,2016,75395.2
18385,16066,2016,188366.2
18386,16067,2016,33708.2
18387,16068,2016,55663.4
18388,16069,2016,208030.8
18389,16070,2016,30861.0
18390,16071,2016,137403.2
18391,16072,2016,27647.4
18392,16073,2016,53098.8
18393,16074,2016,20651.6
18394,16075,2016,146098.2
18395,16076,2016,152479.8
18396,16077,2016,36066.4
18397,16078,2016,25489.6
18398,16079,2016,96126.2
18399,16080,2016,38583.8
18400,16081,2016,17936.2
18401,16082,2016,151560.2
18402,16083,2016,63774.2
18403,16084,2016,60347.0
18404,16085,2016,68511.8
18405,16086,2016,30799.0
18406,16087,2016,29566.0
18407,16088,2016,200453.2
18408,16089,2016,47407.6
18409,16090,2016,30779.4
18410,16091,2016,28748.6
18411,16092,2016,27311.6
18412,16093,2016,56342.0
18413,16094,2016,13225.2
18414,16095,2016,24177.0
18415,16096,2016,14066.8
18416,16097,2016,60878.0
18417,16098,2016,51794.4
18418,16099,2016,30569.0
18419,16100,2016,28739.2
18420,16101,2016,18736.8
18421,16102,2016,681040.6
18422,16103,2016,46975.4
18423,16104,2016,32666.2
18424,16105,2016,40407.6
18425,16106,2016,62768.8
18426,16107,2016,151027.6
18427,16108,2016,395125.2
18428,16109,2016,6480.6
18429,16110,2016,96255.0
18430,16111,2016,34317.2
18431,16112,2016,312973.6
18432,16113,2016,51936.0
18433,17000,2016,1896791.0
18434,17001,2016,34782.8
18435,17002,2016,45420.0
18436,17003,2016,74016.0
18437,17004,2016,171055.6
18438,17005,2016,20700.6
18439,17006,2016,364743.4
18440,17007,2016,746341.4
18441,17008,2016,195287.4
18442,17009,2016,43310.8
18443,17010,2016,34629.8
18444,17011,2016,415992.8
18445,17012,2016,113389.6
18446,17013,2016,31785.2
18447,17014,2016,19159.4
18448,17015,2016,38976.0
18449,17016,2016,36594.2
18450,17017,2016,97355.8
18451,17018,2016,233233.2
18452,17019,2016,54072.2
18453,17020,2016,99325.0
18454,17021,2016,15115.8
18455,17022,2016,33185.0
18456,17023,2016,14851.8
18457,17024,2016,102069.6
18458,17025,2016,65926.2
18459,17026,2016,36558.8
18460,17027,2016,23951.4
18461,17028,2016,140034.4
18462,17029,2016,205235.8
18463,17030,2016,104814.4
18464,17031,2016,71380.2
18465,17032,2016,19253.4
18466,17033,2016,31606.8
18467,17034,2016,
18468,17035,2016,
18469,17036,2016,
18470,18000,2016,1183555.4
18471,18001,2016,74182.2
18472,18002,2016,30797.0
18473,18003,2016,22844.4
18474,18004,2016,149794.6
18475,18005,2016,24189.4
18476,18006,2016,57097.4
18477,18007,2016,37448.4
18478,18008,2016,117745.6
18479,18009,2016,86005.6
18480,18010,2016,67895.4
18481,18011,2016,47898.4
18482,18012,2016,85027.8
18483,18013,2016,15277.8
18484,18014,2016,48137.4
18485,18015,2016,187492.4
18486,18016,2016,76518.2
18487,18017,2016,816600.4
18488,18018,2016,60154.6
18489,18019,2016,28567.2
18490,18020,2016,325146.4
18491,19000,2016,5344160.6
18492,19001,2016,5845.2
18493,19002,2016,6946.0
18494,19003,2016,2807.0
18495,19004,2016,68503.4
18496,19005,2016,36993.0
18497,19006,2016,1206600.8
18498,19007,2016,30676.0
18499,19008,2016,7508.6
18500,19009,2016,218060.8
18501,19010,2016,138314.8
18502,19011,2016,15274.8
18503,19012,2016,102219.4
18504,19013,2016,21185.0
18505,19014,2016,71961.0
18506,19015,2016,3161.8
18507,19016,2016,6837.4
18508,19017,2016,81641.2
18509,19018,2016,591699.0
18510,19019,2016,256750.6
18511,19020,2016,11308.6
18512,19021,2016,863831.2
18513,19022,2016,29111.8
18514,19023,2016,3236.2
18515,19024,2016,12539.6
18516,19025,2016,166915.2
18517,19026,2016,1314199.4
18518,19027,2016,4018.4
18519,19028,2016,3026.6
18520,19029,2016,14106.8
18521,19030,2016,6911.6
18522,19031,2016,771615.8
18523,19032,2016,10775.6
18524,19033,2016,165495.6
18525,19034,2016,10619.0
18526,19035,2016,2485.4
18527,19036,2016,14875.0
18528,19037,2016,11733.0
18529,19038,2016,129078.6
18530,19039,2016,2280057.0
18531,19040,2016,1965.8
18532,19041,2016,194139.40000000002
18533,19042,2016,11016.6
18534,19043,2016,5113.2
18535,19044,2016,69581.2
18536,19045,2016,130693.0
18537,19046,2016,849257.2
18538,19047,2016,32619.0
18539,19048,2016,582821.4
18540,19049,2016,88818.0
18541,19050,2016,3613.8
18542,19051,2016,7644.2
18543,20000,2016,4010784.4
18544,20001,2016,1876.4
18545,20002,2016,90310.4
18546,20003,2016,5052.4
18547,20004,2016,2141.0
18548,20005,2016,30216.2
18549,20006,2016,38896.8
18550,20007,2016,4963.6
18551,20008,2016,1554.4
18552,20009,2016,13604.4
18553,20010,2016,27094.8
18554,20011,2016,2658.4
18555,20012,2016,21392.6
18556,20013,2016,5895.8
18557,20014,2016,54902.2
18558,20015,2016,10203.4
18559,20016,2016,18300.4
18560,20017,2016,6970.0
18561,20018,2016,1573.6
18562,20019,2016,5768.2
18563,20020,2016,8926.2
18564,20021,2016,29145.2
18565,20022,2016,1669.2
18566,20023,2016,47006.8
18567,20024,2016,7477.4
18568,20025,2016,22526.6
18569,20026,2016,17631.8
18570,20027,2016,4589.6
18571,20028,2016,43535.4
18572,20029,2016,8471.2
18573,20030,2016,17338.0
18574,20031,2016,14520.4
18575,20032,2016,2118.8
18576,20033,2016,5461.2
18577,20034,2016,2685.6
18578,20035,2016,1232.0
18579,20036,2016,10555.4
18580,20037,2016,8849.4
18581,20038,2016,3956.2
18582,20039,2016,149849.2
18583,20040,2016,12465.8
18584,20041,2016,62078.0
18585,20042,2016,16211.8
18586,20043,2016,210996.8
18587,20044,2016,82770.8
18588,20045,2016,15489.2
18589,20046,2016,6193.6
18590,20047,2016,172.6
18591,20048,2016,2764.0
18592,20049,2016,2335.6
18593,20050,2016,7522.4
18594,20051,2016,9211.2
18595,20052,2016,12154.6
18596,20053,2016,2542.2
18597,20054,2016,812.0
18598,20055,2016,7316.0
18599,20056,2016,2909.0
18600,20057,2016,76571.0
18601,20058,2016,26049.4
18602,20059,2016,93597.8
18603,20060,2016,5200.4
18604,20061,2016,5526.0
18605,20062,2016,1066.4
18606,20063,2016,8257.2
18607,20064,2016,16136.4
18608,20065,2016,2245.2
18609,20066,2016,10736.6
18610,20067,2016,535862.6
18611,20068,2016,45591.4
18612,20069,2016,5619.2
18613,20070,2016,13042.6
18614,20071,2016,6635.2
18615,20072,2016,14934.0
18616,20073,2016,67113.6
18617,20074,2016,951.2
18618,20075,2016,5328.8
18619,20076,2016,6767.8
18620,20077,2016,8099.2
18621,20078,2016,2434.8
18622,20079,2016,167236.6
18623,20080,2016,2962.4
18624,20081,2016,3779.2
18625,20082,2016,8160.2
18626,20083,2016,20140.4
18627,20084,2016,8119.2
18628,20085,2016,49515.2
18629,20086,2016,1941.8
18630,20087,2016,9885.2
18631,20088,2016,5802.8
18632,20089,2016,4497.0
18633,20090,2016,12192.6
18634,20091,2016,11446.2
18635,20092,2016,3284.4
18636,20093,2016,1026.2
18637,20094,2016,3758.4
18638,20095,2016,8666.4
18639,20096,2016,1528.2
18640,20097,2016,3517.2
18641,20098,2016,8656.8
18642,20099,2016,837.2
18643,20100,2016,873.4
18644,20101,2016,1478.4
18645,20102,2016,9918.2
18646,20103,2016,11797.6
18647,20104,2016,5254.2
18648,20105,2016,14533.6
18649,20106,2016,540.6
18650,20107,2016,48708.8
18651,20108,2016,7030.2
18652,20109,2016,2464.8
18653,20110,2016,3284.0
18654,20111,2016,9362.8
18655,20112,2016,5045.2
18656,20113,2016,6081.0
18657,20114,2016,1352.4
18658,20115,2016,19433.0
18659,20116,2016,8198.8
18660,20117,2016,4607.8
18661,20118,2016,4857.6
18662,20119,2016,1211.4
18663,20120,2016,833.2
18664,20121,2016,1252.6
18665,20122,2016,1334.6
18666,20123,2016,5562.8
18667,20124,2016,37340.8
18668,20125,2016,23477.4
18669,20126,2016,10499.8
18670,20127,2016,2532.0
18671,20128,2016,2594.8
18672,20129,2016,712.4
18673,20130,2016,10301.6
18674,20131,2016,22117.2
18675,20132,2016,2661.2
18676,20133,2016,7916.8
18677,20134,2016,55677.0
18678,20135,2016,15640.6
18679,20136,2016,23891.4
18680,20137,2016,6919.6
18681,20138,2016,909.2
18682,20139,2016,4351.4
18683,20140,2016,1638.0
18684,20141,2016,16297.4
18685,20142,2016,1938.4
18686,20143,2016,18531.0
18687,20144,2016,2178.0
18688,20145,2016,9037.2
18689,20146,2016,5496.4
18690,20147,2016,762.2
18691,20148,2016,4174.4
18692,20149,2016,3650.4
18693,20150,2016,26149.4
18694,20151,2016,694.0
18695,20152,2016,4693.6
18696,20153,2016,9705.4
18697,20154,2016,4709.2
18698,20155,2016,2037.0
18699,20156,2016,7196.6
18700,20157,2016,31280.4
18701,20158,2016,4464.4
18702,20159,2016,11057.0
18703,20160,2016,2874.0
18704,20161,2016,5358.4
18705,20162,2016,3951.8
18706,20163,2016,3178.6
18707,20164,2016,6029.2
18708,20165,2016,3163.6
18709,20166,2016,22427.0
18710,20167,2016,4254.0
18711,20168,2016,1924.8
18712,20169,2016,8048.4
18713,20170,2016,7519.2
18714,20171,2016,36529.4
18715,20172,2016,845.4
18716,20173,2016,2965.4
18717,20174,2016,8487.6
18718,20175,2016,3088.0
18719,20176,2016,5553.0
18720,20177,2016,20077.0
18721,20178,2016,13062.8
18722,20179,2016,2906.0
18723,20180,2016,4673.4
18724,20181,2016,886.8
18725,20182,2016,4456.8
18726,20183,2016,2929.4
18727,20184,2016,316296.6
18728,20185,2016,17676.8
18729,20186,2016,1114.6
18730,20187,2016,4199.6
18731,20188,2016,19134.0
18732,20189,2016,5752.8
18733,20190,2016,45162.6
18734,20191,2016,626.0
18735,20192,2016,2980.0
18736,20193,2016,5406.4
18737,20194,2016,2632.4
18738,20195,2016,2272.0
18739,20196,2016,815.2
18740,20197,2016,6392.4
18741,20198,2016,58354.0
18742,20199,2016,1168.6
18743,20200,2016,7605.4
18744,20201,2016,3721.6
18745,20202,2016,9179.4
18746,20203,2016,6873.6
18747,20204,2016,1332.8
18748,20205,2016,34339.6
18749,20206,2016,4799.4
18750,20207,2016,36556.0
18751,20208,2016,14429.4
18752,20209,2016,1297.2
18753,20210,2016,12262.2
18754,20211,2016,6633.6
18755,20212,2016,5986.0
18756,20213,2016,7964.8
18757,20214,2016,4294.4
18758,20215,2016,1668.8
18759,20216,2016,2554.0
18760,20217,2016,6881.8
18761,20218,2016,1141.8
18762,20219,2016,5269.4
18763,20220,2016,5462.2
18764,20221,2016,2872.6
18765,20222,2016,2935.2
18766,20223,2016,889.6
18767,20224,2016,1327.2
18768,20225,2016,11847.6
18769,20226,2016,5777.2
18770,20227,2016,33001.4
18771,20228,2016,1616.4
18772,20229,2016,16630.2
18773,20230,2016,1924.0
18774,20231,2016,6245.2
18775,20232,2016,43849.4
18776,20233,2016,3463.6
18777,20234,2016,14638.8
18778,20235,2016,7507.2
18779,20236,2016,2896.4
18780,20237,2016,3130.4
18781,20238,2016,1845.6
18782,20239,2016,2061.6
18783,20240,2016,5274.0
18784,20241,2016,2109.2
18785,20242,2016,24046.6
18786,20243,2016,3776.2
18787,20244,2016,7663.0
18788,20245,2016,2617.0
18789,20246,2016,1230.0
18790,20247,2016,3116.4
18791,20248,2016,30094.4
18792,20249,2016,7377.2
18793,20250,2016,2438.0
18794,20251,2016,2413.6
18795,20252,2016,4553.6
18796,20253,2016,4262.2
18797,20254,2016,6518.4
18798,20255,2016,4041.2
18799,20256,2016,469.0
18800,20257,2016,2135.2
18801,20258,2016,1432.8
18802,20259,2016,4555.2
18803,20260,2016,4631.4
18804,20261,2016,14115.2
18805,20262,2016,2035.2
18806,20263,2016,6644.6
18807,20264,2016,4437.8
18808,20265,2016,13376.4
18809,20266,2016,17144.8
18810,20267,2016,531.6
18811,20268,2016,2115.8
18812,20269,2016,8482.6
18813,20270,2016,2700.4
18814,20271,2016,6435.8
18815,20272,2016,12444.2
18816,20273,2016,7381.6
18817,20274,2016,2632.2
18818,20275,2016,14602.0
18819,20276,2016,1476.0
18820,20277,2016,24985.2
18821,20278,2016,75692.8
18822,20279,2016,5898.8
18823,20280,2016,4328.4
18824,20281,2016,619.0
18825,20282,2016,1422.0
18826,20283,2016,2089.6
18827,20284,2016,6302.4
18828,20285,2016,7156.4
18829,20286,2016,6304.8
18830,20287,2016,667.2
18831,20288,2016,1190.8
18832,20289,2016,2371.2
18833,20290,2016,2061.2
18834,20291,2016,8506.8
18835,20292,2016,2932.0
18836,20293,2016,32979.0
18837,20294,2016,13495.6
18838,20295,2016,19249.6
18839,20296,2016,1892.8
18840,20297,2016,5021.8
18841,20298,2016,25775.0
18842,20299,2016,2236.4
18843,20300,2016,13137.4
18844,20301,2016,3151.2
18845,20302,2016,8783.8
18846,20303,2016,2234.8
18847,20304,2016,1546.4
18848,20305,2016,8363.2
18849,20306,2016,8734.2
18850,20307,2016,19371.6
18851,20308,2016,6251.0
18852,20309,2016,20738.4
18853,20310,2016,22927.8
18854,20311,2016,946.6
18855,20312,2016,22793.2
18856,20313,2016,1548.6
18857,20314,2016,3484.4
18858,20315,2016,3650.0
18859,20316,2016,1488.0
18860,20317,2016,2642.6
18861,20318,2016,94063.4
18862,20319,2016,2052.8
18863,20320,2016,1431.2
18864,20321,2016,1592.8
18865,20322,2016,1650.4
18866,20323,2016,4592.8
18867,20324,2016,93022.4
18868,20325,2016,22728.6
18869,20326,2016,10036.4
18870,20327,2016,30085.4
18871,20328,2016,2670.2
18872,20329,2016,2440.8
18873,20330,2016,8583.2
18874,20331,2016,1896.8
18875,20332,2016,777.2
18876,20333,2016,6050.6
18877,20334,2016,96037.6
18878,20335,2016,1842.4
18879,20336,2016,3855.2
18880,20337,2016,11244.2
18881,20338,2016,19857.2
18882,20339,2016,8433.6
18883,20340,2016,3620.8
18884,20341,2016,474.8
18885,20342,2016,6593.2
18886,20343,2016,3885.2
18887,20344,2016,5473.8
18888,20345,2016,8206.2
18889,20346,2016,3009.6
18890,20347,2016,7973.6
18891,20348,2016,16464.2
18892,20349,2016,4220.6
18893,20350,2016,33256.6
18894,20351,2016,5463.2
18895,20352,2016,8994.4
18896,20353,2016,4478.4
18897,20354,2016,992.8
18898,20355,2016,1417.8
18899,20356,2016,4209.2
18900,20357,2016,1744.8
18901,20358,2016,3832.8
18902,20359,2016,1411.6
18903,20360,2016,7656.2
18904,20361,2016,1727.6
18905,20362,2016,2995.6
18906,20363,2016,5347.0
18907,20364,2016,34199.6
18908,20365,2016,2325.4
18909,20366,2016,7641.0
18910,20367,2016,9143.6
18911,20368,2016,3933.8
18912,20369,2016,4119.8
18913,20370,2016,1347.2
18914,20371,2016,1946.4
18915,20372,2016,3088.0
18916,20373,2016,846.2
18917,20374,2016,3150.0
18918,20375,2016,23936.0
18919,20376,2016,729.2
18920,20377,2016,21949.2
18921,20378,2016,7377.0
18922,20379,2016,5907.6
18923,20380,2016,4268.0
18924,20381,2016,5612.8
18925,20382,2016,2370.0
18926,20383,2016,1200.4
18927,20384,2016,9369.6
18928,20385,2016,182750.0
18929,20386,2016,37222.4
18930,20387,2016,5758.0
18931,20388,2016,5436.2
18932,20389,2016,1826.4
18933,20390,2016,98319.2
18934,20391,2016,6746.8
18935,20392,2016,13413.6
18936,20393,2016,7899.4
18937,20394,2016,5578.2
18938,20395,2016,3478.6
18939,20396,2016,6512.4
18940,20397,2016,78947.4
18941,20398,2016,9387.6
18942,20399,2016,72285.2
18943,20400,2016,3364.2
18944,20401,2016,50524.2
18945,20402,2016,2154.2
18946,20403,2016,6732.2
18947,20404,2016,1534.4
18948,20405,2016,3739.2
18949,20406,2016,42255.8
18950,20407,2016,18350.8
18951,20408,2016,985.6
18952,20409,2016,17273.8
18953,20410,2016,6876.0
18954,20411,2016,1748.4
18955,20412,2016,6496.8
18956,20413,2016,91973.0
18957,20414,2016,23058.4
18958,20415,2016,9764.8
18959,20416,2016,970.0
18960,20417,2016,19041.0
18961,20418,2016,23605.6
18962,20419,2016,1174.6
18963,20420,2016,3358.8
18964,20421,2016,9193.0
18965,20422,2016,1284.0
18966,20423,2016,1037.0
18967,20424,2016,7788.4
18968,20425,2016,4236.8
18969,20426,2016,17052.4
18970,20427,2016,32375.0
18971,20428,2016,4084.8
18972,20429,2016,3040.4
18973,20430,2016,582.8
18974,20431,2016,3615.2
18975,20432,2016,1858.0
18976,20433,2016,5309.6
18977,20434,2016,8521.2
18978,20435,2016,7097.6
18979,20436,2016,1969.2
18980,20437,2016,19316.8
18981,20438,2016,3618.6
18982,20439,2016,49877.2
18983,20440,2016,1691.2
18984,20441,2016,17346.4
18985,20442,2016,583.2
18986,20443,2016,882.4
18987,20444,2016,954.6
18988,20445,2016,3352.4
18989,20446,2016,12456.4
18990,20447,2016,32593.2
18991,20448,2016,4577.6
18992,20449,2016,6665.2
18993,20450,2016,26483.0
18994,20451,2016,2067.0
18995,20452,2016,8684.8
18996,20453,2016,7834.8
18997,20454,2016,6816.8
18998,20455,2016,5687.2
18999,20456,2016,3351.6
19000,20457,2016,6733.4
19001,20458,2016,2289.2
19002,20459,2016,9442.0
19003,20460,2016,10627.0
19004,20461,2016,1132.4
19005,20462,2016,9015.4
19006,20463,2016,1178.6
19007,20464,2016,795.0
19008,20465,2016,3229.2
19009,20466,2016,26208.2
19010,20467,2016,37693.4
19011,20468,2016,27919.2
19012,20469,2016,68036.0
19013,20470,2016,9073.8
19014,20471,2016,919.4
19015,20472,2016,6601.8
19016,20473,2016,2664.8
19017,20474,2016,6740.0
19018,20475,2016,19946.2
19019,20476,2016,839.6
19020,20477,2016,2752.8
19021,20478,2016,3471.4
19022,20479,2016,393.0
19023,20480,2016,2400.8
19024,20481,2016,3852.2
19025,20482,2016,107431.6
19026,20483,2016,20708.4
19027,20484,2016,8728.0
19028,20485,2016,6195.2
19029,20486,2016,4889.0
19030,20487,2016,3920.4
19031,20488,2016,264.2
19032,20489,2016,9860.0
19033,20490,2016,6029.6
19034,20491,2016,9267.6
19035,20492,2016,5884.8
19036,20493,2016,1103.0
19037,20494,2016,11486.0
19038,20495,2016,5970.2
19039,20496,2016,4008.4
19040,20497,2016,8378.0
19041,20498,2016,15000.8
19042,20499,2016,3938.4
19043,20500,2016,15909.8
19044,20501,2016,1951.4
19045,20502,2016,10530.8
19046,20503,2016,809.2
19047,20504,2016,3231.4
19048,20505,2016,15265.0
19049,20506,2016,1586.6
19050,20507,2016,6368.0
19051,20508,2016,3171.4
19052,20509,2016,22098.4
19053,20510,2016,1615.6
19054,20511,2016,6927.6
19055,20512,2016,2060.0
19056,20513,2016,17567.4
19057,20514,2016,1930.8
19058,20515,2016,130833.8
19059,20516,2016,10011.0
19060,20517,2016,11399.8
19061,20518,2016,258.0
19062,20519,2016,6295.2
19063,20520,2016,14617.6
19064,20521,2016,535.2
19065,20522,2016,2423.0
19066,20523,2016,3271.6
19067,20524,2016,690.0
19068,20525,2016,24014.4
19069,20526,2016,32865.4
19070,20527,2016,5256.0
19071,20528,2016,2073.4
19072,20529,2016,2834.4
19073,20530,2016,7429.6
19074,20531,2016,5000.8
19075,20532,2016,8140.0
19076,20533,2016,5036.4
19077,20534,2016,7387.4
19078,20535,2016,6264.6
19079,20536,2016,933.2
19080,20537,2016,13449.6
19081,20538,2016,1431.4
19082,20539,2016,11637.6
19083,20540,2016,15651.4
19084,20541,2016,3235.2
19085,20542,2016,1661.2
19086,20543,2016,12114.4
19087,20544,2016,2131.0
19088,20545,2016,19308.0
19089,20546,2016,12190.2
19090,20547,2016,1975.8
19091,20548,2016,3770.0
19092,20549,2016,22845.4
19093,20550,2016,11016.0
19094,20551,2016,52211.0
19095,20552,2016,901.8
19096,20553,2016,22031.6
19097,20554,2016,11582.4
19098,20555,2016,6225.2
19099,20556,2016,566.4
19100,20557,2016,28652.2
19101,20558,2016,2888.2
19102,20559,2016,45702.8
19103,20560,2016,12707.4
19104,20561,2016,5691.2
19105,20562,2016,3184.8
19106,20563,2016,2550.8
19107,20564,2016,2467.6
19108,20565,2016,83059.6
19109,20566,2016,6202.4
19110,20567,2016,6576.8
19111,20568,2016,3245.2
19112,20569,2016,3147.4
19113,20570,2016,41941.4
19114,21000,2016,6268532.8
19115,21001,2016,135818.6
19116,21002,2016,18235.6
19117,21003,2016,72695.8
19118,21004,2016,118287.6
19119,21005,2016,5988.8
19120,21006,2016,29253.6
19121,21007,2016,6528.8
19122,21008,2016,22092.4
19123,21009,2016,4265.0
19124,21010,2016,138261.0
19125,21011,2016,3683.2
19126,21012,2016,12939.6
19127,21013,2016,42296.4
19128,21014,2016,9782.0
19129,21015,2016,231870.2
19130,21016,2016,17103.6
19131,21017,2016,55999.2
19132,21018,2016,7620.4
19133,21019,2016,271966.0
19134,21020,2016,14419.2
19135,21021,2016,2796.8
19136,21022,2016,24776.0
19137,21023,2016,17602.2
19138,21024,2016,1942.2
19139,21025,2016,16430.8
19140,21026,2016,29322.6
19141,21027,2016,8329.6
19142,21028,2016,5299.2
19143,21029,2016,7606.0
19144,21030,2016,1532.8
19145,21031,2016,5763.0
19146,21032,2016,2684.8
19147,21033,2016,10297.2
19148,21034,2016,83897.2
19149,21035,2016,40569.6
19150,21036,2016,29131.2
19151,21037,2016,4672.0
19152,21038,2016,19679.2
19153,21039,2016,19174.0
19154,21040,2016,22483.4
19155,21041,2016,228258.6
19156,21042,2016,6440.0
19157,21043,2016,97869.4
19158,21044,2016,32916.6
19159,21045,2016,92363.4
19160,21046,2016,15425.2
19161,21047,2016,41339.0
19162,21048,2016,41477.2
19163,21049,2016,33479.2
19164,21050,2016,51646.2
19165,21051,2016,71641.8
19166,21052,2016,2440.4
19167,21053,2016,126210.0
19168,21054,2016,66478.8
19169,21055,2016,9867.4
19170,21056,2016,2575.0
19171,21057,2016,13994.8
19172,21058,2016,40627.6
19173,21059,2016,5411.4
19174,21060,2016,15147.4
19175,21061,2016,27420.8
19176,21062,2016,9620.0
19177,21063,2016,28764.4
19178,21064,2016,34574.0
19179,21065,2016,42490.8
19180,21066,2016,12782.8
19181,21067,2016,35847.6
19182,21068,2016,14587.6
19183,21069,2016,55404.0
19184,21070,2016,12658.4
19185,21071,2016,202971.6
19186,21072,2016,33049.6
19187,21073,2016,18692.6
19188,21074,2016,159757.0
19189,21075,2016,25193.8
19190,21076,2016,54624.4
19191,21077,2016,11754.2
19192,21078,2016,30299.2
19193,21079,2016,11187.8
19194,21080,2016,5426.0
19195,21081,2016,7841.8
19196,21082,2016,17052.8
19197,21083,2016,50680.2
19198,21084,2016,13788.8
19199,21085,2016,157706.6
19200,21086,2016,24609.8
19201,21087,2016,26121.0
19202,21088,2016,9031.4
19203,21089,2016,25001.6
19204,21090,2016,43375.2
19205,21091,2016,19966.4
19206,21092,2016,10541.6
19207,21093,2016,15409.6
19208,21094,2016,70031.2
19209,21095,2016,1169.0
19210,21096,2016,5955.0
19211,21097,2016,4974.4
19212,21098,2016,12983.8
19213,21099,2016,39977.6
19214,21100,2016,18945.4
19215,21101,2016,6863.6
19216,21102,2016,26507.8
19217,21103,2016,12835.6
19218,21104,2016,61228.4
19219,21105,2016,9955.2
19220,21106,2016,71796.6
19221,21107,2016,23715.0
19222,21108,2016,37260.6
19223,21109,2016,40823.2
19224,21110,2016,94644.6
19225,21111,2016,37079.2
19226,21112,2016,18750.6
19227,21113,2016,9235.2
19228,21114,2016,3262526.4
19229,21115,2016,107535.0
19230,21116,2016,44447.6
19231,21117,2016,30384.0
19232,21118,2016,56486.8
19233,21119,2016,265688.8
19234,21120,2016,11213.6
19235,21121,2016,2429.6
19236,21122,2016,20831.0
19237,21123,2016,7848.4
19238,21124,2016,30708.0
19239,21125,2016,18141.2
19240,21126,2016,12590.0
19241,21127,2016,7359.6
19242,21128,2016,19066.0
19243,21129,2016,26984.4
19244,21130,2016,7064.2
19245,21131,2016,1868.8
19246,21132,2016,299799.0
19247,21133,2016,1356.0
19248,21134,2016,40668.0
19249,21135,2016,1115.4
19250,21136,2016,24232.8
19251,21137,2016,19956.0
19252,21138,2016,22770.0
19253,21139,2016,7374.6
19254,21140,2016,262514.6
19255,21141,2016,6918.8
19256,21142,2016,59052.4
19257,21143,2016,64616.8
19258,21144,2016,31046.6
19259,21145,2016,26672.0
19260,21146,2016,1598.0
19261,21147,2016,12422.8
19262,21148,2016,20229.6
19263,21149,2016,53979.4
19264,21150,2016,12978.8
19265,21151,2016,17612.4
19266,21152,2016,24545.4
19267,21153,2016,44608.8
19268,21154,2016,154245.2
19269,21155,2016,12552.4
19270,21156,2016,612877.0
19271,21157,2016,24320.4
19272,21158,2016,13521.6
19273,21159,2016,7839.8
19274,21160,2016,6931.8
19275,21161,2016,41932.8
19276,21162,2016,8381.2
19277,21163,2016,35662.4
19278,21164,2016,160978.8
19279,21165,2016,2372.0
19280,21166,2016,17162.6
19281,21167,2016,20639.6
19282,21168,2016,14300.8
19283,21169,2016,43199.0
19284,21170,2016,36174.4
19285,21171,2016,7324.0
19286,21172,2016,53320.4
19287,21173,2016,12539.2
19288,21174,2016,198118.6
19289,21175,2016,25172.0
19290,21176,2016,18329.0
19291,21177,2016,104348.2
19292,21178,2016,32877.2
19293,21179,2016,60863.2
19294,21180,2016,79128.2
19295,21181,2016,13939.2
19296,21182,2016,10375.6
19297,21183,2016,40401.0
19298,21184,2016,12836.0
19299,21185,2016,19166.6
19300,21186,2016,107916.2
19301,21187,2016,10258.0
19302,21188,2016,36829.8
19303,21189,2016,42798.0
19304,21190,2016,2352.4
19305,21191,2016,19294.8
19306,21192,2016,11903.6
19307,21193,2016,12771.4
19308,21194,2016,56712.4
19309,21195,2016,51262.4
19310,21196,2016,3208.2
19311,21197,2016,157293.0
19312,21198,2016,2569.2
19313,21199,2016,81859.6
19314,21200,2016,7264.4
19315,21201,2016,6601.4
19316,21202,2016,25429.2
19317,21203,2016,13462.2
19318,21204,2016,15522.4
19319,21205,2016,50054.2
19320,21206,2016,8993.2
19321,21207,2016,112106.8
19322,21208,2016,165914.6
19323,21209,2016,16960.8
19324,21210,2016,11296.4
19325,21211,2016,32463.2
19326,21212,2016,40417.0
19327,21213,2016,24548.0
19328,21214,2016,34591.8
19329,21215,2016,9130.0
19330,21216,2016,5069.4
19331,21217,2016,40833.8
19332,22000,2016,2155670.0
19333,22001,2016,130038.6
19334,22002,2016,54634.2
19335,22003,2016,26182.6
19336,22004,2016,134483.4
19337,22005,2016,127300.6
19338,22006,2016,369691.0
19339,22007,2016,84981.6
19340,22008,2016,72702.0
19341,22009,2016,53352.4
19342,22010,2016,38552.0
19343,22011,2016,371510.4
19344,22012,2016,144236.0
19345,22013,2016,37819.8
19346,22014,2016,1901525.4
19347,22015,2016,17160.4
19348,22016,2016,551478.0
19349,22017,2016,137545.2
19350,22018,2016,54731.4
19351,23000,2016,1650212.8
19352,23001,2016,170310.0
19353,23002,2016,161108.0
19354,23003,2016,40430.4
19355,23004,2016,477705.6
19356,23005,2016,1623325.6
19357,23006,2016,76082.0
19358,23007,2016,55412.8
19359,23008,2016,528808.2
19360,23009,2016,79097.6
19361,23010,2016,
19362,23011,2016,
19363,24000,2016,2739144.0
19364,24001,2016,37789.6
19365,24002,2016,15921.4
19366,24003,2016,96190.6
19367,24004,2016,8411.4
19368,24005,2016,37177.8
19369,24006,2016,19471.6
19370,24007,2016,38703.8
19371,24008,2016,43652.2
19372,24009,2016,9289.8
19373,24010,2016,61540.8
19374,24011,2016,92751.8
19375,24012,2016,41445.2
19376,24013,2016,350641.4
19377,24014,2016,32433.8
19378,24015,2016,43425.0
19379,24016,2016,82485.8
19380,24017,2016,51026.6
19381,24018,2016,30679.8
19382,24019,2016,11243.2
19383,24020,2016,196293.4
19384,24021,2016,112948.4
19385,24022,2016,38415.6
19386,24023,2016,31008.2
19387,24024,2016,191828.0
19388,24025,2016,61629.0
19389,24026,2016,18841.8
19390,24027,2016,20512.8
19391,24028,2016,1712647.0
19392,24029,2016,39662.6
19393,24030,2016,10181.8
19394,24031,2016,24177.6
19395,24032,2016,80642.4
19396,24033,2016,22642.6
19397,24034,2016,30233.0
19398,24035,2016,613239.4
19399,24036,2016,58312.0
19400,24037,2016,191811.2
19401,24038,2016,29997.6
19402,24039,2016,28062.2
19403,24040,2016,75419.0
19404,24041,2016,37437.6
19405,24042,2016,27897.0
19406,24043,2016,16991.4
19407,24044,2016,15453.2
19408,24045,2016,28791.2
19409,24046,2016,35137.8
19410,24047,2016,19082.0
19411,24048,2016,10646.2
19412,24049,2016,76586.8
19413,24050,2016,101279.0
19414,24051,2016,30519.4
19415,24052,2016,20536.2
19416,24053,2016,65814.4
19417,24054,2016,100972.2
19418,24055,2016,52738.6
19419,24056,2016,33269.6
19420,24057,2016,59058.4
19421,24058,2016,41706.0
19422,25000,2016,2945678.4
19423,25001,2016,886089.2
19424,25002,2016,89209.2
19425,25003,2016,56445.0
19426,25004,2016,53052.4
19427,25005,2016,33902.6
19428,25006,2016,1896117.0
19429,25007,2016,62194.0
19430,25008,2016,103635.6
19431,25009,2016,115548.6
19432,25010,2016,194539.4
19433,25011,2016,577971.0
19434,25012,2016,954837.6
19435,25013,2016,85444.8
19436,25014,2016,102765.8
19437,25015,2016,158810.2
19438,25016,2016,41729.4
19439,25017,2016,166090.0
19440,25018,2016,290566.8
19441,26000,2016,2853726.4
19442,26001,2016,5196.6
19443,26002,2016,174222.4
19444,26003,2016,51179.8
19445,26004,2016,18881.0
19446,26005,2016,2416.0
19447,26006,2016,5906.0
19448,26007,2016,1266.0
19449,26008,2016,2176.8
19450,26009,2016,1566.0
19451,26010,2016,2655.0
19452,26011,2016,3174.0
19453,26012,2016,46766.0
19454,26013,2016,3547.8
19455,26014,2016,6701.4
19456,26015,2016,2570.0
19457,26016,2016,10273.2
19458,26017,2016,173099.8
19459,26018,2016,854159.8
19460,26019,2016,73815.6
19461,26020,2016,10411.4
19462,26021,2016,3756.0
19463,26022,2016,1998.8
19464,26023,2016,12107.4
19465,26024,2016,1554.0
19466,26025,2016,105795.0
19467,26026,2016,122647.0
19468,26027,2016,17934.4
19469,26028,2016,2133.2
19470,26029,2016,308516.2
19471,26030,2016,1755135.2
19472,26031,2016,2517.4
19473,26032,2016,1838.2
19474,26033,2016,157020.4
19475,26034,2016,2063.0
19476,26035,2016,25400.6
19477,26036,2016,63808.8
19478,26037,2016,2435.6
19479,26038,2016,9963.0
19480,26039,2016,12079.2
19481,26040,2016,3504.8
19482,26041,2016,27522.8
19483,26042,2016,324118.4
19484,26043,2016,495258.6
19485,26044,2016,777.0
19486,26045,2016,5411.6
19487,26046,2016,975.6
19488,26047,2016,18806.6
19489,26048,2016,121197.2
19490,26049,2016,6673.0
19491,26050,2016,3101.6
19492,26051,2016,10140.0
19493,26052,2016,11202.4
19494,26053,2016,761.4
19495,26054,2016,1058.0
19496,26055,2016,382860.0
19497,26056,2016,19726.4
19498,26057,2016,3083.8
19499,26058,2016,32471.2
19500,26059,2016,3880.0
19501,26060,2016,4718.4
19502,26061,2016,2738.0
19503,26062,2016,2273.6
19504,26063,2016,2505.6
19505,26064,2016,3145.2
19506,26065,2016,3276.4
19507,26066,2016,17852.6
19508,26067,2016,3107.8
19509,26068,2016,2329.0
19510,26069,2016,10755.0
19511,26070,2016,29046.6
19512,26071,2016,43847.8
19513,26072,2016,28808.0
19514,27000,2016,2339005.4
19515,27001,2016,116448.2
19516,27002,2016,490710.4
19517,27003,2016,211222.4
19518,27004,2016,1332655.8
19519,27005,2016,412095.4
19520,27006,2016,265841.2
19521,27007,2016,62375.6
19522,27008,2016,372811.0
19523,27009,2016,74420.2
19524,27010,2016,176123.8
19525,27011,2016,60732.2
19526,27012,2016,312856.0
19527,27013,2016,272415.8
19528,27014,2016,185385.2
19529,27015,2016,94552.0
19530,27016,2016,113325.8
19531,27017,2016,122034.4
19532,28000,2016,3440516.2
19533,28001,2016,21533.6
19534,28002,2016,58957.2
19535,28003,2016,495032.0
19536,28004,2016,18057.2
19537,28005,2016,9015.0
19538,28006,2016,15167.6
19539,28007,2016,32068.0
19540,28008,2016,8846.2
19541,28009,2016,404892.4
19542,28010,2016,3719.0
19543,28011,2016,17237.8
19544,28012,2016,85167.4
19545,28013,2016,30987.4
19546,28014,2016,8344.2
19547,28015,2016,31606.6
19548,28016,2016,39701.8
19549,28017,2016,31389.0
19550,28018,2016,14390.8
19551,28019,2016,31888.2
19552,28020,2016,4612.6
19553,28021,2016,220425.8
19554,28022,2016,1043405.2
19555,28023,2016,9110.8
19556,28024,2016,11532.8
19557,28025,2016,53273.2
19558,28026,2016,7274.4
19559,28027,2016,817416.2
19560,28028,2016,7365.0
19561,28029,2016,26441.4
19562,28030,2016,27777.2
19563,28031,2016,3770.6
19564,28032,2016,1334260.6
19565,28033,2016,254750.8
19566,28034,2016,16691.8
19567,28035,2016,108109.4
19568,28036,2016,1957.8
19569,28037,2016,49152.8
19570,28038,2016,595125.2
19571,28039,2016,56046.4
19572,28040,2016,123137.8
19573,28041,2016,677920.2
19574,28042,2016,11738.6
19575,28043,2016,45280.8
19576,29000,2016,1276316.2
19577,29001,2016,21595.2
19578,29002,2016,29892.4
19579,29003,2016,13516.0
19580,29004,2016,34552.4
19581,29005,2016,158101.4
19582,29006,2016,97495.0
19583,29007,2016,33095.8
19584,29008,2016,30472.8
19585,29009,2016,11166.4
19586,29010,2016,140791.6
19587,29011,2016,9185.4
19588,29012,2016,18076.0
19589,29013,2016,186701.4
19590,29014,2016,29385.0
19591,29015,2016,74996.4
19592,29016,2016,14475.0
19593,29017,2016,21714.8
19594,29018,2016,74365.2
19595,29019,2016,41717.8
19596,29020,2016,18154.8
19597,29021,2016,35857.8
19598,29022,2016,12287.2
19599,29023,2016,50504.8
19600,29024,2016,54134.6
19601,29025,2016,154965.8
19602,29026,2016,43320.0
19603,29027,2016,24985.8
19604,29028,2016,47680.4
19605,29029,2016,24837.4
19606,29030,2016,29685.0
19607,29031,2016,65499.2
19608,29032,2016,26227.2
19609,29033,2016,191729.2
19610,29034,2016,86811.2
19611,29035,2016,12031.2
19612,29036,2016,43538.4
19613,29037,2016,17645.4
19614,29038,2016,33327.0
19615,29039,2016,48173.8
19616,29040,2016,20589.4
19617,29041,2016,61812.0
19618,29042,2016,26840.4
19619,29043,2016,77180.4
19620,29044,2016,85796.6
19621,29045,2016,12014.6
19622,29046,2016,9321.6
19623,29047,2016,6479.0
19624,29048,2016,36310.4
19625,29049,2016,11118.8
19626,29050,2016,22030.2
19627,29051,2016,7788.2
19628,29052,2016,12287.0
19629,29053,2016,14697.0
19630,29054,2016,10869.0
19631,29055,2016,5990.0
19632,29056,2016,15032.2
19633,29057,2016,9058.4
19634,29058,2016,17749.2
19635,29059,2016,14339.8
19636,29060,2016,10080.4
19637,30000,2016,7934488.8
19638,30001,2016,18257.4
19639,30002,2016,6603.8
19640,30003,2016,164780.0
19641,30004,2016,83204.0
19642,30005,2016,10435.2
19643,30006,2016,44511.8
19644,30007,2016,12854.2
19645,30008,2016,20158.4
19646,30009,2016,56392.6
19647,30010,2016,125450.0
19648,30011,2016,110357.4
19649,30012,2016,15446.2
19650,30013,2016,54435.6
19651,30014,2016,91230.2
19652,30015,2016,67712.6
19653,30016,2016,54868.2
19654,30017,2016,8876.0
19655,30018,2016,3811.2
19656,30019,2016,13086.8
19657,30020,2016,21751.6
19658,30021,2016,46667.4
19659,30022,2016,43243.2
19660,30023,2016,97838.0
19661,30024,2016,31492.4
19662,30025,2016,53036.2
19663,30026,2016,48482.8
19664,30027,2016,32755.0
19665,30028,2016,283922.8
19666,30029,2016,26784.4
19667,30030,2016,83624.4
19668,30031,2016,35783.0
19669,30032,2016,99007.0
19670,30033,2016,48162.8
19671,30034,2016,50713.4
19672,30035,2016,22284.2
19673,30036,2016,20769.8
19674,30037,2016,16086.4
19675,30038,2016,182302.8
19676,30039,2016,618712.0
19677,30040,2016,104921.6
19678,30041,2016,4553.4
19679,30042,2016,11516.2
19680,30043,2016,38888.8
19681,30044,2016,402936.2
19682,30045,2016,111736.6
19683,30046,2016,31950.8
19684,30047,2016,113408.0
19685,30048,2016,251457.8
19686,30049,2016,42492.4
19687,30050,2016,31999.4
19688,30051,2016,45203.4
19689,30052,2016,23565.6
19690,30053,2016,54808.0
19691,30054,2016,23194.6
19692,30055,2016,26436.8
19693,30056,2016,13427.8
19694,30057,2016,27264.0
19695,30058,2016,108799.8
19696,30059,2016,39599.0
19697,30060,2016,31880.6
19698,30061,2016,161007.4
19699,30062,2016,39894.4
19700,30063,2016,27994.4
19701,30064,2016,7920.8
19702,30065,2016,152124.0
19703,30066,2016,52740.2
19704,30067,2016,36166.6
19705,30068,2016,127508.8
19706,30069,2016,48478.6
19707,30070,2016,36936.0
19708,30071,2016,115618.0
19709,30072,2016,42834.2
19710,30073,2016,83444.4
19711,30074,2016,14151.6
19712,30075,2016,33564.2
19713,30076,2016,26912.4
19714,30077,2016,86077.2
19715,30078,2016,25045.2
19716,30079,2016,22268.2
19717,30080,2016,44897.6
19718,30081,2016,49675.2
19719,30082,2016,31018.2
19720,30083,2016,101007.6
19721,30084,2016,11444.2
19722,30085,2016,141141.0
19723,30086,2016,88761.8
19724,30087,2016,952720.6
19725,30088,2016,10018.4
19726,30089,2016,78459.6
19727,30090,2016,21685.0
19728,30091,2016,56594.4
19729,30092,2016,75831.8
19730,30093,2016,32179.4
19731,30094,2016,76216.2
19732,30095,2016,31322.0
19733,30096,2016,3088.4
19734,30097,2016,39123.6
19735,30098,2016,6294.8
19736,30099,2016,35526.0
19737,30100,2016,46842.6
19738,30101,2016,73577.2
19739,30102,2016,212165.6
19740,30103,2016,24805.2
19741,30104,2016,34626.0
19742,30105,2016,161791.6
19743,30106,2016,9358.6
19744,30107,2016,5838.4
19745,30108,2016,300371.6
19746,30109,2016,129531.0
19747,30110,2016,22861.8
19748,30111,2016,32985.8
19749,30112,2016,43641.0
19750,30113,2016,9145.4
19751,30114,2016,20416.8
19752,30115,2016,72532.8
19753,30116,2016,32478.6
19754,30117,2016,46618.8
19755,30118,2016,244621.2
19756,30119,2016,11043.6
19757,30120,2016,24399.6
19758,30121,2016,48710.4
19759,30122,2016,34443.0
19760,30123,2016,194424.2
19761,30124,2016,319275.4
19762,30125,2016,61724.2
19763,30126,2016,66316.2
19764,30127,2016,52854.2
19765,30128,2016,150216.4
19766,30129,2016,36264.6
19767,30130,2016,80600.8
19768,30131,2016,382057.2
19769,30132,2016,38747.6
19770,30133,2016,113945.0
19771,30134,2016,45660.6
19772,30135,2016,45161.6
19773,30136,2016,15655.2
19774,30137,2016,11964.6
19775,30138,2016,82667.6
19776,30139,2016,12133.8
19777,30140,2016,5936.0
19778,30141,2016,321130.8
19779,30142,2016,66583.6
19780,30143,2016,113948.6
19781,30144,2016,65203.6
19782,30145,2016,31615.4
19783,30146,2016,7511.6
19784,30147,2016,46604.8
19785,30148,2016,55487.2
19786,30149,2016,67462.4
19787,30150,2016,23082.8
19788,30151,2016,45475.6
19789,30152,2016,24151.2
19790,30153,2016,11697.4
19791,30154,2016,24860.6
19792,30155,2016,202245.6
19793,30156,2016,11744.8
19794,30157,2016,39206.6
19795,30158,2016,50044.2
19796,30159,2016,54406.4
19797,30160,2016,212845.2
19798,30161,2016,70463.8
19799,30162,2016,12740.6
19800,30163,2016,10239.0
19801,30164,2016,33457.6
19802,30165,2016,17309.2
19803,30166,2016,18499.0
19804,30167,2016,28840.8
19805,30168,2016,31337.8
19806,30169,2016,46669.4
19807,30170,2016,21517.4
19808,30171,2016,10923.6
19809,30172,2016,40412.2
19810,30173,2016,107548.0
19811,30174,2016,190582.4
19812,30175,2016,183800.2
19813,30176,2016,9112.6
19814,30177,2016,22277.6
19815,30178,2016,26327.0
19816,30179,2016,8315.8
19817,30180,2016,22148.0
19818,30181,2016,75325.6
19819,30182,2016,36689.6
19820,30183,2016,120200.0
19821,30184,2016,15281.4
19822,30185,2016,10564.0
19823,30186,2016,14052.0
19824,30187,2016,11900.6
19825,30188,2016,33786.4
19826,30189,2016,300998.8
19827,30190,2016,4460.4
19828,30191,2016,59364.2
19829,30192,2016,40265.8
19830,30193,2016,1170506.0
19831,30194,2016,23674.8
19832,30195,2016,11213.8
19833,30196,2016,35495.2
19834,30197,2016,22565.0
19835,30198,2016,13614.6
19836,30199,2016,22880.8
19837,30200,2016,25010.6
19838,30201,2016,87577.4
19839,30202,2016,28739.4
19840,30203,2016,28191.6
19841,30204,2016,89863.8
19842,30205,2016,38860.8
19843,30206,2016,56779.8
19844,30207,2016,90557.2
19845,30208,2016,46448.4
19846,30209,2016,29590.0
19847,30210,2016,59184.6
19848,30211,2016,60010.8
19849,30212,2016,25793.8
19850,31000,2016,2180021.8
19851,31001,2016,12950.4
19852,31002,2016,32434.8
19853,31003,2016,23058.2
19854,31004,2016,12081.2
19855,31005,2016,4243.2
19856,31006,2016,17966.2
19857,31007,2016,14464.4
19858,31008,2016,8044.0
19859,31009,2016,9130.2
19860,31010,2016,5260.6
19861,31011,2016,15545.4
19862,31012,2016,7492.6
19863,31013,2016,27404.2
19864,31014,2016,3340.0
19865,31015,2016,10651.6
19866,31016,2016,5986.6
19867,31017,2016,9208.2
19868,31018,2016,6502.6
19869,31019,2016,73689.4
19870,31020,2016,8710.0
19871,31021,2016,17692.2
19872,31022,2016,8572.6
19873,31023,2016,9476.8
19874,31024,2016,6420.6
19875,31025,2016,11158.4
19876,31026,2016,7151.0
19877,31027,2016,16556.6
19878,31028,2016,5527.0
19879,31029,2016,12266.6
19880,31030,2016,7654.8
19881,31031,2016,5604.2
19882,31032,2016,32642.2
19883,31033,2016,40794.6
19884,31034,2016,12684.8
19885,31035,2016,12236.4
19886,31036,2016,15549.4
19887,31037,2016,10177.4
19888,31038,2016,66771.2
19889,31039,2016,8086.0
19890,31040,2016,55114.2
19891,31041,2016,233370.2
19892,31042,2016,11084.0
19893,31043,2016,6307.2
19894,31044,2016,14299.8
19895,31045,2016,5172.4
19896,31046,2016,6275.2
19897,31047,2016,11395.2
19898,31048,2016,46186.2
19899,31049,2016,7381.0
19900,31050,2016,1859083.2
19901,31051,2016,6605.0
19902,31052,2016,72622.4
19903,31053,2016,26087.4
19904,31054,2016,5793.6
19905,31055,2016,13532.6
19906,31056,2016,64160.8
19907,31057,2016,15446.8
19908,31058,2016,50559.2
19909,31059,2016,122392.0
19910,31060,2016,1925.4
19911,31061,2016,7596.0
19912,31062,2016,9638.8
19913,31063,2016,10780.0
19914,31064,2016,3336.4
19915,31065,2016,4062.2
19916,31066,2016,8151.6
19917,31067,2016,19505.2
19918,31068,2016,6361.8
19919,31069,2016,17539.2
19920,31070,2016,8036.8
19921,31071,2016,3711.0
19922,31072,2016,3736.8
19923,31073,2016,10614.2
19924,31074,2016,7420.8
19925,31075,2016,13284.0
19926,31076,2016,34515.2
19927,31077,2016,5308.8
19928,31078,2016,7446.4
19929,31079,2016,86659.6
19930,31080,2016,21149.0
19931,31081,2016,6531.6
19932,31082,2016,7085.6
19933,31083,2016,3681.6
19934,31084,2016,13920.2
19935,31085,2016,31963.8
19936,31086,2016,4350.0
19937,31087,2016,10350.0
19938,31088,2016,3882.8
19939,31089,2016,78806.0
19940,31090,2016,14516.8
19941,31091,2016,24395.8
19942,31092,2016,14816.4
19943,31093,2016,35888.2
19944,31094,2016,10351.6
19945,31095,2016,11153.2
19946,31096,2016,156327.0
19947,31097,2016,7225.2
19948,31098,2016,29704.8
19949,31099,2016,8057.4
19950,31100,2016,7654.8
19951,31101,2016,123923.2
19952,31102,2016,162457.2
19953,31103,2016,6735.2
19954,31104,2016,31538.4
19955,31105,2016,6261.0
19956,31106,2016,4379.4
19957,32000,2016,1578553.0
19958,32001,2016,12660.2
19959,32002,2016,9984.8
19960,32003,2016,4919.4
19961,32004,2016,8914.8
19962,32005,2016,87246.0
19963,32006,2016,16510.8
19964,32007,2016,24872.4
19965,32008,2016,25802.6
19966,32009,2016,20642.2
19967,32010,2016,460703.8
19968,32011,2016,6553.0
19969,32012,2016,16397.8
19970,32013,2016,12785.6
19971,32014,2016,41905.6
19972,32015,2016,3209.4
19973,32016,2016,46215.8
19974,32017,2016,382361.4
19975,32018,2016,8976.8
19976,32019,2016,49432.6
19977,32020,2016,118220.4
19978,32021,2016,9101.2
19979,32022,2016,40144.6
19980,32023,2016,24568.4
19981,32024,2016,103310.6
19982,32025,2016,25750.0
19983,32026,2016,35787.2
19984,32027,2016,5453.4
19985,32028,2016,5115.0
19986,32029,2016,46367.8
19987,32030,2016,4968.4
19988,32031,2016,17846.2
19989,32032,2016,25120.4
19990,32033,2016,9175.8
19991,32034,2016,56050.6
19992,32035,2016,32075.6
19993,32036,2016,85837.0
19994,32037,2016,35125.4
19995,32038,2016,142919.6
19996,32039,2016,127708.4
19997,32040,2016,43503.8
19998,32041,2016,5237.0
19999,32042,2016,125629.4
20000,32043,2016,2732.4
20001,32044,2016,32482.0
20002,32045,2016,16610.8
20003,32046,2016,13476.0
20004,32047,2016,10899.0
20005,32048,2016,53223.0
20006,32049,2016,65963.4
20007,32050,2016,19830.8
20008,32051,2016,69595.0
20009,32052,2016,38110.8
20010,32053,2016,26227.0
20011,32054,2016,38198.8
20012,32055,2016,61631.2
20013,32056,2016,290254.2
20014,32057,2016,38143.8
20015,32058,2016,5613.6
20016,0,2017,122318956.4
20017,1000,2017,1359984.8
20018,1001,2017,1809114.9
20019,1002,2017,99850.0
20020,1003,2017,114283.2
20021,1004,2017,33004.1
20022,1005,2017,242166.7
20023,1006,2017,92404.0
20024,1007,2017,110697.8
20025,1008,2017,18493.5
20026,1009,2017,43543.9
20027,1010,2017,41305.3
20028,1011,2017,108545.1
20029,2000,2017,3598883.1
20030,2001,2017,905846.7
20031,2002,2017,2037348.5
20032,2003,2017,213908.8
20033,2004,2017,3628509.5
20034,2005,2017,232637.2
20035,2006,2017,
20036,3000,2017,758318.4
20037,3001,2017,146553.7
20038,3002,2017,126469.8
20039,3003,2017,563176.6
20040,3008,2017,636361.8
20041,3009,2017,35777.2
20042,4000,2017,904447.2
20043,4001,2017,114789.0
20044,4002,2017,568072.7
20045,4003,2017,483612.4
20046,4004,2017,159874.6
20047,4005,2017,61711.3
20048,4006,2017,81816.5
20049,4007,2017,17559.8
20050,4008,2017,21910.7
20051,4009,2017,117109.3
20052,4010,2017,60899.1
20053,4011,2017,92229.5
20054,4012,2017,
20055,5000,2017,3038373.8
20056,5001,2017,2122.5
20057,5002,2017,310748.8
20058,5003,2017,46003.3
20059,5004,2017,56119.1
20060,5005,2017,3401.3
20061,5006,2017,56487.5
20062,5007,2017,25794.1
20063,5008,2017,6043.5
20064,5009,2017,116301.2
20065,5010,2017,160581.2
20066,5011,2017,23940.0
20067,5012,2017,3781.6
20068,5013,2017,3617.4
20069,5014,2017,19642.0
20070,5015,2017,3270.8
20071,5016,2017,3595.5
20072,5017,2017,230622.5
20073,5018,2017,463132.1
20074,5019,2017,16183.4
20075,5020,2017,140853.8
20076,5021,2017,13042.4
20077,5022,2017,63376.6
20078,5023,2017,20339.2
20079,5024,2017,89824.9
20080,5025,2017,339606.6
20081,5026,2017,6673.6
20082,5027,2017,217660.09999999998
20083,5028,2017,127442.6
20084,5029,2017,4876.7
20085,5030,2017,1667619.6
20086,5031,2017,48148.7
20087,5032,2017,84305.9
20088,5033,2017,203671.6
20089,5034,2017,13417.9
20090,5035,2017,1393057.1
20091,5036,2017,41348.9
20092,5037,2017,12578.6
20093,5038,2017,26398.2
20094,6000,2017,711048.7
20095,6001,2017,56113.5
20096,6002,2017,308482.0
20097,6003,2017,43113.5
20098,6004,2017,41044.7
20099,6005,2017,60241.3
20100,6006,2017,11128.6
20101,6007,2017,365017.7
20102,6008,2017,19283.9
20103,6009,2017,231956.6
20104,6010,2017,281807.1
20105,7000,2017,5368902.0
20106,7001,2017,35555.0
20107,7002,2017,47358.1
20108,7003,2017,54763.3
20109,7004,2017,68769.8
20110,7005,2017,47216.4
20111,7006,2017,62196.5
20112,7007,2017,21054.1
20113,7008,2017,60952.3
20114,7009,2017,82391.7
20115,7010,2017,14900.9
20116,7011,2017,39842.7
20117,7012,2017,117462.1
20118,7013,2017,70570.3
20119,7014,2017,45171.5
20120,7015,2017,96587.7
20121,7016,2017,35420.5
20122,7017,2017,173747.9
20123,7018,2017,18965.6
20124,7019,2017,317776.5
20125,7020,2017,98282.0
20126,7021,2017,43952.9
20127,7022,2017,39097.2
20128,7023,2017,188920.5
20129,7024,2017,25639.4
20130,7025,2017,14888.5
20131,7026,2017,88004.8
20132,7027,2017,210379.5
20133,7028,2017,11867.5
20134,7029,2017,10582.4
20135,7030,2017,70788.4
20136,7031,2017,259351.9
20137,7032,2017,61622.4
20138,7033,2017,14358.3
20139,7034,2017,153946.5
20140,7035,2017,28047.4
20141,7036,2017,15153.4
20142,7037,2017,71038.2
20143,7038,2017,45073.7
20144,7039,2017,52634.4
20145,7040,2017,105985.0
20146,7041,2017,89803.7
20147,7042,2017,22139.4
20148,7043,2017,21546.8
20149,7044,2017,55399.8
20150,7045,2017,12110.0
20151,7046,2017,81338.3
20152,7047,2017,46185.3
20153,7048,2017,43182.9
20154,7049,2017,55973.5
20155,7050,2017,10455.1
20156,7051,2017,92697.4
20157,7052,2017,264843.1
20158,7053,2017,15774.9
20159,7054,2017,55808.0
20160,7055,2017,11248.6
20161,7056,2017,25951.2
20162,7057,2017,148844.3
20163,7058,2017,9261.5
20164,7059,2017,450831.7
20165,7060,2017,26850.0
20166,7061,2017,188006.3
20167,7062,2017,36293.8
20168,7063,2017,7867.9
20169,7064,2017,102946.5
20170,7065,2017,253282.2
20171,7066,2017,49418.9
20172,7067,2017,23730.7
20173,7068,2017,62655.3
20174,7069,2017,104293.1
20175,7070,2017,25100.7
20176,7071,2017,60233.9
20177,7072,2017,60206.6
20178,7073,2017,20672.8
20179,7074,2017,87187.2
20180,7075,2017,55909.1
20181,7076,2017,56964.1
20182,7077,2017,124806.0
20183,7078,2017,413803.6
20184,7079,2017,78696.4
20185,7080,2017,59254.899999999994
20186,7081,2017,98385.3
20187,7082,2017,29205.3
20188,7083,2017,37168.3
20189,7084,2017,16921.0
20190,7085,2017,21101.0
20191,7086,2017,48799.0
20192,7087,2017,79740.6
20193,7088,2017,4588.4
20194,7089,2017,688448.5
20195,7090,2017,8844.9
20196,7091,2017,26412.8
20197,7092,2017,55211.8
20198,7093,2017,91591.9
20199,7094,2017,91987.0
20200,7096,2017,159806.7
20201,7097,2017,181429.4
20202,7098,2017,13961.3
20203,7099,2017,160855.3
20204,7100,2017,72370.0
20205,7101,2017,1178131.7
20206,7102,2017,80114.9
20207,7103,2017,59500.0
20208,7104,2017,31838.1
20209,7105,2017,30907.8
20210,7106,2017,131856.5
20211,7107,2017,141470.9
20212,7108,2017,216594.9
20213,7109,2017,77158.0
20214,7110,2017,14587.7
20215,7111,2017,85415.6
20216,7112,2017,70536.8
20217,7113,2017,14928.3
20218,7114,2017,43520.1
20219,7115,2017,27480.1
20220,7116,2017,23964.9
20221,7117,2017,16036.9
20222,7118,2017,11205.8
20223,7119,2017,8896.6
20224,7120,2017,
20225,7121,2017,
20226,7122,2017,
20227,7123,2017,
20228,7124,2017,
20229,7125,2017,
20230,8000,2017,3674026.2
20231,8001,2017,27808.3
20232,8002,2017,50266.3
20233,8003,2017,17112.3
20234,8004,2017,43205.0
20235,8005,2017,51300.9
20236,8006,2017,11895.0
20237,8007,2017,34603.6
20238,8008,2017,25460.1
20239,8009,2017,50811.8
20240,8010,2017,48747.8
20241,8011,2017,99479.5
20242,8012,2017,17223.1
20243,8013,2017,23274.6
20244,8014,2017,4331.0
20245,8015,2017,2860.1
20246,8016,2017,7609.0
20247,8017,2017,346664.1
20248,8018,2017,10624.2
20249,8019,2017,1805323.2
20250,8020,2017,14096.6
20251,8021,2017,294462.4
20252,8022,2017,5200.5
20253,8023,2017,13004.9
20254,8024,2017,7723.7
20255,8025,2017,15023.3
20256,8026,2017,5379.6
20257,8027,2017,102610.3
20258,8028,2017,9976.2
20259,8029,2017,104992.3
20260,8030,2017,17922.4
20261,8031,2017,74595.4
20262,8032,2017,228136.4
20263,8033,2017,1851.6
20264,8034,2017,11472.9
20265,8035,2017,22229.7
20266,8036,2017,82687.8
20267,8037,2017,2917304.5
20268,8038,2017,10068.5
20269,8039,2017,8336.8
20270,8040,2017,53251.6
20271,8041,2017,3105.7
20272,8042,2017,2759.2
20273,8043,2017,5739.5
20274,8044,2017,8859.1
20275,8045,2017,90720.7
20276,8046,2017,16040.7
20277,8047,2017,9592.2
20278,8048,2017,45884.0
20279,8049,2017,5674.1
20280,8050,2017,127856.6
20281,8051,2017,16116.9
20282,8052,2017,50301.8
20283,8053,2017,10129.2
20284,8054,2017,15664.7
20285,8055,2017,34377.6
20286,8056,2017,4304.7
20287,8057,2017,4504.5
20288,8058,2017,5730.8
20289,8059,2017,9961.9
20290,8060,2017,22629.0
20291,8061,2017,7153.1
20292,8062,2017,61818.6
20293,8063,2017,11331.7
20294,8064,2017,3207.6
20295,8065,2017,38399.8
20296,8066,2017,14580.5
20297,8067,2017,9902.5
20298,9000,2017,9102931.3
20299,9002,2017,853913.6
20300,9003,2017,1232475.4
20301,9004,2017,416634.1
20302,9005,2017,2354154.6
20303,9006,2017,797168.6
20304,9007,2017,3659152.0
20305,9008,2017,490157.8
20306,9009,2017,292263.3
20307,9010,2017,1499015.0
20308,9011,2017,765447.9
20309,9012,2017,1370531.2
20310,9013,2017,868125.0
20311,9014,2017,839077.6
20312,9015,2017,1083336.2
20313,9016,2017,803991.4
20314,9017,2017,879772.4
20315,10000,2017,1788215.5
20316,10001,2017,63156.5
20317,10002,2017,8813.6
20318,10003,2017,8472.8
20319,10004,2017,69277.7
20320,10005,2017,1315423.9
20321,10006,2017,20478.5
20322,10007,2017,720673.6
20323,10008,2017,72203.0
20324,10009,2017,20372.7
20325,10010,2017,8035.4
20326,10011,2017,9849.0
20327,10012,2017,313971.7
20328,10013,2017,52983.6
20329,10014,2017,90708.2
20330,10015,2017,25590.5
20331,10016,2017,37868.6
20332,10017,2017,17193.7
20333,10018,2017,21379.8
20334,10019,2017,10129.1
20335,10020,2017,24918.1
20336,10021,2017,21967.1
20337,10022,2017,50857.0
20338,10023,2017,101975.3
20339,10024,2017,25654.3
20340,10025,2017,6118.4
20341,10026,2017,36717.5
20342,10027,2017,10990.6
20343,10028,2017,24039.1
20344,10029,2017,4258.4
20345,10030,2017,3354.2
20346,10031,2017,13634.0
20347,10032,2017,96549.0
20348,10033,2017,13802.7
20349,10034,2017,54095.0
20350,10035,2017,22913.0
20351,10036,2017,43048.2
20352,10037,2017,18909.7
20353,10038,2017,45554.9
20354,10039,2017,55012.3
20355,11000,2017,5981138.6
20356,11001,2017,179884.7
20357,11002,2017,217906.0
20358,11003,2017,341349.9
20359,11004,2017,127553.6
20360,11005,2017,216496.0
20361,11006,2017,10791.2
20362,11007,2017,1011422.1
20363,11008,2017,80544.2
20364,11009,2017,162002.1
20365,11010,2017,22531.4
20366,11011,2017,190385.7
20367,11012,2017,59705.2
20368,11013,2017,52373.8
20369,11014,2017,317988.7
20370,11015,2017,375567.7
20371,11016,2017,41696.5
20372,11017,2017,1148679.9
20373,11018,2017,76331.2
20374,11019,2017,99957.5
20375,11020,2017,3274619.3
20376,11021,2017,95817.7
20377,11022,2017,51936.4
20378,11023,2017,307623.4
20379,11024,2017,24158.7
20380,11025,2017,158829.2
20381,11026,2017,126676.6
20382,11027,2017,540072.4
20383,11028,2017,190094.6
20384,11029,2017,79969.5
20385,11030,2017,232509.0
20386,11031,2017,251642.4
20387,11032,2017,169074.2
20388,11033,2017,250068.7
20389,11034,2017,11110.1
20390,11035,2017,163192.7
20391,11036,2017,13408.3
20392,11037,2017,389644.1
20393,11038,2017,22848.8
20394,11039,2017,71730.2
20395,11040,2017,38949.6
20396,11041,2017,121712.4
20397,11042,2017,295951.2
20398,11043,2017,41822.8
20399,11044,2017,125881.8
20400,11045,2017,22559.4
20401,11046,2017,138833.1
20402,12000,2017,3503856.8
20403,12001,2017,1565636.5
20404,12002,2017,50478.9
20405,12003,2017,75775.6
20406,12004,2017,41115.9
20407,12005,2017,14923.9
20408,12006,2017,23063.8
20409,12007,2017,66011.3
20410,12008,2017,17864.7
20411,12009,2017,11561.7
20412,12010,2017,55757.2
20413,12011,2017,121926.9
20414,12012,2017,134462.2
20415,12013,2017,29863.7
20416,12014,2017,30705.8
20417,12015,2017,25826.2
20418,12016,2017,25430.5
20419,12017,2017,30650.8
20420,12018,2017,28486.1
20421,12019,2017,30628.5
20422,12020,2017,41667.7
20423,12021,2017,146505.9
20424,12022,2017,79894.9
20425,12023,2017,53063.8
20426,12024,2017,15262.2
20427,12025,2017,32913.1
20428,12026,2017,17116.8
20429,12027,2017,41753.9
20430,12028,2017,245809.0
20431,12029,2017,541937.7
20432,12030,2017,43281.6
20433,12031,2017,12646.5
20434,12032,2017,74364.9
20435,12033,2017,33127.8
20436,12034,2017,73705.3
20437,12035,2017,300502.5
20438,12036,2017,22931.5
20439,12037,2017,12574.1
20440,12038,2017,247656.2
20441,12039,2017,51165.1
20442,12040,2017,51767.9
20443,12041,2017,59269.9
20444,12042,2017,36682.8
20445,12043,2017,37876.0
20446,12044,2017,24215.5
20447,12045,2017,54913.4
20448,12046,2017,132485.5
20449,12047,2017,14142.6
20450,12048,2017,89798.9
20451,12049,2017,24830.3
20452,12050,2017,76158.8
20453,12051,2017,71441.7
20454,12052,2017,90280.5
20455,12053,2017,99359.7
20456,12054,2017,50763.6
20457,12055,2017,210322.3
20458,12056,2017,90977.8
20459,12057,2017,129217.0
20460,12058,2017,107700.0
20461,12059,2017,61470.4
20462,12060,2017,26861.2
20463,12061,2017,84694.0
20464,12062,2017,44735.5
20465,12063,2017,20123.2
20466,12064,2017,23263.3
20467,12065,2017,14918.6
20468,12066,2017,183557.2
20469,12067,2017,44216.9
20470,12068,2017,52494.1
20471,12069,2017,24131.9
20472,12070,2017,15270.3
20473,12071,2017,58797.2
20474,12072,2017,23119.4
20475,12073,2017,36961.4
20476,12074,2017,44323.6
20477,12075,2017,102141.0
20478,12076,2017,76021.1
20479,12077,2017,27780.3
20480,12078,2017,41104.4
20481,12079,2017,35158.9
20482,12080,2017,14901.4
20483,12081,2017,22666.5
20484,13000,2017,2960581.2
20485,13001,2017,43243.3
20486,13002,2017,88854.7
20487,13003,2017,117990.1
20488,13004,2017,19839.1
20489,13005,2017,36676.7
20490,13006,2017,38186.8
20491,13007,2017,24491.2
20492,13008,2017,90991.7
20493,13009,2017,38196.7
20494,13010,2017,60307.2
20495,13011,2017,39438.3
20496,13012,2017,58362.9
20497,13013,2017,106109.29999999999
20498,13014,2017,32860.4
20499,13015,2017,38262.4
20500,13016,2017,117355.1
20501,13017,2017,25539.0
20502,13018,2017,45585.4
20503,13019,2017,36945.6
20504,13020,2017,5330.9
20505,13021,2017,29287.4
20506,13022,2017,31155.7
20507,13023,2017,71093.4
20508,13024,2017,34981.3
20509,13025,2017,42519.6
20510,13026,2017,25557.5
20511,13027,2017,46180.0
20512,13028,2017,251288.2
20513,13029,2017,93049.9
20514,13030,2017,189947.4
20515,13031,2017,24938.0
20516,13032,2017,21494.1
20517,13033,2017,5984.4
20518,13034,2017,19237.7
20519,13035,2017,25173.6
20520,13036,2017,18856.3
20521,13037,2017,42370.2
20522,13038,2017,17234.4
20523,13039,2017,28397.1
20524,13040,2017,20039.2
20525,13041,2017,91846.7
20526,13042,2017,22976.4
20527,13043,2017,12746.2
20528,13044,2017,33247.1
20529,13045,2017,18390.8
20530,13046,2017,77446.8
20531,13047,2017,9692.4
20532,13048,2017,600808.7
20533,13049,2017,37197.9
20534,13050,2017,46437.9
20535,13051,2017,360351.8
20536,13052,2017,73718.9
20537,13053,2017,35719.6
20538,13054,2017,71179.4
20539,13055,2017,35278.4
20540,13056,2017,75499.3
20541,13057,2017,30267.0
20542,13058,2017,34537.4
20543,13059,2017,74277.9
20544,13060,2017,34851.1
20545,13061,2017,109797.3
20546,13062,2017,61240.7
20547,13063,2017,175181.9
20548,13064,2017,21128.1
20549,13065,2017,23159.7
20550,13066,2017,25247.9
20551,13067,2017,106025.7
20552,13068,2017,28516.1
20553,13069,2017,294150.5
20554,13070,2017,36997.4
20555,13071,2017,18689.7
20556,13072,2017,21742.2
20557,13073,2017,74675.1
20558,13074,2017,56140.8
20559,13075,2017,37893.5
20560,13076,2017,223545.4
20561,13077,2017,326685.2
20562,13078,2017,37015.2
20563,13079,2017,14224.5
20564,13080,2017,48710.5
20565,13081,2017,72894.6
20566,13082,2017,40861.8
20567,13083,2017,104661.2
20568,13084,2017,79066.4
20569,14000,2017,8073735.9
20570,14001,2017,45303.4
20571,14002,2017,50887.3
20572,14003,2017,46174.7
20573,14004,2017,11429.3
20574,14005,2017,31925.5
20575,14006,2017,119091.6
20576,14007,2017,18547.2
20577,14008,2017,157002.1
20578,14009,2017,40155.1
20579,14010,2017,14887.2
20580,14011,2017,11106.3
20581,14012,2017,8400.8
20582,14013,2017,124468.3
20583,14014,2017,17179.8
20584,14015,2017,125853.6
20585,14016,2017,81235.7
20586,14017,2017,25737.7
20587,14018,2017,133850.1
20588,14019,2017,14463.8
20589,14020,2017,21566.7
20590,14021,2017,41751.0
20591,14022,2017,79759.1
20592,14023,2017,222472.3
20593,14024,2017,56743.6
20594,14025,2017,38480.6
20595,14026,2017,12442.4
20596,14027,2017,36246.5
20597,14028,2017,4393.4
20598,14029,2017,35875.9
20599,14030,2017,106660.1
20600,14031,2017,6953.9
20601,14032,2017,11894.6
20602,14033,2017,42499.5
20603,14034,2017,4041.3
20604,14035,2017,105946.1
20605,14036,2017,39256.1
20606,14037,2017,50700.3
20607,14038,2017,8579.2
20608,14039,2017,2836999.6
20609,14040,2017,18454.5
20610,14041,2017,11972.5
20611,14042,2017,19386.1
20612,14043,2017,46812.5
20613,14044,2017,120072.29999999999
20614,14045,2017,40392.2
20615,14046,2017,65224.5
20616,14047,2017,48612.0
20617,14048,2017,37991.2
20618,14049,2017,19714.4
20619,14050,2017,91362.8
20620,14051,2017,51179.0
20621,14052,2017,11091.1
20622,14053,2017,334606.5
20623,14054,2017,10821.5
20624,14055,2017,43307.7
20625,14056,2017,4260.1
20626,14057,2017,8001.8
20627,14058,2017,29145.9
20628,14059,2017,27660.1
20629,14060,2017,11150.5
20630,14061,2017,43807.4
20631,14062,2017,7296.9
20632,14063,2017,204313.4
20633,14064,2017,65208.7
20634,14065,2017,23481.5
20635,14066,2017,104286.5
20636,14067,2017,562144.3
20637,14068,2017,23071.5
20638,14069,2017,16171.3
20639,14070,2017,409559.6
20640,14071,2017,6153.8
20641,14072,2017,14832.7
20642,14073,2017,140750.7
20643,14074,2017,32891.9
20644,14075,2017,7635.8
20645,14076,2017,6543.7
20646,14077,2017,55175.4
20647,14078,2017,63807.9
20648,14079,2017,31437.3
20649,14080,2017,10680.8
20650,14081,2017,7162.4
20651,14082,2017,73071.2
20652,14083,2017,164394.5
20653,14084,2017,30037.9
20654,14085,2017,77614.6
20655,14086,2017,40752.5
20656,14087,2017,33906.0
20657,14088,2017,33232.5
20658,14089,2017,7837.6
20659,14090,2017,14482.3
20660,14091,2017,80161.4
20661,14092,2017,21974.2
20662,14093,2017,292565.8
20663,14094,2017,86916.9
20664,14095,2017,19007.2
20665,14096,2017,44406.3
20666,14097,2017,1269214.8
20667,14098,2017,1326873.8
20668,14099,2017,21510.3
20669,14100,2017,72227.6
20670,14101,2017,1085172.6
20671,14102,2017,11922.5
20672,14103,2017,14968.7
20673,14104,2017,8597.0
20674,14105,2017,46386.1
20675,14106,2017,10393.2
20676,14107,2017,13199.8
20677,14108,2017,73180.1
20678,14109,2017,37386.6
20679,14110,2017,27628.6
20680,14111,2017,13481.5
20681,14112,2017,12182.1
20682,14113,2017,32452.7
20683,14114,2017,36912.4
20684,14115,2017,11237.4
20685,14116,2017,39421.2
20686,14117,2017,8733.6
20687,14118,2017,44976.9
20688,14119,2017,59452.5
20689,14120,2017,2813851.8
20690,14121,2017,64759.9
20691,14122,2017,14499.2
20692,14123,2017,37671.0
20693,14124,2017,129080.6
20694,14125,2017,36316.4
20695,15000,2017,16453822.8
20696,15001,2017,131581.9
20697,15002,2017,322051.3
20698,15003,2017,95868.5
20699,15004,2017,30379.8
20700,15005,2017,333036.5
20701,15006,2017,24303.2
20702,15007,2017,46865.8
20703,15008,2017,51223.1
20704,15009,2017,103931.8
20705,15010,2017,61172.2
20706,15011,2017,139431.6
20707,15012,2017,24359.1
20708,15013,2017,1027108.8
20709,15014,2017,209414.7
20710,15015,2017,61285.1
20711,15016,2017,56133.5
20712,15017,2017,19453.4
20713,15018,2017,124107.29999999999
20714,15019,2017,72155.2
20715,15020,2017,577665.3
20716,15021,2017,75808.1
20717,15022,2017,28446.2
20718,15023,2017,80662.3
20719,15024,2017,334442.3
20720,15025,2017,746175.9
20721,15026,2017,60963.8
20722,15027,2017,23686.4
20723,15028,2017,57777.6
20724,15029,2017,386083.6
20725,15030,2017,52460.2
20726,15031,2017,1355942.9
20727,15032,2017,72489.0
20728,15033,2017,3297157.0
20729,15034,2017,20784.6
20730,15035,2017,288563.0
20731,15036,2017,89378.2
20732,15037,2017,544257.3
20733,15038,2017,22889.9
20734,15039,2017,1039555.1
20735,15040,2017,71800.0
20736,15041,2017,13042.4
20737,15042,2017,309084.1
20738,15043,2017,59091.2
20739,15044,2017,55300.6
20740,15045,2017,172994.5
20741,15046,2017,38609.8
20742,15047,2017,148993.0
20743,15048,2017,133713.7
20744,15049,2017,29303.2
20745,15050,2017,52089.9
20746,15051,2017,319343.7
20747,15052,2017,54794.2
20748,15053,2017,115858.8
20749,15054,2017,467728.8
20750,15055,2017,26359.4
20751,15056,2017,63508.7
20752,15057,2017,1668483.4
20753,15058,2017,2178519.7
20754,15059,2017,98947.9
20755,15060,2017,822805.0
20756,15061,2017,19836.0
20757,15062,2017,138030.8
20758,15063,2017,69794.7
20759,15064,2017,72379.4
20760,15065,2017,72079.9
20761,15066,2017,9806.7
20762,15067,2017,171187.6
20763,15068,2017,59440.3
20764,15069,2017,9300.6
20765,15070,2017,578030.2
20766,15071,2017,28787.1
20767,15072,2017,30015.9
20768,15073,2017,58038.0
20769,15074,2017,275732.7
20770,15075,2017,55779.7
20771,15076,2017,179932.6
20772,15077,2017,13142.4
20773,15078,2017,19087.2
20774,15079,2017,27131.0
20775,15080,2017,49288.4
20776,15081,2017,985288.0
20777,15082,2017,153697.4
20778,15083,2017,26526.2
20779,15084,2017,82623.0
20780,15085,2017,130596.6
20781,15086,2017,68751.1
20782,15087,2017,202091.0
20783,15088,2017,201123.4
20784,15089,2017,22296.1
20785,15090,2017,173504.2
20786,15091,2017,129511.6
20787,15092,2017,113726.1
20788,15093,2017,62394.2
20789,15094,2017,39723.0
20790,15095,2017,198328.0
20791,15096,2017,75631.4
20792,15097,2017,36313.0
20793,15098,2017,11097.0
20794,15099,2017,529713.3
20795,15100,2017,86982.8
20796,15101,2017,160374.2
20797,15102,2017,32214.2
20798,15103,2017,96629.3
20799,15104,2017,1339617.8
20800,15105,2017,64325.4
20801,15106,2017,1766610.1
20802,15107,2017,25338.6
20803,15108,2017,299648.6
20804,15109,2017,1015076.5
20805,15110,2017,123216.1
20806,15111,2017,103214.6
20807,15112,2017,99032.7
20808,15113,2017,132716.5
20809,15114,2017,208106.7
20810,15115,2017,104284.8
20811,15116,2017,9584.4
20812,15117,2017,28013.1
20813,15118,2017,386082.0
20814,15119,2017,36185.2
20815,15120,2017,488467.0
20816,15121,2017,1084233.2
20817,15122,2017,763023.5
20818,15123,2017,57219.6
20819,15124,2017,194921.8
20820,15125,2017,26976.0
20821,16000,2017,4648196.7
20822,16001,2017,22447.6
20823,16002,2017,30818.2
20824,16003,2017,44812.4
20825,16004,2017,29745.8
20826,16005,2017,21725.9
20827,16006,2017,251300.0
20828,16007,2017,6879.3
20829,16008,2017,49958.1
20830,16009,2017,71803.9
20831,16010,2017,42604.0
20832,16011,2017,22754.1
20833,16012,2017,89234.5
20834,16013,2017,18829.0
20835,16014,2017,32521.3
20836,16015,2017,39358.5
20837,16016,2017,41661.3
20838,16017,2017,68887.3
20839,16018,2017,18653.6
20840,16019,2017,40162.5
20841,16020,2017,58830.7
20842,16021,2017,26263.1
20843,16022,2017,50328.4
20844,16023,2017,20570.2
20845,16024,2017,39732.0
20846,16025,2017,78569.3
20847,16026,2017,10203.0
20848,16027,2017,10026.9
20849,16028,2017,10666.0
20850,16029,2017,25998.5
20851,16030,2017,24308.6
20852,16031,2017,32323.2
20853,16032,2017,30742.0
20854,16033,2017,42893.9
20855,16034,2017,246933.1
20856,16035,2017,62679.8
20857,16036,2017,23283.4
20858,16037,2017,15914.1
20859,16038,2017,84424.1
20860,16039,2017,17379.5
20861,16040,2017,35617.7
20862,16041,2017,31324.7
20863,16042,2017,28191.4
20864,16043,2017,134832.8
20865,16044,2017,26118.2
20866,16045,2017,71168.6
20867,16046,2017,29104.3
20868,16047,2017,39835.2
20869,16048,2017,11352.3
20870,16049,2017,37872.7
20871,16050,2017,173218.3
20872,16051,2017,27427.1
20873,16052,2017,382096.1
20874,16053,2017,1626521.8
20875,16054,2017,16032.2
20876,16055,2017,91087.5
20877,16056,2017,61952.1
20878,16057,2017,16587.8
20879,16058,2017,40805.9
20880,16059,2017,17614.0
20881,16060,2017,19008.7
20882,16061,2017,48260.4
20883,16062,2017,41123.8
20884,16063,2017,30503.4
20885,16064,2017,52997.3
20886,16065,2017,76384.9
20887,16066,2017,190480.4
20888,16067,2017,33597.9
20889,16068,2017,56473.3
20890,16069,2017,209413.1
20891,16070,2017,30901.5
20892,16071,2017,137686.9
20893,16072,2017,27724.8
20894,16073,2017,53415.1
20895,16074,2017,20765.2
20896,16075,2017,149053.9
20897,16076,2017,153607.6
20898,16077,2017,35910.3
20899,16078,2017,25530.2
20900,16079,2017,97059.4
20901,16080,2017,38867.1
20902,16081,2017,18006.4
20903,16082,2017,153474.4
20904,16083,2017,64578.9
20905,16084,2017,61127.5
20906,16085,2017,69021.1
20907,16086,2017,30870.0
20908,16087,2017,29970.0
20909,16088,2017,207616.4
20910,16089,2017,47616.7
20911,16090,2017,31256.3
20912,16091,2017,29034.2
20913,16092,2017,26991.7
20914,16093,2017,56534.5
20915,16094,2017,13129.9
20916,16095,2017,24341.5
20917,16096,2017,13661.1
20918,16097,2017,60296.0
20919,16098,2017,51740.3
20920,16099,2017,30157.5
20921,16100,2017,29009.9
20922,16101,2017,18665.6
20923,16102,2017,689333.7
20924,16103,2017,46977.3
20925,16104,2017,32438.9
20926,16105,2017,40803.7
20927,16106,2017,63228.6
20928,16107,2017,151705.2
20929,16108,2017,398871.9
20930,16109,2017,6477.2
20931,16110,2017,96717.5
20932,16111,2017,34952.9
20933,16112,2017,313277.2
20934,16113,2017,52063.0
20935,17000,2017,1915969.5
20936,17001,2017,34892.6
20937,17002,2017,46686.0
20938,17003,2017,75113.0
20939,17004,2017,173248.7
20940,17005,2017,20993.7
20941,17006,2017,367124.3
20942,17007,2017,749000.3
20943,17008,2017,200000.3
20944,17009,2017,44742.1
20945,17010,2017,35179.6
20946,17011,2017,419673.1
20947,17012,2017,113897.7
20948,17013,2017,32191.4
20949,17014,2017,19198.8
20950,17015,2017,37137.0
20951,17016,2017,37063.4
20952,17017,2017,93037.6
20953,17018,2017,236059.4
20954,17019,2017,54624.4
20955,17020,2017,101998.0
20956,17021,2017,15150.6
20957,17022,2017,32328.0
20958,17023,2017,15111.6
20959,17024,2017,102773.7
20960,17025,2017,66343.4
20961,17026,2017,37134.6
20962,17027,2017,24342.3
20963,17028,2017,141817.8
20964,17029,2017,206821.1
20965,17030,2017,106666.8
20966,17031,2017,71582.4
20967,17032,2017,19429.3
20968,17033,2017,31993.1
20969,17034,2017,
20970,17035,2017,
20971,17036,2017,
20972,18000,2017,1198570.3
20973,18001,2017,74311.4
20974,18002,2017,30835.5
20975,18003,2017,22914.8
20976,18004,2017,151201.7
20977,18005,2017,24357.8
20978,18006,2017,57500.8
20979,18007,2017,37771.3
20980,18008,2017,120993.7
20981,18009,2017,88664.2
20982,18010,2017,67725.3
20983,18011,2017,48022.3
20984,18012,2017,84560.1
20985,18013,2017,15308.1
20986,18014,2017,48637.3
20987,18015,2017,187673.8
20988,18016,2017,75993.9
20989,18017,2017,825870.8
20990,18018,2017,60159.7
20991,18019,2017,28558.4
20992,18020,2017,337822.3
20993,19000,2017,5457040.7
20994,19001,2017,5881.9
20995,19002,2017,6930.0
20996,19003,2017,2812.5
20997,19004,2017,69038.8
20998,19005,2017,36878.5
20999,19006,2017,1233219.1
21000,19007,2017,30568.0
21001,19008,2017,7487.2
21002,19009,2017,225316.1
21003,19010,2017,155987.09999999998
21004,19011,2017,15168.6
21005,19012,2017,111055.29999999999
21006,19013,2017,20981.0
21007,19014,2017,72085.0
21008,19015,2017,3089.6
21009,19016,2017,6809.3
21010,19017,2017,81802.4
21011,19018,2017,642408.0
21012,19019,2017,258650.7
21013,19020,2017,11291.2
21014,19021,2017,888487.9
21015,19022,2017,29026.1
21016,19023,2017,3340.9
21017,19024,2017,12599.7
21018,19025,2017,176294.90000000002
21019,19026,2017,1307224.3
21020,19027,2017,4005.8
21021,19028,2017,2983.7
21022,19029,2017,14128.1
21023,19030,2017,6856.2
21024,19031,2017,814523.6000000001
21025,19032,2017,10775.2
21026,19033,2017,166674.7
21027,19034,2017,10538.0
21028,19035,2017,2609.8
21029,19036,2017,14987.0
21030,19037,2017,11848.0
21031,19038,2017,130724.2
21032,19039,2017,2281543.5
21033,19040,2017,1939.1
21034,19041,2017,219486.80000000002
21035,19042,2017,11021.7
21036,19043,2017,5063.4
21037,19044,2017,69583.4
21038,19045,2017,141495.5
21039,19046,2017,843042.4
21040,19047,2017,32510.0
21041,19048,2017,590294.8
21042,19049,2017,90066.5
21043,19050,2017,3519.1
21044,19051,2017,7532.9
21045,20000,2017,4043581.8
21046,20001,2017,1827.8
21047,20002,2017,90367.8
21048,20003,2017,5062.8
21049,20004,2017,2159.5
21050,20005,2017,30323.9
21051,20006,2017,39423.6
21052,20007,2017,4920.2
21053,20008,2017,1532.8
21054,20009,2017,13631.8
21055,20010,2017,27069.1
21056,20011,2017,2694.8
21057,20012,2017,21649.2
21058,20013,2017,5947.1
21059,20014,2017,55227.9
21060,20015,2017,10332.8
21061,20016,2017,18506.8
21062,20017,2017,7031.0
21063,20018,2017,1556.7
21064,20019,2017,5705.9
21065,20020,2017,9123.9
21066,20021,2017,29107.4
21067,20022,2017,1655.9
21068,20023,2017,48698.6
21069,20024,2017,7433.8
21070,20025,2017,22575.2
21071,20026,2017,17742.6
21072,20027,2017,4532.7
21073,20028,2017,44228.3
21074,20029,2017,8460.9
21075,20030,2017,17425.0
21076,20031,2017,14483.8
21077,20032,2017,2127.6
21078,20033,2017,5560.4
21079,20034,2017,2658.2
21080,20035,2017,1256.0
21081,20036,2017,10549.3
21082,20037,2017,8853.3
21083,20038,2017,3910.9
21084,20039,2017,151543.4
21085,20040,2017,12543.6
21086,20041,2017,62417.5
21087,20042,2017,16352.6
21088,20043,2017,215111.1
21089,20044,2017,82641.1
21090,20045,2017,15561.9
21091,20046,2017,6120.2
21092,20047,2017,170.2
21093,20048,2017,2790.0
21094,20049,2017,2343.7
21095,20050,2017,7516.8
21096,20051,2017,9290.4
21097,20052,2017,12114.7
21098,20053,2017,2557.4
21099,20054,2017,811.0
21100,20055,2017,7358.5
21101,20056,2017,2907.5
21102,20057,2017,76600.0
21103,20058,2017,25908.3
21104,20059,2017,95395.6
21105,20060,2017,5143.8
21106,20061,2017,5591.0
21107,20062,2017,1048.8
21108,20063,2017,8339.4
21109,20064,2017,16357.3
21110,20065,2017,2224.4
21111,20066,2017,10736.7
21112,20067,2017,537383.7
21113,20068,2017,46074.8
21114,20069,2017,5740.4
21115,20070,2017,12997.2
21116,20071,2017,6667.4
21117,20072,2017,15230.0
21118,20073,2017,67664.2
21119,20074,2017,941.4
21120,20075,2017,5326.6
21121,20076,2017,6782.6
21122,20077,2017,8259.4
21123,20078,2017,2476.6
21124,20079,2017,167649.2
21125,20080,2017,3018.8
21126,20081,2017,3769.9
21127,20082,2017,8202.9
21128,20083,2017,20800.8
21129,20084,2017,8173.9
21130,20085,2017,50243.4
21131,20086,2017,1974.1
21132,20087,2017,10174.4
21133,20088,2017,5806.6
21134,20089,2017,4528.0
21135,20090,2017,12266.2
21136,20091,2017,11726.4
21137,20092,2017,3351.3
21138,20093,2017,1028.9
21139,20094,2017,3746.8
21140,20095,2017,8780.8
21141,20096,2017,1524.4
21142,20097,2017,3523.4
21143,20098,2017,8614.1
21144,20099,2017,818.4
21145,20100,2017,853.3
21146,20101,2017,1482.8
21147,20102,2017,10102.9
21148,20103,2017,11880.2
21149,20104,2017,5293.9
21150,20105,2017,14739.2
21151,20106,2017,531.7
21152,20107,2017,49672.6
21153,20108,2017,6750.4
21154,20109,2017,2464.6
21155,20110,2017,3297.0
21156,20111,2017,9458.6
21157,20112,2017,5072.4
21158,20113,2017,6148.5
21159,20114,2017,1351.3
21160,20115,2017,19775.0
21161,20116,2017,8214.6
21162,20117,2017,4564.6
21163,20118,2017,4843.2
21164,20119,2017,1279.3000000000002
21165,20120,2017,849.4
21166,20121,2017,1239.7
21167,20122,2017,1329.7
21168,20123,2017,5587.6
21169,20124,2017,37862.1
21170,20125,2017,23442.8
21171,20126,2017,10574.1
21172,20127,2017,2525.0
21173,20128,2017,2617.1
21174,20129,2017,716.3
21175,20130,2017,10318.2
21176,20131,2017,22300.9
21177,20132,2017,2687.9
21178,20133,2017,7906.6
21179,20134,2017,56009.5
21180,20135,2017,15851.2
21181,20136,2017,24014.8
21182,20137,2017,6923.2
21183,20138,2017,907.4
21184,20139,2017,4363.3
21185,20140,2017,1634.5
21186,20141,2017,16587.3
21187,20142,2017,1874.8
21188,20143,2017,18629.5
21189,20144,2017,2171.0
21190,20145,2017,9385.4
21191,20146,2017,5523.8
21192,20147,2017,762.4
21193,20148,2017,4221.8
21194,20149,2017,3749.8
21195,20150,2017,26542.8
21196,20151,2017,676.5
21197,20152,2017,4756.2
21198,20153,2017,9737.3
21199,20154,2017,4696.4
21200,20155,2017,2060.5
21201,20156,2017,7236.7
21202,20157,2017,31873.8
21203,20158,2017,4464.8
21204,20159,2017,11071.0
21205,20160,2017,2870.0
21206,20161,2017,5392.3
21207,20162,2017,3993.1
21208,20163,2017,3172.7
21209,20164,2017,5962.4
21210,20165,2017,3187.2
21211,20166,2017,22482.0
21212,20167,2017,4265.0
21213,20168,2017,1917.1
21214,20169,2017,8161.8
21215,20170,2017,7489.4
21216,20171,2017,36452.8
21217,20172,2017,840.8
21218,20173,2017,2953.3
21219,20174,2017,8649.2
21220,20175,2017,3028.0
21221,20176,2017,5536.5
21222,20177,2017,20247.5
21223,20178,2017,13143.1
21224,20179,2017,2903.0
21225,20180,2017,4677.3
21226,20181,2017,894.1
21227,20182,2017,4433.1
21228,20183,2017,2935.3
21229,20184,2017,317027.2
21230,20185,2017,17727.1
21231,20186,2017,1098.2
21232,20187,2017,4054.2
21233,20188,2017,19155.5
21234,20189,2017,5872.6
21235,20190,2017,45173.2
21236,20191,2017,622.0
21237,20192,2017,2996.0
21238,20193,2017,5458.3
21239,20194,2017,2660.8
21240,20195,2017,2232.0
21241,20196,2017,815.9
21242,20197,2017,6439.8
21243,20198,2017,58685.0
21244,20199,2017,1125.7
21245,20200,2017,7562.3
21246,20201,2017,3731.2
21247,20202,2017,9192.8
21248,20203,2017,6924.2
21249,20204,2017,1316.6
21250,20205,2017,34253.7
21251,20206,2017,4813.3
21252,20207,2017,36940.0
21253,20208,2017,14293.8
21254,20209,2017,1276.4
21255,20210,2017,12083.9
21256,20211,2017,6681.2
21257,20212,2017,6048.0
21258,20213,2017,8076.6
21259,20214,2017,4237.8
21260,20215,2017,1691.1
21261,20216,2017,2536.0
21262,20217,2017,6854.6
21263,20218,2017,1129.1
21264,20219,2017,5289.3
21265,20220,2017,5445.4
21266,20221,2017,2903.7
21267,20222,2017,2914.4
21268,20223,2017,887.2
21269,20224,2017,1318.4
21270,20225,2017,11837.2
21271,20226,2017,5830.4
21272,20227,2017,33931.3
21273,20228,2017,1628.8
21274,20229,2017,17048.4
21275,20230,2017,1909.0
21276,20231,2017,6277.4
21277,20232,2017,43981.8
21278,20233,2017,3459.2
21279,20234,2017,14560.6
21280,20235,2017,7548.4
21281,20236,2017,2863.8
21282,20237,2017,3132.8
21283,20238,2017,1881.2
21284,20239,2017,2046.2
21285,20240,2017,5333.0
21286,20241,2017,2098.9
21287,20242,2017,24260.2
21288,20243,2017,3822.9
21289,20244,2017,7716.5
21290,20245,2017,2626.5
21291,20246,2017,1228.0
21292,20247,2017,3146.8
21293,20248,2017,30356.3
21294,20249,2017,7448.4
21295,20250,2017,2449.0
21296,20251,2017,2420.2
21297,20252,2017,4607.2
21298,20253,2017,4221.9
21299,20254,2017,6497.3
21300,20255,2017,4019.4
21301,20256,2017,468.5
21302,20257,2017,2127.4
21303,20258,2017,1423.6
21304,20259,2017,4487.9
21305,20260,2017,4571.8
21306,20261,2017,14052.4
21307,20262,2017,2025.4
21308,20263,2017,6579.2
21309,20264,2017,4416.1
21310,20265,2017,13398.8
21311,20266,2017,17161.1
21312,20267,2017,521.2
21313,20268,2017,2163.1
21314,20269,2017,8519.2
21315,20270,2017,2681.8
21316,20271,2017,6425.1
21317,20272,2017,12462.4
21318,20273,2017,7446.2
21319,20274,2017,2638.9
21320,20275,2017,14601.0
21321,20276,2017,1454.0
21322,20277,2017,24943.4
21323,20278,2017,76115.6
21324,20279,2017,5899.1
21325,20280,2017,4251.8
21326,20281,2017,618.5
21327,20282,2017,1393.0
21328,20283,2017,2089.2
21329,20284,2017,6298.3
21330,20285,2017,7212.3
21331,20286,2017,6281.1
21332,20287,2017,658.9
21333,20288,2017,1185.6
21334,20289,2017,2385.4
21335,20290,2017,2067.4
21336,20291,2017,8535.1
21337,20292,2017,2957.5
21338,20293,2017,33295.0
21339,20294,2017,13640.2
21340,20295,2017,19448.2
21341,20296,2017,1897.6
21342,20297,2017,5142.1
21343,20298,2017,26127.5
21344,20299,2017,2239.8
21345,20300,2017,13170.8
21346,20301,2017,3161.4
21347,20302,2017,8869.1
21348,20303,2017,2216.6
21349,20304,2017,1519.3
21350,20305,2017,8441.9
21351,20306,2017,8883.9
21352,20307,2017,19399.2
21353,20308,2017,6344.5
21354,20309,2017,20737.8
21355,20310,2017,24475.1
21356,20311,2017,951.7
21357,20312,2017,22734.9
21358,20313,2017,1528.7
21359,20314,2017,3494.8
21360,20315,2017,3687.0
21361,20316,2017,1485.0
21362,20317,2017,2612.7
21363,20318,2017,95448.3
21364,20319,2017,2026.6
21365,20320,2017,1426.4
21366,20321,2017,1573.1
21367,20322,2017,1630.8
21368,20323,2017,4646.6
21369,20324,2017,93892.8
21370,20325,2017,23016.2
21371,20326,2017,10056.8
21372,20327,2017,30378.3
21373,20328,2017,2723.9
21374,20329,2017,2407.1
21375,20330,2017,8586.4
21376,20331,2017,1913.6
21377,20332,2017,769.4
21378,20333,2017,6187.2
21379,20334,2017,97368.7
21380,20335,2017,1815.3
21381,20336,2017,3740.9
21382,20337,2017,11245.9
21383,20338,2017,20073.4
21384,20339,2017,8504.7
21385,20340,2017,3595.1
21386,20341,2017,476.6
21387,20342,2017,6997.4
21388,20343,2017,3916.4
21389,20344,2017,5512.6
21390,20345,2017,8249.9
21391,20346,2017,3028.2
21392,20347,2017,8081.2
21393,20348,2017,16453.4
21394,20349,2017,4263.7
21395,20350,2017,33385.7
21396,20351,2017,5498.4
21397,20352,2017,9215.8
21398,20353,2017,4561.8
21399,20354,2017,986.6
21400,20355,2017,1407.1
21401,20356,2017,4246.4
21402,20357,2017,1732.6
21403,20358,2017,3853.6
21404,20359,2017,1377.2
21405,20360,2017,7734.9
21406,20361,2017,1708.2
21407,20362,2017,2994.7
21408,20363,2017,5352.0
21409,20364,2017,34988.2
21410,20365,2017,2275.8
21411,20366,2017,7575.5
21412,20367,2017,9153.2
21413,20368,2017,3984.1
21414,20369,2017,4188.1
21415,20370,2017,1345.4
21416,20371,2017,1952.8
21417,20372,2017,2974.0
21418,20373,2017,836.4
21419,20374,2017,3185.0
21420,20375,2017,24552.0
21421,20376,2017,729.4
21422,20377,2017,21924.9
21423,20378,2017,7396.5
21424,20379,2017,5906.2
21425,20380,2017,4322.0
21426,20381,2017,5679.6
21427,20382,2017,2372.0
21428,20383,2017,1197.8
21429,20384,2017,9425.7
21430,20385,2017,187264.0
21431,20386,2017,37457.3
21432,20387,2017,5764.5
21433,20388,2017,5492.9
21434,20389,2017,1823.8
21435,20390,2017,98920.4
21436,20391,2017,6749.6
21437,20392,2017,13423.2
21438,20393,2017,8012.8
21439,20394,2017,5581.9
21440,20395,2017,3424.2
21441,20396,2017,6513.8
21442,20397,2017,79279.8
21443,20398,2017,9482.2
21444,20399,2017,75176.9
21445,20400,2017,3379.9
21446,20401,2017,51423.4
21447,20402,2017,2150.9
21448,20403,2017,6927.9
21449,20404,2017,1531.8
21450,20405,2017,3715.4
21451,20406,2017,42432.6
21452,20407,2017,18564.6
21453,20408,2017,988.7
21454,20409,2017,17431.1
21455,20410,2017,6867.5
21456,20411,2017,1767.8
21457,20412,2017,6476.1
21458,20413,2017,94419.0
21459,20414,2017,23301.3
21460,20415,2017,9762.6
21461,20416,2017,958.0
21462,20417,2017,19130.0
21463,20418,2017,23574.7
21464,20419,2017,1177.7
21465,20420,2017,3358.6
21466,20421,2017,9242.5
21467,20422,2017,1269.5
21468,20423,2017,1020.5
21469,20424,2017,7749.8
21470,20425,2017,4206.6
21471,20426,2017,17272.8
21472,20427,2017,32638.5
21473,20428,2017,4175.6
21474,20429,2017,3038.8
21475,20430,2017,595.6
21476,20431,2017,3626.4
21477,20432,2017,1845.0
21478,20433,2017,5329.2
21479,20434,2017,8385.9
21480,20435,2017,7111.2
21481,20436,2017,1925.9
21482,20437,2017,19314.1
21483,20438,2017,3635.2
21484,20439,2017,50081.4
21485,20440,2017,1674.4
21486,20441,2017,17639.3
21487,20442,2017,562.4
21488,20443,2017,878.8
21489,20444,2017,958.2
21490,20445,2017,3363.8
21491,20446,2017,12348.8
21492,20447,2017,32995.9
21493,20448,2017,4669.2
21494,20449,2017,6650.9
21495,20450,2017,26792.5
21496,20451,2017,2060.5
21497,20452,2017,8725.6
21498,20453,2017,7835.6
21499,20454,2017,6892.6
21500,20455,2017,5717.9
21501,20456,2017,3347.7
21502,20457,2017,6723.3
21503,20458,2017,2298.4
21504,20459,2017,9522.0
21505,20460,2017,10592.0
21506,20461,2017,1114.8
21507,20462,2017,9066.8
21508,20463,2017,1151.2
21509,20464,2017,767.5
21510,20465,2017,3243.9
21511,20466,2017,26602.4
21512,20467,2017,37838.3
21513,20468,2017,28043.4
21514,20469,2017,68396.5
21515,20470,2017,9013.1
21516,20471,2017,907.3
21517,20472,2017,6634.6
21518,20473,2017,2644.1
21519,20474,2017,6775.5
21520,20475,2017,20048.9
21521,20476,2017,840.2
21522,20477,2017,2733.6
21523,20478,2017,3408.8
21524,20479,2017,383.0
21525,20480,2017,2477.6
21526,20481,2017,3838.9
21527,20482,2017,108538.2
21528,20483,2017,20976.8
21529,20484,2017,8777.5
21530,20485,2017,6216.4
21531,20486,2017,4877.5
21532,20487,2017,3924.8
21533,20488,2017,264.4
21534,20489,2017,9851.0
21535,20490,2017,6009.2
21536,20491,2017,9421.2
21537,20492,2017,5795.6
21538,20493,2017,1102.0
21539,20494,2017,11769.0
21540,20495,2017,5996.9
21541,20496,2017,3952.8
21542,20497,2017,8400.0
21543,20498,2017,15170.1
21544,20499,2017,3917.3
21545,20500,2017,15931.1
21546,20501,2017,1963.3
21547,20502,2017,10446.1
21548,20503,2017,819.4
21549,20504,2017,3219.3
21550,20505,2017,15290.0
21551,20506,2017,1589.7
21552,20507,2017,6354.0
21553,20508,2017,3190.8
21554,20509,2017,22265.8
21555,20510,2017,1591.7
21556,20511,2017,6870.2
21557,20512,2017,2099.0
21558,20513,2017,17692.8
21559,20514,2017,1919.1
21560,20515,2017,132006.1
21561,20516,2017,10147.5
21562,20517,2017,11566.6
21563,20518,2017,250.0
21564,20519,2017,6414.4
21565,20520,2017,14664.2
21566,20521,2017,532.4
21567,20522,2017,2422.5
21568,20523,2017,3274.2
21569,20524,2017,681.0
21570,20525,2017,24266.3
21571,20526,2017,33006.3
21572,20527,2017,5187.5
21573,20528,2017,2010.8
21574,20529,2017,2862.8
21575,20530,2017,7536.7
21576,20531,2017,5056.6
21577,20532,2017,8138.0
21578,20533,2017,5143.3
21579,20534,2017,7297.3
21580,20535,2017,6316.2
21581,20536,2017,924.4
21582,20537,2017,13442.2
21583,20538,2017,1431.8
21584,20539,2017,11902.2
21585,20540,2017,15904.8
21586,20541,2017,3205.4
21587,20542,2017,1689.4
21588,20543,2017,12278.8
21589,20544,2017,2117.5
21590,20545,2017,19533.5
21591,20546,2017,12340.9
21592,20547,2017,1987.1
21593,20548,2017,3817.0
21594,20549,2017,22877.8
21595,20550,2017,11152.0
21596,20551,2017,54300.0
21597,20552,2017,882.1
21598,20553,2017,22561.2
21599,20554,2017,11644.3
21600,20555,2017,6378.4
21601,20556,2017,577.8
21602,20557,2017,28769.9
21603,20558,2017,2854.9
21604,20559,2017,45824.1
21605,20560,2017,12765.3
21606,20561,2017,5745.4
21607,20562,2017,3229.6
21608,20563,2017,2538.1
21609,20564,2017,2448.2
21610,20565,2017,85529.2
21611,20566,2017,6223.8
21612,20567,2017,6626.1
21613,20568,2017,3281.4
21614,20569,2017,3094.8
21615,20570,2017,42511.8
21616,21000,2017,6348745.1
21617,21001,2017,138326.2
21618,21002,2017,18287.2
21619,21003,2017,73510.6
21620,21004,2017,120617.2
21621,21005,2017,6026.6
21622,21006,2017,29211.2
21623,21007,2017,6481.1
21624,21008,2017,22288.8
21625,21009,2017,4306.5
21626,21010,2017,141087.0
21627,21011,2017,3704.9
21628,21012,2017,13000.2
21629,21013,2017,43036.8
21630,21014,2017,9743.5
21631,21015,2017,236852.9
21632,21016,2017,17338.2
21633,21017,2017,56870.4
21634,21018,2017,7645.3
21635,21019,2017,274897.0
21636,21020,2017,14675.9
21637,21021,2017,2853.6
21638,21022,2017,25010.5
21639,21023,2017,17729.9
21640,21024,2017,1948.4
21641,21025,2017,16442.6
21642,21026,2017,29632.7
21643,21027,2017,8320.2
21644,21028,2017,5355.4
21645,21029,2017,7610.0
21646,21030,2017,1535.6
21647,21031,2017,5734.5
21648,21032,2017,2704.6
21649,21033,2017,10424.4
21650,21034,2017,86346.9
21651,21035,2017,40768.2
21652,21036,2017,29251.4
21653,21037,2017,4671.0
21654,21038,2017,20047.4
21655,21039,2017,19299.0
21656,21040,2017,23041.8
21657,21041,2017,239914.2
21658,21042,2017,6489.0
21659,21043,2017,98354.3
21660,21044,2017,33271.7
21661,21045,2017,93065.3
21662,21046,2017,15665.4
21663,21047,2017,41870.0
21664,21048,2017,42131.4
21665,21049,2017,33803.4
21666,21050,2017,52203.4
21667,21051,2017,72258.6
21668,21052,2017,2437.8
21669,21053,2017,127917.0
21670,21054,2017,67473.1
21671,21055,2017,9944.8
21672,21056,2017,2590.5
21673,21057,2017,13839.6
21674,21058,2017,40975.7
21675,21059,2017,5488.3
21676,21060,2017,15355.8
21677,21061,2017,27798.1
21678,21062,2017,9690.5
21679,21063,2017,28959.8
21680,21064,2017,34878.0
21681,21065,2017,43221.6
21682,21066,2017,12816.1
21683,21067,2017,36293.2
21684,21068,2017,14446.2
21685,21069,2017,56175.5
21686,21070,2017,12552.3
21687,21071,2017,204208.2
21688,21072,2017,33328.2
21689,21073,2017,18904.7
21690,21074,2017,165222.0
21691,21075,2017,25435.6
21692,21076,2017,54801.3
21693,21077,2017,11797.4
21694,21078,2017,30688.4
21695,21079,2017,11283.6
21696,21080,2017,5386.0
21697,21081,2017,7917.1
21698,21082,2017,17192.6
21699,21083,2017,50677.4
21700,21084,2017,13816.6
21701,21085,2017,159712.7
21702,21086,2017,24506.1
21703,21087,2017,26247.5
21704,21088,2017,9003.3
21705,21089,2017,24824.7
21706,21090,2017,44422.9
21707,21091,2017,19889.8
21708,21092,2017,10554.7
21709,21093,2017,15386.7
21710,21094,2017,71170.9
21711,21095,2017,1202.5
21712,21096,2017,6064.0
21713,21097,2017,5064.8
21714,21098,2017,13074.1
21715,21099,2017,40315.7
21716,21100,2017,18866.3
21717,21101,2017,6808.2
21718,21102,2017,26921.1
21719,21103,2017,12962.7
21720,21104,2017,62322.3
21721,21105,2017,10004.9
21722,21106,2017,75188.7
21723,21107,2017,23785.0
21724,21108,2017,37926.7
21725,21109,2017,40754.4
21726,21110,2017,96110.7
21727,21111,2017,37099.9
21728,21112,2017,18742.2
21729,21113,2017,9244.4
21730,21114,2017,3292996.8
21731,21115,2017,109678.5
21732,21116,2017,44763.2
21733,21117,2017,30764.0
21734,21118,2017,57379.6
21735,21119,2017,276490.6
21736,21120,2017,11379.2
21737,21121,2017,2457.2
21738,21122,2017,21158.0
21739,21123,2017,7782.8
21740,21124,2017,31008.0
21741,21125,2017,18441.4
21742,21126,2017,12743.5
21743,21127,2017,7327.2
21744,21128,2017,19536.0
21745,21129,2017,27247.3
21746,21130,2017,7100.9
21747,21131,2017,1889.6
21748,21132,2017,302723.5
21749,21133,2017,1363.0
21750,21134,2017,40996.5
21751,21135,2017,1104.3
21752,21136,2017,24405.6
21753,21137,2017,20208.0
21754,21138,2017,22971.0
21755,21139,2017,7417.2
21756,21140,2017,266108.2
21757,21141,2017,6937.1
21758,21142,2017,59650.3
21759,21143,2017,65911.1
21760,21144,2017,31694.2
21761,21145,2017,26602.5
21762,21146,2017,1573.0
21763,21147,2017,12498.6
21764,21148,2017,20921.2
21765,21149,2017,55643.8
21766,21150,2017,12786.6
21767,21151,2017,17872.3
21768,21152,2017,24731.8
21769,21153,2017,45275.1
21770,21154,2017,156083.9
21771,21155,2017,12833.8
21772,21156,2017,623356.0
21773,21157,2017,24588.8
21774,21158,2017,13516.7
21775,21159,2017,7800.6
21776,21160,2017,7044.1
21777,21161,2017,42577.1
21778,21162,2017,8363.4
21779,21163,2017,36176.8
21780,21164,2017,162887.6
21781,21165,2017,2387.0
21782,21166,2017,17334.2
21783,21167,2017,20666.2
21784,21168,2017,14488.6
21785,21169,2017,43571.5
21786,21170,2017,36737.8
21787,21171,2017,7421.5
21788,21172,2017,53603.8
21789,21173,2017,12730.9
21790,21174,2017,200384.7
21791,21175,2017,26097.0
21792,21176,2017,18581.0
21793,21177,2017,105644.9
21794,21178,2017,32648.4
21795,21179,2017,61477.9
21796,21180,2017,80134.4
21797,21181,2017,14170.4
21798,21182,2017,10486.7
21799,21183,2017,40520.5
21800,21184,2017,12840.0
21801,21185,2017,19552.2
21802,21186,2017,108734.4
21803,21187,2017,10161.0
21804,21188,2017,37287.1
21805,21189,2017,43347.5
21806,21190,2017,2358.8
21807,21191,2017,19420.6
21808,21192,2017,11891.2
21809,21193,2017,12819.3
21810,21194,2017,56812.3
21811,21195,2017,51730.3
21812,21196,2017,3192.4
21813,21197,2017,158289.5
21814,21198,2017,2583.4
21815,21199,2017,82866.2
21816,21200,2017,7170.8
21817,21201,2017,6639.3
21818,21202,2017,25584.4
21819,21203,2017,13687.9
21820,21204,2017,15604.8
21821,21205,2017,50736.9
21822,21206,2017,9075.4
21823,21207,2017,113026.1
21824,21208,2017,168127.7
21825,21209,2017,17036.6
21826,21210,2017,11309.8
21827,21211,2017,32724.9
21828,21212,2017,40672.0
21829,21213,2017,24424.5
21830,21214,2017,35127.1
21831,21215,2017,9117.0
21832,21216,2017,5032.8
21833,21217,2017,40796.1
21834,22000,2017,2209581.5
21835,22001,2017,130968.7
21836,22002,2017,54685.4
21837,22003,2017,26226.7
21838,22004,2017,135459.8
21839,22005,2017,129070.2
21840,22006,2017,383574.5
21841,22007,2017,86377.7
21842,22008,2017,72950.5
21843,22009,2017,53704.3
21844,22010,2017,38322.0
21845,22011,2017,394527.30000000005
21846,22012,2017,146911.0
21847,22013,2017,37955.6
21848,22014,2017,1951068.3
21849,22015,2017,17053.3
21850,22016,2017,562693.5
21851,22017,2017,139303.9
21852,22018,2017,55036.8
21853,23000,2017,1703440.6
21854,23001,2017,172132.5
21855,23002,2017,162883.0
21856,23003,2017,41728.3
21857,23004,2017,475488.7
21858,23005,2017,1673344.2
21859,23006,2017,76672.0
21860,23007,2017,56180.6
21861,23008,2017,563702.8999999999
21862,23009,2017,82790.7
21863,23010,2017,
21864,23011,2017,
21865,24000,2017,2762529.5
21866,24001,2017,37852.2
21867,24002,2017,15841.8
21868,24003,2017,96374.2
21869,24004,2017,8321.8
21870,24005,2017,37053.1
21871,24006,2017,19436.7
21872,24007,2017,38973.1
21873,24008,2017,43788.9
21874,24009,2017,9496.1
21875,24010,2017,61335.6
21876,24011,2017,93665.1
21877,24012,2017,41283.4
21878,24013,2017,352982.8
21879,24014,2017,32163.6
21880,24015,2017,43545.5
21881,24016,2017,82350.6
21882,24017,2017,50852.7
21883,24018,2017,30681.6
21884,24019,2017,11177.9
21885,24020,2017,198421.8
21886,24021,2017,113954.3
21887,24022,2017,38351.2
21888,24023,2017,30926.9
21889,24024,2017,193026.0
21890,24025,2017,61802.0
21891,24026,2017,18839.1
21892,24027,2017,20524.1
21893,24028,2017,1740500.5
21894,24029,2017,39067.2
21895,24030,2017,10039.6
21896,24031,2017,24240.2
21897,24032,2017,80536.3
21898,24033,2017,22386.7
21899,24034,2017,30221.5
21900,24035,2017,626084.8
21901,24036,2017,58375.0
21902,24037,2017,191432.4
21903,24038,2017,29698.2
21904,24039,2017,27925.9
21905,24040,2017,75193.0
21906,24041,2017,37208.2
21907,24042,2017,27699.5
21908,24043,2017,16775.8
21909,24044,2017,15380.9
21910,24045,2017,28732.4
21911,24046,2017,35509.1
21912,24047,2017,18978.5
21913,24048,2017,10636.4
21914,24049,2017,76664.6
21915,24050,2017,102474.0
21916,24051,2017,30632.3
21917,24052,2017,20562.9
21918,24053,2017,65672.8
21919,24054,2017,100620.9
21920,24055,2017,53288.7
21921,24056,2017,33613.7
21922,24057,2017,58796.3
21923,24058,2017,41793.0
21924,25000,2017,2972759.3
21925,25001,2017,894667.9
21926,25002,2017,89039.9
21927,25003,2017,55731.0
21928,25004,2017,52317.3
21929,25005,2017,33958.7
21930,25006,2017,1925454.5
21931,25007,2017,61453.5
21932,25008,2017,106574.2
21933,25009,2017,116719.7
21934,25010,2017,194330.8
21935,25011,2017,578807.0
21936,25012,2017,967404.7
21937,25013,2017,84340.1
21938,25014,2017,103349.6
21939,25015,2017,158888.9
21940,25016,2017,41121.8
21941,25017,2017,164123.0
21942,25018,2017,293665.1
21943,26000,2017,2881997.3
21944,26001,2017,5181.7
21945,26002,2017,176701.3
21946,26003,2017,50988.1
21947,26004,2017,18965.0
21948,26005,2017,2401.0
21949,26006,2017,5852.5
21950,26007,2017,1266.0
21951,26008,2017,2122.1
21952,26009,2017,1560.5
21953,26010,2017,2606.5
21954,26011,2017,3140.5
21955,26012,2017,46863.0
21956,26013,2017,3583.6
21957,26014,2017,6629.3
21958,26015,2017,2512.5
21959,26016,2017,10214.9
21960,26017,2017,174695.6
21961,26018,2017,859550.6
21962,26019,2017,75116.7
21963,26020,2017,10334.8
21964,26021,2017,3790.0
21965,26022,2017,1972.6
21966,26023,2017,12001.3
21967,26024,2017,1542.0
21968,26025,2017,105353.5
21969,26026,2017,122771.0
21970,26027,2017,18016.8
21971,26028,2017,2104.4
21972,26029,2017,310020.9
21973,26030,2017,1785738.4
21974,26031,2017,2485.8
21975,26032,2017,1822.9
21976,26033,2017,156699.8
21977,26034,2017,2020.5
21978,26035,2017,25485.2
21979,26036,2017,64472.6
21980,26037,2017,2384.2
21981,26038,2017,10061.5
21982,26039,2017,11953.4
21983,26040,2017,3398.1
21984,26041,2017,27855.1
21985,26042,2017,325442.8
21986,26043,2017,503945.7
21987,26044,2017,769.0
21988,26045,2017,5331.2
21989,26046,2017,985.2
21990,26047,2017,18735.7
21991,26048,2017,122266.4
21992,26049,2017,6610.5
21993,26050,2017,3081.2
21994,26051,2017,10055.0
21995,26052,2017,11042.3
21996,26053,2017,756.3
21997,26054,2017,1065.5
21998,26055,2017,386999.0
21999,26056,2017,20194.8
22000,26057,2017,3057.6
22001,26058,2017,32513.4
22002,26059,2017,3845.5
22003,26060,2017,4590.3
22004,26061,2017,2757.5
22005,26062,2017,2272.2
22006,26063,2017,2468.2
22007,26064,2017,3073.4
22008,26065,2017,3216.3
22009,26066,2017,17739.2
22010,26067,2017,3045.6
22011,26068,2017,2287.0
22012,26069,2017,10494.5
22013,26070,2017,28636.7
22014,26071,2017,43780.6
22015,26072,2017,28834.5
22016,27000,2017,2355367.3
22017,27001,2017,116804.9
22018,27002,2017,489658.8
22019,27003,2017,212337.3
22020,27004,2017,1341302.6
22021,27005,2017,416510.3
22022,27006,2017,268009.4
22023,27007,2017,62905.2
22024,27008,2017,375113.5
22025,27009,2017,74690.9
22026,27010,2017,177689.1
22027,27011,2017,60991.9
22028,27012,2017,313947.5
22029,27013,2017,279462.6
22030,27014,2017,187409.4
22031,27015,2017,94872.0
22032,27016,2017,114359.1
22033,27017,2017,122702.3
22034,28000,2017,3465952.9
22035,28001,2017,21075.2
22036,28002,2017,58759.9
22037,28003,2017,506520.5
22038,28004,2017,18020.4
22039,28005,2017,8939.0
22040,28006,2017,15148.2
22041,28007,2017,32406.0
22042,28008,2017,8774.9
22043,28009,2017,406635.8
22044,28010,2017,3648.0
22045,28011,2017,17121.1
22046,28012,2017,84735.8
22047,28013,2017,30835.8
22048,28014,2017,8231.4
22049,28015,2017,31577.7
22050,28016,2017,38330.1
22051,28017,2017,31563.5
22052,28018,2017,13991.6
22053,28019,2017,31332.9
22054,28020,2017,4503.7
22055,28021,2017,218476.6
22056,28022,2017,1053905.4
22057,28023,2017,9048.1
22058,28024,2017,11867.6
22059,28025,2017,53126.9
22060,28026,2017,7313.3
22061,28027,2017,825605.4
22062,28028,2017,7449.5
22063,28029,2017,26476.8
22064,28030,2017,27688.4
22065,28031,2017,3796.7
22066,28032,2017,1353481.7
22067,28033,2017,257567.6
22068,28034,2017,16288.1
22069,28035,2017,106911.8
22070,28036,2017,1937.1
22071,28037,2017,48895.1
22072,28038,2017,595127.4
22073,28039,2017,56175.8
22074,28040,2017,122514.6
22075,28041,2017,683449.9
22076,28042,2017,11539.2
22077,28043,2017,45139.1
22078,29000,2017,1293553.4
22079,29001,2017,21901.4
22080,29002,2017,30420.8
22081,29003,2017,13721.5
22082,29004,2017,34983.8
22083,29005,2017,158945.8
22084,29006,2017,98751.5
22085,29007,2017,33489.1
22086,29008,2017,30983.1
22087,29009,2017,11338.8
22088,29010,2017,142204.2
22089,29011,2017,9280.8
22090,29012,2017,18268.5
22091,29013,2017,189457.3
22092,29014,2017,29641.0
22093,29015,2017,75754.3
22094,29016,2017,14617.0
22095,29017,2017,22085.1
22096,29018,2017,75063.4
22097,29019,2017,42425.6
22098,29020,2017,18344.1
22099,29021,2017,36260.6
22100,29022,2017,12431.4
22101,29023,2017,51040.1
22102,29024,2017,54780.7
22103,29025,2017,157579.1
22104,29026,2017,44550.0
22105,29027,2017,25226.6
22106,29028,2017,48398.8
22107,29029,2017,25292.8
22108,29030,2017,30028.0
22109,29031,2017,66806.9
22110,29032,2017,26455.4
22111,29033,2017,193750.4
22112,29034,2017,87906.4
22113,29035,2017,12173.4
22114,29036,2017,43918.3
22115,29037,2017,17840.8
22116,29038,2017,34005.0
22117,29039,2017,48944.6
22118,29040,2017,20755.8
22119,29041,2017,63113.0
22120,29042,2017,27228.8
22121,29043,2017,79013.8
22122,29044,2017,87207.2
22123,29045,2017,12119.2
22124,29046,2017,9479.7
22125,29047,2017,6632.5
22126,29048,2017,36750.8
22127,29049,2017,11283.6
22128,29050,2017,22406.9
22129,29051,2017,7888.4
22130,29052,2017,12443.5
22131,29053,2017,14869.0
22132,29054,2017,10997.5
22133,29055,2017,6040.5
22134,29056,2017,15250.4
22135,29057,2017,9114.8
22136,29058,2017,18043.4
22137,29059,2017,14631.1
22138,29060,2017,10281.8
22139,30000,2017,7975367.1
22140,30001,2017,18555.3
22141,30002,2017,6675.6
22142,30003,2017,164161.0
22143,30004,2017,83347.5
22144,30005,2017,10460.9
22145,30006,2017,44938.1
22146,30007,2017,12918.4
22147,30008,2017,20287.8
22148,30009,2017,56424.2
22149,30010,2017,126214.5
22150,30011,2017,111360.8
22151,30012,2017,15520.4
22152,30013,2017,54291.7
22153,30014,2017,92162.9
22154,30015,2017,67766.2
22155,30016,2017,55502.9
22156,30017,2017,9012.0
22157,30018,2017,3847.4
22158,30019,2017,13269.6
22159,30020,2017,22102.2
22160,30021,2017,46764.8
22161,30022,2017,43759.4
22162,30023,2017,97990.5
22163,30024,2017,31865.3
22164,30025,2017,53386.9
22165,30026,2017,49371.1
22166,30027,2017,32638.0
22167,30028,2017,285221.1
22168,30029,2017,26938.8
22169,30030,2017,83635.8
22170,30031,2017,36294.0
22171,30032,2017,99160.5
22172,30033,2017,48345.1
22173,30034,2017,50551.3
22174,30035,2017,22298.4
22175,30036,2017,21088.1
22176,30037,2017,16159.3
22177,30038,2017,183750.6
22178,30039,2017,619758.5
22179,30040,2017,106243.2
22180,30041,2017,4594.8
22181,30042,2017,11519.9
22182,30043,2017,39120.6
22183,30044,2017,404568.4
22184,30045,2017,111206.7
22185,30046,2017,32050.1
22186,30047,2017,114796.0
22187,30048,2017,254082.1
22188,30049,2017,42963.8
22189,30050,2017,32166.8
22190,30051,2017,45457.3
22191,30052,2017,23609.7
22192,30053,2017,55165.0
22193,30054,2017,23149.2
22194,30055,2017,26611.1
22195,30056,2017,13399.1
22196,30057,2017,27402.0
22197,30058,2017,108571.1
22198,30059,2017,41083.0
22199,30060,2017,32079.2
22200,30061,2017,161689.3
22201,30062,2017,40341.8
22202,30063,2017,27715.3
22203,30064,2017,7944.6
22204,30065,2017,156879.0
22205,30066,2017,52993.9
22206,30067,2017,36721.7
22207,30068,2017,128830.1
22208,30069,2017,48424.7
22209,30070,2017,36933.5
22210,30071,2017,116686.0
22211,30072,2017,43039.4
22212,30073,2017,83443.8
22213,30074,2017,14260.2
22214,30075,2017,33442.9
22215,30076,2017,26872.8
22216,30077,2017,86177.4
22217,30078,2017,24978.4
22218,30079,2017,22400.4
22219,30080,2017,45243.2
22220,30081,2017,50903.9
22221,30082,2017,31202.9
22222,30083,2017,101213.2
22223,30084,2017,11410.4
22224,30085,2017,142861.0
22225,30086,2017,89970.6
22226,30087,2017,958833.7
22227,30088,2017,10040.8
22228,30089,2017,78249.2
22229,30090,2017,21835.5
22230,30091,2017,56873.8
22231,30092,2017,76715.1
22232,30093,2017,32432.3
22233,30094,2017,76441.4
22234,30095,2017,31049.0
22235,30096,2017,3087.8
22236,30097,2017,38920.7
22237,30098,2017,6370.6
22238,30099,2017,35812.0
22239,30100,2017,47107.7
22240,30101,2017,74522.4
22241,30102,2017,213645.7
22242,30103,2017,25003.4
22243,30104,2017,34578.5
22244,30105,2017,168995.2
22245,30106,2017,9440.7
22246,30107,2017,5845.8
22247,30108,2017,297751.2
22248,30109,2017,130088.0
22249,30110,2017,23209.6
22250,30111,2017,33056.1
22251,30112,2017,44154.0
22252,30113,2017,9167.3
22253,30114,2017,20440.1
22254,30115,2017,73056.6
22255,30116,2017,32926.7
22256,30117,2017,46860.6
22257,30118,2017,245058.4
22258,30119,2017,11119.2
22259,30120,2017,23471.2
22260,30121,2017,48536.8
22261,30122,2017,34869.0
22262,30123,2017,194130.4
22263,30124,2017,319523.8
22264,30125,2017,62268.4
22265,30126,2017,66483.9
22266,30127,2017,53778.9
22267,30128,2017,151818.8
22268,30129,2017,36292.7
22269,30130,2017,80256.1
22270,30131,2017,381282.9
22271,30132,2017,39214.7
22272,30133,2017,114456.0
22273,30134,2017,46045.7
22274,30135,2017,45939.2
22275,30136,2017,15916.9
22276,30137,2017,12128.2
22277,30138,2017,82900.7
22278,30139,2017,12175.1
22279,30140,2017,6019.0
22280,30141,2017,322134.1
22281,30142,2017,66421.2
22282,30143,2017,114067.2
22283,30144,2017,65277.7
22284,30145,2017,32052.3
22285,30146,2017,7596.2
22286,30147,2017,47242.6
22287,30148,2017,55709.4
22288,30149,2017,67815.3
22289,30150,2017,23160.1
22290,30151,2017,45125.2
22291,30152,2017,24003.9
22292,30153,2017,11683.3
22293,30154,2017,24688.2
22294,30155,2017,201868.2
22295,30156,2017,11837.1
22296,30157,2017,39499.7
22297,30158,2017,49912.4
22298,30159,2017,55647.8
22299,30160,2017,213395.9
22300,30161,2017,70327.1
22301,30162,2017,12780.2
22302,30163,2017,10201.5
22303,30164,2017,33582.7
22304,30165,2017,17444.4
22305,30166,2017,18579.5
22306,30167,2017,28967.6
22307,30168,2017,31677.6
22308,30169,2017,46405.3
22309,30170,2017,21556.8
22310,30171,2017,10980.2
22311,30172,2017,40348.4
22312,30173,2017,107939.0
22313,30174,2017,190868.8
22314,30175,2017,184357.4
22315,30176,2017,9082.2
22316,30177,2017,22553.2
22317,30178,2017,26250.0
22318,30179,2017,8380.1
22319,30180,2017,22071.5
22320,30181,2017,75460.7
22321,30182,2017,37355.2
22322,30183,2017,120855.0
22323,30184,2017,15434.3
22324,30185,2017,10697.0
22325,30186,2017,14138.0
22326,30187,2017,11981.7
22327,30188,2017,33949.8
22328,30189,2017,303210.6
22329,30190,2017,4476.8
22330,30191,2017,59581.9
22331,30192,2017,40395.1
22332,30193,2017,1181513.0
22333,30194,2017,24003.6
22334,30195,2017,11361.1
22335,30196,2017,35583.9
22336,30197,2017,22532.0
22337,30198,2017,13612.2
22338,30199,2017,23115.6
22339,30200,2017,25051.2
22340,30201,2017,88198.3
22341,30202,2017,28891.3
22342,30203,2017,28408.7
22343,30204,2017,89478.6
22344,30205,2017,38908.1
22345,30206,2017,57198.6
22346,30207,2017,90523.4
22347,30208,2017,46537.8
22348,30209,2017,29741.5
22349,30210,2017,59895.7
22350,30211,2017,60218.6
22351,30212,2017,25916.1
22352,31000,2017,2216467.1
22353,31001,2017,12988.8
22354,31002,2017,32723.6
22355,31003,2017,23439.9
22356,31004,2017,12182.4
22357,31005,2017,4265.9
22358,31006,2017,18065.9
22359,31007,2017,14600.8
22360,31008,2017,8011.5
22361,31009,2017,9085.4
22362,31010,2017,5329.2
22363,31011,2017,15855.8
22364,31012,2017,7496.7
22365,31013,2017,28911.9
22366,31014,2017,3362.0
22367,31015,2017,10770.7
22368,31016,2017,6044.2
22369,31017,2017,9251.4
22370,31018,2017,6573.2
22371,31019,2017,74771.3
22372,31020,2017,8786.5
22373,31021,2017,17979.4
22374,31022,2017,8612.7
22375,31023,2017,9543.1
22376,31024,2017,6439.2
22377,31025,2017,11370.8
22378,31026,2017,7177.0
22379,31027,2017,16600.7
22380,31028,2017,5622.0
22381,31029,2017,12337.7
22382,31030,2017,7749.6
22383,31031,2017,5613.9
22384,31032,2017,32882.4
22385,31033,2017,41231.7
22386,31034,2017,12776.6
22387,31035,2017,12373.3
22388,31036,2017,15715.8
22389,31037,2017,10258.3
22390,31038,2017,67650.4
22391,31039,2017,8160.0
22392,31040,2017,55628.9
22393,31041,2017,246013.90000000002
22394,31042,2017,11093.5
22395,31043,2017,6436.4
22396,31044,2017,14491.6
22397,31045,2017,5217.8
22398,31046,2017,6356.4
22399,31047,2017,11537.4
22400,31048,2017,46644.4
22401,31049,2017,7520.5
22402,31050,2017,1891962.9
22403,31051,2017,6677.5
22404,31052,2017,73390.3
22405,31053,2017,26317.3
22406,31054,2017,5840.7
22407,31055,2017,13690.7
22408,31056,2017,65061.6
22409,31057,2017,15504.1
22410,31058,2017,50917.9
22411,31059,2017,124802.5
22412,31060,2017,1932.3
22413,31061,2017,7704.5
22414,31062,2017,9713.1
22415,31063,2017,10905.0
22416,31064,2017,3352.8
22417,31065,2017,4117.9
22418,31066,2017,8231.2
22419,31067,2017,19660.9
22420,31068,2017,6378.1
22421,31069,2017,17642.9
22422,31070,2017,8042.1
22423,31071,2017,3763.0
22424,31072,2017,3733.6
22425,31073,2017,10894.9
22426,31074,2017,7453.6
22427,31075,2017,13424.0
22428,31076,2017,34864.4
22429,31077,2017,5323.1
22430,31078,2017,7458.8
22431,31079,2017,87561.7
22432,31080,2017,21373.0
22433,31081,2017,6581.7
22434,31082,2017,7074.2
22435,31083,2017,3719.2
22436,31084,2017,13964.4
22437,31085,2017,32334.6
22438,31086,2017,4332.0
22439,31087,2017,10498.5
22440,31088,2017,3870.6
22441,31089,2017,79365.0
22442,31090,2017,14651.1
22443,31091,2017,24650.6
22444,31092,2017,15059.3
22445,31093,2017,36138.9
22446,31094,2017,10488.7
22447,31095,2017,11213.9
22448,31096,2017,157814.0
22449,31097,2017,7269.4
22450,31098,2017,29971.6
22451,31099,2017,8139.3
22452,31100,2017,7770.6
22453,31101,2017,127554.9
22454,31102,2017,164697.4
22455,31103,2017,6777.9
22456,31104,2017,31845.3
22457,31105,2017,6344.0
22458,31106,2017,4392.8
22459,32000,2017,1591570.0
22460,32001,2017,12650.9
22461,32002,2017,9972.6
22462,32003,2017,4837.3
22463,32004,2017,8938.6
22464,32005,2017,88407.0
22465,32006,2017,16512.6
22466,32007,2017,24735.8
22467,32008,2017,26113.2
22468,32009,2017,20546.9
22469,32010,2017,466164.6
22470,32011,2017,6625.0
22471,32012,2017,16411.6
22472,32013,2017,12935.7
22473,32014,2017,41546.7
22474,32015,2017,3202.8
22475,32016,2017,46452.1
22476,32017,2017,392707.8
22477,32018,2017,9024.1
22478,32019,2017,49781.2
22479,32020,2017,118683.8
22480,32021,2017,9072.9
22481,32022,2017,39987.7
22482,32023,2017,24561.3
22483,32024,2017,104379.2
22484,32025,2017,25941.0
22485,32026,2017,35757.4
22486,32027,2017,5464.3
22487,32028,2017,5087.0
22488,32029,2017,46655.1
22489,32030,2017,4950.8
22490,32031,2017,17792.4
22491,32032,2017,25461.8
22492,32033,2017,9169.1
22493,32034,2017,56042.7
22494,32035,2017,32207.7
22495,32036,2017,86507.5
22496,32037,2017,35256.3
22497,32038,2017,143394.2
22498,32039,2017,128077.3
22499,32040,2017,43562.1
22500,32041,2017,5194.0
22501,32042,2017,126125.3
22502,32043,2017,2733.8
22503,32044,2017,32666.5
22504,32045,2017,16626.6
22505,32046,2017,13354.0
22506,32047,2017,10869.5
22507,32048,2017,53586.5
22508,32049,2017,65776.3
22509,32050,2017,20014.6
22510,32051,2017,69630.5
22511,32052,2017,38364.1
22512,32053,2017,26287.5
22513,32054,2017,38394.1
22514,32055,2017,62071.9
22515,32056,2017,292540.4
22516,32057,2017,38851.6
22517,32058,2017,5601.7
22518,0,2018,123683138.6
22519,1000,2018,1384098.2
22520,1001,2018,1839585.6
22521,1002,2018,101044.0
22522,1003,2018,115100.8
22523,1004,2018,33398.4
22524,1005,2018,248216.8
22525,1006,2018,93558.0
22526,1007,2018,112340.2
22527,1008,2018,18714.0
22528,1009,2018,44112.6
22529,1010,2018,41723.2
22530,1011,2018,113789.4
22531,2000,2018,3660539.4
22532,2001,2018,901174.8
22533,2002,2018,2060123.0
22534,2003,2018,215420.2
22535,2004,2018,3701051.0
22536,2005,2018,239894.8
22537,2006,2018,
22538,3000,2018,774275.6
22539,3001,2018,146954.8
22540,3002,2018,127423.2
22541,3003,2018,571207.4
22542,3008,2018,658840.2
22543,3009,2018,36012.8
22544,4000,2018,914877.8
22545,4001,2018,116062.0
22546,4002,2018,575016.8
22547,4003,2018,489100.6
22548,4004,2018,158905.4
22549,4005,2018,62435.2
22550,4006,2018,82686.0
22551,4007,2018,17616.2
22552,4008,2018,22255.8
22553,4009,2018,118268.2
22554,4010,2018,61872.4
22555,4011,2018,93325.0
22556,4012,2018,
22557,5000,2018,3078353.2
22558,5001,2018,2112.0
22559,5002,2018,316017.2
22560,5003,2018,46075.2
22561,5004,2018,57531.4
22562,5005,2018,3366.2
22563,5006,2018,57132.0
22564,5007,2018,25736.4
22565,5008,2018,6073.0
22566,5009,2018,116968.8
22567,5010,2018,162018.8
22568,5011,2018,23988.0
22569,5012,2018,3691.4
22570,5013,2018,3585.6
22571,5014,2018,19573.0
22572,5015,2018,3264.2
22573,5016,2018,3580.0
22574,5017,2018,232898.0
22575,5018,2018,467475.4
22576,5019,2018,16125.6
22577,5020,2018,141825.2
22578,5021,2018,13083.6
22579,5022,2018,64415.4
22580,5023,2018,20056.8
22581,5024,2018,89634.6
22582,5025,2018,344330.4
22583,5026,2018,6623.4
22584,5027,2018,227126.4
22585,5028,2018,128225.4
22586,5029,2018,4909.8
22587,5030,2018,1698599.4
22588,5031,2018,48681.8
22589,5032,2018,84425.6
22590,5033,2018,203335.4
22591,5034,2018,13494.6
22592,5035,2018,1409296.4
22593,5036,2018,41139.6
22594,5037,2018,12549.4
22595,5038,2018,26482.8
22596,6000,2018,719087.8
22597,6001,2018,55895.0
22598,6002,2018,310498.0
22599,6003,2018,43271.0
22600,6004,2018,41340.8
22601,6005,2018,61074.2
22602,6006,2018,11190.4
22603,6007,2018,370903.8
22604,6008,2018,19696.6
22605,6009,2018,232682.4
22606,6010,2018,287759.4
22607,7000,2018,5443220.0
22608,7001,2018,35789.0
22609,7002,2018,45792.4
22610,7003,2018,54634.2
22611,7004,2018,70030.2
22612,7005,2018,47861.6
22613,7006,2018,62630.0
22614,7007,2018,21561.4
22615,7008,2018,62016.2
22616,7009,2018,82590.8
22617,7010,2018,14848.6
22618,7011,2018,40015.8
22619,7012,2018,121726.4
22620,7013,2018,71893.2
22621,7014,2018,46321.0
22622,7015,2018,97846.8
22623,7016,2018,35507.0
22624,7017,2018,175637.6
22625,7018,2018,19254.4
22626,7019,2018,322820.0
22627,7020,2018,99470.0
22628,7021,2018,44160.6
22629,7022,2018,40674.8
22630,7023,2018,193926.0
22631,7024,2018,26211.6
22632,7025,2018,14915.0
22633,7026,2018,90259.2
22634,7027,2018,215287.0
22635,7028,2018,12017.0
22636,7029,2018,10658.6
22637,7030,2018,71838.6
22638,7031,2018,264481.6
22639,7032,2018,61779.6
22640,7033,2018,14407.2
22641,7034,2018,156728.0
22642,7035,2018,28435.6
22643,7036,2018,15239.6
22644,7037,2018,71614.8
22645,7038,2018,45365.8
22646,7039,2018,53707.6
22647,7040,2018,106382.0
22648,7041,2018,90830.8
22649,7042,2018,22363.6
22650,7043,2018,21699.2
22651,7044,2018,56295.2
22652,7045,2018,12272.0
22653,7046,2018,81952.2
22654,7047,2018,47444.2
22655,7048,2018,43326.6
22656,7049,2018,58155.0
22657,7050,2018,10506.4
22658,7051,2018,93108.6
22659,7052,2018,270744.4
22660,7053,2018,15795.6
22661,7054,2018,56138.0
22662,7055,2018,11417.4
22663,7056,2018,26470.8
22664,7057,2018,150285.2
22665,7058,2018,9351.0
22666,7059,2018,457997.8
22667,7060,2018,27292.0
22668,7061,2018,191046.2
22669,7062,2018,36571.2
22670,7063,2018,7906.6
22671,7064,2018,105265.0
22672,7065,2018,257514.8
22673,7066,2018,50574.6
22674,7067,2018,24009.8
22675,7068,2018,63078.2
22676,7069,2018,104490.4
22677,7070,2018,24913.8
22678,7071,2018,60817.6
22679,7072,2018,59917.4
22680,7073,2018,21047.2
22681,7074,2018,88010.8
22682,7075,2018,56568.4
22683,7076,2018,57904.4
22684,7077,2018,126190.0
22685,7078,2018,419793.4
22686,7079,2018,80443.6
22687,7080,2018,56798.6
22688,7081,2018,100916.2
22689,7082,2018,29853.2
22690,7083,2018,37561.2
22691,7084,2018,17023.0
22692,7085,2018,21332.0
22693,7086,2018,49720.0
22694,7087,2018,81056.4
22695,7088,2018,4602.6
22696,7089,2018,695109.0
22697,7090,2018,8930.6
22698,7091,2018,26697.2
22699,7092,2018,51223.2
22700,7093,2018,93170.6
22701,7094,2018,94362.0
22702,7096,2018,162218.8
22703,7097,2018,182844.6
22704,7098,2018,14129.2
22705,7099,2018,162923.2
22706,7100,2018,73628.0
22707,7101,2018,1188272.8
22708,7102,2018,80769.6
22709,7103,2018,59927.0
22710,7104,2018,32351.4
22711,7105,2018,31293.2
22712,7106,2018,133050.0
22713,7107,2018,139648.6
22714,7108,2018,218746.6
22715,7109,2018,78370.0
22716,7110,2018,14745.8
22717,7111,2018,87192.4
22718,7112,2018,72323.2
22719,7113,2018,15610.2
22720,7114,2018,44782.4
22721,7115,2018,28131.4
22722,7116,2018,24571.6
22723,7117,2018,16332.6
22724,7118,2018,11506.2
22725,7119,2018,9240.4
22726,7120,2018,
22727,7121,2018,
22728,7122,2018,
22729,7123,2018,
22730,7124,2018,
22731,7125,2018,
22732,8000,2018,3707251.8
22733,8001,2018,28461.2
22734,8002,2018,50997.2
22735,8003,2018,17140.2
22736,8004,2018,46033.0
22737,8005,2018,51713.6
22738,8006,2018,11861.0
22739,8007,2018,34333.4
22740,8008,2018,24809.4
22741,8009,2018,49674.2
22742,8010,2018,49302.2
22743,8011,2018,99619.0
22744,8012,2018,17093.4
22745,8013,2018,23518.4
22746,8014,2018,4284.0
22747,8015,2018,2752.4
22748,8016,2018,7550.0
22749,8017,2018,351874.4
22750,8018,2018,10555.8
22751,8019,2018,1828968.8
22752,8020,2018,13634.4
22753,8021,2018,296958.6
22754,8022,2018,5110.0
22755,8023,2018,13154.6
22756,8024,2018,7699.8
22757,8025,2018,14701.2
22758,8026,2018,5227.4
22759,8027,2018,102697.2
22760,8028,2018,9519.8
22761,8029,2018,104363.2
22762,8030,2018,17734.6
22763,8031,2018,73754.6
22764,8032,2018,230060.6
22765,8033,2018,1804.4
22766,8034,2018,11121.6
22767,8035,2018,22227.8
22768,8036,2018,82597.2
22769,8037,2018,2953355.0
22770,8038,2018,10079.0
22771,8039,2018,8364.2
22772,8040,2018,52329.4
22773,8041,2018,2976.8
22774,8042,2018,2670.8
22775,8043,2018,5668.0
22776,8044,2018,8829.4
22777,8045,2018,90900.8
22778,8046,2018,15816.8
22779,8047,2018,9412.8
22780,8048,2018,45842.0
22781,8049,2018,5656.4
22782,8050,2018,129134.4
22783,8051,2018,16230.6
22784,8052,2018,49937.2
22785,8053,2018,10192.8
22786,8054,2018,15600.8
22787,8055,2018,34377.4
22788,8056,2018,4273.8
22789,8057,2018,4487.0
22790,8058,2018,5672.2
22791,8059,2018,10007.6
22792,8060,2018,22864.0
22793,8061,2018,7114.4
22794,8062,2018,61311.4
22795,8063,2018,11145.8
22796,8064,2018,3122.4
22797,8065,2018,37683.2
22798,8066,2018,14239.0
22799,8067,2018,9836.0
22800,9000,2018,9138830.2
22801,9002,2018,857412.4
22802,9003,2018,1231281.6
22803,9004,2018,422894.4
22804,9005,2018,2351670.4
22805,9006,2018,801242.4
22806,9007,2018,3663092.0
22807,9008,2018,491867.2
22808,9009,2018,296681.2
22809,9010,2018,1505436.0
22810,9011,2018,771860.6
22811,9012,2018,1380413.8
22812,9013,2018,873557.0
22813,9014,2018,848820.4
22814,9015,2018,1086146.8
22815,9016,2018,812307.6
22816,9017,2018,882317.6
22817,10000,2018,1808231.0
22818,10001,2018,63156.0
22819,10002,2018,8851.4
22820,10003,2018,8383.2
22821,10004,2018,69530.8
22822,10005,2018,1336761.6
22823,10006,2018,20362.0
22824,10007,2018,729792.4
22825,10008,2018,72737.0
22826,10009,2018,20302.8
22827,10010,2018,7951.6
22828,10011,2018,9739.0
22829,10012,2018,318436.8
22830,10013,2018,53333.4
22831,10014,2018,93727.8
22832,10015,2018,25690.0
22833,10016,2018,37981.4
22834,10017,2018,16859.8
22835,10018,2018,21191.2
22836,10019,2018,10066.4
22837,10020,2018,25064.4
22838,10021,2018,22098.4
22839,10022,2018,50997.0
22840,10023,2018,102400.2
22841,10024,2018,25658.2
22842,10025,2018,5996.6
22843,10026,2018,36225.0
22844,10027,2018,10847.4
22845,10028,2018,24075.4
22846,10029,2018,4243.6
22847,10030,2018,3335.8
22848,10031,2018,13578.0
22849,10032,2018,97390.0
22850,10033,2018,13832.8
22851,10034,2018,54043.0
22852,10035,2018,23015.0
22853,10036,2018,42824.8
22854,10037,2018,19041.8
22855,10038,2018,46027.6
22856,10039,2018,55388.2
22857,11000,2018,6049234.4
22858,11001,2018,181421.8
22859,11002,2018,217828.0
22860,11003,2018,344170.6
22861,11004,2018,127338.4
22862,11005,2018,222984.0
22863,11006,2018,10726.8
22864,11007,2018,1021966.4
22865,11008,2018,81349.8
22866,11009,2018,162876.4
22867,11010,2018,22409.6
22868,11011,2018,192296.8
22869,11012,2018,60413.8
22870,11013,2018,53186.2
22871,11014,2018,320960.8
22872,11015,2018,380112.8
22873,11016,2018,41898.0
22874,11017,2018,1161353.6
22875,11018,2018,76768.8
22876,11019,2018,99694.0
22877,11020,2018,3331580.2
22878,11021,2018,95391.8
22879,11022,2018,52824.6
22880,11023,2018,308601.6
22881,11024,2018,24405.8
22882,11025,2018,161836.8
22883,11026,2018,128501.4
22884,11027,2018,542601.6
22885,11028,2018,189513.4
22886,11029,2018,80753.0
22887,11030,2018,235061.0
22888,11031,2018,255105.6
22889,11032,2018,172493.8
22890,11033,2018,252635.8
22891,11034,2018,11230.4
22892,11035,2018,163805.8
22893,11036,2018,13416.2
22894,11037,2018,395737.4
22895,11038,2018,22777.2
22896,11039,2018,71789.8
22897,11040,2018,39312.4
22898,11041,2018,122150.6
22899,11042,2018,297890.8
22900,11043,2018,42103.2
22901,11044,2018,127885.2
22902,11045,2018,22468.6
22903,11046,2018,138425.4
22904,12000,2018,3518648.2
22905,12001,2018,1563543.0
22906,12002,2018,50506.6
22907,12003,2018,75660.4
22908,12004,2018,41564.6
22909,12005,2018,15159.6
22910,12006,2018,22808.2
22911,12007,2018,66222.2
22912,12008,2018,18014.8
22913,12009,2018,11582.8
22914,12010,2018,56182.8
22915,12011,2018,121792.6
22916,12012,2018,135745.8
22917,12013,2018,29994.8
22918,12014,2018,30791.2
22919,12015,2018,25884.8
22920,12016,2018,25290.0
22921,12017,2018,30823.2
22922,12018,2018,28655.4
22923,12019,2018,30851.0
22924,12020,2018,42228.8
22925,12021,2018,146422.6
22926,12022,2018,79152.6
22927,12023,2018,53198.2
22928,12024,2018,15433.8
22929,12025,2018,33295.4
22930,12026,2018,16936.2
22931,12027,2018,41572.6
22932,12028,2018,246367.0
22933,12029,2018,550246.8
22934,12030,2018,43694.4
22935,12031,2018,12637.0
22936,12032,2018,74475.6
22937,12033,2018,33745.2
22938,12034,2018,73543.2
22939,12035,2018,303315.0
22940,12036,2018,23117.0
22941,12037,2018,12479.4
22942,12038,2018,249197.8
22943,12039,2018,51509.4
22944,12040,2018,52089.6
22945,12041,2018,59273.6
22946,12042,2018,36864.2
22947,12043,2018,37853.0
22948,12044,2018,24419.0
22949,12045,2018,55649.6
22950,12046,2018,133855.0
22951,12047,2018,14155.4
22952,12048,2018,89684.6
22953,12049,2018,25069.2
22954,12050,2018,76442.2
22955,12051,2018,71724.8
22956,12052,2018,91057.0
22957,12053,2018,99674.8
22958,12054,2018,49966.4
22959,12055,2018,210625.2
22960,12056,2018,91377.2
22961,12057,2018,129835.0
22962,12058,2018,107702.0
22963,12059,2018,61534.6
22964,12060,2018,26945.8
22965,12061,2018,85336.0
22966,12062,2018,45027.0
22967,12063,2018,20146.8
22968,12064,2018,23299.2
22969,12065,2018,15017.4
22970,12066,2018,186488.8
22971,12067,2018,44294.6
22972,12068,2018,52611.4
22973,12069,2018,24081.6
22974,12070,2018,15428.2
22975,12071,2018,59147.8
22976,12072,2018,23417.6
22977,12073,2018,36762.6
22978,12074,2018,44200.4
22979,12075,2018,103532.0
22980,12076,2018,77503.4
22981,12077,2018,28053.2
22982,12078,2018,41586.6
22983,12079,2018,35696.6
22984,12080,2018,14981.6
22985,12081,2018,22897.0
22986,13000,2018,3002300.8
22987,13001,2018,43683.2
22988,13002,2018,89950.8
22989,13003,2018,119328.4
22990,13004,2018,20102.4
22991,13005,2018,37040.8
22992,13006,2018,38240.2
22993,13007,2018,24737.8
22994,13008,2018,91808.8
22995,13009,2018,38688.8
22996,13010,2018,61232.8
22997,13011,2018,39510.2
22998,13012,2018,59001.6
22999,13013,2018,112388.2
23000,13014,2018,32692.6
23001,13015,2018,38463.6
23002,13016,2018,118543.4
23003,13017,2018,25677.0
23004,13018,2018,45681.6
23005,13019,2018,37240.4
23006,13020,2018,5288.6
23007,13021,2018,29653.6
23008,13022,2018,31642.8
23009,13023,2018,71562.6
23010,13024,2018,35064.2
23011,13025,2018,42130.4
23012,13026,2018,25552.0
23013,13027,2018,46034.0
23014,13028,2018,252060.8
23015,13029,2018,93681.6
23016,13030,2018,192407.6
23017,13031,2018,24831.0
23018,13032,2018,21438.4
23019,13033,2018,5924.6
23020,13034,2018,19159.8
23021,13035,2018,25502.4
23022,13036,2018,18873.2
23023,13037,2018,42235.8
23024,13038,2018,17413.6
23025,13039,2018,28488.4
23026,13040,2018,19911.8
23027,13041,2018,92723.8
23028,13042,2018,23047.6
23029,13043,2018,12674.8
23030,13044,2018,33503.4
23031,13045,2018,18457.2
23032,13046,2018,77304.2
23033,13047,2018,9630.6
23034,13048,2018,610097.8
23035,13049,2018,37292.6
23036,13050,2018,46722.6
23037,13051,2018,375423.2
23038,13052,2018,75086.6
23039,13053,2018,35629.4
23040,13054,2018,71983.6
23041,13055,2018,35741.6
23042,13056,2018,76711.2
23043,13057,2018,30321.0
23044,13058,2018,34652.6
23045,13059,2018,74865.6
23046,13060,2018,34912.4
23047,13061,2018,110706.2
23048,13062,2018,61662.8
23049,13063,2018,177163.6
23050,13064,2018,21306.4
23051,13065,2018,23291.8
23052,13066,2018,25523.6
23053,13067,2018,107448.8
23054,13068,2018,28576.4
23055,13069,2018,308317.0
23056,13070,2018,37381.6
23057,13071,2018,18554.8
23058,13072,2018,21913.8
23059,13073,2018,74941.4
23060,13074,2018,56513.2
23061,13075,2018,39523.0
23062,13076,2018,225779.6
23063,13077,2018,330041.8
23064,13078,2018,36853.8
23065,13079,2018,14164.0
23066,13080,2018,48924.0
23067,13081,2018,74034.4
23068,13082,2018,41543.2
23069,13083,2018,108414.8
23070,13084,2018,79345.6
23071,14000,2018,8173050.6
23072,14001,2018,45693.6
23073,14002,2018,51293.2
23074,14003,2018,46558.8
23075,14004,2018,11460.2
23076,14005,2018,32293.0
23077,14006,2018,119704.4
23078,14007,2018,18654.8
23079,14008,2018,158547.4
23080,14009,2018,40870.4
23081,14010,2018,15107.8
23082,14011,2018,11145.2
23083,14012,2018,8411.2
23084,14013,2018,125722.2
23085,14014,2018,17260.2
23086,14015,2018,127321.4
23087,14016,2018,81885.8
23088,14017,2018,25774.8
23089,14018,2018,134574.4
23090,14019,2018,14487.2
23091,14020,2018,21750.8
23092,14021,2018,41565.0
23093,14022,2018,79981.4
23094,14023,2018,225345.2
23095,14024,2018,57360.4
23096,14025,2018,38800.4
23097,14026,2018,12521.6
23098,14027,2018,36451.0
23099,14028,2018,4388.6
23100,14029,2018,35879.6
23101,14030,2018,107927.4
23102,14031,2018,6849.6
23103,14032,2018,11930.4
23104,14033,2018,42511.0
23105,14034,2018,4021.2
23106,14035,2018,106264.4
23107,14036,2018,39529.4
23108,14037,2018,51115.2
23109,14038,2018,8546.8
23110,14039,2018,2815088.4
23111,14040,2018,18141.0
23112,14041,2018,11940.0
23113,14042,2018,19633.4
23114,14043,2018,46772.0
23115,14044,2018,125447.2
23116,14045,2018,40676.8
23117,14046,2018,65359.0
23118,14047,2018,49015.0
23119,14048,2018,38058.8
23120,14049,2018,19747.6
23121,14050,2018,92348.2
23122,14051,2018,54709.0
23123,14052,2018,11092.4
23124,14053,2018,338314.0
23125,14054,2018,10795.0
23126,14055,2018,43396.8
23127,14056,2018,4109.4
23128,14057,2018,8071.2
23129,14058,2018,29180.6
23130,14059,2018,27824.4
23131,14060,2018,11000.0
23132,14061,2018,44564.6
23133,14062,2018,7308.6
23134,14063,2018,206925.6
23135,14064,2018,65902.8
23136,14065,2018,23327.0
23137,14066,2018,105335.0
23138,14067,2018,569371.2
23139,14068,2018,23007.0
23140,14069,2018,15977.2
23141,14070,2018,428566.4
23142,14071,2018,6103.2
23143,14072,2018,15023.8
23144,14073,2018,142127.8
23145,14074,2018,33157.6
23146,14075,2018,7636.2
23147,14076,2018,6483.8
23148,14077,2018,55535.6
23149,14078,2018,63953.6
23150,14079,2018,31919.2
23151,14080,2018,10543.2
23152,14081,2018,7119.6
23153,14082,2018,73533.8
23154,14083,2018,168121.0
23155,14084,2018,30137.6
23156,14085,2018,77793.4
23157,14086,2018,41380.0
23158,14087,2018,33868.0
23159,14088,2018,33239.0
23160,14089,2018,7949.4
23161,14090,2018,14528.2
23162,14091,2018,80094.6
23163,14092,2018,22014.8
23164,14093,2018,295377.2
23165,14094,2018,87640.6
23166,14095,2018,19118.8
23167,14096,2018,44782.2
23168,14097,2018,1331415.2
23169,14098,2018,1342675.2
23170,14099,2018,21834.2
23171,14100,2018,72467.4
23172,14101,2018,1103415.4
23173,14102,2018,11927.0
23174,14103,2018,15029.8
23175,14104,2018,8543.0
23176,14105,2018,46728.4
23177,14106,2018,10665.8
23178,14107,2018,13276.2
23179,14108,2018,73843.4
23180,14109,2018,37722.4
23181,14110,2018,27636.4
23182,14111,2018,13456.0
23183,14112,2018,12252.4
23184,14113,2018,32699.8
23185,14114,2018,37332.6
23186,14115,2018,11212.6
23187,14116,2018,39698.8
23188,14117,2018,8777.4
23189,14118,2018,44996.6
23190,14119,2018,59967.0
23191,14120,2018,2860362.2
23192,14121,2018,65661.6
23193,14122,2018,14654.8
23194,14123,2018,38007.0
23195,14124,2018,129299.4
23196,14125,2018,36456.6
23197,15000,2018,16635613.2
23198,15001,2018,132970.6
23199,15002,2018,329041.2
23200,15003,2018,96757.0
23201,15004,2018,30475.2
23202,15005,2018,338421.0
23203,15006,2018,24664.8
23204,15007,2018,47027.2
23205,15008,2018,50999.4
23206,15009,2018,104930.2
23207,15010,2018,62046.8
23208,15011,2018,143280.4
23209,15012,2018,24896.4
23210,15013,2018,1033855.2
23211,15014,2018,212544.8
23212,15015,2018,62128.4
23213,15016,2018,56848.0
23214,15017,2018,19690.6
23215,15018,2018,128398.2
23216,15019,2018,72719.8
23217,15020,2018,580741.2
23218,15021,2018,76302.4
23219,15022,2018,29040.8
23220,15023,2018,81033.2
23221,15024,2018,342198.2
23222,15025,2018,764156.6
23223,15026,2018,61801.2
23224,15027,2018,24305.6
23225,15028,2018,58548.4
23226,15029,2018,391222.4
23227,15030,2018,53434.8
23228,15031,2018,1374090.6
23229,15032,2018,73286.0
23230,15033,2018,3295006.0
23231,15034,2018,21075.4
23232,15035,2018,301206.0
23233,15036,2018,90756.8
23234,15037,2018,552816.2
23235,15038,2018,23212.6
23236,15039,2018,1054523.4
23237,15040,2018,72474.0
23238,15041,2018,13011.6
23239,15042,2018,312815.4
23240,15043,2018,59854.8
23241,15044,2018,55678.4
23242,15045,2018,173777.0
23243,15046,2018,38991.2
23244,15047,2018,150549.0
23245,15048,2018,135325.8
23246,15049,2018,29820.8
23247,15050,2018,52815.6
23248,15051,2018,326449.8
23249,15052,2018,55299.8
23250,15053,2018,118054.2
23251,15054,2018,473357.2
23252,15055,2018,26777.6
23253,15056,2018,64455.8
23254,15057,2018,1668613.6
23255,15058,2018,2171959.8
23256,15059,2018,104024.6
23257,15060,2018,835604.0
23258,15061,2018,20126.0
23259,15062,2018,140090.2
23260,15063,2018,70678.8
23261,15064,2018,72877.6
23262,15065,2018,72586.6
23263,15066,2018,9812.8
23264,15067,2018,173314.4
23265,15068,2018,60155.2
23266,15069,2018,9444.4
23267,15070,2018,588078.8
23268,15071,2018,29183.4
23269,15072,2018,30659.6
23270,15073,2018,60000.0
23271,15074,2018,280437.8
23272,15075,2018,56645.8
23273,15076,2018,184900.4
23274,15077,2018,13225.6
23275,15078,2018,19210.8
23276,15079,2018,27636.0
23277,15080,2018,48955.6
23278,15081,2018,1021870.0
23279,15082,2018,155337.6
23280,15083,2018,27110.8
23281,15084,2018,84144.0
23282,15085,2018,131340.4
23283,15086,2018,69180.4
23284,15087,2018,205244.0
23285,15088,2018,203870.6
23286,15089,2018,22454.4
23287,15090,2018,176014.8
23288,15091,2018,129980.4
23289,15092,2018,114825.4
23290,15093,2018,63314.8
23291,15094,2018,40156.0
23292,15095,2018,201351.0
23293,15096,2018,76747.6
23294,15097,2018,36532.0
23295,15098,2018,11222.0
23296,15099,2018,538193.2
23297,15100,2018,89351.2
23298,15101,2018,163088.8
23299,15102,2018,32418.8
23300,15103,2018,97245.2
23301,15104,2018,1341213.2
23302,15105,2018,64078.6
23303,15106,2018,1784821.4
23304,15107,2018,25500.4
23305,15108,2018,304864.4
23306,15109,2018,1020945.0
23307,15110,2018,123215.4
23308,15111,2018,104328.4
23309,15112,2018,100356.8
23310,15113,2018,134535.0
23311,15114,2018,210871.8
23312,15115,2018,105945.2
23313,15116,2018,9795.6
23314,15117,2018,27693.4
23315,15118,2018,393304.0
23316,15119,2018,36678.8
23317,15120,2018,512626.0
23318,15121,2018,1092930.8
23319,15122,2018,769841.0
23320,15123,2018,57420.4
23321,15124,2018,196669.2
23322,15125,2018,27909.0
23323,16000,2018,4687696.8
23324,16001,2018,22507.4
23325,16002,2018,30504.8
23326,16003,2018,45227.6
23327,16004,2018,29798.2
23328,16005,2018,21746.6
23329,16006,2018,251789.0
23330,16007,2018,6941.2
23331,16008,2018,50153.4
23332,16009,2018,72078.6
23333,16010,2018,42256.0
23334,16011,2018,22959.4
23335,16012,2018,89891.0
23336,16013,2018,18790.0
23337,16014,2018,33093.2
23338,16015,2018,39717.0
23339,16016,2018,41755.2
23340,16017,2018,69311.2
23341,16018,2018,18760.4
23342,16019,2018,40270.0
23343,16020,2018,59164.8
23344,16021,2018,26538.4
23345,16022,2018,51290.6
23346,16023,2018,20658.8
23347,16024,2018,40219.0
23348,16025,2018,79423.2
23349,16026,2018,10075.0
23350,16027,2018,9982.6
23351,16028,2018,10600.0
23352,16029,2018,25587.0
23353,16030,2018,24106.4
23354,16031,2018,32300.8
23355,16032,2018,30974.0
23356,16033,2018,42926.6
23357,16034,2018,248532.4
23358,16035,2018,62250.2
23359,16036,2018,23291.6
23360,16037,2018,15906.4
23361,16038,2018,84401.4
23362,16039,2018,17598.0
23363,16040,2018,36009.8
23364,16041,2018,31578.8
23365,16042,2018,28333.6
23366,16043,2018,135776.2
23367,16044,2018,26051.8
23368,16045,2018,71560.4
23369,16046,2018,29368.2
23370,16047,2018,39801.8
23371,16048,2018,11400.2
23372,16049,2018,38199.8
23373,16050,2018,175025.2
23374,16051,2018,27617.4
23375,16052,2018,385525.4
23376,16053,2018,1650471.2
23377,16054,2018,16010.8
23378,16055,2018,91237.0
23379,16056,2018,63038.4
23380,16057,2018,16664.2
23381,16058,2018,41236.6
23382,16059,2018,17768.0
23383,16060,2018,18970.8
23384,16061,2018,48689.6
23385,16062,2018,41438.2
23386,16063,2018,30267.6
23387,16064,2018,53292.2
23388,16065,2018,77374.6
23389,16066,2018,192594.6
23390,16067,2018,33487.6
23391,16068,2018,57283.2
23392,16069,2018,210795.4
23393,16070,2018,30942.0
23394,16071,2018,137970.6
23395,16072,2018,27802.2
23396,16073,2018,53731.4
23397,16074,2018,20878.8
23398,16075,2018,152009.6
23399,16076,2018,154735.4
23400,16077,2018,35754.2
23401,16078,2018,25570.8
23402,16079,2018,97992.6
23403,16080,2018,39150.4
23404,16081,2018,18076.6
23405,16082,2018,155388.6
23406,16083,2018,65383.6
23407,16084,2018,61908.0
23408,16085,2018,69530.4
23409,16086,2018,30941.0
23410,16087,2018,30374.0
23411,16088,2018,214779.6
23412,16089,2018,47825.8
23413,16090,2018,31733.2
23414,16091,2018,29319.8
23415,16092,2018,26671.8
23416,16093,2018,56727.0
23417,16094,2018,13034.6
23418,16095,2018,24506.0
23419,16096,2018,13255.4
23420,16097,2018,59714.0
23421,16098,2018,51686.2
23422,16099,2018,29746.0
23423,16100,2018,29280.6
23424,16101,2018,18594.4
23425,16102,2018,697626.8
23426,16103,2018,46979.2
23427,16104,2018,32211.6
23428,16105,2018,41199.8
23429,16106,2018,63688.4
23430,16107,2018,152382.8
23431,16108,2018,402618.6
23432,16109,2018,6473.8
23433,16110,2018,97180.0
23434,16111,2018,35588.6
23435,16112,2018,313580.8
23436,16113,2018,52190.0
23437,17000,2018,1935148.0
23438,17001,2018,35002.4
23439,17002,2018,47952.0
23440,17003,2018,76210.0
23441,17004,2018,175441.8
23442,17005,2018,21286.8
23443,17006,2018,369505.2
23444,17007,2018,751659.2
23445,17008,2018,204713.2
23446,17009,2018,46173.4
23447,17010,2018,35729.4
23448,17011,2018,423353.4
23449,17012,2018,114405.8
23450,17013,2018,32597.6
23451,17014,2018,19238.2
23452,17015,2018,35298.0
23453,17016,2018,37532.6
23454,17017,2018,88719.4
23455,17018,2018,238885.6
23456,17019,2018,55176.6
23457,17020,2018,104671.0
23458,17021,2018,15185.4
23459,17022,2018,31471.0
23460,17023,2018,15371.4
23461,17024,2018,103477.8
23462,17025,2018,66760.6
23463,17026,2018,37710.4
23464,17027,2018,24733.2
23465,17028,2018,143601.2
23466,17029,2018,208406.4
23467,17030,2018,108519.2
23468,17031,2018,71784.6
23469,17032,2018,19605.2
23470,17033,2018,32379.4
23471,17034,2018,
23472,17035,2018,
23473,17036,2018,
23474,18000,2018,1213585.2
23475,18001,2018,74440.6
23476,18002,2018,30874.0
23477,18003,2018,22985.2
23478,18004,2018,152608.8
23479,18005,2018,24526.2
23480,18006,2018,57904.2
23481,18007,2018,38094.2
23482,18008,2018,124241.8
23483,18009,2018,91322.8
23484,18010,2018,67555.2
23485,18011,2018,48146.2
23486,18012,2018,84092.4
23487,18013,2018,15338.4
23488,18014,2018,49137.2
23489,18015,2018,187855.2
23490,18016,2018,75469.6
23491,18017,2018,835141.2
23492,18018,2018,60164.8
23493,18019,2018,28549.6
23494,18020,2018,350498.2
23495,19000,2018,5569920.8
23496,19001,2018,5918.6
23497,19002,2018,6914.0
23498,19003,2018,2818.0
23499,19004,2018,69574.2
23500,19005,2018,36764.0
23501,19006,2018,1259837.4
23502,19007,2018,30460.0
23503,19008,2018,7465.8
23504,19009,2018,232571.4
23505,19010,2018,173659.4
23506,19011,2018,15062.4
23507,19012,2018,119891.2
23508,19013,2018,20777.0
23509,19014,2018,72209.0
23510,19015,2018,3017.4
23511,19016,2018,6781.2
23512,19017,2018,81963.6
23513,19018,2018,693117.0
23514,19019,2018,260550.8
23515,19020,2018,11273.8
23516,19021,2018,913144.6
23517,19022,2018,28940.4
23518,19023,2018,3445.6
23519,19024,2018,12659.8
23520,19025,2018,185674.6
23521,19026,2018,1300249.2
23522,19027,2018,3993.2
23523,19028,2018,2940.8
23524,19029,2018,14149.4
23525,19030,2018,6800.8
23526,19031,2018,857431.4
23527,19032,2018,10774.8
23528,19033,2018,167853.8
23529,19034,2018,10457.0
23530,19035,2018,2734.2
23531,19036,2018,15099.0
23532,19037,2018,11963.0
23533,19038,2018,132369.8
23534,19039,2018,2283030.0
23535,19040,2018,1912.4
23536,19041,2018,244834.2
23537,19042,2018,11026.8
23538,19043,2018,5013.6
23539,19044,2018,69585.6
23540,19045,2018,152298.0
23541,19046,2018,836827.6
23542,19047,2018,32401.0
23543,19048,2018,597768.2
23544,19049,2018,91315.0
23545,19050,2018,3424.4
23546,19051,2018,7421.6
23547,20000,2018,4076379.2
23548,20001,2018,1779.2
23549,20002,2018,90425.2
23550,20003,2018,5073.2
23551,20004,2018,2178.0
23552,20005,2018,30431.6
23553,20006,2018,39950.4
23554,20007,2018,4876.8
23555,20008,2018,1511.2
23556,20009,2018,13659.2
23557,20010,2018,27043.4
23558,20011,2018,2731.2
23559,20012,2018,21905.8
23560,20013,2018,5998.4
23561,20014,2018,55553.6
23562,20015,2018,10462.2
23563,20016,2018,18713.2
23564,20017,2018,7092.0
23565,20018,2018,1539.8
23566,20019,2018,5643.6
23567,20020,2018,9321.6
23568,20021,2018,29069.6
23569,20022,2018,1642.6
23570,20023,2018,50390.4
23571,20024,2018,7390.2
23572,20025,2018,22623.8
23573,20026,2018,17853.4
23574,20027,2018,4475.8
23575,20028,2018,44921.2
23576,20029,2018,8450.6
23577,20030,2018,17512.0
23578,20031,2018,14447.2
23579,20032,2018,2136.4
23580,20033,2018,5659.6
23581,20034,2018,2630.8
23582,20035,2018,1280.0
23583,20036,2018,10543.2
23584,20037,2018,8857.2
23585,20038,2018,3865.6
23586,20039,2018,153237.6
23587,20040,2018,12621.4
23588,20041,2018,62757.0
23589,20042,2018,16493.4
23590,20043,2018,219225.4
23591,20044,2018,82511.4
23592,20045,2018,15634.6
23593,20046,2018,6046.8
23594,20047,2018,167.8
23595,20048,2018,2816.0
23596,20049,2018,2351.8
23597,20050,2018,7511.2
23598,20051,2018,9369.6
23599,20052,2018,12074.8
23600,20053,2018,2572.6
23601,20054,2018,810.0
23602,20055,2018,7401.0
23603,20056,2018,2906.0
23604,20057,2018,76629.0
23605,20058,2018,25767.2
23606,20059,2018,97193.4
23607,20060,2018,5087.2
23608,20061,2018,5656.0
23609,20062,2018,1031.2
23610,20063,2018,8421.6
23611,20064,2018,16578.2
23612,20065,2018,2203.6
23613,20066,2018,10736.8
23614,20067,2018,538904.8
23615,20068,2018,46558.2
23616,20069,2018,5861.6
23617,20070,2018,12951.8
23618,20071,2018,6699.6
23619,20072,2018,15526.0
23620,20073,2018,68214.8
23621,20074,2018,931.6
23622,20075,2018,5324.4
23623,20076,2018,6797.4
23624,20077,2018,8419.6
23625,20078,2018,2518.4
23626,20079,2018,168061.8
23627,20080,2018,3075.2
23628,20081,2018,3760.6
23629,20082,2018,8245.6
23630,20083,2018,21461.2
23631,20084,2018,8228.6
23632,20085,2018,50971.6
23633,20086,2018,2006.4
23634,20087,2018,10463.6
23635,20088,2018,5810.4
23636,20089,2018,4559.0
23637,20090,2018,12339.8
23638,20091,2018,12006.6
23639,20092,2018,3418.2
23640,20093,2018,1031.6
23641,20094,2018,3735.2
23642,20095,2018,8895.2
23643,20096,2018,1520.6
23644,20097,2018,3529.6
23645,20098,2018,8571.4
23646,20099,2018,799.6
23647,20100,2018,833.2
23648,20101,2018,1487.2
23649,20102,2018,10287.6
23650,20103,2018,11962.8
23651,20104,2018,5333.6
23652,20105,2018,14944.8
23653,20106,2018,522.8
23654,20107,2018,50636.4
23655,20108,2018,6470.6
23656,20109,2018,2464.4
23657,20110,2018,3310.0
23658,20111,2018,9554.4
23659,20112,2018,5099.6
23660,20113,2018,6216.0
23661,20114,2018,1350.2
23662,20115,2018,20117.0
23663,20116,2018,8230.4
23664,20117,2018,4521.4
23665,20118,2018,4828.8
23666,20119,2018,1347.2
23667,20120,2018,865.6
23668,20121,2018,1226.8
23669,20122,2018,1324.8
23670,20123,2018,5612.4
23671,20124,2018,38383.4
23672,20125,2018,23408.2
23673,20126,2018,10648.4
23674,20127,2018,2518.0
23675,20128,2018,2639.4
23676,20129,2018,720.2
23677,20130,2018,10334.8
23678,20131,2018,22484.6
23679,20132,2018,2714.6
23680,20133,2018,7896.4
23681,20134,2018,56342.0
23682,20135,2018,16061.8
23683,20136,2018,24138.2
23684,20137,2018,6926.8
23685,20138,2018,905.6
23686,20139,2018,4375.2
23687,20140,2018,1631.0
23688,20141,2018,16877.2
23689,20142,2018,1811.2
23690,20143,2018,18728.0
23691,20144,2018,2164.0
23692,20145,2018,9733.6
23693,20146,2018,5551.2
23694,20147,2018,762.6
23695,20148,2018,4269.2
23696,20149,2018,3849.2
23697,20150,2018,26936.2
23698,20151,2018,659.0
23699,20152,2018,4818.8
23700,20153,2018,9769.2
23701,20154,2018,4683.6
23702,20155,2018,2084.0
23703,20156,2018,7276.8
23704,20157,2018,32467.2
23705,20158,2018,4465.2
23706,20159,2018,11085.0
23707,20160,2018,2866.0
23708,20161,2018,5426.2
23709,20162,2018,4034.4
23710,20163,2018,3166.8
23711,20164,2018,5895.6
23712,20165,2018,3210.8
23713,20166,2018,22537.0
23714,20167,2018,4276.0
23715,20168,2018,1909.4
23716,20169,2018,8275.2
23717,20170,2018,7459.6
23718,20171,2018,36376.2
23719,20172,2018,836.2
23720,20173,2018,2941.2
23721,20174,2018,8810.8
23722,20175,2018,2968.0
23723,20176,2018,5520.0
23724,20177,2018,20418.0
23725,20178,2018,13223.4
23726,20179,2018,2900.0
23727,20180,2018,4681.2
23728,20181,2018,901.4
23729,20182,2018,4409.4
23730,20183,2018,2941.2
23731,20184,2018,317757.8
23732,20185,2018,17777.4
23733,20186,2018,1081.8
23734,20187,2018,3908.8
23735,20188,2018,19177.0
23736,20189,2018,5992.4
23737,20190,2018,45183.8
23738,20191,2018,618.0
23739,20192,2018,3012.0
23740,20193,2018,5510.2
23741,20194,2018,2689.2
23742,20195,2018,2192.0
23743,20196,2018,816.6
23744,20197,2018,6487.2
23745,20198,2018,59016.0
23746,20199,2018,1082.8
23747,20200,2018,7519.2
23748,20201,2018,3740.8
23749,20202,2018,9206.2
23750,20203,2018,6974.8
23751,20204,2018,1300.4
23752,20205,2018,34167.8
23753,20206,2018,4827.2
23754,20207,2018,37324.0
23755,20208,2018,14158.2
23756,20209,2018,1255.6
23757,20210,2018,11905.6
23758,20211,2018,6728.8
23759,20212,2018,6110.0
23760,20213,2018,8188.4
23761,20214,2018,4181.2
23762,20215,2018,1713.4
23763,20216,2018,2518.0
23764,20217,2018,6827.4
23765,20218,2018,1116.4
23766,20219,2018,5309.2
23767,20220,2018,5428.6
23768,20221,2018,2934.8
23769,20222,2018,2893.6
23770,20223,2018,884.8
23771,20224,2018,1309.6
23772,20225,2018,11826.8
23773,20226,2018,5883.6
23774,20227,2018,34861.2
23775,20228,2018,1641.2
23776,20229,2018,17466.6
23777,20230,2018,1894.0
23778,20231,2018,6309.6
23779,20232,2018,44114.2
23780,20233,2018,3454.8
23781,20234,2018,14482.4
23782,20235,2018,7589.6
23783,20236,2018,2831.2
23784,20237,2018,3135.2
23785,20238,2018,1916.8
23786,20239,2018,2030.8
23787,20240,2018,5392.0
23788,20241,2018,2088.6
23789,20242,2018,24473.8
23790,20243,2018,3869.6
23791,20244,2018,7770.0
23792,20245,2018,2636.0
23793,20246,2018,1226.0
23794,20247,2018,3177.2
23795,20248,2018,30618.2
23796,20249,2018,7519.6
23797,20250,2018,2460.0
23798,20251,2018,2426.8
23799,20252,2018,4660.8
23800,20253,2018,4181.6
23801,20254,2018,6476.2
23802,20255,2018,3997.6
23803,20256,2018,468.0
23804,20257,2018,2119.6
23805,20258,2018,1414.4
23806,20259,2018,4420.6
23807,20260,2018,4512.2
23808,20261,2018,13989.6
23809,20262,2018,2015.6
23810,20263,2018,6513.8
23811,20264,2018,4394.4
23812,20265,2018,13421.2
23813,20266,2018,17177.4
23814,20267,2018,510.8
23815,20268,2018,2210.4
23816,20269,2018,8555.8
23817,20270,2018,2663.2
23818,20271,2018,6414.4
23819,20272,2018,12480.6
23820,20273,2018,7510.8
23821,20274,2018,2645.6
23822,20275,2018,14600.0
23823,20276,2018,1432.0
23824,20277,2018,24901.6
23825,20278,2018,76538.4
23826,20279,2018,5899.4
23827,20280,2018,4175.2
23828,20281,2018,618.0
23829,20282,2018,1364.0
23830,20283,2018,2088.8
23831,20284,2018,6294.2
23832,20285,2018,7268.2
23833,20286,2018,6257.4
23834,20287,2018,650.6
23835,20288,2018,1180.4
23836,20289,2018,2399.6
23837,20290,2018,2073.6
23838,20291,2018,8563.4
23839,20292,2018,2983.0
23840,20293,2018,33611.0
23841,20294,2018,13784.8
23842,20295,2018,19646.8
23843,20296,2018,1902.4
23844,20297,2018,5262.4
23845,20298,2018,26480.0
23846,20299,2018,2243.2
23847,20300,2018,13204.2
23848,20301,2018,3171.6
23849,20302,2018,8954.4
23850,20303,2018,2198.4
23851,20304,2018,1492.2
23852,20305,2018,8520.6
23853,20306,2018,9033.6
23854,20307,2018,19426.8
23855,20308,2018,6438.0
23856,20309,2018,20737.2
23857,20310,2018,26022.4
23858,20311,2018,956.8
23859,20312,2018,22676.6
23860,20313,2018,1508.8
23861,20314,2018,3505.2
23862,20315,2018,3724.0
23863,20316,2018,1482.0
23864,20317,2018,2582.8
23865,20318,2018,96833.2
23866,20319,2018,2000.4
23867,20320,2018,1421.6
23868,20321,2018,1553.4
23869,20322,2018,1611.2
23870,20323,2018,4700.4
23871,20324,2018,94763.2
23872,20325,2018,23303.8
23873,20326,2018,10077.2
23874,20327,2018,30671.2
23875,20328,2018,2777.6
23876,20329,2018,2373.4
23877,20330,2018,8589.6
23878,20331,2018,1930.4
23879,20332,2018,761.6
23880,20333,2018,6323.8
23881,20334,2018,98699.8
23882,20335,2018,1788.2
23883,20336,2018,3626.6
23884,20337,2018,11247.6
23885,20338,2018,20289.6
23886,20339,2018,8575.8
23887,20340,2018,3569.4
23888,20341,2018,478.4
23889,20342,2018,7401.6
23890,20343,2018,3947.6
23891,20344,2018,5551.4
23892,20345,2018,8293.6
23893,20346,2018,3046.8
23894,20347,2018,8188.8
23895,20348,2018,16442.6
23896,20349,2018,4306.8
23897,20350,2018,33514.8
23898,20351,2018,5533.6
23899,20352,2018,9437.2
23900,20353,2018,4645.2
23901,20354,2018,980.4
23902,20355,2018,1396.4
23903,20356,2018,4283.6
23904,20357,2018,1720.4
23905,20358,2018,3874.4
23906,20359,2018,1342.8
23907,20360,2018,7813.6
23908,20361,2018,1688.8
23909,20362,2018,2993.8
23910,20363,2018,5357.0
23911,20364,2018,35776.8
23912,20365,2018,2226.2
23913,20366,2018,7510.0
23914,20367,2018,9162.8
23915,20368,2018,4034.4
23916,20369,2018,4256.4
23917,20370,2018,1343.6
23918,20371,2018,1959.2
23919,20372,2018,2860.0
23920,20373,2018,826.6
23921,20374,2018,3220.0
23922,20375,2018,25168.0
23923,20376,2018,729.6
23924,20377,2018,21900.6
23925,20378,2018,7416.0
23926,20379,2018,5904.8
23927,20380,2018,4376.0
23928,20381,2018,5746.4
23929,20382,2018,2374.0
23930,20383,2018,1195.2
23931,20384,2018,9481.8
23932,20385,2018,191778.0
23933,20386,2018,37692.2
23934,20387,2018,5771.0
23935,20388,2018,5549.6
23936,20389,2018,1821.2
23937,20390,2018,99521.6
23938,20391,2018,6752.4
23939,20392,2018,13432.8
23940,20393,2018,8126.2
23941,20394,2018,5585.6
23942,20395,2018,3369.8
23943,20396,2018,6515.2
23944,20397,2018,79612.2
23945,20398,2018,9576.8
23946,20399,2018,78068.6
23947,20400,2018,3395.6
23948,20401,2018,52322.6
23949,20402,2018,2147.6
23950,20403,2018,7123.6
23951,20404,2018,1529.2
23952,20405,2018,3691.6
23953,20406,2018,42609.4
23954,20407,2018,18778.4
23955,20408,2018,991.8
23956,20409,2018,17588.4
23957,20410,2018,6859.0
23958,20411,2018,1787.2
23959,20412,2018,6455.4
23960,20413,2018,96865.0
23961,20414,2018,23544.2
23962,20415,2018,9760.4
23963,20416,2018,946.0
23964,20417,2018,19219.0
23965,20418,2018,23543.8
23966,20419,2018,1180.8
23967,20420,2018,3358.4
23968,20421,2018,9292.0
23969,20422,2018,1255.0
23970,20423,2018,1004.0
23971,20424,2018,7711.2
23972,20425,2018,4176.4
23973,20426,2018,17493.2
23974,20427,2018,32902.0
23975,20428,2018,4266.4
23976,20429,2018,3037.2
23977,20430,2018,608.4
23978,20431,2018,3637.6
23979,20432,2018,1832.0
23980,20433,2018,5348.8
23981,20434,2018,8250.6
23982,20435,2018,7124.8
23983,20436,2018,1882.6
23984,20437,2018,19311.4
23985,20438,2018,3651.8
23986,20439,2018,50285.6
23987,20440,2018,1657.6
23988,20441,2018,17932.2
23989,20442,2018,541.6
23990,20443,2018,875.2
23991,20444,2018,961.8
23992,20445,2018,3375.2
23993,20446,2018,12241.2
23994,20447,2018,33398.6
23995,20448,2018,4760.8
23996,20449,2018,6636.6
23997,20450,2018,27102.0
23998,20451,2018,2054.0
23999,20452,2018,8766.4
24000,20453,2018,7836.4
24001,20454,2018,6968.4
24002,20455,2018,5748.6
24003,20456,2018,3343.8
24004,20457,2018,6713.2
24005,20458,2018,2307.6
24006,20459,2018,9602.0
24007,20460,2018,10557.0
24008,20461,2018,1097.2
24009,20462,2018,9118.2
24010,20463,2018,1123.8
24011,20464,2018,740.0
24012,20465,2018,3258.6
24013,20466,2018,26996.6
24014,20467,2018,37983.2
24015,20468,2018,28167.6
24016,20469,2018,68757.0
24017,20470,2018,8952.4
24018,20471,2018,895.2
24019,20472,2018,6667.4
24020,20473,2018,2623.4
24021,20474,2018,6811.0
24022,20475,2018,20151.6
24023,20476,2018,840.8
24024,20477,2018,2714.4
24025,20478,2018,3346.2
24026,20479,2018,373.0
24027,20480,2018,2554.4
24028,20481,2018,3825.6
24029,20482,2018,109644.8
24030,20483,2018,21245.2
24031,20484,2018,8827.0
24032,20485,2018,6237.6
24033,20486,2018,4866.0
24034,20487,2018,3929.2
24035,20488,2018,264.6
24036,20489,2018,9842.0
24037,20490,2018,5988.8
24038,20491,2018,9574.8
24039,20492,2018,5706.4
24040,20493,2018,1101.0
24041,20494,2018,12052.0
24042,20495,2018,6023.6
24043,20496,2018,3897.2
24044,20497,2018,8422.0
24045,20498,2018,15339.4
24046,20499,2018,3896.2
24047,20500,2018,15952.4
24048,20501,2018,1975.2
24049,20502,2018,10361.4
24050,20503,2018,829.6
24051,20504,2018,3207.2
24052,20505,2018,15315.0
24053,20506,2018,1592.8
24054,20507,2018,6340.0
24055,20508,2018,3210.2
24056,20509,2018,22433.2
24057,20510,2018,1567.8
24058,20511,2018,6812.8
24059,20512,2018,2138.0
24060,20513,2018,17818.2
24061,20514,2018,1907.4
24062,20515,2018,133178.4
24063,20516,2018,10284.0
24064,20517,2018,11733.4
24065,20518,2018,242.0
24066,20519,2018,6533.6
24067,20520,2018,14710.8
24068,20521,2018,529.6
24069,20522,2018,2422.0
24070,20523,2018,3276.8
24071,20524,2018,672.0
24072,20525,2018,24518.2
24073,20526,2018,33147.2
24074,20527,2018,5119.0
24075,20528,2018,1948.2
24076,20529,2018,2891.2
24077,20530,2018,7643.8
24078,20531,2018,5112.4
24079,20532,2018,8136.0
24080,20533,2018,5250.2
24081,20534,2018,7207.2
24082,20535,2018,6367.8
24083,20536,2018,915.6
24084,20537,2018,13434.8
24085,20538,2018,1432.2
24086,20539,2018,12166.8
24087,20540,2018,16158.2
24088,20541,2018,3175.6
24089,20542,2018,1717.6
24090,20543,2018,12443.2
24091,20544,2018,2104.0
24092,20545,2018,19759.0
24093,20546,2018,12491.6
24094,20547,2018,1998.4
24095,20548,2018,3864.0
24096,20549,2018,22910.2
24097,20550,2018,11288.0
24098,20551,2018,56389.0
24099,20552,2018,862.4
24100,20553,2018,23090.8
24101,20554,2018,11706.2
24102,20555,2018,6531.6
24103,20556,2018,589.2
24104,20557,2018,28887.6
24105,20558,2018,2821.6
24106,20559,2018,45945.4
24107,20560,2018,12823.2
24108,20561,2018,5799.6
24109,20562,2018,3274.4
24110,20563,2018,2525.4
24111,20564,2018,2428.8
24112,20565,2018,87998.8
24113,20566,2018,6245.2
24114,20567,2018,6675.4
24115,20568,2018,3317.6
24116,20569,2018,3042.2
24117,20570,2018,43082.2
24118,21000,2018,6428957.4
24119,21001,2018,140833.8
24120,21002,2018,18338.8
24121,21003,2018,74325.4
24122,21004,2018,122946.8
24123,21005,2018,6064.4
24124,21006,2018,29168.8
24125,21007,2018,6433.4
24126,21008,2018,22485.2
24127,21009,2018,4348.0
24128,21010,2018,143913.0
24129,21011,2018,3726.6
24130,21012,2018,13060.8
24131,21013,2018,43777.2
24132,21014,2018,9705.0
24133,21015,2018,241835.6
24134,21016,2018,17572.8
24135,21017,2018,57741.6
24136,21018,2018,7670.2
24137,21019,2018,277828.0
24138,21020,2018,14932.6
24139,21021,2018,2910.4
24140,21022,2018,25245.0
24141,21023,2018,17857.6
24142,21024,2018,1954.6
24143,21025,2018,16454.4
24144,21026,2018,29942.8
24145,21027,2018,8310.8
24146,21028,2018,5411.6
24147,21029,2018,7614.0
24148,21030,2018,1538.4
24149,21031,2018,5706.0
24150,21032,2018,2724.4
24151,21033,2018,10551.6
24152,21034,2018,88796.6
24153,21035,2018,40966.8
24154,21036,2018,29371.6
24155,21037,2018,4670.0
24156,21038,2018,20415.6
24157,21039,2018,19424.0
24158,21040,2018,23600.2
24159,21041,2018,251569.8
24160,21042,2018,6538.0
24161,21043,2018,98839.2
24162,21044,2018,33626.8
24163,21045,2018,93767.2
24164,21046,2018,15905.6
24165,21047,2018,42401.0
24166,21048,2018,42785.6
24167,21049,2018,34127.6
24168,21050,2018,52760.6
24169,21051,2018,72875.4
24170,21052,2018,2435.2
24171,21053,2018,129624.0
24172,21054,2018,68467.4
24173,21055,2018,10022.2
24174,21056,2018,2606.0
24175,21057,2018,13684.4
24176,21058,2018,41323.8
24177,21059,2018,5565.2
24178,21060,2018,15564.2
24179,21061,2018,28175.4
24180,21062,2018,9761.0
24181,21063,2018,29155.2
24182,21064,2018,35182.0
24183,21065,2018,43952.4
24184,21066,2018,12849.4
24185,21067,2018,36738.8
24186,21068,2018,14304.8
24187,21069,2018,56947.0
24188,21070,2018,12446.2
24189,21071,2018,205444.8
24190,21072,2018,33606.8
24191,21073,2018,19116.8
24192,21074,2018,170687.0
24193,21075,2018,25677.4
24194,21076,2018,54978.2
24195,21077,2018,11840.6
24196,21078,2018,31077.6
24197,21079,2018,11379.4
24198,21080,2018,5346.0
24199,21081,2018,7992.4
24200,21082,2018,17332.4
24201,21083,2018,50674.6
24202,21084,2018,13844.4
24203,21085,2018,161718.8
24204,21086,2018,24402.4
24205,21087,2018,26374.0
24206,21088,2018,8975.2
24207,21089,2018,24647.8
24208,21090,2018,45470.6
24209,21091,2018,19813.2
24210,21092,2018,10567.8
24211,21093,2018,15363.8
24212,21094,2018,72310.6
24213,21095,2018,1236.0
24214,21096,2018,6173.0
24215,21097,2018,5155.2
24216,21098,2018,13164.4
24217,21099,2018,40653.8
24218,21100,2018,18787.2
24219,21101,2018,6752.8
24220,21102,2018,27334.4
24221,21103,2018,13089.8
24222,21104,2018,63416.2
24223,21105,2018,10054.6
24224,21106,2018,78580.8
24225,21107,2018,23855.0
24226,21108,2018,38592.8
24227,21109,2018,40685.6
24228,21110,2018,97576.8
24229,21111,2018,37120.6
24230,21112,2018,18733.8
24231,21113,2018,9253.6
24232,21114,2018,3323467.2
24233,21115,2018,111822.0
24234,21116,2018,45078.8
24235,21117,2018,31144.0
24236,21118,2018,58272.4
24237,21119,2018,287292.4
24238,21120,2018,11544.8
24239,21121,2018,2484.8
24240,21122,2018,21485.0
24241,21123,2018,7717.2
24242,21124,2018,31308.0
24243,21125,2018,18741.6
24244,21126,2018,12897.0
24245,21127,2018,7294.8
24246,21128,2018,20006.0
24247,21129,2018,27510.2
24248,21130,2018,7137.6
24249,21131,2018,1910.4
24250,21132,2018,305648.0
24251,21133,2018,1370.0
24252,21134,2018,41325.0
24253,21135,2018,1093.2
24254,21136,2018,24578.4
24255,21137,2018,20460.0
24256,21138,2018,23172.0
24257,21139,2018,7459.8
24258,21140,2018,269701.8
24259,21141,2018,6955.4
24260,21142,2018,60248.2
24261,21143,2018,67205.4
24262,21144,2018,32341.8
24263,21145,2018,26533.0
24264,21146,2018,1548.0
24265,21147,2018,12574.4
24266,21148,2018,21612.8
24267,21149,2018,57308.2
24268,21150,2018,12594.4
24269,21151,2018,18132.2
24270,21152,2018,24918.2
24271,21153,2018,45941.4
24272,21154,2018,157922.6
24273,21155,2018,13115.2
24274,21156,2018,633835.0
24275,21157,2018,24857.2
24276,21158,2018,13511.8
24277,21159,2018,7761.4
24278,21160,2018,7156.4
24279,21161,2018,43221.4
24280,21162,2018,8345.6
24281,21163,2018,36691.2
24282,21164,2018,164796.4
24283,21165,2018,2402.0
24284,21166,2018,17505.8
24285,21167,2018,20692.8
24286,21168,2018,14676.4
24287,21169,2018,43944.0
24288,21170,2018,37301.2
24289,21171,2018,7519.0
24290,21172,2018,53887.2
24291,21173,2018,12922.6
24292,21174,2018,202650.8
24293,21175,2018,27022.0
24294,21176,2018,18833.0
24295,21177,2018,106941.6
24296,21178,2018,32419.6
24297,21179,2018,62092.6
24298,21180,2018,81140.6
24299,21181,2018,14401.6
24300,21182,2018,10597.8
24301,21183,2018,40640.0
24302,21184,2018,12844.0
24303,21185,2018,19937.8
24304,21186,2018,109552.6
24305,21187,2018,10064.0
24306,21188,2018,37744.4
24307,21189,2018,43897.0
24308,21190,2018,2365.2
24309,21191,2018,19546.4
24310,21192,2018,11878.8
24311,21193,2018,12867.2
24312,21194,2018,56912.2
24313,21195,2018,52198.2
24314,21196,2018,3176.6
24315,21197,2018,159286.0
24316,21198,2018,2597.6
24317,21199,2018,83872.8
24318,21200,2018,7077.2
24319,21201,2018,6677.2
24320,21202,2018,25739.6
24321,21203,2018,13913.6
24322,21204,2018,15687.2
24323,21205,2018,51419.6
24324,21206,2018,9157.6
24325,21207,2018,113945.4
24326,21208,2018,170340.8
24327,21209,2018,17112.4
24328,21210,2018,11323.2
24329,21211,2018,32986.6
24330,21212,2018,40927.0
24331,21213,2018,24301.0
24332,21214,2018,35662.4
24333,21215,2018,9104.0
24334,21216,2018,4996.2
24335,21217,2018,40758.4
24336,22000,2018,2263493.0
24337,22001,2018,131898.8
24338,22002,2018,54736.6
24339,22003,2018,26270.8
24340,22004,2018,136436.2
24341,22005,2018,130839.8
24342,22006,2018,397458.0
24343,22007,2018,87773.8
24344,22008,2018,73199.0
24345,22009,2018,54056.2
24346,22010,2018,38092.0
24347,22011,2018,417544.2
24348,22012,2018,149586.0
24349,22013,2018,38091.4
24350,22014,2018,2000611.2
24351,22015,2018,16946.2
24352,22016,2018,573909.0
24353,22017,2018,141062.6
24354,22018,2018,55342.2
24355,23000,2018,1756668.4
24356,23001,2018,173955.0
24357,23002,2018,164658.0
24358,23003,2018,43026.2
24359,23004,2018,473271.8
24360,23005,2018,1723362.8
24361,23006,2018,77262.0
24362,23007,2018,56948.4
24363,23008,2018,598597.6
24364,23009,2018,86483.8
24365,23010,2018,
24366,23011,2018,
24367,24000,2018,2785915.0
24368,24001,2018,37914.8
24369,24002,2018,15762.2
24370,24003,2018,96557.8
24371,24004,2018,8232.2
24372,24005,2018,36928.4
24373,24006,2018,19401.8
24374,24007,2018,39242.4
24375,24008,2018,43925.6
24376,24009,2018,9702.4
24377,24010,2018,61130.4
24378,24011,2018,94578.4
24379,24012,2018,41121.6
24380,24013,2018,355324.2
24381,24014,2018,31893.4
24382,24015,2018,43666.0
24383,24016,2018,82215.4
24384,24017,2018,50678.8
24385,24018,2018,30683.4
24386,24019,2018,11112.6
24387,24020,2018,200550.2
24388,24021,2018,114960.2
24389,24022,2018,38286.8
24390,24023,2018,30845.6
24391,24024,2018,194224.0
24392,24025,2018,61975.0
24393,24026,2018,18836.4
24394,24027,2018,20535.4
24395,24028,2018,1768354.0
24396,24029,2018,38471.8
24397,24030,2018,9897.4
24398,24031,2018,24302.8
24399,24032,2018,80430.2
24400,24033,2018,22130.8
24401,24034,2018,30210.0
24402,24035,2018,638930.2
24403,24036,2018,58438.0
24404,24037,2018,191053.6
24405,24038,2018,29398.8
24406,24039,2018,27789.6
24407,24040,2018,74967.0
24408,24041,2018,36978.8
24409,24042,2018,27502.0
24410,24043,2018,16560.2
24411,24044,2018,15308.6
24412,24045,2018,28673.6
24413,24046,2018,35880.4
24414,24047,2018,18875.0
24415,24048,2018,10626.6
24416,24049,2018,76742.4
24417,24050,2018,103669.0
24418,24051,2018,30745.2
24419,24052,2018,20589.6
24420,24053,2018,65531.2
24421,24054,2018,100269.6
24422,24055,2018,53838.8
24423,24056,2018,33957.8
24424,24057,2018,58534.2
24425,24058,2018,41880.0
24426,25000,2018,2999840.2
24427,25001,2018,903246.6
24428,25002,2018,88870.6
24429,25003,2018,55017.0
24430,25004,2018,51582.2
24431,25005,2018,34014.8
24432,25006,2018,1954792.0
24433,25007,2018,60713.0
24434,25008,2018,109512.8
24435,25009,2018,117890.8
24436,25010,2018,194122.2
24437,25011,2018,579643.0
24438,25012,2018,979971.8
24439,25013,2018,83235.4
24440,25014,2018,103933.4
24441,25015,2018,158967.6
24442,25016,2018,40514.2
24443,25017,2018,162156.0
24444,25018,2018,296763.4
24445,26000,2018,2910268.2
24446,26001,2018,5166.8
24447,26002,2018,179180.2
24448,26003,2018,50796.4
24449,26004,2018,19049.0
24450,26005,2018,2386.0
24451,26006,2018,5799.0
24452,26007,2018,1266.0
24453,26008,2018,2067.4
24454,26009,2018,1555.0
24455,26010,2018,2558.0
24456,26011,2018,3107.0
24457,26012,2018,46960.0
24458,26013,2018,3619.4
24459,26014,2018,6557.2
24460,26015,2018,2455.0
24461,26016,2018,10156.6
24462,26017,2018,176291.4
24463,26018,2018,864941.4
24464,26019,2018,76417.8
24465,26020,2018,10258.2
24466,26021,2018,3824.0
24467,26022,2018,1946.4
24468,26023,2018,11895.2
24469,26024,2018,1530.0
24470,26025,2018,104912.0
24471,26026,2018,122895.0
24472,26027,2018,18099.2
24473,26028,2018,2075.6
24474,26029,2018,311525.6
24475,26030,2018,1816341.6
24476,26031,2018,2454.2
24477,26032,2018,1807.6
24478,26033,2018,156379.2
24479,26034,2018,1978.0
24480,26035,2018,25569.8
24481,26036,2018,65136.4
24482,26037,2018,2332.8
24483,26038,2018,10160.0
24484,26039,2018,11827.6
24485,26040,2018,3291.4
24486,26041,2018,28187.4
24487,26042,2018,326767.2
24488,26043,2018,512632.8
24489,26044,2018,761.0
24490,26045,2018,5250.8
24491,26046,2018,994.8
24492,26047,2018,18664.8
24493,26048,2018,123335.6
24494,26049,2018,6548.0
24495,26050,2018,3060.8
24496,26051,2018,9970.0
24497,26052,2018,10882.2
24498,26053,2018,751.2
24499,26054,2018,1073.0
24500,26055,2018,391138.0
24501,26056,2018,20663.2
24502,26057,2018,3031.4
24503,26058,2018,32555.6
24504,26059,2018,3811.0
24505,26060,2018,4462.2
24506,26061,2018,2777.0
24507,26062,2018,2270.8
24508,26063,2018,2430.8
24509,26064,2018,3001.6
24510,26065,2018,3156.2
24511,26066,2018,17625.8
24512,26067,2018,2983.4
24513,26068,2018,2245.0
24514,26069,2018,10234.0
24515,26070,2018,28226.8
24516,26071,2018,43713.4
24517,26072,2018,28861.0
24518,27000,2018,2371729.2
24519,27001,2018,117161.6
24520,27002,2018,488607.2
24521,27003,2018,213452.2
24522,27004,2018,1349949.4
24523,27005,2018,420925.2
24524,27006,2018,270177.6
24525,27007,2018,63434.8
24526,27008,2018,377416.0
24527,27009,2018,74961.6
24528,27010,2018,179254.4
24529,27011,2018,61251.6
24530,27012,2018,315039.0
24531,27013,2018,286509.4
24532,27014,2018,189433.6
24533,27015,2018,95192.0
24534,27016,2018,115392.4
24535,27017,2018,123370.2
24536,28000,2018,3491389.6
24537,28001,2018,20616.8
24538,28002,2018,58562.6
24539,28003,2018,518009.0
24540,28004,2018,17983.6
24541,28005,2018,8863.0
24542,28006,2018,15128.8
24543,28007,2018,32744.0
24544,28008,2018,8703.6
24545,28009,2018,408379.2
24546,28010,2018,3577.0
24547,28011,2018,17004.4
24548,28012,2018,84304.2
24549,28013,2018,30684.2
24550,28014,2018,8118.6
24551,28015,2018,31548.8
24552,28016,2018,36958.4
24553,28017,2018,31738.0
24554,28018,2018,13592.4
24555,28019,2018,30777.6
24556,28020,2018,4394.8
24557,28021,2018,216527.4
24558,28022,2018,1064405.6
24559,28023,2018,8985.4
24560,28024,2018,12202.4
24561,28025,2018,52980.6
24562,28026,2018,7352.2
24563,28027,2018,833794.6
24564,28028,2018,7534.0
24565,28029,2018,26512.2
24566,28030,2018,27599.6
24567,28031,2018,3822.8
24568,28032,2018,1372702.8
24569,28033,2018,260384.4
24570,28034,2018,15884.4
24571,28035,2018,105714.2
24572,28036,2018,1916.4
24573,28037,2018,48637.4
24574,28038,2018,595129.6
24575,28039,2018,56305.2
24576,28040,2018,121891.4
24577,28041,2018,688979.6
24578,28042,2018,11339.8
24579,28043,2018,44997.4
24580,29000,2018,1310790.6
24581,29001,2018,22207.6
24582,29002,2018,30949.2
24583,29003,2018,13927.0
24584,29004,2018,35415.2
24585,29005,2018,159790.2
24586,29006,2018,100008.0
24587,29007,2018,33882.4
24588,29008,2018,31493.4
24589,29009,2018,11511.2
24590,29010,2018,143616.8
24591,29011,2018,9376.2
24592,29012,2018,18461.0
24593,29013,2018,192213.2
24594,29014,2018,29897.0
24595,29015,2018,76512.2
24596,29016,2018,14759.0
24597,29017,2018,22455.4
24598,29018,2018,75761.6
24599,29019,2018,43133.4
24600,29020,2018,18533.4
24601,29021,2018,36663.4
24602,29022,2018,12575.6
24603,29023,2018,51575.4
24604,29024,2018,55426.8
24605,29025,2018,160192.4
24606,29026,2018,45780.0
24607,29027,2018,25467.4
24608,29028,2018,49117.2
24609,29029,2018,25748.2
24610,29030,2018,30371.0
24611,29031,2018,68114.6
24612,29032,2018,26683.6
24613,29033,2018,195771.6
24614,29034,2018,89001.6
24615,29035,2018,12315.6
24616,29036,2018,44298.2
24617,29037,2018,18036.2
24618,29038,2018,34683.0
24619,29039,2018,49715.4
24620,29040,2018,20922.2
24621,29041,2018,64414.0
24622,29042,2018,27617.2
24623,29043,2018,80847.2
24624,29044,2018,88617.8
24625,29045,2018,12223.8
24626,29046,2018,9637.8
24627,29047,2018,6786.0
24628,29048,2018,37191.2
24629,29049,2018,11448.4
24630,29050,2018,22783.6
24631,29051,2018,7988.6
24632,29052,2018,12600.0
24633,29053,2018,15041.0
24634,29054,2018,11126.0
24635,29055,2018,6091.0
24636,29056,2018,15468.6
24637,29057,2018,9171.2
24638,29058,2018,18337.6
24639,29059,2018,14922.4
24640,29060,2018,10483.2
24641,30000,2018,8016245.4
24642,30001,2018,18853.2
24643,30002,2018,6747.4
24644,30003,2018,163542.0
24645,30004,2018,83491.0
24646,30005,2018,10486.6
24647,30006,2018,45364.4
24648,30007,2018,12982.6
24649,30008,2018,20417.2
24650,30009,2018,56455.8
24651,30010,2018,126979.0
24652,30011,2018,112364.2
24653,30012,2018,15594.6
24654,30013,2018,54147.8
24655,30014,2018,93095.6
24656,30015,2018,67819.8
24657,30016,2018,56137.6
24658,30017,2018,9148.0
24659,30018,2018,3883.6
24660,30019,2018,13452.4
24661,30020,2018,22452.8
24662,30021,2018,46862.2
24663,30022,2018,44275.6
24664,30023,2018,98143.0
24665,30024,2018,32238.2
24666,30025,2018,53737.6
24667,30026,2018,50259.4
24668,30027,2018,32521.0
24669,30028,2018,286519.4
24670,30029,2018,27093.2
24671,30030,2018,83647.2
24672,30031,2018,36805.0
24673,30032,2018,99314.0
24674,30033,2018,48527.4
24675,30034,2018,50389.2
24676,30035,2018,22312.6
24677,30036,2018,21406.4
24678,30037,2018,16232.2
24679,30038,2018,185198.4
24680,30039,2018,620805.0
24681,30040,2018,107564.8
24682,30041,2018,4636.2
24683,30042,2018,11523.6
24684,30043,2018,39352.4
24685,30044,2018,406200.6
24686,30045,2018,110676.8
24687,30046,2018,32149.4
24688,30047,2018,116184.0
24689,30048,2018,256706.4
24690,30049,2018,43435.2
24691,30050,2018,32334.2
24692,30051,2018,45711.2
24693,30052,2018,23653.8
24694,30053,2018,55522.0
24695,30054,2018,23103.8
24696,30055,2018,26785.4
24697,30056,2018,13370.4
24698,30057,2018,27540.0
24699,30058,2018,108342.4
24700,30059,2018,42567.0
24701,30060,2018,32277.8
24702,30061,2018,162371.2
24703,30062,2018,40789.2
24704,30063,2018,27436.2
24705,30064,2018,7968.4
24706,30065,2018,161634.0
24707,30066,2018,53247.6
24708,30067,2018,37276.8
24709,30068,2018,130151.4
24710,30069,2018,48370.8
24711,30070,2018,36931.0
24712,30071,2018,117754.0
24713,30072,2018,43244.6
24714,30073,2018,83443.2
24715,30074,2018,14368.8
24716,30075,2018,33321.6
24717,30076,2018,26833.2
24718,30077,2018,86277.6
24719,30078,2018,24911.6
24720,30079,2018,22532.6
24721,30080,2018,45588.8
24722,30081,2018,52132.6
24723,30082,2018,31387.6
24724,30083,2018,101418.8
24725,30084,2018,11376.6
24726,30085,2018,144581.0
24727,30086,2018,91179.4
24728,30087,2018,964946.8
24729,30088,2018,10063.2
24730,30089,2018,78038.8
24731,30090,2018,21986.0
24732,30091,2018,57153.2
24733,30092,2018,77598.4
24734,30093,2018,32685.2
24735,30094,2018,76666.6
24736,30095,2018,30776.0
24737,30096,2018,3087.2
24738,30097,2018,38717.8
24739,30098,2018,6446.4
24740,30099,2018,36098.0
24741,30100,2018,47372.8
24742,30101,2018,75467.6
24743,30102,2018,215125.8
24744,30103,2018,25201.6
24745,30104,2018,34531.0
24746,30105,2018,176198.8
24747,30106,2018,9522.8
24748,30107,2018,5853.2
24749,30108,2018,295130.8
24750,30109,2018,130645.0
24751,30110,2018,23557.4
24752,30111,2018,33126.4
24753,30112,2018,44667.0
24754,30113,2018,9189.2
24755,30114,2018,20463.4
24756,30115,2018,73580.4
24757,30116,2018,33374.8
24758,30117,2018,47102.4
24759,30118,2018,245495.6
24760,30119,2018,11194.8
24761,30120,2018,22542.8
24762,30121,2018,48363.2
24763,30122,2018,35295.0
24764,30123,2018,193836.6
24765,30124,2018,319772.2
24766,30125,2018,62812.6
24767,30126,2018,66651.6
24768,30127,2018,54703.6
24769,30128,2018,153421.2
24770,30129,2018,36320.8
24771,30130,2018,79911.4
24772,30131,2018,380508.6
24773,30132,2018,39681.8
24774,30133,2018,114967.0
24775,30134,2018,46430.8
24776,30135,2018,46716.8
24777,30136,2018,16178.6
24778,30137,2018,12291.8
24779,30138,2018,83133.8
24780,30139,2018,12216.4
24781,30140,2018,6102.0
24782,30141,2018,323137.4
24783,30142,2018,66258.8
24784,30143,2018,114185.8
24785,30144,2018,65351.8
24786,30145,2018,32489.2
24787,30146,2018,7680.8
24788,30147,2018,47880.4
24789,30148,2018,55931.6
24790,30149,2018,68168.2
24791,30150,2018,23237.4
24792,30151,2018,44774.8
24793,30152,2018,23856.6
24794,30153,2018,11669.2
24795,30154,2018,24515.8
24796,30155,2018,201490.8
24797,30156,2018,11929.4
24798,30157,2018,39792.8
24799,30158,2018,49780.6
24800,30159,2018,56889.2
24801,30160,2018,213946.6
24802,30161,2018,70190.4
24803,30162,2018,12819.8
24804,30163,2018,10164.0
24805,30164,2018,33707.8
24806,30165,2018,17579.6
24807,30166,2018,18660.0
24808,30167,2018,29094.4
24809,30168,2018,32017.4
24810,30169,2018,46141.2
24811,30170,2018,21596.2
24812,30171,2018,11036.8
24813,30172,2018,40284.6
24814,30173,2018,108330.0
24815,30174,2018,191155.2
24816,30175,2018,184914.6
24817,30176,2018,9051.8
24818,30177,2018,22828.8
24819,30178,2018,26173.0
24820,30179,2018,8444.4
24821,30180,2018,21995.0
24822,30181,2018,75595.8
24823,30182,2018,38020.8
24824,30183,2018,121510.0
24825,30184,2018,15587.2
24826,30185,2018,10830.0
24827,30186,2018,14224.0
24828,30187,2018,12062.8
24829,30188,2018,34113.2
24830,30189,2018,305422.4
24831,30190,2018,4493.2
24832,30191,2018,59799.6
24833,30192,2018,40524.4
24834,30193,2018,1192520.0
24835,30194,2018,24332.4
24836,30195,2018,11508.4
24837,30196,2018,35672.6
24838,30197,2018,22499.0
24839,30198,2018,13609.8
24840,30199,2018,23350.4
24841,30200,2018,25091.8
24842,30201,2018,88819.2
24843,30202,2018,29043.2
24844,30203,2018,28625.8
24845,30204,2018,89093.4
24846,30205,2018,38955.4
24847,30206,2018,57617.4
24848,30207,2018,90489.6
24849,30208,2018,46627.2
24850,30209,2018,29893.0
24851,30210,2018,60606.8
24852,30211,2018,60426.4
24853,30212,2018,26038.4
24854,31000,2018,2252912.4
24855,31001,2018,13027.2
24856,31002,2018,33012.4
24857,31003,2018,23821.6
24858,31004,2018,12283.6
24859,31005,2018,4288.6
24860,31006,2018,18165.6
24861,31007,2018,14737.2
24862,31008,2018,7979.0
24863,31009,2018,9040.6
24864,31010,2018,5397.8
24865,31011,2018,16166.2
24866,31012,2018,7500.8
24867,31013,2018,30419.6
24868,31014,2018,3384.0
24869,31015,2018,10889.8
24870,31016,2018,6101.8
24871,31017,2018,9294.6
24872,31018,2018,6643.8
24873,31019,2018,75853.2
24874,31020,2018,8863.0
24875,31021,2018,18266.6
24876,31022,2018,8652.8
24877,31023,2018,9609.4
24878,31024,2018,6457.8
24879,31025,2018,11583.2
24880,31026,2018,7203.0
24881,31027,2018,16644.8
24882,31028,2018,5717.0
24883,31029,2018,12408.8
24884,31030,2018,7844.4
24885,31031,2018,5623.6
24886,31032,2018,33122.6
24887,31033,2018,41668.8
24888,31034,2018,12868.4
24889,31035,2018,12510.2
24890,31036,2018,15882.2
24891,31037,2018,10339.2
24892,31038,2018,68529.6
24893,31039,2018,8234.0
24894,31040,2018,56143.6
24895,31041,2018,258657.6
24896,31042,2018,11103.0
24897,31043,2018,6565.6
24898,31044,2018,14683.4
24899,31045,2018,5263.2
24900,31046,2018,6437.6
24901,31047,2018,11679.6
24902,31048,2018,47102.6
24903,31049,2018,7660.0
24904,31050,2018,1924842.6
24905,31051,2018,6750.0
24906,31052,2018,74158.2
24907,31053,2018,26547.2
24908,31054,2018,5887.8
24909,31055,2018,13848.8
24910,31056,2018,65962.4
24911,31057,2018,15561.4
24912,31058,2018,51276.6
24913,31059,2018,127213.0
24914,31060,2018,1939.2
24915,31061,2018,7813.0
24916,31062,2018,9787.4
24917,31063,2018,11030.0
24918,31064,2018,3369.2
24919,31065,2018,4173.6
24920,31066,2018,8310.8
24921,31067,2018,19816.6
24922,31068,2018,6394.4
24923,31069,2018,17746.6
24924,31070,2018,8047.4
24925,31071,2018,3815.0
24926,31072,2018,3730.4
24927,31073,2018,11175.6
24928,31074,2018,7486.4
24929,31075,2018,13564.0
24930,31076,2018,35213.6
24931,31077,2018,5337.4
24932,31078,2018,7471.2
24933,31079,2018,88463.8
24934,31080,2018,21597.0
24935,31081,2018,6631.8
24936,31082,2018,7062.8
24937,31083,2018,3756.8
24938,31084,2018,14008.6
24939,31085,2018,32705.4
24940,31086,2018,4314.0
24941,31087,2018,10647.0
24942,31088,2018,3858.4
24943,31089,2018,79924.0
24944,31090,2018,14785.4
24945,31091,2018,24905.4
24946,31092,2018,15302.2
24947,31093,2018,36389.6
24948,31094,2018,10625.8
24949,31095,2018,11274.6
24950,31096,2018,159301.0
24951,31097,2018,7313.6
24952,31098,2018,30238.4
24953,31099,2018,8221.2
24954,31100,2018,7886.4
24955,31101,2018,131186.6
24956,31102,2018,166937.6
24957,31103,2018,6820.6
24958,31104,2018,32152.2
24959,31105,2018,6427.0
24960,31106,2018,4406.2
24961,32000,2018,1604587.0
24962,32001,2018,12641.6
24963,32002,2018,9960.4
24964,32003,2018,4755.2
24965,32004,2018,8962.4
24966,32005,2018,89568.0
24967,32006,2018,16514.4
24968,32007,2018,24599.2
24969,32008,2018,26423.8
24970,32009,2018,20451.6
24971,32010,2018,471625.4
24972,32011,2018,6697.0
24973,32012,2018,16425.4
24974,32013,2018,13085.8
24975,32014,2018,41187.8
24976,32015,2018,3196.2
24977,32016,2018,46688.4
24978,32017,2018,403054.2
24979,32018,2018,9071.4
24980,32019,2018,50129.8
24981,32020,2018,119147.2
24982,32021,2018,9044.6
24983,32022,2018,39830.8
24984,32023,2018,24554.2
24985,32024,2018,105447.8
24986,32025,2018,26132.0
24987,32026,2018,35727.6
24988,32027,2018,5475.2
24989,32028,2018,5059.0
24990,32029,2018,46942.4
24991,32030,2018,4933.2
24992,32031,2018,17738.6
24993,32032,2018,25803.2
24994,32033,2018,9162.4
24995,32034,2018,56034.8
24996,32035,2018,32339.8
24997,32036,2018,87178.0
24998,32037,2018,35387.2
24999,32038,2018,143868.8
25000,32039,2018,128446.2
25001,32040,2018,43620.4
25002,32041,2018,5151.0
25003,32042,2018,126621.2
25004,32043,2018,2735.2
25005,32044,2018,32851.0
25006,32045,2018,16642.4
25007,32046,2018,13232.0
25008,32047,2018,10840.0
25009,32048,2018,53950.0
25010,32049,2018,65589.2
25011,32050,2018,20198.4
25012,32051,2018,69666.0
25013,32052,2018,38617.4
25014,32053,2018,26348.0
25015,32054,2018,38589.4
25016,32055,2018,62512.6
25017,32056,2018,294826.6
25018,32057,2018,39559.4
25019,32058,2018,5589.8
25020,0,2019,125047320.8
25021,1000,2019,1408211.6
25022,1001,2019,1870056.3
25023,1002,2019,102238.0
25024,1003,2019,115918.4
25025,1004,2019,33792.7
25026,1005,2019,254266.9
25027,1006,2019,94712.0
25028,1007,2019,113982.6
25029,1008,2019,18934.5
25030,1009,2019,44681.3
25031,1010,2019,42141.1
25032,1011,2019,119033.70000000001
25033,2000,2019,3722195.7
25034,2001,2019,896502.9
25035,2002,2019,2082897.5
25036,2003,2019,216931.6
25037,2004,2019,3773592.5
25038,2005,2019,247152.4
25039,2006,2019,
25040,3000,2019,790232.8
25041,3001,2019,147355.9
25042,3002,2019,128376.6
25043,3003,2019,579238.2
25044,3008,2019,681318.6
25045,3009,2019,36248.4
25046,4000,2019,925308.4
25047,4001,2019,117335.0
25048,4002,2019,581960.9
25049,4003,2019,494588.8
25050,4004,2019,157936.2
25051,4005,2019,63159.1
25052,4006,2019,83555.5
25053,4007,2019,17672.6
25054,4008,2019,22600.9
25055,4009,2019,119427.1
25056,4010,2019,62845.7
25057,4011,2019,94420.5
25058,4012,2019,
25059,5000,2019,3118332.6
25060,5001,2019,2101.5
25061,5002,2019,321285.6
25062,5003,2019,46147.1
25063,5004,2019,58943.7
25064,5005,2019,3331.1
25065,5006,2019,57776.5
25066,5007,2019,25678.7
25067,5008,2019,6102.5
25068,5009,2019,117636.4
25069,5010,2019,163456.4
25070,5011,2019,24036.0
25071,5012,2019,3601.2
25072,5013,2019,3553.8
25073,5014,2019,19504.0
25074,5015,2019,3257.6
25075,5016,2019,3564.5
25076,5017,2019,235173.5
25077,5018,2019,471818.7
25078,5019,2019,16067.8
25079,5020,2019,142796.6
25080,5021,2019,13124.8
25081,5022,2019,65454.2
25082,5023,2019,19774.4
25083,5024,2019,89444.3
25084,5025,2019,349054.2
25085,5026,2019,6573.2
25086,5027,2019,236592.7
25087,5028,2019,129008.2
25088,5029,2019,4942.9
25089,5030,2019,1729579.2
25090,5031,2019,49214.9
25091,5032,2019,84545.3
25092,5033,2019,202999.2
25093,5034,2019,13571.3
25094,5035,2019,1425535.7
25095,5036,2019,40930.3
25096,5037,2019,12520.2
25097,5038,2019,26567.4
25098,6000,2019,727126.9
25099,6001,2019,55676.5
25100,6002,2019,312514.0
25101,6003,2019,43428.5
25102,6004,2019,41636.9
25103,6005,2019,61907.1
25104,6006,2019,11252.2
25105,6007,2019,376789.9
25106,6008,2019,20109.3
25107,6009,2019,233408.2
25108,6010,2019,293711.7
25109,7000,2019,5517538.0
25110,7001,2019,36023.0
25111,7002,2019,44226.7
25112,7003,2019,54505.1
25113,7004,2019,71290.6
25114,7005,2019,48506.8
25115,7006,2019,63063.5
25116,7007,2019,22068.7
25117,7008,2019,63080.1
25118,7009,2019,82789.9
25119,7010,2019,14796.3
25120,7011,2019,40188.9
25121,7012,2019,125990.70000000001
25122,7013,2019,73216.1
25123,7014,2019,47470.5
25124,7015,2019,99105.9
25125,7016,2019,35593.5
25126,7017,2019,177527.3
25127,7018,2019,19543.2
25128,7019,2019,327863.5
25129,7020,2019,100658.0
25130,7021,2019,44368.3
25131,7022,2019,42252.4
25132,7023,2019,198931.5
25133,7024,2019,26783.8
25134,7025,2019,14941.5
25135,7026,2019,92513.6
25136,7027,2019,220194.5
25137,7028,2019,12166.5
25138,7029,2019,10734.8
25139,7030,2019,72888.8
25140,7031,2019,269611.3
25141,7032,2019,61936.8
25142,7033,2019,14456.1
25143,7034,2019,159509.5
25144,7035,2019,28823.8
25145,7036,2019,15325.8
25146,7037,2019,72191.4
25147,7038,2019,45657.9
25148,7039,2019,54780.8
25149,7040,2019,106779.0
25150,7041,2019,91857.9
25151,7042,2019,22587.8
25152,7043,2019,21851.6
25153,7044,2019,57190.6
25154,7045,2019,12434.0
25155,7046,2019,82566.1
25156,7047,2019,48703.1
25157,7048,2019,43470.3
25158,7049,2019,60336.5
25159,7050,2019,10557.7
25160,7051,2019,93519.8
25161,7052,2019,276645.7
25162,7053,2019,15816.3
25163,7054,2019,56468.0
25164,7055,2019,11586.2
25165,7056,2019,26990.4
25166,7057,2019,151726.1
25167,7058,2019,9440.5
25168,7059,2019,465163.9
25169,7060,2019,27734.0
25170,7061,2019,194086.1
25171,7062,2019,36848.6
25172,7063,2019,7945.3
25173,7064,2019,107583.5
25174,7065,2019,261747.4
25175,7066,2019,51730.3
25176,7067,2019,24288.9
25177,7068,2019,63501.1
25178,7069,2019,104687.7
25179,7070,2019,24726.9
25180,7071,2019,61401.3
25181,7072,2019,59628.2
25182,7073,2019,21421.6
25183,7074,2019,88834.4
25184,7075,2019,57227.7
25185,7076,2019,58844.7
25186,7077,2019,127574.0
25187,7078,2019,425783.2
25188,7079,2019,82190.8
25189,7080,2019,54342.3
25190,7081,2019,103447.1
25191,7082,2019,30501.1
25192,7083,2019,37954.1
25193,7084,2019,17125.0
25194,7085,2019,21563.0
25195,7086,2019,50641.0
25196,7087,2019,82372.2
25197,7088,2019,4616.8
25198,7089,2019,701769.5
25199,7090,2019,9016.3
25200,7091,2019,26981.6
25201,7092,2019,47234.6
25202,7093,2019,94749.3
25203,7094,2019,96737.0
25204,7096,2019,164630.9
25205,7097,2019,184259.8
25206,7098,2019,14297.1
25207,7099,2019,164991.1
25208,7100,2019,74886.0
25209,7101,2019,1198413.9
25210,7102,2019,81424.3
25211,7103,2019,60354.0
25212,7104,2019,32864.7
25213,7105,2019,31678.6
25214,7106,2019,134243.5
25215,7107,2019,137826.3
25216,7108,2019,220898.3
25217,7109,2019,79582.0
25218,7110,2019,14903.9
25219,7111,2019,88969.2
25220,7112,2019,74109.6
25221,7113,2019,16292.099999999999
25222,7114,2019,46044.7
25223,7115,2019,28782.7
25224,7116,2019,25178.3
25225,7117,2019,16628.3
25226,7118,2019,11806.6
25227,7119,2019,9584.2
25228,7120,2019,
25229,7121,2019,
25230,7122,2019,
25231,7123,2019,
25232,7124,2019,
25233,7125,2019,
25234,8000,2019,3740477.4
25235,8001,2019,29114.1
25236,8002,2019,51728.1
25237,8003,2019,17168.1
25238,8004,2019,48861.0
25239,8005,2019,52126.3
25240,8006,2019,11827.0
25241,8007,2019,34063.2
25242,8008,2019,24158.7
25243,8009,2019,48536.6
25244,8010,2019,49856.6
25245,8011,2019,99758.5
25246,8012,2019,16963.7
25247,8013,2019,23762.2
25248,8014,2019,4237.0
25249,8015,2019,2644.7
25250,8016,2019,7491.0
25251,8017,2019,357084.7
25252,8018,2019,10487.4
25253,8019,2019,1852614.4
25254,8020,2019,13172.2
25255,8021,2019,299454.8
25256,8022,2019,5019.5
25257,8023,2019,13304.3
25258,8024,2019,7675.9
25259,8025,2019,14379.1
25260,8026,2019,5075.2
25261,8027,2019,102784.1
25262,8028,2019,9063.400000000001
25263,8029,2019,103734.1
25264,8030,2019,17546.8
25265,8031,2019,72913.8
25266,8032,2019,231984.8
25267,8033,2019,1757.2
25268,8034,2019,10770.3
25269,8035,2019,22225.9
25270,8036,2019,82506.6
25271,8037,2019,2989405.5
25272,8038,2019,10089.5
25273,8039,2019,8391.6
25274,8040,2019,51407.2
25275,8041,2019,2847.8999999999996
25276,8042,2019,2582.4
25277,8043,2019,5596.5
25278,8044,2019,8799.7
25279,8045,2019,91080.9
25280,8046,2019,15592.9
25281,8047,2019,9233.4
25282,8048,2019,45800.0
25283,8049,2019,5638.7
25284,8050,2019,130412.2
25285,8051,2019,16344.3
25286,8052,2019,49572.6
25287,8053,2019,10256.4
25288,8054,2019,15536.9
25289,8055,2019,34377.2
25290,8056,2019,4242.9
25291,8057,2019,4469.5
25292,8058,2019,5613.6
25293,8059,2019,10053.3
25294,8060,2019,23099.0
25295,8061,2019,7075.7
25296,8062,2019,60804.2
25297,8063,2019,10959.9
25298,8064,2019,3037.2
25299,8065,2019,36966.6
25300,8066,2019,13897.5
25301,8067,2019,9769.5
25302,9000,2019,9174729.1
25303,9002,2019,860911.2
25304,9003,2019,1230087.8
25305,9004,2019,429154.7
25306,9005,2019,2349186.2
25307,9006,2019,805316.2
25308,9007,2019,3667032.0
25309,9008,2019,493576.6
25310,9009,2019,301099.1
25311,9010,2019,1511857.0
25312,9011,2019,778273.3
25313,9012,2019,1390296.4
25314,9013,2019,878989.0
25315,9014,2019,858563.2
25316,9015,2019,1088957.4
25317,9016,2019,820623.8
25318,9017,2019,884862.8
25319,10000,2019,1828246.5
25320,10001,2019,63155.5
25321,10002,2019,8889.2
25322,10003,2019,8293.6
25323,10004,2019,69783.9
25324,10005,2019,1358099.3
25325,10006,2019,20245.5
25326,10007,2019,738911.2
25327,10008,2019,73271.0
25328,10009,2019,20232.9
25329,10010,2019,7867.8
25330,10011,2019,9629.0
25331,10012,2019,322901.9
25332,10013,2019,53683.2
25333,10014,2019,96747.4
25334,10015,2019,25789.5
25335,10016,2019,38094.2
25336,10017,2019,16525.9
25337,10018,2019,21002.6
25338,10019,2019,10003.7
25339,10020,2019,25210.7
25340,10021,2019,22229.7
25341,10022,2019,51137.0
25342,10023,2019,102825.1
25343,10024,2019,25662.1
25344,10025,2019,5874.8
25345,10026,2019,35732.5
25346,10027,2019,10704.2
25347,10028,2019,24111.7
25348,10029,2019,4228.8
25349,10030,2019,3317.4
25350,10031,2019,13522.0
25351,10032,2019,98231.0
25352,10033,2019,13862.9
25353,10034,2019,53991.0
25354,10035,2019,23117.0
25355,10036,2019,42601.4
25356,10037,2019,19173.9
25357,10038,2019,46500.3
25358,10039,2019,55764.1
25359,11000,2019,6117330.2
25360,11001,2019,182958.9
25361,11002,2019,217750.0
25362,11003,2019,346991.3
25363,11004,2019,127123.2
25364,11005,2019,229472.0
25365,11006,2019,10662.4
25366,11007,2019,1032510.7
25367,11008,2019,82155.4
25368,11009,2019,163750.7
25369,11010,2019,22287.8
25370,11011,2019,194207.9
25371,11012,2019,61122.4
25372,11013,2019,53998.6
25373,11014,2019,323932.9
25374,11015,2019,384657.9
25375,11016,2019,42099.5
25376,11017,2019,1174027.3
25377,11018,2019,77206.4
25378,11019,2019,99430.5
25379,11020,2019,3388541.1
25380,11021,2019,94965.9
25381,11022,2019,53712.8
25382,11023,2019,309579.8
25383,11024,2019,24652.9
25384,11025,2019,164844.4
25385,11026,2019,130326.2
25386,11027,2019,545130.8
25387,11028,2019,188932.2
25388,11029,2019,81536.5
25389,11030,2019,237613.0
25390,11031,2019,258568.8
25391,11032,2019,175913.4
25392,11033,2019,255202.9
25393,11034,2019,11350.7
25394,11035,2019,164418.9
25395,11036,2019,13424.1
25396,11037,2019,401830.7
25397,11038,2019,22705.6
25398,11039,2019,71849.4
25399,11040,2019,39675.2
25400,11041,2019,122588.8
25401,11042,2019,299830.4
25402,11043,2019,42383.6
25403,11044,2019,129888.6
25404,11045,2019,22377.8
25405,11046,2019,138017.7
25406,12000,2019,3533439.6
25407,12001,2019,1561449.5
25408,12002,2019,50534.3
25409,12003,2019,75545.2
25410,12004,2019,42013.3
25411,12005,2019,15395.3
25412,12006,2019,22552.6
25413,12007,2019,66433.1
25414,12008,2019,18164.9
25415,12009,2019,11603.9
25416,12010,2019,56608.4
25417,12011,2019,121658.3
25418,12012,2019,137029.4
25419,12013,2019,30125.9
25420,12014,2019,30876.6
25421,12015,2019,25943.4
25422,12016,2019,25149.5
25423,12017,2019,30995.6
25424,12018,2019,28824.7
25425,12019,2019,31073.5
25426,12020,2019,42789.9
25427,12021,2019,146339.3
25428,12022,2019,78410.3
25429,12023,2019,53332.6
25430,12024,2019,15605.4
25431,12025,2019,33677.7
25432,12026,2019,16755.6
25433,12027,2019,41391.3
25434,12028,2019,246925.0
25435,12029,2019,558555.9
25436,12030,2019,44107.2
25437,12031,2019,12627.5
25438,12032,2019,74586.3
25439,12033,2019,34362.6
25440,12034,2019,73381.1
25441,12035,2019,306127.5
25442,12036,2019,23302.5
25443,12037,2019,12384.7
25444,12038,2019,250739.4
25445,12039,2019,51853.7
25446,12040,2019,52411.3
25447,12041,2019,59277.3
25448,12042,2019,37045.6
25449,12043,2019,37830.0
25450,12044,2019,24622.5
25451,12045,2019,56385.8
25452,12046,2019,135224.5
25453,12047,2019,14168.2
25454,12048,2019,89570.3
25455,12049,2019,25308.1
25456,12050,2019,76725.6
25457,12051,2019,72007.9
25458,12052,2019,91833.5
25459,12053,2019,99989.9
25460,12054,2019,49169.2
25461,12055,2019,210928.1
25462,12056,2019,91776.6
25463,12057,2019,130453.0
25464,12058,2019,107704.0
25465,12059,2019,61598.8
25466,12060,2019,27030.4
25467,12061,2019,85978.0
25468,12062,2019,45318.5
25469,12063,2019,20170.4
25470,12064,2019,23335.1
25471,12065,2019,15116.2
25472,12066,2019,189420.4
25473,12067,2019,44372.3
25474,12068,2019,52728.7
25475,12069,2019,24031.3
25476,12070,2019,15586.1
25477,12071,2019,59498.4
25478,12072,2019,23715.8
25479,12073,2019,36563.8
25480,12074,2019,44077.2
25481,12075,2019,104923.0
25482,12076,2019,78985.7
25483,12077,2019,28326.1
25484,12078,2019,42068.8
25485,12079,2019,36234.3
25486,12080,2019,15061.8
25487,12081,2019,23127.5
25488,13000,2019,3044020.4
25489,13001,2019,44123.1
25490,13002,2019,91046.9
25491,13003,2019,120666.7
25492,13004,2019,20365.7
25493,13005,2019,37404.9
25494,13006,2019,38293.6
25495,13007,2019,24984.4
25496,13008,2019,92625.9
25497,13009,2019,39180.9
25498,13010,2019,62158.4
25499,13011,2019,39582.1
25500,13012,2019,59640.3
25501,13013,2019,118667.1
25502,13014,2019,32524.8
25503,13015,2019,38664.8
25504,13016,2019,119731.7
25505,13017,2019,25815.0
25506,13018,2019,45777.8
25507,13019,2019,37535.2
25508,13020,2019,5246.3
25509,13021,2019,30019.8
25510,13022,2019,32129.9
25511,13023,2019,72031.8
25512,13024,2019,35147.1
25513,13025,2019,41741.2
25514,13026,2019,25546.5
25515,13027,2019,45888.0
25516,13028,2019,252833.4
25517,13029,2019,94313.3
25518,13030,2019,194867.8
25519,13031,2019,24724.0
25520,13032,2019,21382.7
25521,13033,2019,5864.8
25522,13034,2019,19081.9
25523,13035,2019,25831.2
25524,13036,2019,18890.1
25525,13037,2019,42101.4
25526,13038,2019,17592.8
25527,13039,2019,28579.7
25528,13040,2019,19784.4
25529,13041,2019,93600.9
25530,13042,2019,23118.8
25531,13043,2019,12603.4
25532,13044,2019,33759.7
25533,13045,2019,18523.6
25534,13046,2019,77161.6
25535,13047,2019,9568.8
25536,13048,2019,619386.9
25537,13049,2019,37387.3
25538,13050,2019,47007.3
25539,13051,2019,390494.6
25540,13052,2019,76454.3
25541,13053,2019,35539.2
25542,13054,2019,72787.8
25543,13055,2019,36204.8
25544,13056,2019,77923.1
25545,13057,2019,30375.0
25546,13058,2019,34767.8
25547,13059,2019,75453.3
25548,13060,2019,34973.7
25549,13061,2019,111615.1
25550,13062,2019,62084.9
25551,13063,2019,179145.3
25552,13064,2019,21484.7
25553,13065,2019,23423.9
25554,13066,2019,25799.3
25555,13067,2019,108871.9
25556,13068,2019,28636.7
25557,13069,2019,322483.5
25558,13070,2019,37765.8
25559,13071,2019,18419.9
25560,13072,2019,22085.4
25561,13073,2019,75207.7
25562,13074,2019,56885.6
25563,13075,2019,41152.5
25564,13076,2019,228013.8
25565,13077,2019,333398.4
25566,13078,2019,36692.4
25567,13079,2019,14103.5
25568,13080,2019,49137.5
25569,13081,2019,75174.2
25570,13082,2019,42224.6
25571,13083,2019,112168.4
25572,13084,2019,79624.8
25573,14000,2019,8272365.3
25574,14001,2019,46083.8
25575,14002,2019,51699.1
25576,14003,2019,46942.9
25577,14004,2019,11491.1
25578,14005,2019,32660.5
25579,14006,2019,120317.2
25580,14007,2019,18762.4
25581,14008,2019,160092.7
25582,14009,2019,41585.7
25583,14010,2019,15328.4
25584,14011,2019,11184.1
25585,14012,2019,8421.6
25586,14013,2019,126976.1
25587,14014,2019,17340.6
25588,14015,2019,128789.2
25589,14016,2019,82535.9
25590,14017,2019,25811.9
25591,14018,2019,135298.7
25592,14019,2019,14510.6
25593,14020,2019,21934.9
25594,14021,2019,41379.0
25595,14022,2019,80203.7
25596,14023,2019,228218.1
25597,14024,2019,57977.2
25598,14025,2019,39120.2
25599,14026,2019,12600.8
25600,14027,2019,36655.5
25601,14028,2019,4383.8
25602,14029,2019,35883.3
25603,14030,2019,109194.7
25604,14031,2019,6745.3
25605,14032,2019,11966.2
25606,14033,2019,42522.5
25607,14034,2019,4001.1
25608,14035,2019,106582.7
25609,14036,2019,39802.7
25610,14037,2019,51530.1
25611,14038,2019,8514.4
25612,14039,2019,2793177.2
25613,14040,2019,17827.5
25614,14041,2019,11907.5
25615,14042,2019,19880.7
25616,14043,2019,46731.5
25617,14044,2019,130822.1
25618,14045,2019,40961.4
25619,14046,2019,65493.5
25620,14047,2019,49418.0
25621,14048,2019,38126.4
25622,14049,2019,19780.8
25623,14050,2019,93333.6
25624,14051,2019,58239.0
25625,14052,2019,11093.7
25626,14053,2019,342021.5
25627,14054,2019,10768.5
25628,14055,2019,43485.9
25629,14056,2019,3958.7
25630,14057,2019,8140.6
25631,14058,2019,29215.3
25632,14059,2019,27988.7
25633,14060,2019,10849.5
25634,14061,2019,45321.8
25635,14062,2019,7320.3
25636,14063,2019,209537.8
25637,14064,2019,66596.9
25638,14065,2019,23172.5
25639,14066,2019,106383.5
25640,14067,2019,576598.1
25641,14068,2019,22942.5
25642,14069,2019,15783.1
25643,14070,2019,447573.19999999995
25644,14071,2019,6052.6
25645,14072,2019,15214.9
25646,14073,2019,143504.9
25647,14074,2019,33423.3
25648,14075,2019,7636.6
25649,14076,2019,6423.9
25650,14077,2019,55895.8
25651,14078,2019,64099.3
25652,14079,2019,32401.1
25653,14080,2019,10405.6
25654,14081,2019,7076.8
25655,14082,2019,73996.4
25656,14083,2019,171847.5
25657,14084,2019,30237.3
25658,14085,2019,77972.2
25659,14086,2019,42007.5
25660,14087,2019,33830.0
25661,14088,2019,33245.5
25662,14089,2019,8061.2
25663,14090,2019,14574.1
25664,14091,2019,80027.8
25665,14092,2019,22055.4
25666,14093,2019,298188.6
25667,14094,2019,88364.3
25668,14095,2019,19230.4
25669,14096,2019,45158.1
25670,14097,2019,1393615.6
25671,14098,2019,1358476.6
25672,14099,2019,22158.1
25673,14100,2019,72707.2
25674,14101,2019,1121658.2
25675,14102,2019,11931.5
25676,14103,2019,15090.9
25677,14104,2019,8489.0
25678,14105,2019,47070.7
25679,14106,2019,10938.4
25680,14107,2019,13352.6
25681,14108,2019,74506.7
25682,14109,2019,38058.2
25683,14110,2019,27644.2
25684,14111,2019,13430.5
25685,14112,2019,12322.7
25686,14113,2019,32946.9
25687,14114,2019,37752.8
25688,14115,2019,11187.8
25689,14116,2019,39976.4
25690,14117,2019,8821.2
25691,14118,2019,45016.3
25692,14119,2019,60481.5
25693,14120,2019,2906872.6
25694,14121,2019,66563.3
25695,14122,2019,14810.4
25696,14123,2019,38343.0
25697,14124,2019,129518.2
25698,14125,2019,36596.8
25699,15000,2019,16817403.6
25700,15001,2019,134359.3
25701,15002,2019,336031.1
25702,15003,2019,97645.5
25703,15004,2019,30570.6
25704,15005,2019,343805.5
25705,15006,2019,25026.4
25706,15007,2019,47188.6
25707,15008,2019,50775.7
25708,15009,2019,105928.6
25709,15010,2019,62921.4
25710,15011,2019,147129.2
25711,15012,2019,25433.7
25712,15013,2019,1040601.6
25713,15014,2019,215674.9
25714,15015,2019,62971.7
25715,15016,2019,57562.5
25716,15017,2019,19927.8
25717,15018,2019,132689.1
25718,15019,2019,73284.4
25719,15020,2019,583817.1
25720,15021,2019,76796.7
25721,15022,2019,29635.4
25722,15023,2019,81404.1
25723,15024,2019,349954.1
25724,15025,2019,782137.3
25725,15026,2019,62638.6
25726,15027,2019,24924.8
25727,15028,2019,59319.2
25728,15029,2019,396361.2
25729,15030,2019,54409.4
25730,15031,2019,1392238.3
25731,15032,2019,74083.0
25732,15033,2019,3292855.0
25733,15034,2019,21366.2
25734,15035,2019,313849.0
25735,15036,2019,92135.4
25736,15037,2019,561375.1
25737,15038,2019,23535.3
25738,15039,2019,1069491.7
25739,15040,2019,73148.0
25740,15041,2019,12980.8
25741,15042,2019,316546.7
25742,15043,2019,60618.4
25743,15044,2019,56056.2
25744,15045,2019,174559.5
25745,15046,2019,39372.6
25746,15047,2019,152105.0
25747,15048,2019,136937.9
25748,15049,2019,30338.4
25749,15050,2019,53541.3
25750,15051,2019,333555.9
25751,15052,2019,55805.4
25752,15053,2019,120249.6
25753,15054,2019,478985.6
25754,15055,2019,27195.8
25755,15056,2019,65402.9
25756,15057,2019,1668743.8
25757,15058,2019,2165399.9
25758,15059,2019,109101.29999999999
25759,15060,2019,848403.0
25760,15061,2019,20416.0
25761,15062,2019,142149.6
25762,15063,2019,71562.9
25763,15064,2019,73375.8
25764,15065,2019,73093.3
25765,15066,2019,9818.9
25766,15067,2019,175441.2
25767,15068,2019,60870.1
25768,15069,2019,9588.2
25769,15070,2019,598127.4
25770,15071,2019,29579.7
25771,15072,2019,31303.3
25772,15073,2019,61962.0
25773,15074,2019,285142.9
25774,15075,2019,57511.9
25775,15076,2019,189868.2
25776,15077,2019,13308.8
25777,15078,2019,19334.4
25778,15079,2019,28141.0
25779,15080,2019,48622.8
25780,15081,2019,1058452.0
25781,15082,2019,156977.8
25782,15083,2019,27695.4
25783,15084,2019,85665.0
25784,15085,2019,132084.2
25785,15086,2019,69609.7
25786,15087,2019,208397.0
25787,15088,2019,206617.8
25788,15089,2019,22612.7
25789,15090,2019,178525.4
25790,15091,2019,130449.2
25791,15092,2019,115924.7
25792,15093,2019,64235.4
25793,15094,2019,40589.0
25794,15095,2019,204374.0
25795,15096,2019,77863.8
25796,15097,2019,36751.0
25797,15098,2019,11347.0
25798,15099,2019,546673.1
25799,15100,2019,91719.6
25800,15101,2019,165803.4
25801,15102,2019,32623.4
25802,15103,2019,97861.1
25803,15104,2019,1342808.6
25804,15105,2019,63831.8
25805,15106,2019,1803032.7
25806,15107,2019,25662.2
25807,15108,2019,310080.2
25808,15109,2019,1026813.5
25809,15110,2019,123214.7
25810,15111,2019,105442.2
25811,15112,2019,101680.9
25812,15113,2019,136353.5
25813,15114,2019,213636.9
25814,15115,2019,107605.6
25815,15116,2019,10006.8
25816,15117,2019,27373.7
25817,15118,2019,400526.0
25818,15119,2019,37172.4
25819,15120,2019,536785.0
25820,15121,2019,1101628.4
25821,15122,2019,776658.5
25822,15123,2019,57621.2
25823,15124,2019,198416.6
25824,15125,2019,28842.0
25825,16000,2019,4727196.9
25826,16001,2019,22567.2
25827,16002,2019,30191.4
25828,16003,2019,45642.8
25829,16004,2019,29850.6
25830,16005,2019,21767.3
25831,16006,2019,252278.0
25832,16007,2019,7003.1
25833,16008,2019,50348.7
25834,16009,2019,72353.3
25835,16010,2019,41908.0
25836,16011,2019,23164.7
25837,16012,2019,90547.5
25838,16013,2019,18751.0
25839,16014,2019,33665.1
25840,16015,2019,40075.5
25841,16016,2019,41849.1
25842,16017,2019,69735.1
25843,16018,2019,18867.2
25844,16019,2019,40377.5
25845,16020,2019,59498.9
25846,16021,2019,26813.7
25847,16022,2019,52252.8
25848,16023,2019,20747.4
25849,16024,2019,40706.0
25850,16025,2019,80277.1
25851,16026,2019,9947.0
25852,16027,2019,9938.3
25853,16028,2019,10534.0
25854,16029,2019,25175.5
25855,16030,2019,23904.2
25856,16031,2019,32278.4
25857,16032,2019,31206.0
25858,16033,2019,42959.3
25859,16034,2019,250131.7
25860,16035,2019,61820.6
25861,16036,2019,23299.8
25862,16037,2019,15898.7
25863,16038,2019,84378.7
25864,16039,2019,17816.5
25865,16040,2019,36401.9
25866,16041,2019,31832.9
25867,16042,2019,28475.8
25868,16043,2019,136719.6
25869,16044,2019,25985.4
25870,16045,2019,71952.2
25871,16046,2019,29632.1
25872,16047,2019,39768.4
25873,16048,2019,11448.1
25874,16049,2019,38526.9
25875,16050,2019,176832.1
25876,16051,2019,27807.7
25877,16052,2019,388954.7
25878,16053,2019,1674420.6
25879,16054,2019,15989.4
25880,16055,2019,91386.5
25881,16056,2019,64124.7
25882,16057,2019,16740.6
25883,16058,2019,41667.3
25884,16059,2019,17922.0
25885,16060,2019,18932.9
25886,16061,2019,49118.8
25887,16062,2019,41752.6
25888,16063,2019,30031.8
25889,16064,2019,53587.1
25890,16065,2019,78364.3
25891,16066,2019,194708.8
25892,16067,2019,33377.3
25893,16068,2019,58093.1
25894,16069,2019,212177.7
25895,16070,2019,30982.5
25896,16071,2019,138254.3
25897,16072,2019,27879.6
25898,16073,2019,54047.7
25899,16074,2019,20992.4
25900,16075,2019,154965.3
25901,16076,2019,155863.2
25902,16077,2019,35598.1
25903,16078,2019,25611.4
25904,16079,2019,98925.8
25905,16080,2019,39433.7
25906,16081,2019,18146.8
25907,16082,2019,157302.8
25908,16083,2019,66188.3
25909,16084,2019,62688.5
25910,16085,2019,70039.7
25911,16086,2019,31012.0
25912,16087,2019,30778.0
25913,16088,2019,221942.8
25914,16089,2019,48034.9
25915,16090,2019,32210.1
25916,16091,2019,29605.4
25917,16092,2019,26351.9
25918,16093,2019,56919.5
25919,16094,2019,12939.3
25920,16095,2019,24670.5
25921,16096,2019,12849.7
25922,16097,2019,59132.0
25923,16098,2019,51632.1
25924,16099,2019,29334.5
25925,16100,2019,29551.3
25926,16101,2019,18523.2
25927,16102,2019,705919.9
25928,16103,2019,46981.1
25929,16104,2019,31984.3
25930,16105,2019,41595.9
25931,16106,2019,64148.2
25932,16107,2019,153060.4
25933,16108,2019,406365.3
25934,16109,2019,6470.4
25935,16110,2019,97642.5
25936,16111,2019,36224.3
25937,16112,2019,313884.4
25938,16113,2019,52317.0
25939,17000,2019,1954326.5
25940,17001,2019,35112.2
25941,17002,2019,49218.0
25942,17003,2019,77307.0
25943,17004,2019,177634.9
25944,17005,2019,21579.9
25945,17006,2019,371886.1
25946,17007,2019,754318.1
25947,17008,2019,209426.1
25948,17009,2019,47604.7
25949,17010,2019,36279.2
25950,17011,2019,427033.7
25951,17012,2019,114913.9
25952,17013,2019,33003.8
25953,17014,2019,19277.6
25954,17015,2019,33459.0
25955,17016,2019,38001.8
25956,17017,2019,84401.20000000001
25957,17018,2019,241711.8
25958,17019,2019,55728.8
25959,17020,2019,107344.0
25960,17021,2019,15220.2
25961,17022,2019,30614.0
25962,17023,2019,15631.2
25963,17024,2019,104181.9
25964,17025,2019,67177.8
25965,17026,2019,38286.2
25966,17027,2019,25124.1
25967,17028,2019,145384.6
25968,17029,2019,209991.7
25969,17030,2019,110371.6
25970,17031,2019,71986.8
25971,17032,2019,19781.1
25972,17033,2019,32765.7
25973,17034,2019,
25974,17035,2019,
25975,17036,2019,
25976,18000,2019,1228600.1
25977,18001,2019,74569.8
25978,18002,2019,30912.5
25979,18003,2019,23055.6
25980,18004,2019,154015.9
25981,18005,2019,24694.6
25982,18006,2019,58307.6
25983,18007,2019,38417.1
25984,18008,2019,127489.9
25985,18009,2019,93981.4
25986,18010,2019,67385.1
25987,18011,2019,48270.1
25988,18012,2019,83624.7
25989,18013,2019,15368.7
25990,18014,2019,49637.1
25991,18015,2019,188036.6
25992,18016,2019,74945.3
25993,18017,2019,844411.6
25994,18018,2019,60169.9
25995,18019,2019,28540.8
25996,18020,2019,363174.1
25997,19000,2019,5682800.9
25998,19001,2019,5955.3
25999,19002,2019,6898.0
26000,19003,2019,2823.5
26001,19004,2019,70109.6
26002,19005,2019,36649.5
26003,19006,2019,1286455.7
26004,19007,2019,30352.0
26005,19008,2019,7444.4
26006,19009,2019,239826.7
26007,19010,2019,191331.69999999998
26008,19011,2019,14956.2
26009,19012,2019,128727.09999999999
26010,19013,2019,20573.0
26011,19014,2019,72333.0
26012,19015,2019,2945.2
26013,19016,2019,6753.1
26014,19017,2019,82124.8
26015,19018,2019,743826.0
26016,19019,2019,262450.9
26017,19020,2019,11256.4
26018,19021,2019,937801.3
26019,19022,2019,28854.7
26020,19023,2019,3550.3
26021,19024,2019,12719.9
26022,19025,2019,195054.3
26023,19026,2019,1293274.1
26024,19027,2019,3980.6
26025,19028,2019,2897.9
26026,19029,2019,14170.7
26027,19030,2019,6745.4
26028,19031,2019,900339.2
26029,19032,2019,10774.4
26030,19033,2019,169032.9
26031,19034,2019,10376.0
26032,19035,2019,2858.6000000000004
26033,19036,2019,15211.0
26034,19037,2019,12078.0
26035,19038,2019,134015.4
26036,19039,2019,2284516.5
26037,19040,2019,1885.7
26038,19041,2019,270181.6
26039,19042,2019,11031.9
26040,19043,2019,4963.8
26041,19044,2019,69587.8
26042,19045,2019,163100.5
26043,19046,2019,830612.8
26044,19047,2019,32292.0
26045,19048,2019,605241.6
26046,19049,2019,92563.5
26047,19050,2019,3329.7
26048,19051,2019,7310.3
26049,20000,2019,4109176.6
26050,20001,2019,1730.6
26051,20002,2019,90482.6
26052,20003,2019,5083.6
26053,20004,2019,2196.5
26054,20005,2019,30539.3
26055,20006,2019,40477.2
26056,20007,2019,4833.4
26057,20008,2019,1489.6
26058,20009,2019,13686.6
26059,20010,2019,27017.7
26060,20011,2019,2767.6
26061,20012,2019,22162.4
26062,20013,2019,6049.7
26063,20014,2019,55879.3
26064,20015,2019,10591.6
26065,20016,2019,18919.6
26066,20017,2019,7153.0
26067,20018,2019,1522.9
26068,20019,2019,5581.3
26069,20020,2019,9519.3
26070,20021,2019,29031.8
26071,20022,2019,1629.3
26072,20023,2019,52082.2
26073,20024,2019,7346.6
26074,20025,2019,22672.4
26075,20026,2019,17964.2
26076,20027,2019,4418.9
26077,20028,2019,45614.1
26078,20029,2019,8440.3
26079,20030,2019,17599.0
26080,20031,2019,14410.6
26081,20032,2019,2145.2
26082,20033,2019,5758.8
26083,20034,2019,2603.4
26084,20035,2019,1304.0
26085,20036,2019,10537.1
26086,20037,2019,8861.1
26087,20038,2019,3820.3
26088,20039,2019,154931.8
26089,20040,2019,12699.2
26090,20041,2019,63096.5
26091,20042,2019,16634.2
26092,20043,2019,223339.7
26093,20044,2019,82381.7
26094,20045,2019,15707.3
26095,20046,2019,5973.4
26096,20047,2019,165.4
26097,20048,2019,2842.0
26098,20049,2019,2359.9
26099,20050,2019,7505.6
26100,20051,2019,9448.8
26101,20052,2019,12034.9
26102,20053,2019,2587.8
26103,20054,2019,809.0
26104,20055,2019,7443.5
26105,20056,2019,2904.5
26106,20057,2019,76658.0
26107,20058,2019,25626.1
26108,20059,2019,98991.2
26109,20060,2019,5030.6
26110,20061,2019,5721.0
26111,20062,2019,1013.6
26112,20063,2019,8503.8
26113,20064,2019,16799.1
26114,20065,2019,2182.8
26115,20066,2019,10736.9
26116,20067,2019,540425.9
26117,20068,2019,47041.6
26118,20069,2019,5982.8
26119,20070,2019,12906.4
26120,20071,2019,6731.8
26121,20072,2019,15822.0
26122,20073,2019,68765.4
26123,20074,2019,921.8
26124,20075,2019,5322.2
26125,20076,2019,6812.2
26126,20077,2019,8579.8
26127,20078,2019,2560.2
26128,20079,2019,168474.4
26129,20080,2019,3131.6
26130,20081,2019,3751.3
26131,20082,2019,8288.3
26132,20083,2019,22121.6
26133,20084,2019,8283.3
26134,20085,2019,51699.8
26135,20086,2019,2038.7
26136,20087,2019,10752.8
26137,20088,2019,5814.2
26138,20089,2019,4590.0
26139,20090,2019,12413.4
26140,20091,2019,12286.8
26141,20092,2019,3485.1
26142,20093,2019,1034.3
26143,20094,2019,3723.6
26144,20095,2019,9009.6
26145,20096,2019,1516.8
26146,20097,2019,3535.8
26147,20098,2019,8528.7
26148,20099,2019,780.8
26149,20100,2019,813.1
26150,20101,2019,1491.6
26151,20102,2019,10472.3
26152,20103,2019,12045.4
26153,20104,2019,5373.3
26154,20105,2019,15150.4
26155,20106,2019,513.9
26156,20107,2019,51600.2
26157,20108,2019,6190.799999999999
26158,20109,2019,2464.2
26159,20110,2019,3323.0
26160,20111,2019,9650.2
26161,20112,2019,5126.8
26162,20113,2019,6283.5
26163,20114,2019,1349.1
26164,20115,2019,20459.0
26165,20116,2019,8246.2
26166,20117,2019,4478.2
26167,20118,2019,4814.4
26168,20119,2019,1415.1
26169,20120,2019,881.8
26170,20121,2019,1213.9
26171,20122,2019,1319.9
26172,20123,2019,5637.2
26173,20124,2019,38904.7
26174,20125,2019,23373.6
26175,20126,2019,10722.7
26176,20127,2019,2511.0
26177,20128,2019,2661.7
26178,20129,2019,724.1
26179,20130,2019,10351.4
26180,20131,2019,22668.3
26181,20132,2019,2741.3
26182,20133,2019,7886.2
26183,20134,2019,56674.5
26184,20135,2019,16272.4
26185,20136,2019,24261.6
26186,20137,2019,6930.4
26187,20138,2019,903.8
26188,20139,2019,4387.1
26189,20140,2019,1627.5
26190,20141,2019,17167.1
26191,20142,2019,1747.6
26192,20143,2019,18826.5
26193,20144,2019,2157.0
26194,20145,2019,10081.8
26195,20146,2019,5578.6
26196,20147,2019,762.8
26197,20148,2019,4316.6
26198,20149,2019,3948.6
26199,20150,2019,27329.6
26200,20151,2019,641.5
26201,20152,2019,4881.4
26202,20153,2019,9801.1
26203,20154,2019,4670.8
26204,20155,2019,2107.5
26205,20156,2019,7316.9
26206,20157,2019,33060.6
26207,20158,2019,4465.6
26208,20159,2019,11099.0
26209,20160,2019,2862.0
26210,20161,2019,5460.1
26211,20162,2019,4075.7
26212,20163,2019,3160.9
26213,20164,2019,5828.8
26214,20165,2019,3234.4
26215,20166,2019,22592.0
26216,20167,2019,4287.0
26217,20168,2019,1901.7
26218,20169,2019,8388.6
26219,20170,2019,7429.8
26220,20171,2019,36299.6
26221,20172,2019,831.6
26222,20173,2019,2929.1
26223,20174,2019,8972.4
26224,20175,2019,2908.0
26225,20176,2019,5503.5
26226,20177,2019,20588.5
26227,20178,2019,13303.7
26228,20179,2019,2897.0
26229,20180,2019,4685.1
26230,20181,2019,908.7
26231,20182,2019,4385.7
26232,20183,2019,2947.1
26233,20184,2019,318488.4
26234,20185,2019,17827.7
26235,20186,2019,1065.4
26236,20187,2019,3763.3999999999996
26237,20188,2019,19198.5
26238,20189,2019,6112.2
26239,20190,2019,45194.4
26240,20191,2019,614.0
26241,20192,2019,3028.0
26242,20193,2019,5562.1
26243,20194,2019,2717.6
26244,20195,2019,2152.0
26245,20196,2019,817.3
26246,20197,2019,6534.6
26247,20198,2019,59347.0
26248,20199,2019,1039.9
26249,20200,2019,7476.1
26250,20201,2019,3750.4
26251,20202,2019,9219.6
26252,20203,2019,7025.4
26253,20204,2019,1284.2
26254,20205,2019,34081.9
26255,20206,2019,4841.1
26256,20207,2019,37708.0
26257,20208,2019,14022.6
26258,20209,2019,1234.8
26259,20210,2019,11727.3
26260,20211,2019,6776.4
26261,20212,2019,6172.0
26262,20213,2019,8300.2
26263,20214,2019,4124.6
26264,20215,2019,1735.7
26265,20216,2019,2500.0
26266,20217,2019,6800.2
26267,20218,2019,1103.7
26268,20219,2019,5329.1
26269,20220,2019,5411.8
26270,20221,2019,2965.9
26271,20222,2019,2872.8
26272,20223,2019,882.4
26273,20224,2019,1300.8
26274,20225,2019,11816.4
26275,20226,2019,5936.8
26276,20227,2019,35791.1
26277,20228,2019,1653.6
26278,20229,2019,17884.8
26279,20230,2019,1879.0
26280,20231,2019,6341.8
26281,20232,2019,44246.6
26282,20233,2019,3450.4
26283,20234,2019,14404.2
26284,20235,2019,7630.8
26285,20236,2019,2798.6
26286,20237,2019,3137.6
26287,20238,2019,1952.4
26288,20239,2019,2015.4
26289,20240,2019,5451.0
26290,20241,2019,2078.3
26291,20242,2019,24687.4
26292,20243,2019,3916.3
26293,20244,2019,7823.5
26294,20245,2019,2645.5
26295,20246,2019,1224.0
26296,20247,2019,3207.6
26297,20248,2019,30880.1
26298,20249,2019,7590.8
26299,20250,2019,2471.0
26300,20251,2019,2433.4
26301,20252,2019,4714.4
26302,20253,2019,4141.3
26303,20254,2019,6455.1
26304,20255,2019,3975.8
26305,20256,2019,467.5
26306,20257,2019,2111.8
26307,20258,2019,1405.2
26308,20259,2019,4353.3
26309,20260,2019,4452.6
26310,20261,2019,13926.8
26311,20262,2019,2005.8
26312,20263,2019,6448.4
26313,20264,2019,4372.7
26314,20265,2019,13443.6
26315,20266,2019,17193.7
26316,20267,2019,500.4
26317,20268,2019,2257.7
26318,20269,2019,8592.4
26319,20270,2019,2644.6
26320,20271,2019,6403.7
26321,20272,2019,12498.8
26322,20273,2019,7575.4
26323,20274,2019,2652.3
26324,20275,2019,14599.0
26325,20276,2019,1410.0
26326,20277,2019,24859.8
26327,20278,2019,76961.2
26328,20279,2019,5899.7
26329,20280,2019,4098.6
26330,20281,2019,617.5
26331,20282,2019,1335.0
26332,20283,2019,2088.4
26333,20284,2019,6290.1
26334,20285,2019,7324.1
26335,20286,2019,6233.7
26336,20287,2019,642.3
26337,20288,2019,1175.2
26338,20289,2019,2413.8
26339,20290,2019,2079.8
26340,20291,2019,8591.7
26341,20292,2019,3008.5
26342,20293,2019,33927.0
26343,20294,2019,13929.4
26344,20295,2019,19845.4
26345,20296,2019,1907.2
26346,20297,2019,5382.7
26347,20298,2019,26832.5
26348,20299,2019,2246.6
26349,20300,2019,13237.6
26350,20301,2019,3181.8
26351,20302,2019,9039.7
26352,20303,2019,2180.2
26353,20304,2019,1465.1
26354,20305,2019,8599.3
26355,20306,2019,9183.3
26356,20307,2019,19454.4
26357,20308,2019,6531.5
26358,20309,2019,20736.6
26359,20310,2019,27569.699999999997
26360,20311,2019,961.9
26361,20312,2019,22618.3
26362,20313,2019,1488.9
26363,20314,2019,3515.6
26364,20315,2019,3761.0
26365,20316,2019,1479.0
26366,20317,2019,2552.9
26367,20318,2019,98218.1
26368,20319,2019,1974.2
26369,20320,2019,1416.8
26370,20321,2019,1533.7
26371,20322,2019,1591.6
26372,20323,2019,4754.2
26373,20324,2019,95633.6
26374,20325,2019,23591.4
26375,20326,2019,10097.6
26376,20327,2019,30964.1
26377,20328,2019,2831.3
26378,20329,2019,2339.7
26379,20330,2019,8592.8
26380,20331,2019,1947.2
26381,20332,2019,753.8
26382,20333,2019,6460.4
26383,20334,2019,100030.9
26384,20335,2019,1761.1
26385,20336,2019,3512.3
26386,20337,2019,11249.3
26387,20338,2019,20505.8
26388,20339,2019,8646.9
26389,20340,2019,3543.7
26390,20341,2019,480.2
26391,20342,2019,7805.799999999999
26392,20343,2019,3978.8
26393,20344,2019,5590.2
26394,20345,2019,8337.3
26395,20346,2019,3065.4
26396,20347,2019,8296.4
26397,20348,2019,16431.8
26398,20349,2019,4349.9
26399,20350,2019,33643.9
26400,20351,2019,5568.8
26401,20352,2019,9658.6
26402,20353,2019,4728.6
26403,20354,2019,974.2
26404,20355,2019,1385.7
26405,20356,2019,4320.8
26406,20357,2019,1708.2
26407,20358,2019,3895.2
26408,20359,2019,1308.4
26409,20360,2019,7892.3
26410,20361,2019,1669.4
26411,20362,2019,2992.9
26412,20363,2019,5362.0
26413,20364,2019,36565.4
26414,20365,2019,2176.6
26415,20366,2019,7444.5
26416,20367,2019,9172.4
26417,20368,2019,4084.7
26418,20369,2019,4324.7
26419,20370,2019,1341.8
26420,20371,2019,1965.6
26421,20372,2019,2746.0
26422,20373,2019,816.8
26423,20374,2019,3255.0
26424,20375,2019,25784.0
26425,20376,2019,729.8
26426,20377,2019,21876.3
26427,20378,2019,7435.5
26428,20379,2019,5903.4
26429,20380,2019,4430.0
26430,20381,2019,5813.2
26431,20382,2019,2376.0
26432,20383,2019,1192.6
26433,20384,2019,9537.9
26434,20385,2019,196292.0
26435,20386,2019,37927.1
26436,20387,2019,5777.5
26437,20388,2019,5606.3
26438,20389,2019,1818.6
26439,20390,2019,100122.8
26440,20391,2019,6755.2
26441,20392,2019,13442.4
26442,20393,2019,8239.6
26443,20394,2019,5589.3
26444,20395,2019,3315.4
26445,20396,2019,6516.6
26446,20397,2019,79944.6
26447,20398,2019,9671.4
26448,20399,2019,80960.3
26449,20400,2019,3411.3
26450,20401,2019,53221.8
26451,20402,2019,2144.3
26452,20403,2019,7319.3
26453,20404,2019,1526.6
26454,20405,2019,3667.8
26455,20406,2019,42786.2
26456,20407,2019,18992.2
26457,20408,2019,994.9
26458,20409,2019,17745.7
26459,20410,2019,6850.5
26460,20411,2019,1806.6
26461,20412,2019,6434.7
26462,20413,2019,99311.0
26463,20414,2019,23787.1
26464,20415,2019,9758.2
26465,20416,2019,934.0
26466,20417,2019,19308.0
26467,20418,2019,23512.9
26468,20419,2019,1183.9
26469,20420,2019,3358.2
26470,20421,2019,9341.5
26471,20422,2019,1240.5
26472,20423,2019,987.5
26473,20424,2019,7672.6
26474,20425,2019,4146.2
26475,20426,2019,17713.6
26476,20427,2019,33165.5
26477,20428,2019,4357.2
26478,20429,2019,3035.6
26479,20430,2019,621.2
26480,20431,2019,3648.8
26481,20432,2019,1819.0
26482,20433,2019,5368.4
26483,20434,2019,8115.3
26484,20435,2019,7138.4
26485,20436,2019,1839.3
26486,20437,2019,19308.7
26487,20438,2019,3668.4
26488,20439,2019,50489.8
26489,20440,2019,1640.8
26490,20441,2019,18225.1
26491,20442,2019,520.8
26492,20443,2019,871.6
26493,20444,2019,965.4
26494,20445,2019,3386.6
26495,20446,2019,12133.6
26496,20447,2019,33801.3
26497,20448,2019,4852.4
26498,20449,2019,6622.3
26499,20450,2019,27411.5
26500,20451,2019,2047.5
26501,20452,2019,8807.2
26502,20453,2019,7837.2
26503,20454,2019,7044.2
26504,20455,2019,5779.3
26505,20456,2019,3339.9
26506,20457,2019,6703.1
26507,20458,2019,2316.8
26508,20459,2019,9682.0
26509,20460,2019,10522.0
26510,20461,2019,1079.6
26511,20462,2019,9169.6
26512,20463,2019,1096.4
26513,20464,2019,712.5
26514,20465,2019,3273.3
26515,20466,2019,27390.8
26516,20467,2019,38128.1
26517,20468,2019,28291.8
26518,20469,2019,69117.5
26519,20470,2019,8891.7
26520,20471,2019,883.1
26521,20472,2019,6700.2
26522,20473,2019,2602.7
26523,20474,2019,6846.5
26524,20475,2019,20254.3
26525,20476,2019,841.4
26526,20477,2019,2695.2
26527,20478,2019,3283.6
26528,20479,2019,363.0
26529,20480,2019,2631.2
26530,20481,2019,3812.3
26531,20482,2019,110751.4
26532,20483,2019,21513.6
26533,20484,2019,8876.5
26534,20485,2019,6258.8
26535,20486,2019,4854.5
26536,20487,2019,3933.6
26537,20488,2019,264.8
26538,20489,2019,9833.0
26539,20490,2019,5968.4
26540,20491,2019,9728.4
26541,20492,2019,5617.2
26542,20493,2019,1100.0
26543,20494,2019,12335.0
26544,20495,2019,6050.3
26545,20496,2019,3841.6
26546,20497,2019,8444.0
26547,20498,2019,15508.7
26548,20499,2019,3875.1
26549,20500,2019,15973.7
26550,20501,2019,1987.1
26551,20502,2019,10276.7
26552,20503,2019,839.8
26553,20504,2019,3195.1
26554,20505,2019,15340.0
26555,20506,2019,1595.9
26556,20507,2019,6326.0
26557,20508,2019,3229.6
26558,20509,2019,22600.6
26559,20510,2019,1543.9
26560,20511,2019,6755.4
26561,20512,2019,2177.0
26562,20513,2019,17943.6
26563,20514,2019,1895.7
26564,20515,2019,134350.7
26565,20516,2019,10420.5
26566,20517,2019,11900.2
26567,20518,2019,234.0
26568,20519,2019,6652.8
26569,20520,2019,14757.4
26570,20521,2019,526.8
26571,20522,2019,2421.5
26572,20523,2019,3279.4
26573,20524,2019,663.0
26574,20525,2019,24770.1
26575,20526,2019,33288.1
26576,20527,2019,5050.5
26577,20528,2019,1885.6
26578,20529,2019,2919.6
26579,20530,2019,7750.9
26580,20531,2019,5168.2
26581,20532,2019,8134.0
26582,20533,2019,5357.1
26583,20534,2019,7117.1
26584,20535,2019,6419.4
26585,20536,2019,906.8
26586,20537,2019,13427.4
26587,20538,2019,1432.6
26588,20539,2019,12431.4
26589,20540,2019,16411.6
26590,20541,2019,3145.8
26591,20542,2019,1745.8
26592,20543,2019,12607.6
26593,20544,2019,2090.5
26594,20545,2019,19984.5
26595,20546,2019,12642.3
26596,20547,2019,2009.7
26597,20548,2019,3911.0
26598,20549,2019,22942.6
26599,20550,2019,11424.0
26600,20551,2019,58478.0
26601,20552,2019,842.7
26602,20553,2019,23620.4
26603,20554,2019,11768.1
26604,20555,2019,6684.8
26605,20556,2019,600.6
26606,20557,2019,29005.3
26607,20558,2019,2788.3
26608,20559,2019,46066.7
26609,20560,2019,12881.1
26610,20561,2019,5853.8
26611,20562,2019,3319.2
26612,20563,2019,2512.7
26613,20564,2019,2409.4
26614,20565,2019,90468.4
26615,20566,2019,6266.6
26616,20567,2019,6724.7
26617,20568,2019,3353.8
26618,20569,2019,2989.6
26619,20570,2019,43652.6
26620,21000,2019,6509169.7
26621,21001,2019,143341.4
26622,21002,2019,18390.4
26623,21003,2019,75140.2
26624,21004,2019,125276.4
26625,21005,2019,6102.2
26626,21006,2019,29126.4
26627,21007,2019,6385.7
26628,21008,2019,22681.6
26629,21009,2019,4389.5
26630,21010,2019,146739.0
26631,21011,2019,3748.3
26632,21012,2019,13121.4
26633,21013,2019,44517.6
26634,21014,2019,9666.5
26635,21015,2019,246818.3
26636,21016,2019,17807.4
26637,21017,2019,58612.8
26638,21018,2019,7695.1
26639,21019,2019,280759.0
26640,21020,2019,15189.3
26641,21021,2019,2967.2
26642,21022,2019,25479.5
26643,21023,2019,17985.3
26644,21024,2019,1960.8
26645,21025,2019,16466.2
26646,21026,2019,30252.9
26647,21027,2019,8301.4
26648,21028,2019,5467.8
26649,21029,2019,7618.0
26650,21030,2019,1541.2
26651,21031,2019,5677.5
26652,21032,2019,2744.2
26653,21033,2019,10678.8
26654,21034,2019,91246.3
26655,21035,2019,41165.4
26656,21036,2019,29491.8
26657,21037,2019,4669.0
26658,21038,2019,20783.8
26659,21039,2019,19549.0
26660,21040,2019,24158.6
26661,21041,2019,263225.4
26662,21042,2019,6587.0
26663,21043,2019,99324.1
26664,21044,2019,33981.9
26665,21045,2019,94469.1
26666,21046,2019,16145.8
26667,21047,2019,42932.0
26668,21048,2019,43439.8
26669,21049,2019,34451.8
26670,21050,2019,53317.8
26671,21051,2019,73492.2
26672,21052,2019,2432.6
26673,21053,2019,131331.0
26674,21054,2019,69461.7
26675,21055,2019,10099.6
26676,21056,2019,2621.5
26677,21057,2019,13529.2
26678,21058,2019,41671.9
26679,21059,2019,5642.1
26680,21060,2019,15772.6
26681,21061,2019,28552.7
26682,21062,2019,9831.5
26683,21063,2019,29350.6
26684,21064,2019,35486.0
26685,21065,2019,44683.2
26686,21066,2019,12882.7
26687,21067,2019,37184.4
26688,21068,2019,14163.4
26689,21069,2019,57718.5
26690,21070,2019,12340.1
26691,21071,2019,206681.4
26692,21072,2019,33885.4
26693,21073,2019,19328.9
26694,21074,2019,176152.0
26695,21075,2019,25919.2
26696,21076,2019,55155.1
26697,21077,2019,11883.8
26698,21078,2019,31466.8
26699,21079,2019,11475.2
26700,21080,2019,5306.0
26701,21081,2019,8067.7
26702,21082,2019,17472.2
26703,21083,2019,50671.8
26704,21084,2019,13872.2
26705,21085,2019,163724.9
26706,21086,2019,24298.7
26707,21087,2019,26500.5
26708,21088,2019,8947.1
26709,21089,2019,24470.9
26710,21090,2019,46518.3
26711,21091,2019,19736.6
26712,21092,2019,10580.9
26713,21093,2019,15340.9
26714,21094,2019,73450.3
26715,21095,2019,1269.5
26716,21096,2019,6282.0
26717,21097,2019,5245.6
26718,21098,2019,13254.7
26719,21099,2019,40991.9
26720,21100,2019,18708.1
26721,21101,2019,6697.4
26722,21102,2019,27747.7
26723,21103,2019,13216.9
26724,21104,2019,64510.1
26725,21105,2019,10104.3
26726,21106,2019,81972.9
26727,21107,2019,23925.0
26728,21108,2019,39258.9
26729,21109,2019,40616.8
26730,21110,2019,99042.9
26731,21111,2019,37141.3
26732,21112,2019,18725.4
26733,21113,2019,9262.8
26734,21114,2019,3353937.6
26735,21115,2019,113965.5
26736,21116,2019,45394.4
26737,21117,2019,31524.0
26738,21118,2019,59165.2
26739,21119,2019,298094.2
26740,21120,2019,11710.4
26741,21121,2019,2512.4
26742,21122,2019,21812.0
26743,21123,2019,7651.6
26744,21124,2019,31608.0
26745,21125,2019,19041.8
26746,21126,2019,13050.5
26747,21127,2019,7262.4
26748,21128,2019,20476.0
26749,21129,2019,27773.1
26750,21130,2019,7174.3
26751,21131,2019,1931.2
26752,21132,2019,308572.5
26753,21133,2019,1377.0
26754,21134,2019,41653.5
26755,21135,2019,1082.1
26756,21136,2019,24751.2
26757,21137,2019,20712.0
26758,21138,2019,23373.0
26759,21139,2019,7502.4
26760,21140,2019,273295.4
26761,21141,2019,6973.7
26762,21142,2019,60846.1
26763,21143,2019,68499.7
26764,21144,2019,32989.4
26765,21145,2019,26463.5
26766,21146,2019,1523.0
26767,21147,2019,12650.2
26768,21148,2019,22304.4
26769,21149,2019,58972.6
26770,21150,2019,12402.2
26771,21151,2019,18392.1
26772,21152,2019,25104.6
26773,21153,2019,46607.7
26774,21154,2019,159761.3
26775,21155,2019,13396.6
26776,21156,2019,644314.0
26777,21157,2019,25125.6
26778,21158,2019,13506.9
26779,21159,2019,7722.2
26780,21160,2019,7268.7
26781,21161,2019,43865.7
26782,21162,2019,8327.8
26783,21163,2019,37205.6
26784,21164,2019,166705.2
26785,21165,2019,2417.0
26786,21166,2019,17677.4
26787,21167,2019,20719.4
26788,21168,2019,14864.2
26789,21169,2019,44316.5
26790,21170,2019,37864.6
26791,21171,2019,7616.5
26792,21172,2019,54170.6
26793,21173,2019,13114.3
26794,21174,2019,204916.9
26795,21175,2019,27947.0
26796,21176,2019,19085.0
26797,21177,2019,108238.3
26798,21178,2019,32190.8
26799,21179,2019,62707.3
26800,21180,2019,82146.8
26801,21181,2019,14632.8
26802,21182,2019,10708.9
26803,21183,2019,40759.5
26804,21184,2019,12848.0
26805,21185,2019,20323.4
26806,21186,2019,110370.8
26807,21187,2019,9967.0
26808,21188,2019,38201.7
26809,21189,2019,44446.5
26810,21190,2019,2371.6
26811,21191,2019,19672.2
26812,21192,2019,11866.4
26813,21193,2019,12915.1
26814,21194,2019,57012.1
26815,21195,2019,52666.1
26816,21196,2019,3160.8
26817,21197,2019,160282.5
26818,21198,2019,2611.8
26819,21199,2019,84879.4
26820,21200,2019,6983.6
26821,21201,2019,6715.1
26822,21202,2019,25894.8
26823,21203,2019,14139.3
26824,21204,2019,15769.6
26825,21205,2019,52102.3
26826,21206,2019,9239.8
26827,21207,2019,114864.7
26828,21208,2019,172553.9
26829,21209,2019,17188.2
26830,21210,2019,11336.6
26831,21211,2019,33248.3
26832,21212,2019,41182.0
26833,21213,2019,24177.5
26834,21214,2019,36197.7
26835,21215,2019,9091.0
26836,21216,2019,4959.6
26837,21217,2019,40720.7
26838,22000,2019,2317404.5
26839,22001,2019,132828.9
26840,22002,2019,54787.8
26841,22003,2019,26314.9
26842,22004,2019,137412.6
26843,22005,2019,132609.4
26844,22006,2019,411341.5
26845,22007,2019,89169.9
26846,22008,2019,73447.5
26847,22009,2019,54408.1
26848,22010,2019,37862.0
26849,22011,2019,440561.1
26850,22012,2019,152261.0
26851,22013,2019,38227.2
26852,22014,2019,2050154.1
26853,22015,2019,16839.1
26854,22016,2019,585124.5
26855,22017,2019,142821.3
26856,22018,2019,55647.6
26857,23000,2019,1809896.2
26858,23001,2019,175777.5
26859,23002,2019,166433.0
26860,23003,2019,44324.1
26861,23004,2019,471054.9
26862,23005,2019,1773381.4
26863,23006,2019,77852.0
26864,23007,2019,57716.2
26865,23008,2019,633492.3
26866,23009,2019,90176.9
26867,23010,2019,
26868,23011,2019,
26869,24000,2019,2809300.5
26870,24001,2019,37977.4
26871,24002,2019,15682.6
26872,24003,2019,96741.4
26873,24004,2019,8142.6
26874,24005,2019,36803.7
26875,24006,2019,19366.9
26876,24007,2019,39511.7
26877,24008,2019,44062.3
26878,24009,2019,9908.7
26879,24010,2019,60925.2
26880,24011,2019,95491.7
26881,24012,2019,40959.8
26882,24013,2019,357665.6
26883,24014,2019,31623.2
26884,24015,2019,43786.5
26885,24016,2019,82080.2
26886,24017,2019,50504.9
26887,24018,2019,30685.2
26888,24019,2019,11047.3
26889,24020,2019,202678.6
26890,24021,2019,115966.1
26891,24022,2019,38222.4
26892,24023,2019,30764.3
26893,24024,2019,195422.0
26894,24025,2019,62148.0
26895,24026,2019,18833.7
26896,24027,2019,20546.7
26897,24028,2019,1796207.5
26898,24029,2019,37876.4
26899,24030,2019,9755.2
26900,24031,2019,24365.4
26901,24032,2019,80324.1
26902,24033,2019,21874.9
26903,24034,2019,30198.5
26904,24035,2019,651775.6
26905,24036,2019,58501.0
26906,24037,2019,190674.8
26907,24038,2019,29099.4
26908,24039,2019,27653.3
26909,24040,2019,74741.0
26910,24041,2019,36749.4
26911,24042,2019,27304.5
26912,24043,2019,16344.6
26913,24044,2019,15236.3
26914,24045,2019,28614.8
26915,24046,2019,36251.7
26916,24047,2019,18771.5
26917,24048,2019,10616.8
26918,24049,2019,76820.2
26919,24050,2019,104864.0
26920,24051,2019,30858.1
26921,24052,2019,20616.3
26922,24053,2019,65389.6
26923,24054,2019,99918.3
26924,24055,2019,54388.9
26925,24056,2019,34301.9
26926,24057,2019,58272.1
26927,24058,2019,41967.0
26928,25000,2019,3026921.1
26929,25001,2019,911825.3
26930,25002,2019,88701.3
26931,25003,2019,54303.0
26932,25004,2019,50847.1
26933,25005,2019,34070.9
26934,25006,2019,1984129.5
26935,25007,2019,59972.5
26936,25008,2019,112451.4
26937,25009,2019,119061.9
26938,25010,2019,193913.6
26939,25011,2019,580479.0
26940,25012,2019,992538.9
26941,25013,2019,82130.7
26942,25014,2019,104517.2
26943,25015,2019,159046.3
26944,25016,2019,39906.6
26945,25017,2019,160189.0
26946,25018,2019,299861.7
26947,26000,2019,2938539.1
26948,26001,2019,5151.9
26949,26002,2019,181659.1
26950,26003,2019,50604.7
26951,26004,2019,19133.0
26952,26005,2019,2371.0
26953,26006,2019,5745.5
26954,26007,2019,1266.0
26955,26008,2019,2012.7
26956,26009,2019,1549.5
26957,26010,2019,2509.5
26958,26011,2019,3073.5
26959,26012,2019,47057.0
26960,26013,2019,3655.2
26961,26014,2019,6485.1
26962,26015,2019,2397.5
26963,26016,2019,10098.3
26964,26017,2019,177887.2
26965,26018,2019,870332.2
26966,26019,2019,77718.9
26967,26020,2019,10181.6
26968,26021,2019,3858.0
26969,26022,2019,1920.2
26970,26023,2019,11789.1
26971,26024,2019,1518.0
26972,26025,2019,104470.5
26973,26026,2019,123019.0
26974,26027,2019,18181.6
26975,26028,2019,2046.8
26976,26029,2019,313030.3
26977,26030,2019,1846944.8
26978,26031,2019,2422.6
26979,26032,2019,1792.3
26980,26033,2019,156058.6
26981,26034,2019,1935.5
26982,26035,2019,25654.4
26983,26036,2019,65800.2
26984,26037,2019,2281.4
26985,26038,2019,10258.5
26986,26039,2019,11701.8
26987,26040,2019,3184.7
26988,26041,2019,28519.7
26989,26042,2019,328091.6
26990,26043,2019,521319.9
26991,26044,2019,753.0
26992,26045,2019,5170.4
26993,26046,2019,1004.4
26994,26047,2019,18593.9
26995,26048,2019,124404.8
26996,26049,2019,6485.5
26997,26050,2019,3040.4
26998,26051,2019,9885.0
26999,26052,2019,10722.1
27000,26053,2019,746.1
27001,26054,2019,1080.5
27002,26055,2019,395277.0
27003,26056,2019,21131.6
27004,26057,2019,3005.2
27005,26058,2019,32597.8
27006,26059,2019,3776.5
27007,26060,2019,4334.1
27008,26061,2019,2796.5
27009,26062,2019,2269.4
27010,26063,2019,2393.4
27011,26064,2019,2929.8
27012,26065,2019,3096.1
27013,26066,2019,17512.4
27014,26067,2019,2921.2
27015,26068,2019,2203.0
27016,26069,2019,9973.5
27017,26070,2019,27816.9
27018,26071,2019,43646.2
27019,26072,2019,28887.5
27020,27000,2019,2388091.1
27021,27001,2019,117518.3
27022,27002,2019,487555.6
27023,27003,2019,214567.1
27024,27004,2019,1358596.2
27025,27005,2019,425340.1
27026,27006,2019,272345.8
27027,27007,2019,63964.4
27028,27008,2019,379718.5
27029,27009,2019,75232.3
27030,27010,2019,180819.7
27031,27011,2019,61511.3
27032,27012,2019,316130.5
27033,27013,2019,293556.2
27034,27014,2019,191457.8
27035,27015,2019,95512.0
27036,27016,2019,116425.7
27037,27017,2019,124038.1
27038,28000,2019,3516826.3
27039,28001,2019,20158.4
27040,28002,2019,58365.3
27041,28003,2019,529497.5
27042,28004,2019,17946.8
27043,28005,2019,8787.0
27044,28006,2019,15109.4
27045,28007,2019,33082.0
27046,28008,2019,8632.3
27047,28009,2019,410122.6
27048,28010,2019,3506.0
27049,28011,2019,16887.7
27050,28012,2019,83872.6
27051,28013,2019,30532.6
27052,28014,2019,8005.8
27053,28015,2019,31519.9
27054,28016,2019,35586.7
27055,28017,2019,31912.5
27056,28018,2019,13193.2
27057,28019,2019,30222.3
27058,28020,2019,4285.9
27059,28021,2019,214578.2
27060,28022,2019,1074905.8
27061,28023,2019,8922.7
27062,28024,2019,12537.2
27063,28025,2019,52834.3
27064,28026,2019,7391.1
27065,28027,2019,841983.8
27066,28028,2019,7618.5
27067,28029,2019,26547.6
27068,28030,2019,27510.8
27069,28031,2019,3848.9
27070,28032,2019,1391923.9
27071,28033,2019,263201.2
27072,28034,2019,15480.7
27073,28035,2019,104516.6
27074,28036,2019,1895.7
27075,28037,2019,48379.7
27076,28038,2019,595131.8
27077,28039,2019,56434.6
27078,28040,2019,121268.2
27079,28041,2019,694509.3
27080,28042,2019,11140.4
27081,28043,2019,44855.7
27082,29000,2019,1328027.8
27083,29001,2019,22513.8
27084,29002,2019,31477.6
27085,29003,2019,14132.5
27086,29004,2019,35846.6
27087,29005,2019,160634.6
27088,29006,2019,101264.5
27089,29007,2019,34275.7
27090,29008,2019,32003.7
27091,29009,2019,11683.6
27092,29010,2019,145029.4
27093,29011,2019,9471.6
27094,29012,2019,18653.5
27095,29013,2019,194969.1
27096,29014,2019,30153.0
27097,29015,2019,77270.1
27098,29016,2019,14901.0
27099,29017,2019,22825.7
27100,29018,2019,76459.8
27101,29019,2019,43841.2
27102,29020,2019,18722.7
27103,29021,2019,37066.2
27104,29022,2019,12719.8
27105,29023,2019,52110.7
27106,29024,2019,56072.9
27107,29025,2019,162805.7
27108,29026,2019,47010.0
27109,29027,2019,25708.2
27110,29028,2019,49835.6
27111,29029,2019,26203.6
27112,29030,2019,30714.0
27113,29031,2019,69422.3
27114,29032,2019,26911.8
27115,29033,2019,197792.8
27116,29034,2019,90096.8
27117,29035,2019,12457.8
27118,29036,2019,44678.1
27119,29037,2019,18231.6
27120,29038,2019,35361.0
27121,29039,2019,50486.2
27122,29040,2019,21088.6
27123,29041,2019,65715.0
27124,29042,2019,28005.6
27125,29043,2019,82680.6
27126,29044,2019,90028.4
27127,29045,2019,12328.4
27128,29046,2019,9795.9
27129,29047,2019,6939.5
27130,29048,2019,37631.6
27131,29049,2019,11613.2
27132,29050,2019,23160.3
27133,29051,2019,8088.8
27134,29052,2019,12756.5
27135,29053,2019,15213.0
27136,29054,2019,11254.5
27137,29055,2019,6141.5
27138,29056,2019,15686.8
27139,29057,2019,9227.6
27140,29058,2019,18631.8
27141,29059,2019,15213.7
27142,29060,2019,10684.6
27143,30000,2019,8057123.7
27144,30001,2019,19151.1
27145,30002,2019,6819.2
27146,30003,2019,162923.0
27147,30004,2019,83634.5
27148,30005,2019,10512.3
27149,30006,2019,45790.7
27150,30007,2019,13046.8
27151,30008,2019,20546.6
27152,30009,2019,56487.4
27153,30010,2019,127743.5
27154,30011,2019,113367.6
27155,30012,2019,15668.8
27156,30013,2019,54003.9
27157,30014,2019,94028.3
27158,30015,2019,67873.4
27159,30016,2019,56772.3
27160,30017,2019,9284.0
27161,30018,2019,3919.8
27162,30019,2019,13635.2
27163,30020,2019,22803.4
27164,30021,2019,46959.6
27165,30022,2019,44791.8
27166,30023,2019,98295.5
27167,30024,2019,32611.1
27168,30025,2019,54088.3
27169,30026,2019,51147.7
27170,30027,2019,32404.0
27171,30028,2019,287817.7
27172,30029,2019,27247.6
27173,30030,2019,83658.6
27174,30031,2019,37316.0
27175,30032,2019,99467.5
27176,30033,2019,48709.7
27177,30034,2019,50227.1
27178,30035,2019,22326.8
27179,30036,2019,21724.7
27180,30037,2019,16305.1
27181,30038,2019,186646.2
27182,30039,2019,621851.5
27183,30040,2019,108886.4
27184,30041,2019,4677.6
27185,30042,2019,11527.3
27186,30043,2019,39584.2
27187,30044,2019,407832.8
27188,30045,2019,110146.9
27189,30046,2019,32248.7
27190,30047,2019,117572.0
27191,30048,2019,259330.7
27192,30049,2019,43906.6
27193,30050,2019,32501.6
27194,30051,2019,45965.1
27195,30052,2019,23697.9
27196,30053,2019,55879.0
27197,30054,2019,23058.4
27198,30055,2019,26959.7
27199,30056,2019,13341.7
27200,30057,2019,27678.0
27201,30058,2019,108113.7
27202,30059,2019,44051.0
27203,30060,2019,32476.4
27204,30061,2019,163053.1
27205,30062,2019,41236.6
27206,30063,2019,27157.1
27207,30064,2019,7992.2
27208,30065,2019,166389.0
27209,30066,2019,53501.3
27210,30067,2019,37831.9
27211,30068,2019,131472.7
27212,30069,2019,48316.9
27213,30070,2019,36928.5
27214,30071,2019,118822.0
27215,30072,2019,43449.8
27216,30073,2019,83442.6
27217,30074,2019,14477.4
27218,30075,2019,33200.3
27219,30076,2019,26793.6
27220,30077,2019,86377.8
27221,30078,2019,24844.8
27222,30079,2019,22664.8
27223,30080,2019,45934.4
27224,30081,2019,53361.3
27225,30082,2019,31572.3
27226,30083,2019,101624.4
27227,30084,2019,11342.8
27228,30085,2019,146301.0
27229,30086,2019,92388.2
27230,30087,2019,971059.9
27231,30088,2019,10085.6
27232,30089,2019,77828.4
27233,30090,2019,22136.5
27234,30091,2019,57432.6
27235,30092,2019,78481.7
27236,30093,2019,32938.1
27237,30094,2019,76891.8
27238,30095,2019,30503.0
27239,30096,2019,3086.6
27240,30097,2019,38514.9
27241,30098,2019,6522.2
27242,30099,2019,36384.0
27243,30100,2019,47637.9
27244,30101,2019,76412.8
27245,30102,2019,216605.9
27246,30103,2019,25399.8
27247,30104,2019,34483.5
27248,30105,2019,183402.4
27249,30106,2019,9604.9
27250,30107,2019,5860.6
27251,30108,2019,292510.4
27252,30109,2019,131202.0
27253,30110,2019,23905.2
27254,30111,2019,33196.7
27255,30112,2019,45180.0
27256,30113,2019,9211.1
27257,30114,2019,20486.7
27258,30115,2019,74104.2
27259,30116,2019,33822.9
27260,30117,2019,47344.2
27261,30118,2019,245932.8
27262,30119,2019,11270.4
27263,30120,2019,21614.4
27264,30121,2019,48189.6
27265,30122,2019,35721.0
27266,30123,2019,193542.8
27267,30124,2019,320020.6
27268,30125,2019,63356.8
27269,30126,2019,66819.3
27270,30127,2019,55628.3
27271,30128,2019,155023.6
27272,30129,2019,36348.9
27273,30130,2019,79566.7
27274,30131,2019,379734.3
27275,30132,2019,40148.9
27276,30133,2019,115478.0
27277,30134,2019,46815.9
27278,30135,2019,47494.4
27279,30136,2019,16440.3
27280,30137,2019,12455.4
27281,30138,2019,83366.9
27282,30139,2019,12257.7
27283,30140,2019,6185.0
27284,30141,2019,324140.7
27285,30142,2019,66096.4
27286,30143,2019,114304.4
27287,30144,2019,65425.9
27288,30145,2019,32926.1
27289,30146,2019,7765.4
27290,30147,2019,48518.2
27291,30148,2019,56153.8
27292,30149,2019,68521.1
27293,30150,2019,23314.7
27294,30151,2019,44424.4
27295,30152,2019,23709.3
27296,30153,2019,11655.1
27297,30154,2019,24343.4
27298,30155,2019,201113.4
27299,30156,2019,12021.7
27300,30157,2019,40085.9
27301,30158,2019,49648.8
27302,30159,2019,58130.6
27303,30160,2019,214497.3
27304,30161,2019,70053.7
27305,30162,2019,12859.4
27306,30163,2019,10126.5
27307,30164,2019,33832.9
27308,30165,2019,17714.8
27309,30166,2019,18740.5
27310,30167,2019,29221.2
27311,30168,2019,32357.2
27312,30169,2019,45877.1
27313,30170,2019,21635.6
27314,30171,2019,11093.4
27315,30172,2019,40220.8
27316,30173,2019,108721.0
27317,30174,2019,191441.6
27318,30175,2019,185471.8
27319,30176,2019,9021.4
27320,30177,2019,23104.4
27321,30178,2019,26096.0
27322,30179,2019,8508.7
27323,30180,2019,21918.5
27324,30181,2019,75730.9
27325,30182,2019,38686.4
27326,30183,2019,122165.0
27327,30184,2019,15740.1
27328,30185,2019,10963.0
27329,30186,2019,14310.0
27330,30187,2019,12143.9
27331,30188,2019,34276.6
27332,30189,2019,307634.2
27333,30190,2019,4509.6
27334,30191,2019,60017.3
27335,30192,2019,40653.7
27336,30193,2019,1203527.0
27337,30194,2019,24661.2
27338,30195,2019,11655.7
27339,30196,2019,35761.3
27340,30197,2019,22466.0
27341,30198,2019,13607.4
27342,30199,2019,23585.2
27343,30200,2019,25132.4
27344,30201,2019,89440.1
27345,30202,2019,29195.1
27346,30203,2019,28842.9
27347,30204,2019,88708.2
27348,30205,2019,39002.7
27349,30206,2019,58036.2
27350,30207,2019,90455.8
27351,30208,2019,46716.6
27352,30209,2019,30044.5
27353,30210,2019,61317.9
27354,30211,2019,60634.2
27355,30212,2019,26160.7
27356,31000,2019,2289357.7
27357,31001,2019,13065.6
27358,31002,2019,33301.2
27359,31003,2019,24203.3
27360,31004,2019,12384.8
27361,31005,2019,4311.3
27362,31006,2019,18265.3
27363,31007,2019,14873.6
27364,31008,2019,7946.5
27365,31009,2019,8995.8
27366,31010,2019,5466.4
27367,31011,2019,16476.6
27368,31012,2019,7504.9
27369,31013,2019,31927.300000000003
27370,31014,2019,3406.0
27371,31015,2019,11008.9
27372,31016,2019,6159.4
27373,31017,2019,9337.8
27374,31018,2019,6714.4
27375,31019,2019,76935.1
27376,31020,2019,8939.5
27377,31021,2019,18553.8
27378,31022,2019,8692.9
27379,31023,2019,9675.7
27380,31024,2019,6476.4
27381,31025,2019,11795.6
27382,31026,2019,7229.0
27383,31027,2019,16688.9
27384,31028,2019,5812.0
27385,31029,2019,12479.9
27386,31030,2019,7939.2
27387,31031,2019,5633.3
27388,31032,2019,33362.8
27389,31033,2019,42105.9
27390,31034,2019,12960.2
27391,31035,2019,12647.1
27392,31036,2019,16048.6
27393,31037,2019,10420.1
27394,31038,2019,69408.8
27395,31039,2019,8308.0
27396,31040,2019,56658.3
27397,31041,2019,271301.3
27398,31042,2019,11112.5
27399,31043,2019,6694.8
27400,31044,2019,14875.2
27401,31045,2019,5308.6
27402,31046,2019,6518.8
27403,31047,2019,11821.8
27404,31048,2019,47560.8
27405,31049,2019,7799.5
27406,31050,2019,1957722.3
27407,31051,2019,6822.5
27408,31052,2019,74926.1
27409,31053,2019,26777.1
27410,31054,2019,5934.9
27411,31055,2019,14006.9
27412,31056,2019,66863.2
27413,31057,2019,15618.7
27414,31058,2019,51635.3
27415,31059,2019,129623.5
27416,31060,2019,1946.1
27417,31061,2019,7921.5
27418,31062,2019,9861.7
27419,31063,2019,11155.0
27420,31064,2019,3385.6
27421,31065,2019,4229.3
27422,31066,2019,8390.4
27423,31067,2019,19972.3
27424,31068,2019,6410.7
27425,31069,2019,17850.3
27426,31070,2019,8052.7
27427,31071,2019,3867.0
27428,31072,2019,3727.2
27429,31073,2019,11456.3
27430,31074,2019,7519.2
27431,31075,2019,13704.0
27432,31076,2019,35562.8
27433,31077,2019,5351.7
27434,31078,2019,7483.6
27435,31079,2019,89365.9
27436,31080,2019,21821.0
27437,31081,2019,6681.9
27438,31082,2019,7051.4
27439,31083,2019,3794.4
27440,31084,2019,14052.8
27441,31085,2019,33076.2
27442,31086,2019,4296.0
27443,31087,2019,10795.5
27444,31088,2019,3846.2
27445,31089,2019,80483.0
27446,31090,2019,14919.7
27447,31091,2019,25160.2
27448,31092,2019,15545.1
27449,31093,2019,36640.3
27450,31094,2019,10762.9
27451,31095,2019,11335.3
27452,31096,2019,160788.0
27453,31097,2019,7357.8
27454,31098,2019,30505.2
27455,31099,2019,8303.1
27456,31100,2019,8002.2
27457,31101,2019,134818.3
27458,31102,2019,169177.8
27459,31103,2019,6863.3
27460,31104,2019,32459.1
27461,31105,2019,6510.0
27462,31106,2019,4419.6
27463,32000,2019,1617604.0
27464,32001,2019,12632.3
27465,32002,2019,9948.2
27466,32003,2019,4673.1
27467,32004,2019,8986.2
27468,32005,2019,90729.0
27469,32006,2019,16516.2
27470,32007,2019,24462.6
27471,32008,2019,26734.4
27472,32009,2019,20356.3
27473,32010,2019,477086.2
27474,32011,2019,6769.0
27475,32012,2019,16439.2
27476,32013,2019,13235.9
27477,32014,2019,40828.9
27478,32015,2019,3189.6
27479,32016,2019,46924.7
27480,32017,2019,413400.6
27481,32018,2019,9118.7
27482,32019,2019,50478.4
27483,32020,2019,119610.6
27484,32021,2019,9016.3
27485,32022,2019,39673.9
27486,32023,2019,24547.1
27487,32024,2019,106516.4
27488,32025,2019,26323.0
27489,32026,2019,35697.8
27490,32027,2019,5486.1
27491,32028,2019,5031.0
27492,32029,2019,47229.7
27493,32030,2019,4915.6
27494,32031,2019,17684.8
27495,32032,2019,26144.6
27496,32033,2019,9155.7
27497,32034,2019,56026.9
27498,32035,2019,32471.9
27499,32036,2019,87848.5
27500,32037,2019,35518.1
27501,32038,2019,144343.4
27502,32039,2019,128815.1
27503,32040,2019,43678.7
27504,32041,2019,5108.0
27505,32042,2019,127117.1
27506,32043,2019,2736.6
27507,32044,2019,33035.5
27508,32045,2019,16658.2
27509,32046,2019,13110.0
27510,32047,2019,10810.5
27511,32048,2019,54313.5
27512,32049,2019,65402.1
27513,32050,2019,20382.2
27514,32051,2019,69701.5
27515,32052,2019,38870.7
27516,32053,2019,26408.5
27517,32054,2019,38784.7
27518,32055,2019,62953.3
27519,32056,2019,297112.8
27520,32057,2019,40267.2
27521,32058,2019,5577.9
27522,0,2021,127775685.2
27523,1000,2021,1456438.4
27524,1001,2021,1930997.7
27525,1002,2021,104626.0
27526,1003,2021,117553.6
27527,1004,2021,34581.3
27528,1005,2021,266367.1
27529,1006,2021,97020.0
27530,1007,2021,117267.4
27531,1008,2021,19375.5
27532,1009,2021,45818.7
27533,1010,2021,42976.9
27534,1011,2021,129522.3
27535,2000,2021,3845508.3
27536,2001,2021,887159.1
27537,2002,2021,2128446.5
27538,2003,2021,219954.4
27539,2004,2021,3918675.5
27540,2005,2021,261667.6
27541,2006,2021,
27542,3000,2021,822147.2
27543,3001,2021,148158.1
27544,3002,2021,130283.4
27545,3003,2021,595299.8
27546,3008,2021,726275.4
27547,3009,2021,36719.6
27548,4000,2021,946169.6
27549,4001,2021,119881.0
27550,4002,2021,595849.1
27551,4003,2021,505565.2
27552,4004,2021,155997.8
27553,4005,2021,64606.9
27554,4006,2021,85294.5
27555,4007,2021,17785.4
27556,4008,2021,23291.1
27557,4009,2021,121744.9
27558,4010,2021,64792.3
27559,4011,2021,96611.5
27560,4012,2021,
27561,5000,2021,3198291.4
27562,5001,2021,2080.5
27563,5002,2021,331822.4
27564,5003,2021,46290.9
27565,5004,2021,61768.3
27566,5005,2021,3260.9
27567,5006,2021,59065.5
27568,5007,2021,25563.3
27569,5008,2021,6161.5
27570,5009,2021,118971.6
27571,5010,2021,166331.6
27572,5011,2021,24132.0
27573,5012,2021,3420.8
27574,5013,2021,3490.2
27575,5014,2021,19366.0
27576,5015,2021,3244.4
27577,5016,2021,3533.5
27578,5017,2021,239724.5
27579,5018,2021,480505.3
27580,5019,2021,15952.2
27581,5020,2021,144739.4
27582,5021,2021,13207.2
27583,5022,2021,67531.8
27584,5023,2021,19209.6
27585,5024,2021,89063.7
27586,5025,2021,358501.8
27587,5026,2021,6472.8
27588,5027,2021,255525.3
27589,5028,2021,130573.8
27590,5029,2021,5009.1
27591,5030,2021,1791538.8
27592,5031,2021,50281.1
27593,5032,2021,84784.7
27594,5033,2021,202326.8
27595,5034,2021,13724.7
27596,5035,2021,1458014.3
27597,5036,2021,40511.7
27598,5037,2021,12461.8
27599,5038,2021,26736.6
27600,6000,2021,743205.1
27601,6001,2021,55239.5
27602,6002,2021,316546.0
27603,6003,2021,43743.5
27604,6004,2021,42229.1
27605,6005,2021,63572.9
27606,6006,2021,11375.8
27607,6007,2021,388562.1
27608,6008,2021,20934.7
27609,6009,2021,234859.8
27610,6010,2021,305616.3
27611,7000,2021,5666174.0
27612,7001,2021,36491.0
27613,7002,2021,41095.3
27614,7003,2021,54246.9
27615,7004,2021,73811.4
27616,7005,2021,49797.2
27617,7006,2021,63930.5
27618,7007,2021,23083.3
27619,7008,2021,65207.9
27620,7009,2021,83188.1
27621,7010,2021,14691.7
27622,7011,2021,40535.1
27623,7012,2021,134519.3
27624,7013,2021,75861.9
27625,7014,2021,49769.5
27626,7015,2021,101624.1
27627,7016,2021,35766.5
27628,7017,2021,181306.7
27629,7018,2021,20120.8
27630,7019,2021,337950.5
27631,7020,2021,103034.0
27632,7021,2021,44783.7
27633,7022,2021,45407.6
27634,7023,2021,208942.5
27635,7024,2021,27928.2
27636,7025,2021,14994.5
27637,7026,2021,97022.4
27638,7027,2021,230009.5
27639,7028,2021,12465.5
27640,7029,2021,10887.2
27641,7030,2021,74989.2
27642,7031,2021,279870.7
27643,7032,2021,62251.2
27644,7033,2021,14553.9
27645,7034,2021,165072.5
27646,7035,2021,29600.2
27647,7036,2021,15498.2
27648,7037,2021,73344.6
27649,7038,2021,46242.1
27650,7039,2021,56927.2
27651,7040,2021,107573.0
27652,7041,2021,93912.1
27653,7042,2021,23036.2
27654,7043,2021,22156.4
27655,7044,2021,58981.4
27656,7045,2021,12758.0
27657,7046,2021,83793.9
27658,7047,2021,51220.9
27659,7048,2021,43757.7
27660,7049,2021,64699.5
27661,7050,2021,10660.3
27662,7051,2021,94342.2
27663,7052,2021,288448.3
27664,7053,2021,15857.7
27665,7054,2021,57128.0
27666,7055,2021,11923.8
27667,7056,2021,28029.6
27668,7057,2021,154607.9
27669,7058,2021,9619.5
27670,7059,2021,479496.1
27671,7060,2021,28618.0
27672,7061,2021,200165.9
27673,7062,2021,37403.4
27674,7063,2021,8022.7
27675,7064,2021,112220.5
27676,7065,2021,270212.6
27677,7066,2021,54041.7
27678,7067,2021,24847.1
27679,7068,2021,64346.9
27680,7069,2021,105082.3
27681,7070,2021,24353.1
27682,7071,2021,62568.7
27683,7072,2021,59049.8
27684,7073,2021,22170.4
27685,7074,2021,90481.6
27686,7075,2021,58546.3
27687,7076,2021,60725.3
27688,7077,2021,130342.0
27689,7078,2021,437762.8
27690,7079,2021,85685.2
27691,7080,2021,49429.7
27692,7081,2021,108508.9
27693,7082,2021,31796.9
27694,7083,2021,38739.9
27695,7084,2021,17329.0
27696,7085,2021,22025.0
27697,7086,2021,52483.0
27698,7087,2021,85003.8
27699,7088,2021,4645.2
27700,7089,2021,715090.5
27701,7090,2021,9187.7
27702,7091,2021,27550.4
27703,7092,2021,39257.4
27704,7093,2021,97906.7
27705,7094,2021,101487.0
27706,7096,2021,169455.1
27707,7097,2021,187090.2
27708,7098,2021,14632.9
27709,7099,2021,169126.9
27710,7100,2021,77402.0
27711,7101,2021,1218696.1
27712,7102,2021,82733.7
27713,7103,2021,61208.0
27714,7104,2021,33891.3
27715,7105,2021,32449.4
27716,7106,2021,136630.5
27717,7107,2021,134181.7
27718,7108,2021,225201.7
27719,7109,2021,82006.0
27720,7110,2021,15220.1
27721,7111,2021,92522.8
27722,7112,2021,77682.4
27723,7113,2021,17655.9
27724,7114,2021,48569.3
27725,7115,2021,30085.3
27726,7116,2021,26391.7
27727,7117,2021,17219.7
27728,7118,2021,12407.4
27729,7119,2021,10271.8
27730,7120,2021,
27731,7121,2021,
27732,7122,2021,
27733,7123,2021,
27734,7124,2021,
27735,7125,2021,
27736,8000,2021,3806928.6
27737,8001,2021,30419.9
27738,8002,2021,53189.9
27739,8003,2021,17223.9
27740,8004,2021,54517.0
27741,8005,2021,52951.7
27742,8006,2021,11759.0
27743,8007,2021,33522.8
27744,8008,2021,22857.3
27745,8009,2021,46261.4
27746,8010,2021,50965.4
27747,8011,2021,100037.5
27748,8012,2021,16704.3
27749,8013,2021,24249.8
27750,8014,2021,4143.0
27751,8015,2021,2429.3
27752,8016,2021,7373.0
27753,8017,2021,367505.3
27754,8018,2021,10350.6
27755,8019,2021,1899905.6
27756,8020,2021,12247.8
27757,8021,2021,304447.2
27758,8022,2021,4838.5
27759,8023,2021,13603.7
27760,8024,2021,7628.1
27761,8025,2021,13734.9
27762,8026,2021,4770.8
27763,8027,2021,102957.9
27764,8028,2021,8150.6
27765,8029,2021,102475.9
27766,8030,2021,17171.2
27767,8031,2021,71232.2
27768,8032,2021,235833.2
27769,8033,2021,1662.8
27770,8034,2021,10067.7
27771,8035,2021,22222.1
27772,8036,2021,82325.4
27773,8037,2021,3061506.5
27774,8038,2021,10110.5
27775,8039,2021,8446.4
27776,8040,2021,49562.8
27777,8041,2021,2590.1
27778,8042,2021,2405.6
27779,8043,2021,5453.5
27780,8044,2021,8740.3
27781,8045,2021,91441.1
27782,8046,2021,15145.1
27783,8047,2021,8874.6
27784,8048,2021,45716.0
27785,8049,2021,5603.3
27786,8050,2021,132967.8
27787,8051,2021,16571.7
27788,8052,2021,48843.4
27789,8053,2021,10383.6
27790,8054,2021,15409.1
27791,8055,2021,34376.8
27792,8056,2021,4181.1
27793,8057,2021,4434.5
27794,8058,2021,5496.4
27795,8059,2021,10144.7
27796,8060,2021,23569.0
27797,8061,2021,6998.3
27798,8062,2021,59789.8
27799,8063,2021,10588.1
27800,8064,2021,2866.8
27801,8065,2021,35533.4
27802,8066,2021,13214.5
27803,8067,2021,9636.5
27804,9000,2021,9246526.9
27805,9002,2021,867908.8
27806,9003,2021,1227700.2
27807,9004,2021,441675.3
27808,9005,2021,2344217.8
27809,9006,2021,813463.8
27810,9007,2021,3674912.0
27811,9008,2021,496995.4
27812,9009,2021,309934.9
27813,9010,2021,1524699.0
27814,9011,2021,791098.7
27815,9012,2021,1410061.6
27816,9013,2021,889853.0
27817,9014,2021,878048.8
27818,9015,2021,1094578.6
27819,9016,2021,837256.2
27820,9017,2021,889953.2
27821,10000,2021,1868277.5
27822,10001,2021,63154.5
27823,10002,2021,8964.8
27824,10003,2021,8114.4
27825,10004,2021,70290.1
27826,10005,2021,1400774.7
27827,10006,2021,20012.5
27828,10007,2021,757148.8
27829,10008,2021,74339.0
27830,10009,2021,20093.1
27831,10010,2021,7700.2
27832,10011,2021,9409.0
27833,10012,2021,331832.1
27834,10013,2021,54382.8
27835,10014,2021,102786.6
27836,10015,2021,25988.5
27837,10016,2021,38319.8
27838,10017,2021,15858.1
27839,10018,2021,20625.4
27840,10019,2021,9878.3
27841,10020,2021,25503.3
27842,10021,2021,22492.3
27843,10022,2021,51417.0
27844,10023,2021,103674.9
27845,10024,2021,25669.9
27846,10025,2021,5631.2
27847,10026,2021,34747.5
27848,10027,2021,10417.8
27849,10028,2021,24184.3
27850,10029,2021,4199.2
27851,10030,2021,3280.6
27852,10031,2021,13410.0
27853,10032,2021,99913.0
27854,10033,2021,13923.1
27855,10034,2021,53887.0
27856,10035,2021,23321.0
27857,10036,2021,42154.6
27858,10037,2021,19438.1
27859,10038,2021,47445.7
27860,10039,2021,56515.9
27861,11000,2021,6253521.8
27862,11001,2021,186033.1
27863,11002,2021,217594.0
27864,11003,2021,352632.7
27865,11004,2021,126692.8
27866,11005,2021,242448.0
27867,11006,2021,10533.6
27868,11007,2021,1053599.3
27869,11008,2021,83766.6
27870,11009,2021,165499.3
27871,11010,2021,22044.2
27872,11011,2021,198030.1
27873,11012,2021,62539.6
27874,11013,2021,55623.4
27875,11014,2021,329877.1
27876,11015,2021,393748.1
27877,11016,2021,42502.5
27878,11017,2021,1199374.7
27879,11018,2021,78081.6
27880,11019,2021,98903.5
27881,11020,2021,3502462.9
27882,11021,2021,94114.1
27883,11022,2021,55489.2
27884,11023,2021,311536.2
27885,11024,2021,25147.1
27886,11025,2021,170859.6
27887,11026,2021,133975.8
27888,11027,2021,550189.2
27889,11028,2021,187769.8
27890,11029,2021,83103.5
27891,11030,2021,242717.0
27892,11031,2021,265495.2
27893,11032,2021,182752.6
27894,11033,2021,260337.1
27895,11034,2021,11591.3
27896,11035,2021,165645.1
27897,11036,2021,13439.9
27898,11037,2021,414017.3
27899,11038,2021,22562.4
27900,11039,2021,71968.6
27901,11040,2021,40400.8
27902,11041,2021,123465.2
27903,11042,2021,303709.6
27904,11043,2021,42944.4
27905,11044,2021,133895.4
27906,11045,2021,22196.2
27907,11046,2021,137202.3
27908,12000,2021,3563022.4
27909,12001,2021,1557262.5
27910,12002,2021,50589.7
27911,12003,2021,75314.8
27912,12004,2021,42910.7
27913,12005,2021,15866.7
27914,12006,2021,22041.4
27915,12007,2021,66854.9
27916,12008,2021,18465.1
27917,12009,2021,11646.1
27918,12010,2021,57459.6
27919,12011,2021,121389.7
27920,12012,2021,139596.6
27921,12013,2021,30388.1
27922,12014,2021,31047.4
27923,12015,2021,26060.6
27924,12016,2021,24868.5
27925,12017,2021,31340.4
27926,12018,2021,29163.3
27927,12019,2021,31518.5
27928,12020,2021,43912.1
27929,12021,2021,146172.7
27930,12022,2021,76925.7
27931,12023,2021,53601.4
27932,12024,2021,15948.6
27933,12025,2021,34442.3
27934,12026,2021,16394.4
27935,12027,2021,41028.7
27936,12028,2021,248041.0
27937,12029,2021,575174.1
27938,12030,2021,44932.8
27939,12031,2021,12608.5
27940,12032,2021,74807.7
27941,12033,2021,35597.4
27942,12034,2021,73056.9
27943,12035,2021,311752.5
27944,12036,2021,23673.5
27945,12037,2021,12195.3
27946,12038,2021,253822.6
27947,12039,2021,52542.3
27948,12040,2021,53054.7
27949,12041,2021,59284.7
27950,12042,2021,37408.4
27951,12043,2021,37784.0
27952,12044,2021,25029.5
27953,12045,2021,57858.2
27954,12046,2021,137963.5
27955,12047,2021,14193.8
27956,12048,2021,89341.7
27957,12049,2021,25785.9
27958,12050,2021,77292.4
27959,12051,2021,72574.1
27960,12052,2021,93386.5
27961,12053,2021,100620.1
27962,12054,2021,47574.8
27963,12055,2021,211533.9
27964,12056,2021,92575.4
27965,12057,2021,131689.0
27966,12058,2021,107708.0
27967,12059,2021,61727.2
27968,12060,2021,27199.6
27969,12061,2021,87262.0
27970,12062,2021,45901.5
27971,12063,2021,20217.6
27972,12064,2021,23406.9
27973,12065,2021,15313.8
27974,12066,2021,195283.6
27975,12067,2021,44527.7
27976,12068,2021,52963.3
27977,12069,2021,23930.7
27978,12070,2021,15901.9
27979,12071,2021,60199.6
27980,12072,2021,24312.2
27981,12073,2021,36166.2
27982,12074,2021,43830.8
27983,12075,2021,107705.0
27984,12076,2021,81950.3
27985,12077,2021,28871.9
27986,12078,2021,43033.2
27987,12079,2021,37309.7
27988,12080,2021,15222.2
27989,12081,2021,23588.5
27990,13000,2021,3127459.6
27991,13001,2021,45002.9
27992,13002,2021,93239.1
27993,13003,2021,123343.3
27994,13004,2021,20892.3
27995,13005,2021,38133.1
27996,13006,2021,38400.4
27997,13007,2021,25477.6
27998,13008,2021,94260.1
27999,13009,2021,40165.1
28000,13010,2021,64009.6
28001,13011,2021,39725.9
28002,13012,2021,60917.7
28003,13013,2021,131224.9
28004,13014,2021,32189.2
28005,13015,2021,39067.2
28006,13016,2021,122108.3
28007,13017,2021,26091.0
28008,13018,2021,45970.2
28009,13019,2021,38124.8
28010,13020,2021,5161.7
28011,13021,2021,30752.2
28012,13022,2021,33104.1
28013,13023,2021,72970.2
28014,13024,2021,35312.9
28015,13025,2021,40962.8
28016,13026,2021,25535.5
28017,13027,2021,45596.0
28018,13028,2021,254378.6
28019,13029,2021,95576.7
28020,13030,2021,199788.2
28021,13031,2021,24510.0
28022,13032,2021,21271.3
28023,13033,2021,5745.2
28024,13034,2021,18926.1
28025,13035,2021,26488.8
28026,13036,2021,18923.9
28027,13037,2021,41832.6
28028,13038,2021,17951.2
28029,13039,2021,28762.3
28030,13040,2021,19529.6
28031,13041,2021,95355.1
28032,13042,2021,23261.2
28033,13043,2021,12460.6
28034,13044,2021,34272.3
28035,13045,2021,18656.4
28036,13046,2021,76876.4
28037,13047,2021,9445.2
28038,13048,2021,637965.1
28039,13049,2021,37576.7
28040,13050,2021,47576.7
28041,13051,2021,420637.4
28042,13052,2021,79189.7
28043,13053,2021,35358.8
28044,13054,2021,74396.2
28045,13055,2021,37131.2
28046,13056,2021,80346.9
28047,13057,2021,30483.0
28048,13058,2021,34998.2
28049,13059,2021,76628.7
28050,13060,2021,35096.3
28051,13061,2021,113432.9
28052,13062,2021,62929.1
28053,13063,2021,183108.7
28054,13064,2021,21841.3
28055,13065,2021,23688.1
28056,13066,2021,26350.7
28057,13067,2021,111718.1
28058,13068,2021,28757.3
28059,13069,2021,350816.5
28060,13070,2021,38534.2
28061,13071,2021,18150.1
28062,13072,2021,22428.6
28063,13073,2021,75740.3
28064,13074,2021,57630.4
28065,13075,2021,44411.5
28066,13076,2021,232482.2
28067,13077,2021,340111.6
28068,13078,2021,36369.6
28069,13079,2021,13982.5
28070,13080,2021,49564.5
28071,13081,2021,77453.8
28072,13082,2021,43587.4
28073,13083,2021,119675.6
28074,13084,2021,80183.2
28075,14000,2021,8470994.7
28076,14001,2021,46864.2
28077,14002,2021,52510.9
28078,14003,2021,47711.1
28079,14004,2021,11552.9
28080,14005,2021,33395.5
28081,14006,2021,121542.8
28082,14007,2021,18977.6
28083,14008,2021,163183.3
28084,14009,2021,43016.3
28085,14010,2021,15769.6
28086,14011,2021,11261.9
28087,14012,2021,8442.4
28088,14013,2021,129483.9
28089,14014,2021,17501.4
28090,14015,2021,131724.8
28091,14016,2021,83836.1
28092,14017,2021,25886.1
28093,14018,2021,136747.3
28094,14019,2021,14557.4
28095,14020,2021,22303.1
28096,14021,2021,41007.0
28097,14022,2021,80648.3
28098,14023,2021,233963.9
28099,14024,2021,59210.8
28100,14025,2021,39759.8
28101,14026,2021,12759.2
28102,14027,2021,37064.5
28103,14028,2021,4374.2
28104,14029,2021,35890.7
28105,14030,2021,111729.3
28106,14031,2021,6536.7
28107,14032,2021,12037.8
28108,14033,2021,42545.5
28109,14034,2021,3960.9
28110,14035,2021,107219.3
28111,14036,2021,40349.3
28112,14037,2021,52359.9
28113,14038,2021,8449.6
28114,14039,2021,2749354.8
28115,14040,2021,17200.5
28116,14041,2021,11842.5
28117,14042,2021,20375.3
28118,14043,2021,46650.5
28119,14044,2021,141571.9
28120,14045,2021,41530.6
28121,14046,2021,65762.5
28122,14047,2021,50224.0
28123,14048,2021,38261.6
28124,14049,2021,19847.2
28125,14050,2021,95304.4
28126,14051,2021,65299.0
28127,14052,2021,11096.3
28128,14053,2021,349436.5
28129,14054,2021,10715.5
28130,14055,2021,43664.1
28131,14056,2021,3657.3
28132,14057,2021,8279.4
28133,14058,2021,29284.7
28134,14059,2021,28317.3
28135,14060,2021,10548.5
28136,14061,2021,46836.2
28137,14062,2021,7343.7
28138,14063,2021,214762.2
28139,14064,2021,67985.1
28140,14065,2021,22863.5
28141,14066,2021,108480.5
28142,14067,2021,591051.9
28143,14068,2021,22813.5
28144,14069,2021,15394.9
28145,14070,2021,485586.8
28146,14071,2021,5951.4
28147,14072,2021,15597.1
28148,14073,2021,146259.1
28149,14074,2021,33954.7
28150,14075,2021,7637.4
28151,14076,2021,6304.1
28152,14077,2021,56616.2
28153,14078,2021,64390.7
28154,14079,2021,33364.9
28155,14080,2021,10130.4
28156,14081,2021,6991.2
28157,14082,2021,74921.6
28158,14083,2021,179300.5
28159,14084,2021,30436.7
28160,14085,2021,78329.8
28161,14086,2021,43262.5
28162,14087,2021,33754.0
28163,14088,2021,33258.5
28164,14089,2021,8284.8
28165,14090,2021,14665.9
28166,14091,2021,79894.2
28167,14092,2021,22136.6
28168,14093,2021,303811.4
28169,14094,2021,89811.7
28170,14095,2021,19453.6
28171,14096,2021,45909.9
28172,14097,2021,1518016.4
28173,14098,2021,1390079.4
28174,14099,2021,22805.9
28175,14100,2021,73186.8
28176,14101,2021,1158143.8
28177,14102,2021,11940.5
28178,14103,2021,15213.1
28179,14104,2021,8381.0
28180,14105,2021,47755.3
28181,14106,2021,11483.6
28182,14107,2021,13505.4
28183,14108,2021,75833.3
28184,14109,2021,38729.8
28185,14110,2021,27659.8
28186,14111,2021,13379.5
28187,14112,2021,12463.3
28188,14113,2021,33441.1
28189,14114,2021,38593.2
28190,14115,2021,11138.2
28191,14116,2021,40531.6
28192,14117,2021,8908.8
28193,14118,2021,45055.7
28194,14119,2021,61510.5
28195,14120,2021,2999893.4
28196,14121,2021,68366.7
28197,14122,2021,15121.6
28198,14123,2021,39015.0
28199,14124,2021,129955.8
28200,14125,2021,36877.2
28201,15000,2021,17180984.4
28202,15001,2021,137136.7
28203,15002,2021,350010.9
28204,15003,2021,99422.5
28205,15004,2021,30761.4
28206,15005,2021,354574.5
28207,15006,2021,25749.6
28208,15007,2021,47511.4
28209,15008,2021,50328.3
28210,15009,2021,107925.4
28211,15010,2021,64670.6
28212,15011,2021,154826.8
28213,15012,2021,26508.3
28214,15013,2021,1054094.4
28215,15014,2021,221935.1
28216,15015,2021,64658.3
28217,15016,2021,58991.5
28218,15017,2021,20402.2
28219,15018,2021,141270.9
28220,15019,2021,74413.6
28221,15020,2021,589968.9
28222,15021,2021,77785.3
28223,15022,2021,30824.6
28224,15023,2021,82145.9
28225,15024,2021,365465.9
28226,15025,2021,818098.7
28227,15026,2021,64313.4
28228,15027,2021,26163.2
28229,15028,2021,60860.8
28230,15029,2021,406638.8
28231,15030,2021,56358.6
28232,15031,2021,1428533.7
28233,15032,2021,75677.0
28234,15033,2021,3288553.0
28235,15034,2021,21947.8
28236,15035,2021,339135.0
28237,15036,2021,94892.6
28238,15037,2021,578492.9
28239,15038,2021,24180.7
28240,15039,2021,1099428.3
28241,15040,2021,74496.0
28242,15041,2021,12919.2
28243,15042,2021,324009.3
28244,15043,2021,62145.6
28245,15044,2021,56811.8
28246,15045,2021,176124.5
28247,15046,2021,40135.4
28248,15047,2021,155217.0
28249,15048,2021,140162.1
28250,15049,2021,31373.6
28251,15050,2021,54992.7
28252,15051,2021,347768.1
28253,15052,2021,56816.6
28254,15053,2021,124640.4
28255,15054,2021,490242.4
28256,15055,2021,28032.2
28257,15056,2021,67297.1
28258,15057,2021,1669004.2
28259,15058,2021,2152280.1
28260,15059,2021,119254.7
28261,15060,2021,874001.0
28262,15061,2021,20996.0
28263,15062,2021,146268.4
28264,15063,2021,73331.1
28265,15064,2021,74372.2
28266,15065,2021,74106.7
28267,15066,2021,9831.1
28268,15067,2021,179694.8
28269,15068,2021,62299.9
28270,15069,2021,9875.8
28271,15070,2021,618224.6
28272,15071,2021,30372.3
28273,15072,2021,32590.7
28274,15073,2021,65886.0
28275,15074,2021,294553.1
28276,15075,2021,59244.1
28277,15076,2021,199803.8
28278,15077,2021,13475.2
28279,15078,2021,19581.6
28280,15079,2021,29151.0
28281,15080,2021,47957.2
28282,15081,2021,1131616.0
28283,15082,2021,160258.2
28284,15083,2021,28864.6
28285,15084,2021,88707.0
28286,15085,2021,133571.8
28287,15086,2021,70468.3
28288,15087,2021,214703.0
28289,15088,2021,212112.2
28290,15089,2021,22929.3
28291,15090,2021,183546.6
28292,15091,2021,131386.8
28293,15092,2021,118123.3
28294,15093,2021,66076.6
28295,15094,2021,41455.0
28296,15095,2021,210420.0
28297,15096,2021,80096.2
28298,15097,2021,37189.0
28299,15098,2021,11597.0
28300,15099,2021,563632.9
28301,15100,2021,96456.4
28302,15101,2021,171232.6
28303,15102,2021,33032.6
28304,15103,2021,99092.9
28305,15104,2021,1345999.4
28306,15105,2021,63338.2
28307,15106,2021,1839455.3
28308,15107,2021,25985.8
28309,15108,2021,320511.8
28310,15109,2021,1038550.5
28311,15110,2021,123213.3
28312,15111,2021,107669.8
28313,15112,2021,104329.1
28314,15113,2021,139990.5
28315,15114,2021,219167.1
28316,15115,2021,110926.4
28317,15116,2021,10429.2
28318,15117,2021,26734.3
28319,15118,2021,414970.0
28320,15119,2021,38159.6
28321,15120,2021,585103.0
28322,15121,2021,1119023.6
28323,15122,2021,790293.5
28324,15123,2021,58022.8
28325,15124,2021,201911.4
28326,15125,2021,30708.0
28327,16000,2021,4806197.1
28328,16001,2021,22686.8
28329,16002,2021,29564.6
28330,16003,2021,46473.2
28331,16004,2021,29955.4
28332,16005,2021,21808.7
28333,16006,2021,253256.0
28334,16007,2021,7126.9
28335,16008,2021,50739.3
28336,16009,2021,72902.7
28337,16010,2021,41212.0
28338,16011,2021,23575.3
28339,16012,2021,91860.5
28340,16013,2021,18673.0
28341,16014,2021,34808.9
28342,16015,2021,40792.5
28343,16016,2021,42036.9
28344,16017,2021,70582.9
28345,16018,2021,19080.8
28346,16019,2021,40592.5
28347,16020,2021,60167.1
28348,16021,2021,27364.3
28349,16022,2021,54177.2
28350,16023,2021,20924.6
28351,16024,2021,41680.0
28352,16025,2021,81984.9
28353,16026,2021,9691.0
28354,16027,2021,9849.7
28355,16028,2021,10402.0
28356,16029,2021,24352.5
28357,16030,2021,23499.8
28358,16031,2021,32233.6
28359,16032,2021,31670.0
28360,16033,2021,43024.7
28361,16034,2021,253330.3
28362,16035,2021,60961.4
28363,16036,2021,23316.2
28364,16037,2021,15883.3
28365,16038,2021,84333.3
28366,16039,2021,18253.5
28367,16040,2021,37186.1
28368,16041,2021,32341.1
28369,16042,2021,28760.2
28370,16043,2021,138606.4
28371,16044,2021,25852.6
28372,16045,2021,72735.8
28373,16046,2021,30159.9
28374,16047,2021,39701.6
28375,16048,2021,11543.9
28376,16049,2021,39181.1
28377,16050,2021,180445.9
28378,16051,2021,28188.3
28379,16052,2021,395813.3
28380,16053,2021,1722319.4
28381,16054,2021,15946.6
28382,16055,2021,91685.5
28383,16056,2021,66297.3
28384,16057,2021,16893.4
28385,16058,2021,42528.7
28386,16059,2021,18230.0
28387,16060,2021,18857.1
28388,16061,2021,49977.2
28389,16062,2021,42381.4
28390,16063,2021,29560.2
28391,16064,2021,54176.9
28392,16065,2021,80343.7
28393,16066,2021,198937.2
28394,16067,2021,33156.7
28395,16068,2021,59712.9
28396,16069,2021,214942.3
28397,16070,2021,31063.5
28398,16071,2021,138821.7
28399,16072,2021,28034.4
28400,16073,2021,54680.3
28401,16074,2021,21219.6
28402,16075,2021,160876.7
28403,16076,2021,158118.8
28404,16077,2021,35285.9
28405,16078,2021,25692.6
28406,16079,2021,100792.2
28407,16080,2021,40000.3
28408,16081,2021,18287.2
28409,16082,2021,161131.2
28410,16083,2021,67797.7
28411,16084,2021,64249.5
28412,16085,2021,71058.3
28413,16086,2021,31154.0
28414,16087,2021,31586.0
28415,16088,2021,236269.2
28416,16089,2021,48453.1
28417,16090,2021,33163.9
28418,16091,2021,30176.6
28419,16092,2021,25712.1
28420,16093,2021,57304.5
28421,16094,2021,12748.7
28422,16095,2021,24999.5
28423,16096,2021,12038.3
28424,16097,2021,57968.0
28425,16098,2021,51523.9
28426,16099,2021,28511.5
28427,16100,2021,30092.7
28428,16101,2021,18380.8
28429,16102,2021,722506.1
28430,16103,2021,46984.9
28431,16104,2021,31529.7
28432,16105,2021,42388.1
28433,16106,2021,65067.8
28434,16107,2021,154415.6
28435,16108,2021,413858.7
28436,16109,2021,6463.6
28437,16110,2021,98567.5
28438,16111,2021,37495.7
28439,16112,2021,314491.6
28440,16113,2021,52571.0
28441,17000,2021,1992683.5
28442,17001,2021,35331.8
28443,17002,2021,51750.0
28444,17003,2021,79501.0
28445,17004,2021,182021.1
28446,17005,2021,22166.1
28447,17006,2021,376647.9
28448,17007,2021,759635.9
28449,17008,2021,218851.9
28450,17009,2021,50467.3
28451,17010,2021,37378.8
28452,17011,2021,434394.3
28453,17012,2021,115930.1
28454,17013,2021,33816.2
28455,17014,2021,19356.4
28456,17015,2021,29781.0
28457,17016,2021,38940.2
28458,17017,2021,75764.8
28459,17018,2021,247364.2
28460,17019,2021,56833.2
28461,17020,2021,112690.0
28462,17021,2021,15289.8
28463,17022,2021,28900.0
28464,17023,2021,16150.8
28465,17024,2021,105590.1
28466,17025,2021,68012.2
28467,17026,2021,39437.8
28468,17027,2021,25905.9
28469,17028,2021,148951.4
28470,17029,2021,213162.3
28471,17030,2021,114076.4
28472,17031,2021,72391.2
28473,17032,2021,20132.9
28474,17033,2021,33538.3
28475,17034,2021,
28476,17035,2021,
28477,17036,2021,
28478,18000,2021,1258629.9
28479,18001,2021,74828.2
28480,18002,2021,30989.5
28481,18003,2021,23196.4
28482,18004,2021,156830.1
28483,18005,2021,25031.4
28484,18006,2021,59114.4
28485,18007,2021,39062.9
28486,18008,2021,133986.1
28487,18009,2021,99298.6
28488,18010,2021,67044.9
28489,18011,2021,48517.9
28490,18012,2021,82689.3
28491,18013,2021,15429.3
28492,18014,2021,50636.9
28493,18015,2021,188399.4
28494,18016,2021,73896.7
28495,18017,2021,862952.4
28496,18018,2021,60180.1
28497,18019,2021,28523.2
28498,18020,2021,388525.9
28499,19000,2021,5908561.1
28500,19001,2021,6028.7
28501,19002,2021,6866.0
28502,19003,2021,2834.5
28503,19004,2021,71180.4
28504,19005,2021,36420.5
28505,19006,2021,1339692.3
28506,19007,2021,30136.0
28507,19008,2021,7401.6
28508,19009,2021,254337.3
28509,19010,2021,226676.3
28510,19011,2021,14743.8
28511,19012,2021,146398.9
28512,19013,2021,20165.0
28513,19014,2021,72581.0
28514,19015,2021,2800.8
28515,19016,2021,6696.9
28516,19017,2021,82447.2
28517,19018,2021,845244.0
28518,19019,2021,266251.1
28519,19020,2021,11221.6
28520,19021,2021,987114.7
28521,19022,2021,28683.3
28522,19023,2021,3759.7
28523,19024,2021,12840.1
28524,19025,2021,213813.7
28525,19026,2021,1279323.9
28526,19027,2021,3955.4
28527,19028,2021,2812.1
28528,19029,2021,14213.3
28529,19030,2021,6634.6
28530,19031,2021,986154.8
28531,19032,2021,10773.6
28532,19033,2021,171391.1
28533,19034,2021,10214.0
28534,19035,2021,3107.4
28535,19036,2021,15435.0
28536,19037,2021,12308.0
28537,19038,2021,137306.6
28538,19039,2021,2287489.5
28539,19040,2021,1832.3
28540,19041,2021,320876.4
28541,19042,2021,11042.1
28542,19043,2021,4864.2
28543,19044,2021,69592.2
28544,19045,2021,184705.5
28545,19046,2021,818183.2
28546,19047,2021,32074.0
28547,19048,2021,620188.4
28548,19049,2021,95060.5
28549,19050,2021,3140.3
28550,19051,2021,7087.7
28551,20000,2021,4174771.4
28552,20001,2021,1633.4
28553,20002,2021,90597.4
28554,20003,2021,5104.4
28555,20004,2021,2233.5
28556,20005,2021,30754.7
28557,20006,2021,41530.8
28558,20007,2021,4746.6
28559,20008,2021,1446.4
28560,20009,2021,13741.4
28561,20010,2021,26966.3
28562,20011,2021,2840.4
28563,20012,2021,22675.6
28564,20013,2021,6152.3
28565,20014,2021,56530.7
28566,20015,2021,10850.4
28567,20016,2021,19332.4
28568,20017,2021,7275.0
28569,20018,2021,1489.1
28570,20019,2021,5456.7
28571,20020,2021,9914.7
28572,20021,2021,28956.2
28573,20022,2021,1602.7
28574,20023,2021,55465.8
28575,20024,2021,7259.4
28576,20025,2021,22769.6
28577,20026,2021,18185.8
28578,20027,2021,4305.1
28579,20028,2021,46999.9
28580,20029,2021,8419.7
28581,20030,2021,17773.0
28582,20031,2021,14337.4
28583,20032,2021,2162.8
28584,20033,2021,5957.2
28585,20034,2021,2548.6
28586,20035,2021,1352.0
28587,20036,2021,10524.9
28588,20037,2021,8868.9
28589,20038,2021,3729.7
28590,20039,2021,158320.2
28591,20040,2021,12854.8
28592,20041,2021,63775.5
28593,20042,2021,16915.8
28594,20043,2021,231568.3
28595,20044,2021,82122.3
28596,20045,2021,15852.7
28597,20046,2021,5826.6
28598,20047,2021,160.6
28599,20048,2021,2894.0
28600,20049,2021,2376.1
28601,20050,2021,7494.4
28602,20051,2021,9607.2
28603,20052,2021,11955.1
28604,20053,2021,2618.2
28605,20054,2021,807.0
28606,20055,2021,7528.5
28607,20056,2021,2901.5
28608,20057,2021,76716.0
28609,20058,2021,25343.9
28610,20059,2021,102586.8
28611,20060,2021,4917.4
28612,20061,2021,5851.0
28613,20062,2021,978.4
28614,20063,2021,8668.2
28615,20064,2021,17240.9
28616,20065,2021,2141.2
28617,20066,2021,10737.1
28618,20067,2021,543468.1
28619,20068,2021,48008.4
28620,20069,2021,6225.2
28621,20070,2021,12815.6
28622,20071,2021,6796.2
28623,20072,2021,16414.0
28624,20073,2021,69866.6
28625,20074,2021,902.2
28626,20075,2021,5317.8
28627,20076,2021,6841.8
28628,20077,2021,8900.2
28629,20078,2021,2643.8
28630,20079,2021,169299.6
28631,20080,2021,3244.4
28632,20081,2021,3732.7
28633,20082,2021,8373.7
28634,20083,2021,23442.4
28635,20084,2021,8392.7
28636,20085,2021,53156.2
28637,20086,2021,2103.3
28638,20087,2021,11331.2
28639,20088,2021,5821.8
28640,20089,2021,4652.0
28641,20090,2021,12560.6
28642,20091,2021,12847.2
28643,20092,2021,3618.9
28644,20093,2021,1039.7
28645,20094,2021,3700.4
28646,20095,2021,9238.4
28647,20096,2021,1509.2
28648,20097,2021,3548.2
28649,20098,2021,8443.3
28650,20099,2021,743.2
28651,20100,2021,772.9
28652,20101,2021,1500.4
28653,20102,2021,10841.7
28654,20103,2021,12210.6
28655,20104,2021,5452.7
28656,20105,2021,15561.6
28657,20106,2021,496.1
28658,20107,2021,53527.8
28659,20108,2021,5631.2
28660,20109,2021,2463.8
28661,20110,2021,3349.0
28662,20111,2021,9841.8
28663,20112,2021,5181.2
28664,20113,2021,6418.5
28665,20114,2021,1346.9
28666,20115,2021,21143.0
28667,20116,2021,8277.8
28668,20117,2021,4391.8
28669,20118,2021,4785.6
28670,20119,2021,1550.9
28671,20120,2021,914.2
28672,20121,2021,1188.1
28673,20122,2021,1310.1
28674,20123,2021,5686.8
28675,20124,2021,39947.3
28676,20125,2021,23304.4
28677,20126,2021,10871.3
28678,20127,2021,2497.0
28679,20128,2021,2706.3
28680,20129,2021,731.9
28681,20130,2021,10384.6
28682,20131,2021,23035.7
28683,20132,2021,2794.7
28684,20133,2021,7865.8
28685,20134,2021,57339.5
28686,20135,2021,16693.6
28687,20136,2021,24508.4
28688,20137,2021,6937.6
28689,20138,2021,900.2
28690,20139,2021,4410.9
28691,20140,2021,1620.5
28692,20141,2021,17746.9
28693,20142,2021,1620.4
28694,20143,2021,19023.5
28695,20144,2021,2143.0
28696,20145,2021,10778.2
28697,20146,2021,5633.4
28698,20147,2021,763.2
28699,20148,2021,4411.4
28700,20149,2021,4147.4
28701,20150,2021,28116.4
28702,20151,2021,606.5
28703,20152,2021,5006.6
28704,20153,2021,9864.9
28705,20154,2021,4645.2
28706,20155,2021,2154.5
28707,20156,2021,7397.1
28708,20157,2021,34247.4
28709,20158,2021,4466.4
28710,20159,2021,11127.0
28711,20160,2021,2854.0
28712,20161,2021,5527.9
28713,20162,2021,4158.3
28714,20163,2021,3149.1
28715,20164,2021,5695.2
28716,20165,2021,3281.6
28717,20166,2021,22702.0
28718,20167,2021,4309.0
28719,20168,2021,1886.3
28720,20169,2021,8615.4
28721,20170,2021,7370.2
28722,20171,2021,36146.4
28723,20172,2021,822.4
28724,20173,2021,2904.9
28725,20174,2021,9295.6
28726,20175,2021,2788.0
28727,20176,2021,5470.5
28728,20177,2021,20929.5
28729,20178,2021,13464.3
28730,20179,2021,2891.0
28731,20180,2021,4692.9
28732,20181,2021,923.3
28733,20182,2021,4338.3
28734,20183,2021,2958.9
28735,20184,2021,319949.6
28736,20185,2021,17928.3
28737,20186,2021,1032.6
28738,20187,2021,3472.6
28739,20188,2021,19241.5
28740,20189,2021,6351.8
28741,20190,2021,45215.6
28742,20191,2021,606.0
28743,20192,2021,3060.0
28744,20193,2021,5665.9
28745,20194,2021,2774.4
28746,20195,2021,2072.0
28747,20196,2021,818.7
28748,20197,2021,6629.4
28749,20198,2021,60009.0
28750,20199,2021,954.1
28751,20200,2021,7389.9
28752,20201,2021,3769.6
28753,20202,2021,9246.4
28754,20203,2021,7126.6
28755,20204,2021,1251.8
28756,20205,2021,33910.1
28757,20206,2021,4868.9
28758,20207,2021,38476.0
28759,20208,2021,13751.4
28760,20209,2021,1193.2
28761,20210,2021,11370.7
28762,20211,2021,6871.6
28763,20212,2021,6296.0
28764,20213,2021,8523.8
28765,20214,2021,4011.4
28766,20215,2021,1780.3
28767,20216,2021,2464.0
28768,20217,2021,6745.8
28769,20218,2021,1078.3
28770,20219,2021,5368.9
28771,20220,2021,5378.2
28772,20221,2021,3028.1
28773,20222,2021,2831.2
28774,20223,2021,877.6
28775,20224,2021,1283.2
28776,20225,2021,11795.6
28777,20226,2021,6043.2
28778,20227,2021,37650.9
28779,20228,2021,1678.4
28780,20229,2021,18721.2
28781,20230,2021,1849.0
28782,20231,2021,6406.2
28783,20232,2021,44511.4
28784,20233,2021,3441.6
28785,20234,2021,14247.8
28786,20235,2021,7713.2
28787,20236,2021,2733.4
28788,20237,2021,3142.4
28789,20238,2021,2023.6
28790,20239,2021,1984.6
28791,20240,2021,5569.0
28792,20241,2021,2057.7
28793,20242,2021,25114.6
28794,20243,2021,4009.7
28795,20244,2021,7930.5
28796,20245,2021,2664.5
28797,20246,2021,1220.0
28798,20247,2021,3268.4
28799,20248,2021,31403.9
28800,20249,2021,7733.2
28801,20250,2021,2493.0
28802,20251,2021,2446.6
28803,20252,2021,4821.6
28804,20253,2021,4060.7
28805,20254,2021,6412.9
28806,20255,2021,3932.2
28807,20256,2021,466.5
28808,20257,2021,2096.2
28809,20258,2021,1386.8
28810,20259,2021,4218.7
28811,20260,2021,4333.4
28812,20261,2021,13801.2
28813,20262,2021,1986.2
28814,20263,2021,6317.6
28815,20264,2021,4329.3
28816,20265,2021,13488.4
28817,20266,2021,17226.3
28818,20267,2021,479.6
28819,20268,2021,2352.3
28820,20269,2021,8665.6
28821,20270,2021,2607.4
28822,20271,2021,6382.3
28823,20272,2021,12535.2
28824,20273,2021,7704.6
28825,20274,2021,2665.7
28826,20275,2021,14597.0
28827,20276,2021,1366.0
28828,20277,2021,24776.2
28829,20278,2021,77806.8
28830,20279,2021,5900.3
28831,20280,2021,3945.4
28832,20281,2021,616.5
28833,20282,2021,1277.0
28834,20283,2021,2087.6
28835,20284,2021,6281.9
28836,20285,2021,7435.9
28837,20286,2021,6186.3
28838,20287,2021,625.7
28839,20288,2021,1164.8
28840,20289,2021,2442.2
28841,20290,2021,2092.2
28842,20291,2021,8648.3
28843,20292,2021,3059.5
28844,20293,2021,34559.0
28845,20294,2021,14218.6
28846,20295,2021,20242.6
28847,20296,2021,1916.8
28848,20297,2021,5623.3
28849,20298,2021,27537.5
28850,20299,2021,2253.4
28851,20300,2021,13304.4
28852,20301,2021,3202.2
28853,20302,2021,9210.3
28854,20303,2021,2143.8
28855,20304,2021,1410.9
28856,20305,2021,8756.7
28857,20306,2021,9482.7
28858,20307,2021,19509.6
28859,20308,2021,6718.5
28860,20309,2021,20735.4
28861,20310,2021,30664.3
28862,20311,2021,972.1
28863,20312,2021,22501.7
28864,20313,2021,1449.1
28865,20314,2021,3536.4
28866,20315,2021,3835.0
28867,20316,2021,1473.0
28868,20317,2021,2493.1
28869,20318,2021,100987.9
28870,20319,2021,1921.8
28871,20320,2021,1407.2
28872,20321,2021,1494.3
28873,20322,2021,1552.4
28874,20323,2021,4861.8
28875,20324,2021,97374.4
28876,20325,2021,24166.6
28877,20326,2021,10138.4
28878,20327,2021,31549.9
28879,20328,2021,2938.7
28880,20329,2021,2272.3
28881,20330,2021,8599.2
28882,20331,2021,1980.8
28883,20332,2021,738.2
28884,20333,2021,6733.6
28885,20334,2021,102693.1
28886,20335,2021,1706.9
28887,20336,2021,3283.7
28888,20337,2021,11252.7
28889,20338,2021,20938.2
28890,20339,2021,8789.1
28891,20340,2021,3492.3
28892,20341,2021,483.8
28893,20342,2021,8614.2
28894,20343,2021,4041.2
28895,20344,2021,5667.8
28896,20345,2021,8424.7
28897,20346,2021,3102.6
28898,20347,2021,8511.6
28899,20348,2021,16410.2
28900,20349,2021,4436.1
28901,20350,2021,33902.1
28902,20351,2021,5639.2
28903,20352,2021,10101.4
28904,20353,2021,4895.4
28905,20354,2021,961.8
28906,20355,2021,1364.3
28907,20356,2021,4395.2
28908,20357,2021,1683.8
28909,20358,2021,3936.8
28910,20359,2021,1239.6
28911,20360,2021,8049.7
28912,20361,2021,1630.6
28913,20362,2021,2991.1
28914,20363,2021,5372.0
28915,20364,2021,38142.6
28916,20365,2021,2077.4
28917,20366,2021,7313.5
28918,20367,2021,9191.6
28919,20368,2021,4185.3
28920,20369,2021,4461.3
28921,20370,2021,1338.2
28922,20371,2021,1978.4
28923,20372,2021,2518.0
28924,20373,2021,797.2
28925,20374,2021,3325.0
28926,20375,2021,27016.0
28927,20376,2021,730.2
28928,20377,2021,21827.7
28929,20378,2021,7474.5
28930,20379,2021,5900.6
28931,20380,2021,4538.0
28932,20381,2021,5946.8
28933,20382,2021,2380.0
28934,20383,2021,1187.4
28935,20384,2021,9650.1
28936,20385,2021,205320.0
28937,20386,2021,38396.9
28938,20387,2021,5790.5
28939,20388,2021,5719.7
28940,20389,2021,1813.4
28941,20390,2021,101325.2
28942,20391,2021,6760.8
28943,20392,2021,13461.6
28944,20393,2021,8466.4
28945,20394,2021,5596.7
28946,20395,2021,3206.6
28947,20396,2021,6519.4
28948,20397,2021,80609.4
28949,20398,2021,9860.6
28950,20399,2021,86743.7
28951,20400,2021,3442.7
28952,20401,2021,55020.2
28953,20402,2021,2137.7
28954,20403,2021,7710.7
28955,20404,2021,1521.4
28956,20405,2021,3620.2
28957,20406,2021,43139.8
28958,20407,2021,19419.8
28959,20408,2021,1001.1
28960,20409,2021,18060.3
28961,20410,2021,6833.5
28962,20411,2021,1845.4
28963,20412,2021,6393.3
28964,20413,2021,104203.0
28965,20414,2021,24272.9
28966,20415,2021,9753.8
28967,20416,2021,910.0
28968,20417,2021,19486.0
28969,20418,2021,23451.1
28970,20419,2021,1190.1
28971,20420,2021,3357.8
28972,20421,2021,9440.5
28973,20422,2021,1211.5
28974,20423,2021,954.5
28975,20424,2021,7595.4
28976,20425,2021,4085.8
28977,20426,2021,18154.4
28978,20427,2021,33692.5
28979,20428,2021,4538.8
28980,20429,2021,3032.4
28981,20430,2021,646.8
28982,20431,2021,3671.2
28983,20432,2021,1793.0
28984,20433,2021,5407.6
28985,20434,2021,7844.7
28986,20435,2021,7165.6
28987,20436,2021,1752.7
28988,20437,2021,19303.3
28989,20438,2021,3701.6
28990,20439,2021,50898.2
28991,20440,2021,1607.2
28992,20441,2021,18810.9
28993,20442,2021,479.2
28994,20443,2021,864.4
28995,20444,2021,972.6
28996,20445,2021,3409.4
28997,20446,2021,11918.4
28998,20447,2021,34606.7
28999,20448,2021,5035.6
29000,20449,2021,6593.7
29001,20450,2021,28030.5
29002,20451,2021,2034.5
29003,20452,2021,8888.8
29004,20453,2021,7838.8
29005,20454,2021,7195.8
29006,20455,2021,5840.7
29007,20456,2021,3332.1
29008,20457,2021,6682.9
29009,20458,2021,2335.2
29010,20459,2021,9842.0
29011,20460,2021,10452.0
29012,20461,2021,1044.4
29013,20462,2021,9272.4
29014,20463,2021,1041.6
29015,20464,2021,657.5
29016,20465,2021,3302.7
29017,20466,2021,28179.2
29018,20467,2021,38417.9
29019,20468,2021,28540.2
29020,20469,2021,69838.5
29021,20470,2021,8770.3
29022,20471,2021,858.9
29023,20472,2021,6765.8
29024,20473,2021,2561.3
29025,20474,2021,6917.5
29026,20475,2021,20459.7
29027,20476,2021,842.6
29028,20477,2021,2656.8
29029,20478,2021,3158.4
29030,20479,2021,343.0
29031,20480,2021,2784.8
29032,20481,2021,3785.7
29033,20482,2021,112964.6
29034,20483,2021,22050.4
29035,20484,2021,8975.5
29036,20485,2021,6301.2
29037,20486,2021,4831.5
29038,20487,2021,3942.4
29039,20488,2021,265.2
29040,20489,2021,9815.0
29041,20490,2021,5927.6
29042,20491,2021,10035.6
29043,20492,2021,5438.8
29044,20493,2021,1098.0
29045,20494,2021,12901.0
29046,20495,2021,6103.7
29047,20496,2021,3730.4
29048,20497,2021,8488.0
29049,20498,2021,15847.3
29050,20499,2021,3832.9
29051,20500,2021,16016.3
29052,20501,2021,2010.9
29053,20502,2021,10107.3
29054,20503,2021,860.2
29055,20504,2021,3170.9
29056,20505,2021,15390.0
29057,20506,2021,1602.1
29058,20507,2021,6298.0
29059,20508,2021,3268.4
29060,20509,2021,22935.4
29061,20510,2021,1496.1
29062,20511,2021,6640.6
29063,20512,2021,2255.0
29064,20513,2021,18194.4
29065,20514,2021,1872.3
29066,20515,2021,136695.3
29067,20516,2021,10693.5
29068,20517,2021,12233.8
29069,20518,2021,218.0
29070,20519,2021,6891.2
29071,20520,2021,14850.6
29072,20521,2021,521.2
29073,20522,2021,2420.5
29074,20523,2021,3284.6
29075,20524,2021,645.0
29076,20525,2021,25273.9
29077,20526,2021,33569.9
29078,20527,2021,4913.5
29079,20528,2021,1760.4
29080,20529,2021,2976.4
29081,20530,2021,7965.1
29082,20531,2021,5279.8
29083,20532,2021,8130.0
29084,20533,2021,5570.9
29085,20534,2021,6936.9
29086,20535,2021,6522.6
29087,20536,2021,889.2
29088,20537,2021,13412.6
29089,20538,2021,1433.4
29090,20539,2021,12960.6
29091,20540,2021,16918.4
29092,20541,2021,3086.2
29093,20542,2021,1802.2
29094,20543,2021,12936.4
29095,20544,2021,2063.5
29096,20545,2021,20435.5
29097,20546,2021,12943.7
29098,20547,2021,2032.3
29099,20548,2021,4005.0
29100,20549,2021,23007.4
29101,20550,2021,11696.0
29102,20551,2021,62656.0
29103,20552,2021,803.3
29104,20553,2021,24679.6
29105,20554,2021,11891.9
29106,20555,2021,6991.2
29107,20556,2021,623.4
29108,20557,2021,29240.7
29109,20558,2021,2721.7
29110,20559,2021,46309.3
29111,20560,2021,12996.9
29112,20561,2021,5962.2
29113,20562,2021,3408.8
29114,20563,2021,2487.3
29115,20564,2021,2370.6
29116,20565,2021,95407.6
29117,20566,2021,6309.4
29118,20567,2021,6823.3
29119,20568,2021,3426.2
29120,20569,2021,2884.4
29121,20570,2021,44793.4
29122,21000,2021,6669594.3
29123,21001,2021,148356.6
29124,21002,2021,18493.6
29125,21003,2021,76769.8
29126,21004,2021,129935.6
29127,21005,2021,6177.8
29128,21006,2021,29041.6
29129,21007,2021,6290.3
29130,21008,2021,23074.4
29131,21009,2021,4472.5
29132,21010,2021,152391.0
29133,21011,2021,3791.7
29134,21012,2021,13242.6
29135,21013,2021,45998.4
29136,21014,2021,9589.5
29137,21015,2021,256783.7
29138,21016,2021,18276.6
29139,21017,2021,60355.2
29140,21018,2021,7744.9
29141,21019,2021,286621.0
29142,21020,2021,15702.7
29143,21021,2021,3080.8
29144,21022,2021,25948.5
29145,21023,2021,18240.7
29146,21024,2021,1973.2
29147,21025,2021,16489.8
29148,21026,2021,30873.1
29149,21027,2021,8282.6
29150,21028,2021,5580.2
29151,21029,2021,7626.0
29152,21030,2021,1546.8
29153,21031,2021,5620.5
29154,21032,2021,2783.8
29155,21033,2021,10933.2
29156,21034,2021,96145.7
29157,21035,2021,41562.6
29158,21036,2021,29732.2
29159,21037,2021,4667.0
29160,21038,2021,21520.2
29161,21039,2021,19799.0
29162,21040,2021,25275.4
29163,21041,2021,286536.6
29164,21042,2021,6685.0
29165,21043,2021,100293.9
29166,21044,2021,34692.1
29167,21045,2021,95872.9
29168,21046,2021,16626.2
29169,21047,2021,43994.0
29170,21048,2021,44748.2
29171,21049,2021,35100.2
29172,21050,2021,54432.2
29173,21051,2021,74725.8
29174,21052,2021,2427.4
29175,21053,2021,134745.0
29176,21054,2021,71450.3
29177,21055,2021,10254.4
29178,21056,2021,2652.5
29179,21057,2021,13218.8
29180,21058,2021,42368.1
29181,21059,2021,5795.9
29182,21060,2021,16189.4
29183,21061,2021,29307.3
29184,21062,2021,9972.5
29185,21063,2021,29741.4
29186,21064,2021,36094.0
29187,21065,2021,46144.8
29188,21066,2021,12949.3
29189,21067,2021,38075.6
29190,21068,2021,13880.6
29191,21069,2021,59261.5
29192,21070,2021,12127.9
29193,21071,2021,209154.6
29194,21072,2021,34442.6
29195,21073,2021,19753.1
29196,21074,2021,187082.0
29197,21075,2021,26402.8
29198,21076,2021,55508.9
29199,21077,2021,11970.2
29200,21078,2021,32245.2
29201,21079,2021,11666.8
29202,21080,2021,5226.0
29203,21081,2021,8218.3
29204,21082,2021,17751.8
29205,21083,2021,50666.2
29206,21084,2021,13927.8
29207,21085,2021,167737.1
29208,21086,2021,24091.3
29209,21087,2021,26753.5
29210,21088,2021,8890.9
29211,21089,2021,24117.1
29212,21090,2021,48613.7
29213,21091,2021,19583.4
29214,21092,2021,10607.1
29215,21093,2021,15295.1
29216,21094,2021,75729.7
29217,21095,2021,1336.5
29218,21096,2021,6500.0
29219,21097,2021,5426.4
29220,21098,2021,13435.3
29221,21099,2021,41668.1
29222,21100,2021,18549.9
29223,21101,2021,6586.6
29224,21102,2021,28574.3
29225,21103,2021,13471.1
29226,21104,2021,66697.9
29227,21105,2021,10203.7
29228,21106,2021,88757.1
29229,21107,2021,24065.0
29230,21108,2021,40591.1
29231,21109,2021,40479.2
29232,21110,2021,101975.1
29233,21111,2021,37182.7
29234,21112,2021,18708.6
29235,21113,2021,9281.2
29236,21114,2021,3414878.4
29237,21115,2021,118252.5
29238,21116,2021,46025.6
29239,21117,2021,32284.0
29240,21118,2021,60950.8
29241,21119,2021,319697.8
29242,21120,2021,12041.6
29243,21121,2021,2567.6
29244,21122,2021,22466.0
29245,21123,2021,7520.4
29246,21124,2021,32208.0
29247,21125,2021,19642.2
29248,21126,2021,13357.5
29249,21127,2021,7197.6
29250,21128,2021,21416.0
29251,21129,2021,28298.9
29252,21130,2021,7247.7
29253,21131,2021,1972.8
29254,21132,2021,314421.5
29255,21133,2021,1391.0
29256,21134,2021,42310.5
29257,21135,2021,1059.9
29258,21136,2021,25096.8
29259,21137,2021,21216.0
29260,21138,2021,23775.0
29261,21139,2021,7587.6
29262,21140,2021,280482.6
29263,21141,2021,7010.3
29264,21142,2021,62041.9
29265,21143,2021,71088.3
29266,21144,2021,34284.6
29267,21145,2021,26324.5
29268,21146,2021,1473.0
29269,21147,2021,12801.8
29270,21148,2021,23687.6
29271,21149,2021,62301.4
29272,21150,2021,12017.8
29273,21151,2021,18911.9
29274,21152,2021,25477.4
29275,21153,2021,47940.3
29276,21154,2021,163438.7
29277,21155,2021,13959.4
29278,21156,2021,665272.0
29279,21157,2021,25662.4
29280,21158,2021,13497.1
29281,21159,2021,7643.8
29282,21160,2021,7493.3
29283,21161,2021,45154.3
29284,21162,2021,8292.2
29285,21163,2021,38234.4
29286,21164,2021,170522.8
29287,21165,2021,2447.0
29288,21166,2021,18020.6
29289,21167,2021,20772.6
29290,21168,2021,15239.8
29291,21169,2021,45061.5
29292,21170,2021,38991.4
29293,21171,2021,7811.5
29294,21172,2021,54737.4
29295,21173,2021,13497.7
29296,21174,2021,209449.1
29297,21175,2021,29797.0
29298,21176,2021,19589.0
29299,21177,2021,110831.7
29300,21178,2021,31733.2
29301,21179,2021,63936.7
29302,21180,2021,84159.2
29303,21181,2021,15095.2
29304,21182,2021,10931.1
29305,21183,2021,40998.5
29306,21184,2021,12856.0
29307,21185,2021,21094.6
29308,21186,2021,112007.2
29309,21187,2021,9773.0
29310,21188,2021,39116.3
29311,21189,2021,45545.5
29312,21190,2021,2384.4
29313,21191,2021,19923.8
29314,21192,2021,11841.6
29315,21193,2021,13010.9
29316,21194,2021,57211.9
29317,21195,2021,53601.9
29318,21196,2021,3129.2
29319,21197,2021,162275.5
29320,21198,2021,2640.2
29321,21199,2021,86892.6
29322,21200,2021,6796.4
29323,21201,2021,6790.9
29324,21202,2021,26205.2
29325,21203,2021,14590.7
29326,21204,2021,15934.4
29327,21205,2021,53467.7
29328,21206,2021,9404.2
29329,21207,2021,116703.3
29330,21208,2021,176980.1
29331,21209,2021,17339.8
29332,21210,2021,11363.4
29333,21211,2021,33771.7
29334,21212,2021,41692.0
29335,21213,2021,23930.5
29336,21214,2021,37268.3
29337,21215,2021,9065.0
29338,21216,2021,4886.4
29339,21217,2021,40645.3
29340,22000,2021,2425227.5
29341,22001,2021,134689.1
29342,22002,2021,54890.2
29343,22003,2021,26403.1
29344,22004,2021,139365.4
29345,22005,2021,136148.6
29346,22006,2021,439108.5
29347,22007,2021,91962.1
29348,22008,2021,73944.5
29349,22009,2021,55111.9
29350,22010,2021,37402.0
29351,22011,2021,486594.9
29352,22012,2021,157611.0
29353,22013,2021,38498.8
29354,22014,2021,2149239.9
29355,22015,2021,16624.9
29356,22016,2021,607555.5
29357,22017,2021,146338.7
29358,22018,2021,56258.4
29359,23000,2021,1916351.8
29360,23001,2021,179422.5
29361,23002,2021,169983.0
29362,23003,2021,46919.9
29363,23004,2021,466621.1
29364,23005,2021,1873418.6
29365,23006,2021,79032.0
29366,23007,2021,59251.8
29367,23008,2021,703281.7
29368,23009,2021,97563.1
29369,23010,2021,
29370,23011,2021,
29371,24000,2021,2856071.5
29372,24001,2021,38102.6
29373,24002,2021,15523.4
29374,24003,2021,97108.6
29375,24004,2021,7963.4
29376,24005,2021,36554.3
29377,24006,2021,19297.1
29378,24007,2021,40050.3
29379,24008,2021,44335.7
29380,24009,2021,10321.3
29381,24010,2021,60514.8
29382,24011,2021,97318.3
29383,24012,2021,40636.2
29384,24013,2021,362348.4
29385,24014,2021,31082.8
29386,24015,2021,44027.5
29387,24016,2021,81809.8
29388,24017,2021,50157.1
29389,24018,2021,30688.8
29390,24019,2021,10916.7
29391,24020,2021,206935.4
29392,24021,2021,117977.9
29393,24022,2021,38093.6
29394,24023,2021,30601.7
29395,24024,2021,197818.0
29396,24025,2021,62494.0
29397,24026,2021,18828.3
29398,24027,2021,20569.3
29399,24028,2021,1851914.5
29400,24029,2021,36685.6
29401,24030,2021,9470.8
29402,24031,2021,24490.6
29403,24032,2021,80111.9
29404,24033,2021,21363.1
29405,24034,2021,30175.5
29406,24035,2021,677466.4
29407,24036,2021,58627.0
29408,24037,2021,189917.2
29409,24038,2021,28500.6
29410,24039,2021,27380.7
29411,24040,2021,74289.0
29412,24041,2021,36290.6
29413,24042,2021,26909.5
29414,24043,2021,15913.4
29415,24044,2021,15091.7
29416,24045,2021,28497.2
29417,24046,2021,36994.3
29418,24047,2021,18564.5
29419,24048,2021,10597.2
29420,24049,2021,76975.8
29421,24050,2021,107254.0
29422,24051,2021,31083.9
29423,24052,2021,20669.7
29424,24053,2021,65106.4
29425,24054,2021,99215.7
29426,24055,2021,55489.1
29427,24056,2021,34990.1
29428,24057,2021,57747.9
29429,24058,2021,42141.0
29430,25000,2021,3081082.9
29431,25001,2021,928982.7
29432,25002,2021,88362.7
29433,25003,2021,52875.0
29434,25004,2021,49376.9
29435,25005,2021,34183.1
29436,25006,2021,2042804.5
29437,25007,2021,58491.5
29438,25008,2021,118328.6
29439,25009,2021,121404.1
29440,25010,2021,193496.4
29441,25011,2021,582151.0
29442,25012,2021,1017673.1
29443,25013,2021,79921.3
29444,25014,2021,105684.8
29445,25015,2021,159203.7
29446,25016,2021,38691.4
29447,25017,2021,156255.0
29448,25018,2021,306058.3
29449,26000,2021,2995080.9
29450,26001,2021,5122.1
29451,26002,2021,186616.9
29452,26003,2021,50221.3
29453,26004,2021,19301.0
29454,26005,2021,2341.0
29455,26006,2021,5638.5
29456,26007,2021,1266.0
29457,26008,2021,1903.3
29458,26009,2021,1538.5
29459,26010,2021,2412.5
29460,26011,2021,3006.5
29461,26012,2021,47251.0
29462,26013,2021,3726.8
29463,26014,2021,6340.9
29464,26015,2021,2282.5
29465,26016,2021,9981.7
29466,26017,2021,181078.8
29467,26018,2021,881113.8
29468,26019,2021,80321.1
29469,26020,2021,10028.4
29470,26021,2021,3926.0
29471,26022,2021,1867.8
29472,26023,2021,11576.9
29473,26024,2021,1494.0
29474,26025,2021,103587.5
29475,26026,2021,123267.0
29476,26027,2021,18346.4
29477,26028,2021,1989.2
29478,26029,2021,316039.7
29479,26030,2021,1908151.2
29480,26031,2021,2359.4
29481,26032,2021,1761.7
29482,26033,2021,155417.4
29483,26034,2021,1850.5
29484,26035,2021,25823.6
29485,26036,2021,67127.8
29486,26037,2021,2178.6
29487,26038,2021,10455.5
29488,26039,2021,11450.2
29489,26040,2021,2971.3
29490,26041,2021,29184.3
29491,26042,2021,330740.4
29492,26043,2021,538694.1
29493,26044,2021,737.0
29494,26045,2021,5009.6
29495,26046,2021,1023.6
29496,26047,2021,18452.1
29497,26048,2021,126543.2
29498,26049,2021,6360.5
29499,26050,2021,2999.6
29500,26051,2021,9715.0
29501,26052,2021,10401.9
29502,26053,2021,735.9
29503,26054,2021,1095.5
29504,26055,2021,403555.0
29505,26056,2021,22068.4
29506,26057,2021,2952.8
29507,26058,2021,32682.2
29508,26059,2021,3707.5
29509,26060,2021,4077.9
29510,26061,2021,2835.5
29511,26062,2021,2266.6
29512,26063,2021,2318.6
29513,26064,2021,2786.2
29514,26065,2021,2975.9
29515,26066,2021,17285.6
29516,26067,2021,2796.8
29517,26068,2021,2119.0
29518,26069,2021,9452.5
29519,26070,2021,26997.1
29520,26071,2021,43511.8
29521,26072,2021,28940.5
29522,27000,2021,2420814.9
29523,27001,2021,118231.7
29524,27002,2021,485452.4
29525,27003,2021,216796.9
29526,27004,2021,1375889.8
29527,27005,2021,434169.9
29528,27006,2021,276682.2
29529,27007,2021,65023.6
29530,27008,2021,384323.5
29531,27009,2021,75773.7
29532,27010,2021,183950.3
29533,27011,2021,62030.7
29534,27012,2021,318313.5
29535,27013,2021,307649.8
29536,27014,2021,195506.2
29537,27015,2021,96152.0
29538,27016,2021,118492.3
29539,27017,2021,125373.9
29540,28000,2021,3567699.7
29541,28001,2021,19241.6
29542,28002,2021,57970.7
29543,28003,2021,552474.5
29544,28004,2021,17873.2
29545,28005,2021,8635.0
29546,28006,2021,15070.6
29547,28007,2021,33758.0
29548,28008,2021,8489.7
29549,28009,2021,413609.4
29550,28010,2021,3364.0
29551,28011,2021,16654.3
29552,28012,2021,83009.4
29553,28013,2021,30229.4
29554,28014,2021,7780.2
29555,28015,2021,31462.1
29556,28016,2021,32843.3
29557,28017,2021,32261.5
29558,28018,2021,12394.8
29559,28019,2021,29111.7
29560,28020,2021,4068.1
29561,28021,2021,210679.8
29562,28022,2021,1095906.2
29563,28023,2021,8797.3
29564,28024,2021,13206.8
29565,28025,2021,52541.7
29566,28026,2021,7468.9
29567,28027,2021,858362.2
29568,28028,2021,7787.5
29569,28029,2021,26618.4
29570,28030,2021,27333.2
29571,28031,2021,3901.1
29572,28032,2021,1430366.1
29573,28033,2021,268834.8
29574,28034,2021,14673.3
29575,28035,2021,102121.4
29576,28036,2021,1854.3
29577,28037,2021,47864.3
29578,28038,2021,595136.2
29579,28039,2021,56693.4
29580,28040,2021,120021.8
29581,28041,2021,705568.7
29582,28042,2021,10741.6
29583,28043,2021,44572.3
29584,29000,2021,1362502.2
29585,29001,2021,23126.2
29586,29002,2021,32534.4
29587,29003,2021,14543.5
29588,29004,2021,36709.4
29589,29005,2021,162323.4
29590,29006,2021,103777.5
29591,29007,2021,35062.3
29592,29008,2021,33024.3
29593,29009,2021,12028.4
29594,29010,2021,147854.6
29595,29011,2021,9662.4
29596,29012,2021,19038.5
29597,29013,2021,200480.9
29598,29014,2021,30665.0
29599,29015,2021,78785.9
29600,29016,2021,15185.0
29601,29017,2021,23566.3
29602,29018,2021,77856.2
29603,29019,2021,45256.8
29604,29020,2021,19101.3
29605,29021,2021,37871.8
29606,29022,2021,13008.2
29607,29023,2021,53181.3
29608,29024,2021,57365.1
29609,29025,2021,168032.3
29610,29026,2021,49470.0
29611,29027,2021,26189.8
29612,29028,2021,51272.4
29613,29029,2021,27114.4
29614,29030,2021,31400.0
29615,29031,2021,72037.7
29616,29032,2021,27368.2
29617,29033,2021,201835.2
29618,29034,2021,92287.2
29619,29035,2021,12742.2
29620,29036,2021,45437.9
29621,29037,2021,18622.4
29622,29038,2021,36717.0
29623,29039,2021,52027.8
29624,29040,2021,21421.4
29625,29041,2021,68317.0
29626,29042,2021,28782.4
29627,29043,2021,86347.4
29628,29044,2021,92849.6
29629,29045,2021,12537.6
29630,29046,2021,10112.1
29631,29047,2021,7246.5
29632,29048,2021,38512.4
29633,29049,2021,11942.8
29634,29050,2021,23913.7
29635,29051,2021,8289.2
29636,29052,2021,13069.5
29637,29053,2021,15557.0
29638,29054,2021,11511.5
29639,29055,2021,6242.5
29640,29056,2021,16123.2
29641,29057,2021,9340.4
29642,29058,2021,19220.2
29643,29059,2021,15796.3
29644,29060,2021,11087.4
29645,30000,2021,8138880.3
29646,30001,2021,19746.9
29647,30002,2021,6962.8
29648,30003,2021,161685.0
29649,30004,2021,83921.5
29650,30005,2021,10563.7
29651,30006,2021,46643.3
29652,30007,2021,13175.2
29653,30008,2021,20805.4
29654,30009,2021,56550.6
29655,30010,2021,129272.5
29656,30011,2021,115374.4
29657,30012,2021,15817.2
29658,30013,2021,53716.1
29659,30014,2021,95893.7
29660,30015,2021,67980.6
29661,30016,2021,58041.7
29662,30017,2021,9556.0
29663,30018,2021,3992.2
29664,30019,2021,14000.8
29665,30020,2021,23504.6
29666,30021,2021,47154.4
29667,30022,2021,45824.2
29668,30023,2021,98600.5
29669,30024,2021,33356.9
29670,30025,2021,54789.7
29671,30026,2021,52924.3
29672,30027,2021,32170.0
29673,30028,2021,290414.3
29674,30029,2021,27556.4
29675,30030,2021,83681.4
29676,30031,2021,38338.0
29677,30032,2021,99774.5
29678,30033,2021,49074.3
29679,30034,2021,49902.9
29680,30035,2021,22355.2
29681,30036,2021,22361.3
29682,30037,2021,16450.9
29683,30038,2021,189541.8
29684,30039,2021,623944.5
29685,30040,2021,111529.6
29686,30041,2021,4760.4
29687,30042,2021,11534.7
29688,30043,2021,40047.8
29689,30044,2021,411097.2
29690,30045,2021,109087.1
29691,30046,2021,32447.3
29692,30047,2021,120348.0
29693,30048,2021,264579.3
29694,30049,2021,44849.4
29695,30050,2021,32836.4
29696,30051,2021,46472.9
29697,30052,2021,23786.1
29698,30053,2021,56593.0
29699,30054,2021,22967.6
29700,30055,2021,27308.3
29701,30056,2021,13284.3
29702,30057,2021,27954.0
29703,30058,2021,107656.3
29704,30059,2021,47019.0
29705,30060,2021,32873.6
29706,30061,2021,164416.9
29707,30062,2021,42131.4
29708,30063,2021,26598.9
29709,30064,2021,8039.8
29710,30065,2021,175899.0
29711,30066,2021,54008.7
29712,30067,2021,38942.1
29713,30068,2021,134115.3
29714,30069,2021,48209.1
29715,30070,2021,36923.5
29716,30071,2021,120958.0
29717,30072,2021,43860.2
29718,30073,2021,83441.4
29719,30074,2021,14694.6
29720,30075,2021,32957.7
29721,30076,2021,26714.4
29722,30077,2021,86578.2
29723,30078,2021,24711.2
29724,30079,2021,22929.2
29725,30080,2021,46625.6
29726,30081,2021,55818.7
29727,30082,2021,31941.7
29728,30083,2021,102035.6
29729,30084,2021,11275.2
29730,30085,2021,149741.0
29731,30086,2021,94805.8
29732,30087,2021,983286.1
29733,30088,2021,10130.4
29734,30089,2021,77407.6
29735,30090,2021,22437.5
29736,30091,2021,57991.4
29737,30092,2021,80248.3
29738,30093,2021,33443.9
29739,30094,2021,77342.2
29740,30095,2021,29957.0
29741,30096,2021,3085.4
29742,30097,2021,38109.1
29743,30098,2021,6673.8
29744,30099,2021,36956.0
29745,30100,2021,48168.1
29746,30101,2021,78303.2
29747,30102,2021,219566.1
29748,30103,2021,25796.2
29749,30104,2021,34388.5
29750,30105,2021,197809.6
29751,30106,2021,9769.1
29752,30107,2021,5875.4
29753,30108,2021,287269.6
29754,30109,2021,132316.0
29755,30110,2021,24600.8
29756,30111,2021,33337.3
29757,30112,2021,46206.0
29758,30113,2021,9254.9
29759,30114,2021,20533.3
29760,30115,2021,75151.8
29761,30116,2021,34719.1
29762,30117,2021,47827.8
29763,30118,2021,246807.2
29764,30119,2021,11421.6
29765,30120,2021,19757.6
29766,30121,2021,47842.4
29767,30122,2021,36573.0
29768,30123,2021,192955.2
29769,30124,2021,320517.4
29770,30125,2021,64445.2
29771,30126,2021,67154.7
29772,30127,2021,57477.7
29773,30128,2021,158228.4
29774,30129,2021,36405.1
29775,30130,2021,78877.3
29776,30131,2021,378185.7
29777,30132,2021,41083.1
29778,30133,2021,116500.0
29779,30134,2021,47586.1
29780,30135,2021,49049.6
29781,30136,2021,16963.7
29782,30137,2021,12782.6
29783,30138,2021,83833.1
29784,30139,2021,12340.3
29785,30140,2021,6351.0
29786,30141,2021,326147.3
29787,30142,2021,65771.6
29788,30143,2021,114541.6
29789,30144,2021,65574.1
29790,30145,2021,33799.9
29791,30146,2021,7934.6
29792,30147,2021,49793.8
29793,30148,2021,56598.2
29794,30149,2021,69226.9
29795,30150,2021,23469.3
29796,30151,2021,43723.6
29797,30152,2021,23414.7
29798,30153,2021,11626.9
29799,30154,2021,23998.6
29800,30155,2021,200358.6
29801,30156,2021,12206.3
29802,30157,2021,40672.1
29803,30158,2021,49385.2
29804,30159,2021,60613.4
29805,30160,2021,215598.7
29806,30161,2021,69780.3
29807,30162,2021,12938.6
29808,30163,2021,10051.5
29809,30164,2021,34083.1
29810,30165,2021,17985.2
29811,30166,2021,18901.5
29812,30167,2021,29474.8
29813,30168,2021,33036.8
29814,30169,2021,45348.9
29815,30170,2021,21714.4
29816,30171,2021,11206.6
29817,30172,2021,40093.2
29818,30173,2021,109503.0
29819,30174,2021,192014.4
29820,30175,2021,186586.2
29821,30176,2021,8960.6
29822,30177,2021,23655.6
29823,30178,2021,25942.0
29824,30179,2021,8637.3
29825,30180,2021,21765.5
29826,30181,2021,76001.1
29827,30182,2021,40017.6
29828,30183,2021,123475.0
29829,30184,2021,16045.9
29830,30185,2021,11229.0
29831,30186,2021,14482.0
29832,30187,2021,12306.1
29833,30188,2021,34603.4
29834,30189,2021,312057.8
29835,30190,2021,4542.4
29836,30191,2021,60452.7
29837,30192,2021,40912.3
29838,30193,2021,1225541.0
29839,30194,2021,25318.8
29840,30195,2021,11950.3
29841,30196,2021,35938.7
29842,30197,2021,22400.0
29843,30198,2021,13602.6
29844,30199,2021,24054.8
29845,30200,2021,25213.6
29846,30201,2021,90681.9
29847,30202,2021,29498.9
29848,30203,2021,29277.1
29849,30204,2021,87937.8
29850,30205,2021,39097.3
29851,30206,2021,58873.8
29852,30207,2021,90388.2
29853,30208,2021,46895.4
29854,30209,2021,30347.5
29855,30210,2021,62740.1
29856,30211,2021,61049.8
29857,30212,2021,26405.3
29858,31000,2021,2362248.3
29859,31001,2021,13142.4
29860,31002,2021,33878.8
29861,31003,2021,24966.7
29862,31004,2021,12587.2
29863,31005,2021,4356.7
29864,31006,2021,18464.7
29865,31007,2021,15146.4
29866,31008,2021,7881.5
29867,31009,2021,8906.2
29868,31010,2021,5603.6
29869,31011,2021,17097.4
29870,31012,2021,7513.1
29871,31013,2021,34942.7
29872,31014,2021,3450.0
29873,31015,2021,11247.1
29874,31016,2021,6274.6
29875,31017,2021,9424.2
29876,31018,2021,6855.6
29877,31019,2021,79098.9
29878,31020,2021,9092.5
29879,31021,2021,19128.2
29880,31022,2021,8773.1
29881,31023,2021,9808.3
29882,31024,2021,6513.6
29883,31025,2021,12220.4
29884,31026,2021,7281.0
29885,31027,2021,16777.1
29886,31028,2021,6002.0
29887,31029,2021,12622.1
29888,31030,2021,8128.8
29889,31031,2021,5652.7
29890,31032,2021,33843.2
29891,31033,2021,42980.1
29892,31034,2021,13143.8
29893,31035,2021,12920.9
29894,31036,2021,16381.4
29895,31037,2021,10581.9
29896,31038,2021,71167.2
29897,31039,2021,8456.0
29898,31040,2021,57687.7
29899,31041,2021,296588.7
29900,31042,2021,11131.5
29901,31043,2021,6953.2
29902,31044,2021,15258.8
29903,31045,2021,5399.4
29904,31046,2021,6681.2
29905,31047,2021,12106.2
29906,31048,2021,48477.2
29907,31049,2021,8078.5
29908,31050,2021,2023481.7
29909,31051,2021,6967.5
29910,31052,2021,76461.9
29911,31053,2021,27236.9
29912,31054,2021,6029.1
29913,31055,2021,14323.1
29914,31056,2021,68664.8
29915,31057,2021,15733.3
29916,31058,2021,52352.7
29917,31059,2021,134444.5
29918,31060,2021,1959.9
29919,31061,2021,8138.5
29920,31062,2021,10010.3
29921,31063,2021,11405.0
29922,31064,2021,3418.4
29923,31065,2021,4340.7
29924,31066,2021,8549.6
29925,31067,2021,20283.7
29926,31068,2021,6443.3
29927,31069,2021,18057.7
29928,31070,2021,8063.3
29929,31071,2021,3971.0
29930,31072,2021,3720.8
29931,31073,2021,12017.7
29932,31074,2021,7584.8
29933,31075,2021,13984.0
29934,31076,2021,36261.2
29935,31077,2021,5380.3
29936,31078,2021,7508.4
29937,31079,2021,91170.1
29938,31080,2021,22269.0
29939,31081,2021,6782.1
29940,31082,2021,7028.6
29941,31083,2021,3869.6
29942,31084,2021,14141.2
29943,31085,2021,33817.8
29944,31086,2021,4260.0
29945,31087,2021,11092.5
29946,31088,2021,3821.8
29947,31089,2021,81601.0
29948,31090,2021,15188.3
29949,31091,2021,25669.8
29950,31092,2021,16030.9
29951,31093,2021,37141.7
29952,31094,2021,11037.1
29953,31095,2021,11456.7
29954,31096,2021,163762.0
29955,31097,2021,7446.2
29956,31098,2021,31038.8
29957,31099,2021,8466.9
29958,31100,2021,8233.8
29959,31101,2021,142081.7
29960,31102,2021,173658.2
29961,31103,2021,6948.7
29962,31104,2021,33072.9
29963,31105,2021,6676.0
29964,31106,2021,4446.4
29965,32000,2021,1643638.0
29966,32001,2021,12613.7
29967,32002,2021,9923.8
29968,32003,2021,4508.9
29969,32004,2021,9033.8
29970,32005,2021,93051.0
29971,32006,2021,16519.8
29972,32007,2021,24189.4
29973,32008,2021,27355.6
29974,32009,2021,20165.7
29975,32010,2021,488007.8
29976,32011,2021,6913.0
29977,32012,2021,16466.8
29978,32013,2021,13536.1
29979,32014,2021,40111.1
29980,32015,2021,3176.4
29981,32016,2021,47397.3
29982,32017,2021,434093.4
29983,32018,2021,9213.3
29984,32019,2021,51175.6
29985,32020,2021,120537.4
29986,32021,2021,8959.7
29987,32022,2021,39360.1
29988,32023,2021,24532.9
29989,32024,2021,108653.6
29990,32025,2021,26705.0
29991,32026,2021,35638.2
29992,32027,2021,5507.9
29993,32028,2021,4975.0
29994,32029,2021,47804.3
29995,32030,2021,4880.4
29996,32031,2021,17577.2
29997,32032,2021,26827.4
29998,32033,2021,9142.3
29999,32034,2021,56011.1
30000,32035,2021,32736.1
30001,32036,2021,89189.5
30002,32037,2021,35779.9
30003,32038,2021,145292.6
30004,32039,2021,129552.9
30005,32040,2021,43795.3
30006,32041,2021,5022.0
30007,32042,2021,128108.9
30008,32043,2021,2739.4
30009,32044,2021,33404.5
30010,32045,2021,16689.8
30011,32046,2021,12866.0
30012,32047,2021,10751.5
30013,32048,2021,55040.5
30014,32049,2021,65027.9
30015,32050,2021,20749.8
30016,32051,2021,69772.5
30017,32052,2021,39377.3
30018,32053,2021,26529.5
30019,32054,2021,39175.3
30020,32055,2021,63834.7
30021,32056,2021,301685.2
30022,32057,2021,41682.8
30023,32058,2021,5554.1
30024,0,2022,129139867.4
30025,1000,2022,1480551.8
30026,1001,2022,1961468.4
30027,1002,2022,105820.0
30028,1003,2022,118371.2
30029,1004,2022,34975.6
30030,1005,2022,272417.2
30031,1006,2022,98174.0
30032,1007,2022,118909.8
30033,1008,2022,19596.0
30034,1009,2022,46387.4
30035,1010,2022,43394.8
30036,1011,2022,134766.6
30037,2000,2022,3907164.6
30038,2001,2022,882487.2
30039,2002,2022,2151221.0
30040,2003,2022,221465.8
30041,2004,2022,3991217.0
30042,2005,2022,268925.2
30043,2006,2022,
30044,3000,2022,838104.4
30045,3001,2022,148559.2
30046,3002,2022,131236.8
30047,3003,2022,603330.6
30048,3008,2022,748753.8
30049,3009,2022,36955.2
30050,4000,2022,956600.2
30051,4001,2022,121154.0
30052,4002,2022,602793.2
30053,4003,2022,511053.4
30054,4004,2022,155028.6
30055,4005,2022,65330.8
30056,4006,2022,86164.0
30057,4007,2022,17841.8
30058,4008,2022,23636.2
30059,4009,2022,122903.8
30060,4010,2022,65765.6
30061,4011,2022,97707.0
30062,4012,2022,
30063,5000,2022,3238270.8
30064,5001,2022,2070.0
30065,5002,2022,337090.8
30066,5003,2022,46362.8
30067,5004,2022,63180.6
30068,5005,2022,3225.8
30069,5006,2022,59710.0
30070,5007,2022,25505.6
30071,5008,2022,6191.0
30072,5009,2022,119639.2
30073,5010,2022,167769.2
30074,5011,2022,24180.0
30075,5012,2022,3330.6
30076,5013,2022,3458.4
30077,5014,2022,19297.0
30078,5015,2022,3237.8
30079,5016,2022,3518.0
30080,5017,2022,242000.0
30081,5018,2022,484848.6
30082,5019,2022,15894.4
30083,5020,2022,145710.8
30084,5021,2022,13248.4
30085,5022,2022,68570.6
30086,5023,2022,18927.2
30087,5024,2022,88873.4
30088,5025,2022,363225.6
30089,5026,2022,6422.6
30090,5027,2022,264991.6
30091,5028,2022,131356.6
30092,5029,2022,5042.2
30093,5030,2022,1822518.6
30094,5031,2022,50814.2
30095,5032,2022,84904.4
30096,5033,2022,201990.6
30097,5034,2022,13801.4
30098,5035,2022,1474253.6
30099,5036,2022,40302.4
30100,5037,2022,12432.6
30101,5038,2022,26821.2
30102,6000,2022,751244.2
30103,6001,2022,55021.0
30104,6002,2022,318562.0
30105,6003,2022,43901.0
30106,6004,2022,42525.2
30107,6005,2022,64405.8
30108,6006,2022,11437.6
30109,6007,2022,394448.2
30110,6008,2022,21347.4
30111,6009,2022,235585.6
30112,6010,2022,311568.6
30113,7000,2022,5740492.0
30114,7001,2022,36725.0
30115,7002,2022,39529.6
30116,7003,2022,54117.8
30117,7004,2022,75071.8
30118,7005,2022,50442.4
30119,7006,2022,64364.0
30120,7007,2022,23590.6
30121,7008,2022,66271.8
30122,7009,2022,83387.2
30123,7010,2022,14639.4
30124,7011,2022,40708.2
30125,7012,2022,138783.6
30126,7013,2022,77184.8
30127,7014,2022,50919.0
30128,7015,2022,102883.2
30129,7016,2022,35853.0
30130,7017,2022,183196.4
30131,7018,2022,20409.6
30132,7019,2022,342994.0
30133,7020,2022,104222.0
30134,7021,2022,44991.4
30135,7022,2022,46985.2
30136,7023,2022,213948.0
30137,7024,2022,28500.4
30138,7025,2022,15021.0
30139,7026,2022,99276.8
30140,7027,2022,234917.0
30141,7028,2022,12615.0
30142,7029,2022,10963.4
30143,7030,2022,76039.4
30144,7031,2022,285000.4
30145,7032,2022,62408.4
30146,7033,2022,14602.8
30147,7034,2022,167854.0
30148,7035,2022,29988.4
30149,7036,2022,15584.4
30150,7037,2022,73921.2
30151,7038,2022,46534.2
30152,7039,2022,58000.4
30153,7040,2022,107970.0
30154,7041,2022,94939.2
30155,7042,2022,23260.4
30156,7043,2022,22308.8
30157,7044,2022,59876.8
30158,7045,2022,12920.0
30159,7046,2022,84407.8
30160,7047,2022,52479.8
30161,7048,2022,43901.4
30162,7049,2022,66881.0
30163,7050,2022,10711.6
30164,7051,2022,94753.4
30165,7052,2022,294349.6
30166,7053,2022,15878.4
30167,7054,2022,57458.0
30168,7055,2022,12092.6
30169,7056,2022,28549.2
30170,7057,2022,156048.8
30171,7058,2022,9709.0
30172,7059,2022,486662.2
30173,7060,2022,29060.0
30174,7061,2022,203205.8
30175,7062,2022,37680.8
30176,7063,2022,8061.4
30177,7064,2022,114539.0
30178,7065,2022,274445.2
30179,7066,2022,55197.4
30180,7067,2022,25126.2
30181,7068,2022,64769.8
30182,7069,2022,105279.6
30183,7070,2022,24166.2
30184,7071,2022,63152.4
30185,7072,2022,58760.6
30186,7073,2022,22544.8
30187,7074,2022,91305.2
30188,7075,2022,59205.6
30189,7076,2022,61665.6
30190,7077,2022,131726.0
30191,7078,2022,443752.6
30192,7079,2022,87432.4
30193,7080,2022,46973.4
30194,7081,2022,111039.8
30195,7082,2022,32444.8
30196,7083,2022,39132.8
30197,7084,2022,17431.0
30198,7085,2022,22256.0
30199,7086,2022,53404.0
30200,7087,2022,86319.6
30201,7088,2022,4659.4
30202,7089,2022,721751.0
30203,7090,2022,9273.4
30204,7091,2022,27834.8
30205,7092,2022,35268.8
30206,7093,2022,99485.4
30207,7094,2022,103862.0
30208,7096,2022,171867.2
30209,7097,2022,188505.4
30210,7098,2022,14800.8
30211,7099,2022,171194.8
30212,7100,2022,78660.0
30213,7101,2022,1228837.2
30214,7102,2022,83388.4
30215,7103,2022,61635.0
30216,7104,2022,34404.6
30217,7105,2022,32834.8
30218,7106,2022,137824.0
30219,7107,2022,132359.4
30220,7108,2022,227353.4
30221,7109,2022,83218.0
30222,7110,2022,15378.2
30223,7111,2022,94299.6
30224,7112,2022,79468.8
30225,7113,2022,18337.8
30226,7114,2022,49831.6
30227,7115,2022,30736.6
30228,7116,2022,26998.4
30229,7117,2022,17515.4
30230,7118,2022,12707.8
30231,7119,2022,10615.6
30232,7120,2022,
30233,7121,2022,
30234,7122,2022,
30235,7123,2022,
30236,7124,2022,
30237,7125,2022,
30238,8000,2022,3840154.2
30239,8001,2022,31072.8
30240,8002,2022,53920.8
30241,8003,2022,17251.8
30242,8004,2022,57345.0
30243,8005,2022,53364.4
30244,8006,2022,11725.0
30245,8007,2022,33252.6
30246,8008,2022,22206.6
30247,8009,2022,45123.8
30248,8010,2022,51519.8
30249,8011,2022,100177.0
30250,8012,2022,16574.6
30251,8013,2022,24493.6
30252,8014,2022,4096.0
30253,8015,2022,2321.6
30254,8016,2022,7314.0
30255,8017,2022,372715.6
30256,8018,2022,10282.2
30257,8019,2022,1923551.2
30258,8020,2022,11785.6
30259,8021,2022,306943.4
30260,8022,2022,4748.0
30261,8023,2022,13753.4
30262,8024,2022,7604.2
30263,8025,2022,13412.8
30264,8026,2022,4618.6
30265,8027,2022,103044.8
30266,8028,2022,7694.2
30267,8029,2022,101846.8
30268,8030,2022,16983.4
30269,8031,2022,70391.4
30270,8032,2022,237757.4
30271,8033,2022,1615.6
30272,8034,2022,9716.4
30273,8035,2022,22220.2
30274,8036,2022,82234.8
30275,8037,2022,3097557.0
30276,8038,2022,10121.0
30277,8039,2022,8473.8
30278,8040,2022,48640.6
30279,8041,2022,2461.2
30280,8042,2022,2317.2
30281,8043,2022,5382.0
30282,8044,2022,8710.6
30283,8045,2022,91621.2
30284,8046,2022,14921.2
30285,8047,2022,8695.2
30286,8048,2022,45674.0
30287,8049,2022,5585.6
30288,8050,2022,134245.6
30289,8051,2022,16685.4
30290,8052,2022,48478.8
30291,8053,2022,10447.2
30292,8054,2022,15345.2
30293,8055,2022,34376.6
30294,8056,2022,4150.2
30295,8057,2022,4417.0
30296,8058,2022,5437.8
30297,8059,2022,10190.4
30298,8060,2022,23804.0
30299,8061,2022,6959.6
30300,8062,2022,59282.6
30301,8063,2022,10402.2
30302,8064,2022,2781.6
30303,8065,2022,34816.8
30304,8066,2022,12873.0
30305,8067,2022,9570.0
30306,9000,2022,9282425.8
30307,9002,2022,871407.6
30308,9003,2022,1226506.4
30309,9004,2022,447935.6
30310,9005,2022,2341733.6
30311,9006,2022,817537.6
30312,9007,2022,3678852.0
30313,9008,2022,498704.8
30314,9009,2022,314352.8
30315,9010,2022,1531120.0
30316,9011,2022,797511.4
30317,9012,2022,1419944.2
30318,9013,2022,895285.0
30319,9014,2022,887791.6
30320,9015,2022,1097389.2
30321,9016,2022,845572.4
30322,9017,2022,892498.4
30323,10000,2022,1888293.0
30324,10001,2022,63154.0
30325,10002,2022,9002.6
30326,10003,2022,8024.8
30327,10004,2022,70543.2
30328,10005,2022,1422112.4
30329,10006,2022,19896.0
30330,10007,2022,766267.6
30331,10008,2022,74873.0
30332,10009,2022,20023.2
30333,10010,2022,7616.4
30334,10011,2022,9299.0
30335,10012,2022,336297.2
30336,10013,2022,54732.6
30337,10014,2022,105806.2
30338,10015,2022,26088.0
30339,10016,2022,38432.6
30340,10017,2022,15524.2
30341,10018,2022,20436.8
30342,10019,2022,9815.6
30343,10020,2022,25649.6
30344,10021,2022,22623.6
30345,10022,2022,51557.0
30346,10023,2022,104099.8
30347,10024,2022,25673.8
30348,10025,2022,5509.4
30349,10026,2022,34255.0
30350,10027,2022,10274.6
30351,10028,2022,24220.6
30352,10029,2022,4184.4
30353,10030,2022,3262.2
30354,10031,2022,13354.0
30355,10032,2022,100754.0
30356,10033,2022,13953.2
30357,10034,2022,53835.0
30358,10035,2022,23423.0
30359,10036,2022,41931.2
30360,10037,2022,19570.2
30361,10038,2022,47918.4
30362,10039,2022,56891.8
30363,11000,2022,6321617.6
30364,11001,2022,187570.2
30365,11002,2022,217516.0
30366,11003,2022,355453.4
30367,11004,2022,126477.6
30368,11005,2022,248936.0
30369,11006,2022,10469.2
30370,11007,2022,1064143.6
30371,11008,2022,84572.2
30372,11009,2022,166373.6
30373,11010,2022,21922.4
30374,11011,2022,199941.2
30375,11012,2022,63248.2
30376,11013,2022,56435.8
30377,11014,2022,332849.2
30378,11015,2022,398293.2
30379,11016,2022,42704.0
30380,11017,2022,1212048.4
30381,11018,2022,78519.2
30382,11019,2022,98640.0
30383,11020,2022,3559423.8
30384,11021,2022,93688.2
30385,11022,2022,56377.4
30386,11023,2022,312514.4
30387,11024,2022,25394.2
30388,11025,2022,173867.2
30389,11026,2022,135800.6
30390,11027,2022,552718.4
30391,11028,2022,187188.6
30392,11029,2022,83887.0
30393,11030,2022,245269.0
30394,11031,2022,268958.4
30395,11032,2022,186172.2
30396,11033,2022,262904.2
30397,11034,2022,11711.6
30398,11035,2022,166258.2
30399,11036,2022,13447.8
30400,11037,2022,420110.6
30401,11038,2022,22490.8
30402,11039,2022,72028.2
30403,11040,2022,40763.6
30404,11041,2022,123903.4
30405,11042,2022,305649.2
30406,11043,2022,43224.8
30407,11044,2022,135898.8
30408,11045,2022,22105.4
30409,11046,2022,136794.6
30410,12000,2022,3577813.8
30411,12001,2022,1555169.0
30412,12002,2022,50617.4
30413,12003,2022,75199.6
30414,12004,2022,43359.4
30415,12005,2022,16102.4
30416,12006,2022,21785.8
30417,12007,2022,67065.8
30418,12008,2022,18615.2
30419,12009,2022,11667.2
30420,12010,2022,57885.2
30421,12011,2022,121255.4
30422,12012,2022,140880.2
30423,12013,2022,30519.2
30424,12014,2022,31132.8
30425,12015,2022,26119.2
30426,12016,2022,24728.0
30427,12017,2022,31512.8
30428,12018,2022,29332.6
30429,12019,2022,31741.0
30430,12020,2022,44473.2
30431,12021,2022,146089.4
30432,12022,2022,76183.4
30433,12023,2022,53735.8
30434,12024,2022,16120.2
30435,12025,2022,34824.6
30436,12026,2022,16213.8
30437,12027,2022,40847.4
30438,12028,2022,248599.0
30439,12029,2022,583483.2
30440,12030,2022,45345.6
30441,12031,2022,12599.0
30442,12032,2022,74918.4
30443,12033,2022,36214.8
30444,12034,2022,72894.8
30445,12035,2022,314565.0
30446,12036,2022,23859.0
30447,12037,2022,12100.6
30448,12038,2022,255364.2
30449,12039,2022,52886.6
30450,12040,2022,53376.4
30451,12041,2022,59288.4
30452,12042,2022,37589.8
30453,12043,2022,37761.0
30454,12044,2022,25233.0
30455,12045,2022,58594.4
30456,12046,2022,139333.0
30457,12047,2022,14206.6
30458,12048,2022,89227.4
30459,12049,2022,26024.8
30460,12050,2022,77575.8
30461,12051,2022,72857.2
30462,12052,2022,94163.0
30463,12053,2022,100935.2
30464,12054,2022,46777.6
30465,12055,2022,211836.8
30466,12056,2022,92974.8
30467,12057,2022,132307.0
30468,12058,2022,107710.0
30469,12059,2022,61791.4
30470,12060,2022,27284.2
30471,12061,2022,87904.0
30472,12062,2022,46193.0
30473,12063,2022,20241.2
30474,12064,2022,23442.8
30475,12065,2022,15412.6
30476,12066,2022,198215.2
30477,12067,2022,44605.4
30478,12068,2022,53080.6
30479,12069,2022,23880.4
30480,12070,2022,16059.8
30481,12071,2022,60550.2
30482,12072,2022,24610.4
30483,12073,2022,35967.4
30484,12074,2022,43707.6
30485,12075,2022,109096.0
30486,12076,2022,83432.6
30487,12077,2022,29144.8
30488,12078,2022,43515.4
30489,12079,2022,37847.4
30490,12080,2022,15302.4
30491,12081,2022,23819.0
30492,13000,2022,3169179.2
30493,13001,2022,45442.8
30494,13002,2022,94335.2
30495,13003,2022,124681.6
30496,13004,2022,21155.6
30497,13005,2022,38497.2
30498,13006,2022,38453.8
30499,13007,2022,25724.2
30500,13008,2022,95077.2
30501,13009,2022,40657.2
30502,13010,2022,64935.2
30503,13011,2022,39797.8
30504,13012,2022,61556.4
30505,13013,2022,137503.8
30506,13014,2022,32021.4
30507,13015,2022,39268.4
30508,13016,2022,123296.6
30509,13017,2022,26229.0
30510,13018,2022,46066.4
30511,13019,2022,38419.6
30512,13020,2022,5119.4
30513,13021,2022,31118.4
30514,13022,2022,33591.2
30515,13023,2022,73439.4
30516,13024,2022,35395.8
30517,13025,2022,40573.6
30518,13026,2022,25530.0
30519,13027,2022,45450.0
30520,13028,2022,255151.2
30521,13029,2022,96208.4
30522,13030,2022,202248.4
30523,13031,2022,24403.0
30524,13032,2022,21215.6
30525,13033,2022,5685.4
30526,13034,2022,18848.2
30527,13035,2022,26817.6
30528,13036,2022,18940.8
30529,13037,2022,41698.2
30530,13038,2022,18130.4
30531,13039,2022,28853.6
30532,13040,2022,19402.2
30533,13041,2022,96232.2
30534,13042,2022,23332.4
30535,13043,2022,12389.2
30536,13044,2022,34528.6
30537,13045,2022,18722.8
30538,13046,2022,76733.8
30539,13047,2022,9383.4
30540,13048,2022,647254.2
30541,13049,2022,37671.4
30542,13050,2022,47861.4
30543,13051,2022,435708.8
30544,13052,2022,80557.4
30545,13053,2022,35268.6
30546,13054,2022,75200.4
30547,13055,2022,37594.4
30548,13056,2022,81558.8
30549,13057,2022,30537.0
30550,13058,2022,35113.4
30551,13059,2022,77216.4
30552,13060,2022,35157.6
30553,13061,2022,114341.8
30554,13062,2022,63351.2
30555,13063,2022,185090.4
30556,13064,2022,22019.6
30557,13065,2022,23820.2
30558,13066,2022,26626.4
30559,13067,2022,113141.2
30560,13068,2022,28817.6
30561,13069,2022,364983.0
30562,13070,2022,38918.4
30563,13071,2022,18015.2
30564,13072,2022,22600.2
30565,13073,2022,76006.6
30566,13074,2022,58002.8
30567,13075,2022,46041.0
30568,13076,2022,234716.4
30569,13077,2022,343468.2
30570,13078,2022,36208.2
30571,13079,2022,13922.0
30572,13080,2022,49778.0
30573,13081,2022,78593.6
30574,13082,2022,44268.8
30575,13083,2022,123429.2
30576,13084,2022,80462.4
30577,14000,2022,8570309.4
30578,14001,2022,47254.4
30579,14002,2022,52916.8
30580,14003,2022,48095.2
30581,14004,2022,11583.8
30582,14005,2022,33763.0
30583,14006,2022,122155.6
30584,14007,2022,19085.2
30585,14008,2022,164728.6
30586,14009,2022,43731.6
30587,14010,2022,15990.2
30588,14011,2022,11300.8
30589,14012,2022,8452.8
30590,14013,2022,130737.8
30591,14014,2022,17581.8
30592,14015,2022,133192.6
30593,14016,2022,84486.2
30594,14017,2022,25923.2
30595,14018,2022,137471.6
30596,14019,2022,14580.8
30597,14020,2022,22487.2
30598,14021,2022,40821.0
30599,14022,2022,80870.6
30600,14023,2022,236836.8
30601,14024,2022,59827.6
30602,14025,2022,40079.6
30603,14026,2022,12838.4
30604,14027,2022,37269.0
30605,14028,2022,4369.4
30606,14029,2022,35894.4
30607,14030,2022,112996.6
30608,14031,2022,6432.4
30609,14032,2022,12073.6
30610,14033,2022,42557.0
30611,14034,2022,3940.8
30612,14035,2022,107537.6
30613,14036,2022,40622.6
30614,14037,2022,52774.8
30615,14038,2022,8417.2
30616,14039,2022,2727443.6
30617,14040,2022,16887.0
30618,14041,2022,11810.0
30619,14042,2022,20622.6
30620,14043,2022,46610.0
30621,14044,2022,146946.8
30622,14045,2022,41815.2
30623,14046,2022,65897.0
30624,14047,2022,50627.0
30625,14048,2022,38329.2
30626,14049,2022,19880.4
30627,14050,2022,96289.8
30628,14051,2022,68829.0
30629,14052,2022,11097.6
30630,14053,2022,353144.0
30631,14054,2022,10689.0
30632,14055,2022,43753.2
30633,14056,2022,3506.6
30634,14057,2022,8348.8
30635,14058,2022,29319.4
30636,14059,2022,28481.6
30637,14060,2022,10398.0
30638,14061,2022,47593.4
30639,14062,2022,7355.4
30640,14063,2022,217374.4
30641,14064,2022,68679.2
30642,14065,2022,22709.0
30643,14066,2022,109529.0
30644,14067,2022,598278.8
30645,14068,2022,22749.0
30646,14069,2022,15200.8
30647,14070,2022,504593.6
30648,14071,2022,5900.8
30649,14072,2022,15788.2
30650,14073,2022,147636.2
30651,14074,2022,34220.4
30652,14075,2022,7637.8
30653,14076,2022,6244.2
30654,14077,2022,56976.4
30655,14078,2022,64536.4
30656,14079,2022,33846.8
30657,14080,2022,9992.8
30658,14081,2022,6948.4
30659,14082,2022,75384.2
30660,14083,2022,183027.0
30661,14084,2022,30536.4
30662,14085,2022,78508.6
30663,14086,2022,43890.0
30664,14087,2022,33716.0
30665,14088,2022,33265.0
30666,14089,2022,8396.6
30667,14090,2022,14711.8
30668,14091,2022,79827.4
30669,14092,2022,22177.2
30670,14093,2022,306622.8
30671,14094,2022,90535.4
30672,14095,2022,19565.2
30673,14096,2022,46285.8
30674,14097,2022,1580216.8
30675,14098,2022,1405880.8
30676,14099,2022,23129.8
30677,14100,2022,73426.6
30678,14101,2022,1176386.6
30679,14102,2022,11945.0
30680,14103,2022,15274.2
30681,14104,2022,8327.0
30682,14105,2022,48097.6
30683,14106,2022,11756.2
30684,14107,2022,13581.8
30685,14108,2022,76496.6
30686,14109,2022,39065.6
30687,14110,2022,27667.6
30688,14111,2022,13354.0
30689,14112,2022,12533.6
30690,14113,2022,33688.2
30691,14114,2022,39013.4
30692,14115,2022,11113.4
30693,14116,2022,40809.2
30694,14117,2022,8952.6
30695,14118,2022,45075.4
30696,14119,2022,62025.0
30697,14120,2022,3046403.8
30698,14121,2022,69268.4
30699,14122,2022,15277.2
30700,14123,2022,39351.0
30701,14124,2022,130174.6
30702,14125,2022,37017.4
30703,15000,2022,17362774.8
30704,15001,2022,138525.4
30705,15002,2022,357000.8
30706,15003,2022,100311.0
30707,15004,2022,30856.8
30708,15005,2022,359959.0
30709,15006,2022,26111.2
30710,15007,2022,47672.8
30711,15008,2022,50104.6
30712,15009,2022,108923.8
30713,15010,2022,65545.2
30714,15011,2022,158675.6
30715,15012,2022,27045.6
30716,15013,2022,1060840.8
30717,15014,2022,225065.2
30718,15015,2022,65501.6
30719,15016,2022,59706.0
30720,15017,2022,20639.4
30721,15018,2022,145561.8
30722,15019,2022,74978.2
30723,15020,2022,593044.8
30724,15021,2022,78279.6
30725,15022,2022,31419.2
30726,15023,2022,82516.8
30727,15024,2022,373221.8
30728,15025,2022,836079.4
30729,15026,2022,65150.8
30730,15027,2022,26782.4
30731,15028,2022,61631.6
30732,15029,2022,411777.6
30733,15030,2022,57333.2
30734,15031,2022,1446681.4
30735,15032,2022,76474.0
30736,15033,2022,3286402.0
30737,15034,2022,22238.6
30738,15035,2022,351778.0
30739,15036,2022,96271.2
30740,15037,2022,587051.8
30741,15038,2022,24503.4
30742,15039,2022,1114396.6
30743,15040,2022,75170.0
30744,15041,2022,12888.4
30745,15042,2022,327740.6
30746,15043,2022,62909.2
30747,15044,2022,57189.6
30748,15045,2022,176907.0
30749,15046,2022,40516.8
30750,15047,2022,156773.0
30751,15048,2022,141774.2
30752,15049,2022,31891.2
30753,15050,2022,55718.4
30754,15051,2022,354874.2
30755,15052,2022,57322.2
30756,15053,2022,126835.8
30757,15054,2022,495870.8
30758,15055,2022,28450.4
30759,15056,2022,68244.2
30760,15057,2022,1669134.4
30761,15058,2022,2145720.2
30762,15059,2022,124331.4
30763,15060,2022,886800.0
30764,15061,2022,21286.0
30765,15062,2022,148327.8
30766,15063,2022,74215.2
30767,15064,2022,74870.4
30768,15065,2022,74613.4
30769,15066,2022,9837.2
30770,15067,2022,181821.6
30771,15068,2022,63014.8
30772,15069,2022,10019.6
30773,15070,2022,628273.2
30774,15071,2022,30768.6
30775,15072,2022,33234.4
30776,15073,2022,67848.0
30777,15074,2022,299258.2
30778,15075,2022,60110.2
30779,15076,2022,204771.6
30780,15077,2022,13558.4
30781,15078,2022,19705.2
30782,15079,2022,29656.0
30783,15080,2022,47624.4
30784,15081,2022,1168198.0
30785,15082,2022,161898.4
30786,15083,2022,29449.2
30787,15084,2022,90228.0
30788,15085,2022,134315.6
30789,15086,2022,70897.6
30790,15087,2022,217856.0
30791,15088,2022,214859.4
30792,15089,2022,23087.6
30793,15090,2022,186057.2
30794,15091,2022,131855.6
30795,15092,2022,119222.6
30796,15093,2022,66997.2
30797,15094,2022,41888.0
30798,15095,2022,213443.0
30799,15096,2022,81212.4
30800,15097,2022,37408.0
30801,15098,2022,11722.0
30802,15099,2022,572112.8
30803,15100,2022,98824.8
30804,15101,2022,173947.2
30805,15102,2022,33237.2
30806,15103,2022,99708.8
30807,15104,2022,1347594.8
30808,15105,2022,63091.4
30809,15106,2022,1857666.6
30810,15107,2022,26147.6
30811,15108,2022,325727.6
30812,15109,2022,1044419.0
30813,15110,2022,123212.6
30814,15111,2022,108783.6
30815,15112,2022,105653.2
30816,15113,2022,141809.0
30817,15114,2022,221932.2
30818,15115,2022,112586.8
30819,15116,2022,10640.4
30820,15117,2022,26414.6
30821,15118,2022,422192.0
30822,15119,2022,38653.2
30823,15120,2022,609262.0
30824,15121,2022,1127721.2
30825,15122,2022,797111.0
30826,15123,2022,58223.6
30827,15124,2022,203658.8
30828,15125,2022,31641.0
30829,16000,2022,4845697.2
30830,16001,2022,22746.6
30831,16002,2022,29251.2
30832,16003,2022,46888.4
30833,16004,2022,30007.8
30834,16005,2022,21829.4
30835,16006,2022,253745.0
30836,16007,2022,7188.8
30837,16008,2022,50934.6
30838,16009,2022,73177.4
30839,16010,2022,40864.0
30840,16011,2022,23780.6
30841,16012,2022,92517.0
30842,16013,2022,18634.0
30843,16014,2022,35380.8
30844,16015,2022,41151.0
30845,16016,2022,42130.8
30846,16017,2022,71006.8
30847,16018,2022,19187.6
30848,16019,2022,40700.0
30849,16020,2022,60501.2
30850,16021,2022,27639.6
30851,16022,2022,55139.4
30852,16023,2022,21013.2
30853,16024,2022,42167.0
30854,16025,2022,82838.8
30855,16026,2022,9563.0
30856,16027,2022,9805.4
30857,16028,2022,10336.0
30858,16029,2022,23941.0
30859,16030,2022,23297.6
30860,16031,2022,32211.2
30861,16032,2022,31902.0
30862,16033,2022,43057.4
30863,16034,2022,254929.6
30864,16035,2022,60531.8
30865,16036,2022,23324.4
30866,16037,2022,15875.6
30867,16038,2022,84310.6
30868,16039,2022,18472.0
30869,16040,2022,37578.2
30870,16041,2022,32595.2
30871,16042,2022,28902.4
30872,16043,2022,139549.8
30873,16044,2022,25786.2
30874,16045,2022,73127.6
30875,16046,2022,30423.8
30876,16047,2022,39668.2
30877,16048,2022,11591.8
30878,16049,2022,39508.2
30879,16050,2022,182252.8
30880,16051,2022,28378.6
30881,16052,2022,399242.6
30882,16053,2022,1746268.8
30883,16054,2022,15925.2
30884,16055,2022,91835.0
30885,16056,2022,67383.6
30886,16057,2022,16969.8
30887,16058,2022,42959.4
30888,16059,2022,18384.0
30889,16060,2022,18819.2
30890,16061,2022,50406.4
30891,16062,2022,42695.8
30892,16063,2022,29324.4
30893,16064,2022,54471.8
30894,16065,2022,81333.4
30895,16066,2022,201051.4
30896,16067,2022,33046.4
30897,16068,2022,60522.8
30898,16069,2022,216324.6
30899,16070,2022,31104.0
30900,16071,2022,139105.4
30901,16072,2022,28111.8
30902,16073,2022,54996.6
30903,16074,2022,21333.2
30904,16075,2022,163832.4
30905,16076,2022,159246.6
30906,16077,2022,35129.8
30907,16078,2022,25733.2
30908,16079,2022,101725.4
30909,16080,2022,40283.6
30910,16081,2022,18357.4
30911,16082,2022,163045.4
30912,16083,2022,68602.4
30913,16084,2022,65030.0
30914,16085,2022,71567.6
30915,16086,2022,31225.0
30916,16087,2022,31990.0
30917,16088,2022,243432.4
30918,16089,2022,48662.2
30919,16090,2022,33640.8
30920,16091,2022,30462.2
30921,16092,2022,25392.2
30922,16093,2022,57497.0
30923,16094,2022,12653.4
30924,16095,2022,25164.0
30925,16096,2022,11632.6
30926,16097,2022,57386.0
30927,16098,2022,51469.8
30928,16099,2022,28100.0
30929,16100,2022,30363.4
30930,16101,2022,18309.6
30931,16102,2022,730799.2
30932,16103,2022,46986.8
30933,16104,2022,31302.4
30934,16105,2022,42784.2
30935,16106,2022,65527.6
30936,16107,2022,155093.2
30937,16108,2022,417605.4
30938,16109,2022,6460.2
30939,16110,2022,99030.0
30940,16111,2022,38131.4
30941,16112,2022,314795.2
30942,16113,2022,52698.0
30943,17000,2022,2011862.0
30944,17001,2022,35441.6
30945,17002,2022,53016.0
30946,17003,2022,80598.0
30947,17004,2022,184214.2
30948,17005,2022,22459.2
30949,17006,2022,379028.8
30950,17007,2022,762294.8
30951,17008,2022,223564.8
30952,17009,2022,51898.6
30953,17010,2022,37928.6
30954,17011,2022,438074.6
30955,17012,2022,116438.2
30956,17013,2022,34222.4
30957,17014,2022,19395.8
30958,17015,2022,27942.0
30959,17016,2022,39409.4
30960,17017,2022,71446.6
30961,17018,2022,250190.4
30962,17019,2022,57385.4
30963,17020,2022,115363.0
30964,17021,2022,15324.6
30965,17022,2022,28043.0
30966,17023,2022,16410.6
30967,17024,2022,106294.2
30968,17025,2022,68429.4
30969,17026,2022,40013.6
30970,17027,2022,26296.8
30971,17028,2022,150734.8
30972,17029,2022,214747.6
30973,17030,2022,115928.8
30974,17031,2022,72593.4
30975,17032,2022,20308.8
30976,17033,2022,33924.6
30977,17034,2022,
30978,17035,2022,
30979,17036,2022,
30980,18000,2022,1273644.8
30981,18001,2022,74957.4
30982,18002,2022,31028.0
30983,18003,2022,23266.8
30984,18004,2022,158237.2
30985,18005,2022,25199.8
30986,18006,2022,59517.8
30987,18007,2022,39385.8
30988,18008,2022,137234.2
30989,18009,2022,101957.2
30990,18010,2022,66874.8
30991,18011,2022,48641.8
30992,18012,2022,82221.6
30993,18013,2022,15459.6
30994,18014,2022,51136.8
30995,18015,2022,188580.8
30996,18016,2022,73372.4
30997,18017,2022,872222.8
30998,18018,2022,60185.2
30999,18019,2022,28514.4
31000,18020,2022,401201.8
31001,19000,2022,6021441.2
31002,19001,2022,6065.4
31003,19002,2022,6850.0
31004,19003,2022,2840.0
31005,19004,2022,71715.8
31006,19005,2022,36306.0
31007,19006,2022,1366310.6
31008,19007,2022,30028.0
31009,19008,2022,7380.2
31010,19009,2022,261592.6
31011,19010,2022,244348.6
31012,19011,2022,14637.6
31013,19012,2022,155234.8
31014,19013,2022,19961.0
31015,19014,2022,72705.0
31016,19015,2022,2728.6
31017,19016,2022,6668.8
31018,19017,2022,82608.4
31019,19018,2022,895953.0
31020,19019,2022,268151.2
31021,19020,2022,11204.2
31022,19021,2022,1011771.4
31023,19022,2022,28597.6
31024,19023,2022,3864.4
31025,19024,2022,12900.2
31026,19025,2022,223193.4
31027,19026,2022,1272348.8
31028,19027,2022,3942.8
31029,19028,2022,2769.2
31030,19029,2022,14234.6
31031,19030,2022,6579.2
31032,19031,2022,1029062.6
31033,19032,2022,10773.2
31034,19033,2022,172570.2
31035,19034,2022,10133.0
31036,19035,2022,3231.8
31037,19036,2022,15547.0
31038,19037,2022,12423.0
31039,19038,2022,138952.2
31040,19039,2022,2288976.0
31041,19040,2022,1805.6
31042,19041,2022,346223.8
31043,19042,2022,11047.2
31044,19043,2022,4814.4
31045,19044,2022,69594.4
31046,19045,2022,195508.0
31047,19046,2022,811968.4
31048,19047,2022,31965.0
31049,19048,2022,627661.8
31050,19049,2022,96309.0
31051,19050,2022,3045.6
31052,19051,2022,6976.4
31053,20000,2022,4207568.8
31054,20001,2022,1584.8
31055,20002,2022,90654.8
31056,20003,2022,5114.8
31057,20004,2022,2252.0
31058,20005,2022,30862.4
31059,20006,2022,42057.6
31060,20007,2022,4703.2
31061,20008,2022,1424.8
31062,20009,2022,13768.8
31063,20010,2022,26940.6
31064,20011,2022,2876.8
31065,20012,2022,22932.2
31066,20013,2022,6203.6
31067,20014,2022,56856.4
31068,20015,2022,10979.8
31069,20016,2022,19538.8
31070,20017,2022,7336.0
31071,20018,2022,1472.2
31072,20019,2022,5394.4
31073,20020,2022,10112.4
31074,20021,2022,28918.4
31075,20022,2022,1589.4
31076,20023,2022,57157.6
31077,20024,2022,7215.8
31078,20025,2022,22818.2
31079,20026,2022,18296.6
31080,20027,2022,4248.2
31081,20028,2022,47692.8
31082,20029,2022,8409.4
31083,20030,2022,17860.0
31084,20031,2022,14300.8
31085,20032,2022,2171.6
31086,20033,2022,6056.4
31087,20034,2022,2521.2
31088,20035,2022,1376.0
31089,20036,2022,10518.8
31090,20037,2022,8872.8
31091,20038,2022,3684.4
31092,20039,2022,160014.4
31093,20040,2022,12932.6
31094,20041,2022,64115.0
31095,20042,2022,17056.6
31096,20043,2022,235682.6
31097,20044,2022,81992.6
31098,20045,2022,15925.4
31099,20046,2022,5753.2
31100,20047,2022,158.2
31101,20048,2022,2920.0
31102,20049,2022,2384.2
31103,20050,2022,7488.8
31104,20051,2022,9686.4
31105,20052,2022,11915.2
31106,20053,2022,2633.4
31107,20054,2022,806.0
31108,20055,2022,7571.0
31109,20056,2022,2900.0
31110,20057,2022,76745.0
31111,20058,2022,25202.8
31112,20059,2022,104384.6
31113,20060,2022,4860.8
31114,20061,2022,5916.0
31115,20062,2022,960.8
31116,20063,2022,8750.4
31117,20064,2022,17461.8
31118,20065,2022,2120.4
31119,20066,2022,10737.2
31120,20067,2022,544989.2
31121,20068,2022,48491.8
31122,20069,2022,6346.4
31123,20070,2022,12770.2
31124,20071,2022,6828.4
31125,20072,2022,16710.0
31126,20073,2022,70417.2
31127,20074,2022,892.4
31128,20075,2022,5315.6
31129,20076,2022,6856.6
31130,20077,2022,9060.4
31131,20078,2022,2685.6
31132,20079,2022,169712.2
31133,20080,2022,3300.8
31134,20081,2022,3723.4
31135,20082,2022,8416.4
31136,20083,2022,24102.8
31137,20084,2022,8447.4
31138,20085,2022,53884.4
31139,20086,2022,2135.6
31140,20087,2022,11620.4
31141,20088,2022,5825.6
31142,20089,2022,4683.0
31143,20090,2022,12634.2
31144,20091,2022,13127.4
31145,20092,2022,3685.8
31146,20093,2022,1042.4
31147,20094,2022,3688.8
31148,20095,2022,9352.8
31149,20096,2022,1505.4
31150,20097,2022,3554.4
31151,20098,2022,8400.6
31152,20099,2022,724.4
31153,20100,2022,752.8
31154,20101,2022,1504.8
31155,20102,2022,11026.4
31156,20103,2022,12293.2
31157,20104,2022,5492.4
31158,20105,2022,15767.2
31159,20106,2022,487.2
31160,20107,2022,54491.6
31161,20108,2022,5351.4
31162,20109,2022,2463.6
31163,20110,2022,3362.0
31164,20111,2022,9937.6
31165,20112,2022,5208.4
31166,20113,2022,6486.0
31167,20114,2022,1345.8
31168,20115,2022,21485.0
31169,20116,2022,8293.6
31170,20117,2022,4348.6
31171,20118,2022,4771.2
31172,20119,2022,1618.8
31173,20120,2022,930.4
31174,20121,2022,1175.2
31175,20122,2022,1305.2
31176,20123,2022,5711.6
31177,20124,2022,40468.6
31178,20125,2022,23269.8
31179,20126,2022,10945.6
31180,20127,2022,2490.0
31181,20128,2022,2728.6
31182,20129,2022,735.8
31183,20130,2022,10401.2
31184,20131,2022,23219.4
31185,20132,2022,2821.4
31186,20133,2022,7855.6
31187,20134,2022,57672.0
31188,20135,2022,16904.2
31189,20136,2022,24631.8
31190,20137,2022,6941.2
31191,20138,2022,898.4
31192,20139,2022,4422.8
31193,20140,2022,1617.0
31194,20141,2022,18036.8
31195,20142,2022,1556.8
31196,20143,2022,19122.0
31197,20144,2022,2136.0
31198,20145,2022,11126.4
31199,20146,2022,5660.8
31200,20147,2022,763.4
31201,20148,2022,4458.8
31202,20149,2022,4246.8
31203,20150,2022,28509.8
31204,20151,2022,589.0
31205,20152,2022,5069.2
31206,20153,2022,9896.8
31207,20154,2022,4632.4
31208,20155,2022,2178.0
31209,20156,2022,7437.2
31210,20157,2022,34840.8
31211,20158,2022,4466.8
31212,20159,2022,11141.0
31213,20160,2022,2850.0
31214,20161,2022,5561.8
31215,20162,2022,4199.6
31216,20163,2022,3143.2
31217,20164,2022,5628.4
31218,20165,2022,3305.2
31219,20166,2022,22757.0
31220,20167,2022,4320.0
31221,20168,2022,1878.6
31222,20169,2022,8728.8
31223,20170,2022,7340.4
31224,20171,2022,36069.8
31225,20172,2022,817.8
31226,20173,2022,2892.8
31227,20174,2022,9457.2
31228,20175,2022,2728.0
31229,20176,2022,5454.0
31230,20177,2022,21100.0
31231,20178,2022,13544.6
31232,20179,2022,2888.0
31233,20180,2022,4696.8
31234,20181,2022,930.6
31235,20182,2022,4314.6
31236,20183,2022,2964.8
31237,20184,2022,320680.2
31238,20185,2022,17978.6
31239,20186,2022,1016.2
31240,20187,2022,3327.2
31241,20188,2022,19263.0
31242,20189,2022,6471.6
31243,20190,2022,45226.2
31244,20191,2022,602.0
31245,20192,2022,3076.0
31246,20193,2022,5717.8
31247,20194,2022,2802.8
31248,20195,2022,2032.0
31249,20196,2022,819.4
31250,20197,2022,6676.8
31251,20198,2022,60340.0
31252,20199,2022,911.2
31253,20200,2022,7346.8
31254,20201,2022,3779.2
31255,20202,2022,9259.8
31256,20203,2022,7177.2
31257,20204,2022,1235.6
31258,20205,2022,33824.2
31259,20206,2022,4882.8
31260,20207,2022,38860.0
31261,20208,2022,13615.8
31262,20209,2022,1172.4
31263,20210,2022,11192.4
31264,20211,2022,6919.2
31265,20212,2022,6358.0
31266,20213,2022,8635.6
31267,20214,2022,3954.8
31268,20215,2022,1802.6
31269,20216,2022,2446.0
31270,20217,2022,6718.6
31271,20218,2022,1065.6
31272,20219,2022,5388.8
31273,20220,2022,5361.4
31274,20221,2022,3059.2
31275,20222,2022,2810.4
31276,20223,2022,875.2
31277,20224,2022,1274.4
31278,20225,2022,11785.2
31279,20226,2022,6096.4
31280,20227,2022,38580.8
31281,20228,2022,1690.8
31282,20229,2022,19139.4
31283,20230,2022,1834.0
31284,20231,2022,6438.4
31285,20232,2022,44643.8
31286,20233,2022,3437.2
31287,20234,2022,14169.6
31288,20235,2022,7754.4
31289,20236,2022,2700.8
31290,20237,2022,3144.8
31291,20238,2022,2059.2
31292,20239,2022,1969.2
31293,20240,2022,5628.0
31294,20241,2022,2047.4
31295,20242,2022,25328.2
31296,20243,2022,4056.4
31297,20244,2022,7984.0
31298,20245,2022,2674.0
31299,20246,2022,1218.0
31300,20247,2022,3298.8
31301,20248,2022,31665.8
31302,20249,2022,7804.4
31303,20250,2022,2504.0
31304,20251,2022,2453.2
31305,20252,2022,4875.2
31306,20253,2022,4020.4
31307,20254,2022,6391.8
31308,20255,2022,3910.4
31309,20256,2022,466.0
31310,20257,2022,2088.4
31311,20258,2022,1377.6
31312,20259,2022,4151.4
31313,20260,2022,4273.8
31314,20261,2022,13738.4
31315,20262,2022,1976.4
31316,20263,2022,6252.2
31317,20264,2022,4307.6
31318,20265,2022,13510.8
31319,20266,2022,17242.6
31320,20267,2022,469.2
31321,20268,2022,2399.6
31322,20269,2022,8702.2
31323,20270,2022,2588.8
31324,20271,2022,6371.6
31325,20272,2022,12553.4
31326,20273,2022,7769.2
31327,20274,2022,2672.4
31328,20275,2022,14596.0
31329,20276,2022,1344.0
31330,20277,2022,24734.4
31331,20278,2022,78229.6
31332,20279,2022,5900.6
31333,20280,2022,3868.8
31334,20281,2022,616.0
31335,20282,2022,1248.0
31336,20283,2022,2087.2
31337,20284,2022,6277.8
31338,20285,2022,7491.8
31339,20286,2022,6162.6
31340,20287,2022,617.4
31341,20288,2022,1159.6
31342,20289,2022,2456.4
31343,20290,2022,2098.4
31344,20291,2022,8676.6
31345,20292,2022,3085.0
31346,20293,2022,34875.0
31347,20294,2022,14363.2
31348,20295,2022,20441.2
31349,20296,2022,1921.6
31350,20297,2022,5743.6
31351,20298,2022,27890.0
31352,20299,2022,2256.8
31353,20300,2022,13337.8
31354,20301,2022,3212.4
31355,20302,2022,9295.6
31356,20303,2022,2125.6
31357,20304,2022,1383.8
31358,20305,2022,8835.4
31359,20306,2022,9632.4
31360,20307,2022,19537.2
31361,20308,2022,6812.0
31362,20309,2022,20734.8
31363,20310,2022,32211.6
31364,20311,2022,977.2
31365,20312,2022,22443.4
31366,20313,2022,1429.2
31367,20314,2022,3546.8
31368,20315,2022,3872.0
31369,20316,2022,1470.0
31370,20317,2022,2463.2
31371,20318,2022,102372.8
31372,20319,2022,1895.6
31373,20320,2022,1402.4
31374,20321,2022,1474.6
31375,20322,2022,1532.8
31376,20323,2022,4915.6
31377,20324,2022,98244.8
31378,20325,2022,24454.2
31379,20326,2022,10158.8
31380,20327,2022,31842.8
31381,20328,2022,2992.4
31382,20329,2022,2238.6
31383,20330,2022,8602.4
31384,20331,2022,1997.6
31385,20332,2022,730.4
31386,20333,2022,6870.2
31387,20334,2022,104024.2
31388,20335,2022,1679.8
31389,20336,2022,3169.4
31390,20337,2022,11254.4
31391,20338,2022,21154.4
31392,20339,2022,8860.2
31393,20340,2022,3466.6
31394,20341,2022,485.6
31395,20342,2022,9018.4
31396,20343,2022,4072.4
31397,20344,2022,5706.6
31398,20345,2022,8468.4
31399,20346,2022,3121.2
31400,20347,2022,8619.2
31401,20348,2022,16399.4
31402,20349,2022,4479.2
31403,20350,2022,34031.2
31404,20351,2022,5674.4
31405,20352,2022,10322.8
31406,20353,2022,4978.8
31407,20354,2022,955.6
31408,20355,2022,1353.6
31409,20356,2022,4432.4
31410,20357,2022,1671.6
31411,20358,2022,3957.6
31412,20359,2022,1205.2
31413,20360,2022,8128.4
31414,20361,2022,1611.2
31415,20362,2022,2990.2
31416,20363,2022,5377.0
31417,20364,2022,38931.2
31418,20365,2022,2027.8
31419,20366,2022,7248.0
31420,20367,2022,9201.2
31421,20368,2022,4235.6
31422,20369,2022,4529.6
31423,20370,2022,1336.4
31424,20371,2022,1984.8
31425,20372,2022,2404.0
31426,20373,2022,787.4
31427,20374,2022,3360.0
31428,20375,2022,27632.0
31429,20376,2022,730.4
31430,20377,2022,21803.4
31431,20378,2022,7494.0
31432,20379,2022,5899.2
31433,20380,2022,4592.0
31434,20381,2022,6013.6
31435,20382,2022,2382.0
31436,20383,2022,1184.8
31437,20384,2022,9706.2
31438,20385,2022,209834.0
31439,20386,2022,38631.8
31440,20387,2022,5797.0
31441,20388,2022,5776.4
31442,20389,2022,1810.8
31443,20390,2022,101926.4
31444,20391,2022,6763.6
31445,20392,2022,13471.2
31446,20393,2022,8579.8
31447,20394,2022,5600.4
31448,20395,2022,3152.2
31449,20396,2022,6520.8
31450,20397,2022,80941.8
31451,20398,2022,9955.2
31452,20399,2022,89635.4
31453,20400,2022,3458.4
31454,20401,2022,55919.4
31455,20402,2022,2134.4
31456,20403,2022,7906.4
31457,20404,2022,1518.8
31458,20405,2022,3596.4
31459,20406,2022,43316.6
31460,20407,2022,19633.6
31461,20408,2022,1004.2
31462,20409,2022,18217.6
31463,20410,2022,6825.0
31464,20411,2022,1864.8
31465,20412,2022,6372.6
31466,20413,2022,106649.0
31467,20414,2022,24515.8
31468,20415,2022,9751.6
31469,20416,2022,898.0
31470,20417,2022,19575.0
31471,20418,2022,23420.2
31472,20419,2022,1193.2
31473,20420,2022,3357.6
31474,20421,2022,9490.0
31475,20422,2022,1197.0
31476,20423,2022,938.0
31477,20424,2022,7556.8
31478,20425,2022,4055.6
31479,20426,2022,18374.8
31480,20427,2022,33956.0
31481,20428,2022,4629.6
31482,20429,2022,3030.8
31483,20430,2022,659.6
31484,20431,2022,3682.4
31485,20432,2022,1780.0
31486,20433,2022,5427.2
31487,20434,2022,7709.4
31488,20435,2022,7179.2
31489,20436,2022,1709.4
31490,20437,2022,19300.6
31491,20438,2022,3718.2
31492,20439,2022,51102.4
31493,20440,2022,1590.4
31494,20441,2022,19103.8
31495,20442,2022,458.4
31496,20443,2022,860.8
31497,20444,2022,976.2
31498,20445,2022,3420.8
31499,20446,2022,11810.8
31500,20447,2022,35009.4
31501,20448,2022,5127.2
31502,20449,2022,6579.4
31503,20450,2022,28340.0
31504,20451,2022,2028.0
31505,20452,2022,8929.6
31506,20453,2022,7839.6
31507,20454,2022,7271.6
31508,20455,2022,5871.4
31509,20456,2022,3328.2
31510,20457,2022,6672.8
31511,20458,2022,2344.4
31512,20459,2022,9922.0
31513,20460,2022,10417.0
31514,20461,2022,1026.8
31515,20462,2022,9323.8
31516,20463,2022,1014.2
31517,20464,2022,630.0
31518,20465,2022,3317.4
31519,20466,2022,28573.4
31520,20467,2022,38562.8
31521,20468,2022,28664.4
31522,20469,2022,70199.0
31523,20470,2022,8709.6
31524,20471,2022,846.8
31525,20472,2022,6798.6
31526,20473,2022,2540.6
31527,20474,2022,6953.0
31528,20475,2022,20562.4
31529,20476,2022,843.2
31530,20477,2022,2637.6
31531,20478,2022,3095.8
31532,20479,2022,333.0
31533,20480,2022,2861.6
31534,20481,2022,3772.4
31535,20482,2022,114071.2
31536,20483,2022,22318.8
31537,20484,2022,9025.0
31538,20485,2022,6322.4
31539,20486,2022,4820.0
31540,20487,2022,3946.8
31541,20488,2022,265.4
31542,20489,2022,9806.0
31543,20490,2022,5907.2
31544,20491,2022,10189.2
31545,20492,2022,5349.6
31546,20493,2022,1097.0
31547,20494,2022,13184.0
31548,20495,2022,6130.4
31549,20496,2022,3674.8
31550,20497,2022,8510.0
31551,20498,2022,16016.6
31552,20499,2022,3811.8
31553,20500,2022,16037.6
31554,20501,2022,2022.8
31555,20502,2022,10022.6
31556,20503,2022,870.4
31557,20504,2022,3158.8
31558,20505,2022,15415.0
31559,20506,2022,1605.2
31560,20507,2022,6284.0
31561,20508,2022,3287.8
31562,20509,2022,23102.8
31563,20510,2022,1472.2
31564,20511,2022,6583.2
31565,20512,2022,2294.0
31566,20513,2022,18319.8
31567,20514,2022,1860.6
31568,20515,2022,137867.6
31569,20516,2022,10830.0
31570,20517,2022,12400.6
31571,20518,2022,210.0
31572,20519,2022,7010.4
31573,20520,2022,14897.2
31574,20521,2022,518.4
31575,20522,2022,2420.0
31576,20523,2022,3287.2
31577,20524,2022,636.0
31578,20525,2022,25525.8
31579,20526,2022,33710.8
31580,20527,2022,4845.0
31581,20528,2022,1697.8
31582,20529,2022,3004.8
31583,20530,2022,8072.2
31584,20531,2022,5335.6
31585,20532,2022,8128.0
31586,20533,2022,5677.8
31587,20534,2022,6846.8
31588,20535,2022,6574.2
31589,20536,2022,880.4
31590,20537,2022,13405.2
31591,20538,2022,1433.8
31592,20539,2022,13225.2
31593,20540,2022,17171.8
31594,20541,2022,3056.4
31595,20542,2022,1830.4
31596,20543,2022,13100.8
31597,20544,2022,2050.0
31598,20545,2022,20661.0
31599,20546,2022,13094.4
31600,20547,2022,2043.6
31601,20548,2022,4052.0
31602,20549,2022,23039.8
31603,20550,2022,11832.0
31604,20551,2022,64745.0
31605,20552,2022,783.6
31606,20553,2022,25209.2
31607,20554,2022,11953.8
31608,20555,2022,7144.4
31609,20556,2022,634.8
31610,20557,2022,29358.4
31611,20558,2022,2688.4
31612,20559,2022,46430.6
31613,20560,2022,13054.8
31614,20561,2022,6016.4
31615,20562,2022,3453.6
31616,20563,2022,2474.6
31617,20564,2022,2351.2
31618,20565,2022,97877.2
31619,20566,2022,6330.8
31620,20567,2022,6872.6
31621,20568,2022,3462.4
31622,20569,2022,2831.8
31623,20570,2022,45363.8
31624,21000,2022,6749806.6
31625,21001,2022,150864.2
31626,21002,2022,18545.2
31627,21003,2022,77584.6
31628,21004,2022,132265.2
31629,21005,2022,6215.6
31630,21006,2022,28999.2
31631,21007,2022,6242.6
31632,21008,2022,23270.8
31633,21009,2022,4514.0
31634,21010,2022,155217.0
31635,21011,2022,3813.4
31636,21012,2022,13303.2
31637,21013,2022,46738.8
31638,21014,2022,9551.0
31639,21015,2022,261766.4
31640,21016,2022,18511.2
31641,21017,2022,61226.4
31642,21018,2022,7769.8
31643,21019,2022,289552.0
31644,21020,2022,15959.4
31645,21021,2022,3137.6
31646,21022,2022,26183.0
31647,21023,2022,18368.4
31648,21024,2022,1979.4
31649,21025,2022,16501.6
31650,21026,2022,31183.2
31651,21027,2022,8273.2
31652,21028,2022,5636.4
31653,21029,2022,7630.0
31654,21030,2022,1549.6
31655,21031,2022,5592.0
31656,21032,2022,2803.6
31657,21033,2022,11060.4
31658,21034,2022,98595.4
31659,21035,2022,41761.2
31660,21036,2022,29852.4
31661,21037,2022,4666.0
31662,21038,2022,21888.4
31663,21039,2022,19924.0
31664,21040,2022,25833.8
31665,21041,2022,298192.2
31666,21042,2022,6734.0
31667,21043,2022,100778.8
31668,21044,2022,35047.2
31669,21045,2022,96574.8
31670,21046,2022,16866.4
31671,21047,2022,44525.0
31672,21048,2022,45402.4
31673,21049,2022,35424.4
31674,21050,2022,54989.4
31675,21051,2022,75342.6
31676,21052,2022,2424.8
31677,21053,2022,136452.0
31678,21054,2022,72444.6
31679,21055,2022,10331.8
31680,21056,2022,2668.0
31681,21057,2022,13063.6
31682,21058,2022,42716.2
31683,21059,2022,5872.8
31684,21060,2022,16397.8
31685,21061,2022,29684.6
31686,21062,2022,10043.0
31687,21063,2022,29936.8
31688,21064,2022,36398.0
31689,21065,2022,46875.6
31690,21066,2022,12982.6
31691,21067,2022,38521.2
31692,21068,2022,13739.2
31693,21069,2022,60033.0
31694,21070,2022,12021.8
31695,21071,2022,210391.2
31696,21072,2022,34721.2
31697,21073,2022,19965.2
31698,21074,2022,192547.0
31699,21075,2022,26644.6
31700,21076,2022,55685.8
31701,21077,2022,12013.4
31702,21078,2022,32634.4
31703,21079,2022,11762.6
31704,21080,2022,5186.0
31705,21081,2022,8293.6
31706,21082,2022,17891.6
31707,21083,2022,50663.4
31708,21084,2022,13955.6
31709,21085,2022,169743.2
31710,21086,2022,23987.6
31711,21087,2022,26880.0
31712,21088,2022,8862.8
31713,21089,2022,23940.2
31714,21090,2022,49661.4
31715,21091,2022,19506.8
31716,21092,2022,10620.2
31717,21093,2022,15272.2
31718,21094,2022,76869.4
31719,21095,2022,1370.0
31720,21096,2022,6609.0
31721,21097,2022,5516.8
31722,21098,2022,13525.6
31723,21099,2022,42006.2
31724,21100,2022,18470.8
31725,21101,2022,6531.2
31726,21102,2022,28987.6
31727,21103,2022,13598.2
31728,21104,2022,67791.8
31729,21105,2022,10253.4
31730,21106,2022,92149.2
31731,21107,2022,24135.0
31732,21108,2022,41257.2
31733,21109,2022,40410.4
31734,21110,2022,103441.2
31735,21111,2022,37203.4
31736,21112,2022,18700.2
31737,21113,2022,9290.4
31738,21114,2022,3445348.8
31739,21115,2022,120396.0
31740,21116,2022,46341.2
31741,21117,2022,32664.0
31742,21118,2022,61843.6
31743,21119,2022,330499.6
31744,21120,2022,12207.2
31745,21121,2022,2595.2
31746,21122,2022,22793.0
31747,21123,2022,7454.8
31748,21124,2022,32508.0
31749,21125,2022,19942.4
31750,21126,2022,13511.0
31751,21127,2022,7165.2
31752,21128,2022,21886.0
31753,21129,2022,28561.8
31754,21130,2022,7284.4
31755,21131,2022,1993.6
31756,21132,2022,317346.0
31757,21133,2022,1398.0
31758,21134,2022,42639.0
31759,21135,2022,1048.8
31760,21136,2022,25269.6
31761,21137,2022,21468.0
31762,21138,2022,23976.0
31763,21139,2022,7630.2
31764,21140,2022,284076.2
31765,21141,2022,7028.6
31766,21142,2022,62639.8
31767,21143,2022,72382.6
31768,21144,2022,34932.2
31769,21145,2022,26255.0
31770,21146,2022,1448.0
31771,21147,2022,12877.6
31772,21148,2022,24379.2
31773,21149,2022,63965.8
31774,21150,2022,11825.6
31775,21151,2022,19171.8
31776,21152,2022,25663.8
31777,21153,2022,48606.6
31778,21154,2022,165277.4
31779,21155,2022,14240.8
31780,21156,2022,675751.0
31781,21157,2022,25930.8
31782,21158,2022,13492.2
31783,21159,2022,7604.6
31784,21160,2022,7605.6
31785,21161,2022,45798.6
31786,21162,2022,8274.4
31787,21163,2022,38748.8
31788,21164,2022,172431.6
31789,21165,2022,2462.0
31790,21166,2022,18192.2
31791,21167,2022,20799.2
31792,21168,2022,15427.6
31793,21169,2022,45434.0
31794,21170,2022,39554.8
31795,21171,2022,7909.0
31796,21172,2022,55020.8
31797,21173,2022,13689.4
31798,21174,2022,211715.2
31799,21175,2022,30722.0
31800,21176,2022,19841.0
31801,21177,2022,112128.4
31802,21178,2022,31504.4
31803,21179,2022,64551.4
31804,21180,2022,85165.4
31805,21181,2022,15326.4
31806,21182,2022,11042.2
31807,21183,2022,41118.0
31808,21184,2022,12860.0
31809,21185,2022,21480.2
31810,21186,2022,112825.4
31811,21187,2022,9676.0
31812,21188,2022,39573.6
31813,21189,2022,46095.0
31814,21190,2022,2390.8
31815,21191,2022,20049.6
31816,21192,2022,11829.2
31817,21193,2022,13058.8
31818,21194,2022,57311.8
31819,21195,2022,54069.8
31820,21196,2022,3113.4
31821,21197,2022,163272.0
31822,21198,2022,2654.4
31823,21199,2022,87899.2
31824,21200,2022,6702.8
31825,21201,2022,6828.8
31826,21202,2022,26360.4
31827,21203,2022,14816.4
31828,21204,2022,16016.8
31829,21205,2022,54150.4
31830,21206,2022,9486.4
31831,21207,2022,117622.6
31832,21208,2022,179193.2
31833,21209,2022,17415.6
31834,21210,2022,11376.8
31835,21211,2022,34033.4
31836,21212,2022,41947.0
31837,21213,2022,23807.0
31838,21214,2022,37803.6
31839,21215,2022,9052.0
31840,21216,2022,4849.8
31841,21217,2022,40607.6
31842,22000,2022,2479139.0
31843,22001,2022,135619.2
31844,22002,2022,54941.4
31845,22003,2022,26447.2
31846,22004,2022,140341.8
31847,22005,2022,137918.2
31848,22006,2022,452992.0
31849,22007,2022,93358.2
31850,22008,2022,74193.0
31851,22009,2022,55463.8
31852,22010,2022,37172.0
31853,22011,2022,509611.8
31854,22012,2022,160286.0
31855,22013,2022,38634.6
31856,22014,2022,2198782.8
31857,22015,2022,16517.8
31858,22016,2022,618771.0
31859,22017,2022,148097.4
31860,22018,2022,56563.8
31861,23000,2022,1969579.6
31862,23001,2022,181245.0
31863,23002,2022,171758.0
31864,23003,2022,48217.8
31865,23004,2022,464404.2
31866,23005,2022,1923437.2
31867,23006,2022,79622.0
31868,23007,2022,60019.6
31869,23008,2022,738176.4
31870,23009,2022,101256.2
31871,23010,2022,
31872,23011,2022,
31873,24000,2022,2879457.0
31874,24001,2022,38165.2
31875,24002,2022,15443.8
31876,24003,2022,97292.2
31877,24004,2022,7873.8
31878,24005,2022,36429.6
31879,24006,2022,19262.2
31880,24007,2022,40319.6
31881,24008,2022,44472.4
31882,24009,2022,10527.6
31883,24010,2022,60309.6
31884,24011,2022,98231.6
31885,24012,2022,40474.4
31886,24013,2022,364689.8
31887,24014,2022,30812.6
31888,24015,2022,44148.0
31889,24016,2022,81674.6
31890,24017,2022,49983.2
31891,24018,2022,30690.6
31892,24019,2022,10851.4
31893,24020,2022,209063.8
31894,24021,2022,118983.8
31895,24022,2022,38029.2
31896,24023,2022,30520.4
31897,24024,2022,199016.0
31898,24025,2022,62667.0
31899,24026,2022,18825.6
31900,24027,2022,20580.6
31901,24028,2022,1879768.0
31902,24029,2022,36090.2
31903,24030,2022,9328.6
31904,24031,2022,24553.2
31905,24032,2022,80005.8
31906,24033,2022,21107.2
31907,24034,2022,30164.0
31908,24035,2022,690311.8
31909,24036,2022,58690.0
31910,24037,2022,189538.4
31911,24038,2022,28201.2
31912,24039,2022,27244.4
31913,24040,2022,74063.0
31914,24041,2022,36061.2
31915,24042,2022,26712.0
31916,24043,2022,15697.8
31917,24044,2022,15019.4
31918,24045,2022,28438.4
31919,24046,2022,37365.6
31920,24047,2022,18461.0
31921,24048,2022,10587.4
31922,24049,2022,77053.6
31923,24050,2022,108449.0
31924,24051,2022,31196.8
31925,24052,2022,20696.4
31926,24053,2022,64964.8
31927,24054,2022,98864.4
31928,24055,2022,56039.2
31929,24056,2022,35334.2
31930,24057,2022,57485.8
31931,24058,2022,42228.0
31932,25000,2022,3108163.8
31933,25001,2022,937561.4
31934,25002,2022,88193.4
31935,25003,2022,52161.0
31936,25004,2022,48641.8
31937,25005,2022,34239.2
31938,25006,2022,2072142.0
31939,25007,2022,57751.0
31940,25008,2022,121267.2
31941,25009,2022,122575.2
31942,25010,2022,193287.8
31943,25011,2022,582987.0
31944,25012,2022,1030240.2
31945,25013,2022,78816.6
31946,25014,2022,106268.6
31947,25015,2022,159282.4
31948,25016,2022,38083.8
31949,25017,2022,154288.0
31950,25018,2022,309156.6
31951,26000,2022,3023351.8
31952,26001,2022,5107.2
31953,26002,2022,189095.8
31954,26003,2022,50029.6
31955,26004,2022,19385.0
31956,26005,2022,2326.0
31957,26006,2022,5585.0
31958,26007,2022,1266.0
31959,26008,2022,1848.6
31960,26009,2022,1533.0
31961,26010,2022,2364.0
31962,26011,2022,2973.0
31963,26012,2022,47348.0
31964,26013,2022,3762.6
31965,26014,2022,6268.8
31966,26015,2022,2225.0
31967,26016,2022,9923.4
31968,26017,2022,182674.6
31969,26018,2022,886504.6
31970,26019,2022,81622.2
31971,26020,2022,9951.8
31972,26021,2022,3960.0
31973,26022,2022,1841.6
31974,26023,2022,11470.8
31975,26024,2022,1482.0
31976,26025,2022,103146.0
31977,26026,2022,123391.0
31978,26027,2022,18428.8
31979,26028,2022,1960.4
31980,26029,2022,317544.4
31981,26030,2022,1938754.4
31982,26031,2022,2327.8
31983,26032,2022,1746.4
31984,26033,2022,155096.8
31985,26034,2022,1808.0
31986,26035,2022,25908.2
31987,26036,2022,67791.6
31988,26037,2022,2127.2
31989,26038,2022,10554.0
31990,26039,2022,11324.4
31991,26040,2022,2864.6
31992,26041,2022,29516.6
31993,26042,2022,332064.8
31994,26043,2022,547381.2
31995,26044,2022,729.0
31996,26045,2022,4929.2
31997,26046,2022,1033.2
31998,26047,2022,18381.2
31999,26048,2022,127612.4
32000,26049,2022,6298.0
32001,26050,2022,2979.2
32002,26051,2022,9630.0
32003,26052,2022,10241.8
32004,26053,2022,730.8
32005,26054,2022,1103.0
32006,26055,2022,407694.0
32007,26056,2022,22536.8
32008,26057,2022,2926.6
32009,26058,2022,32724.4
32010,26059,2022,3673.0
32011,26060,2022,3949.8
32012,26061,2022,2855.0
32013,26062,2022,2265.2
32014,26063,2022,2281.2
32015,26064,2022,2714.4
32016,26065,2022,2915.8
32017,26066,2022,17172.2
32018,26067,2022,2734.6
32019,26068,2022,2077.0
32020,26069,2022,9192.0
32021,26070,2022,26587.2
32022,26071,2022,43444.6
32023,26072,2022,28967.0
32024,27000,2022,2437176.8
32025,27001,2022,118588.4
32026,27002,2022,484400.8
32027,27003,2022,217911.8
32028,27004,2022,1384536.6
32029,27005,2022,438584.8
32030,27006,2022,278850.4
32031,27007,2022,65553.2
32032,27008,2022,386626.0
32033,27009,2022,76044.4
32034,27010,2022,185515.6
32035,27011,2022,62290.4
32036,27012,2022,319405.0
32037,27013,2022,314696.6
32038,27014,2022,197530.4
32039,27015,2022,96472.0
32040,27016,2022,119525.6
32041,27017,2022,126041.8
32042,28000,2022,3593136.4
32043,28001,2022,18783.2
32044,28002,2022,57773.4
32045,28003,2022,563963.0
32046,28004,2022,17836.4
32047,28005,2022,8559.0
32048,28006,2022,15051.2
32049,28007,2022,34096.0
32050,28008,2022,8418.4
32051,28009,2022,415352.8
32052,28010,2022,3293.0
32053,28011,2022,16537.6
32054,28012,2022,82577.8
32055,28013,2022,30077.8
32056,28014,2022,7667.4
32057,28015,2022,31433.2
32058,28016,2022,31471.6
32059,28017,2022,32436.0
32060,28018,2022,11995.6
32061,28019,2022,28556.4
32062,28020,2022,3959.2
32063,28021,2022,208730.6
32064,28022,2022,1106406.4
32065,28023,2022,8734.6
32066,28024,2022,13541.6
32067,28025,2022,52395.4
32068,28026,2022,7507.8
32069,28027,2022,866551.4
32070,28028,2022,7872.0
32071,28029,2022,26653.8
32072,28030,2022,27244.4
32073,28031,2022,3927.2
32074,28032,2022,1449587.2
32075,28033,2022,271651.6
32076,28034,2022,14269.6
32077,28035,2022,100923.8
32078,28036,2022,1833.6
32079,28037,2022,47606.6
32080,28038,2022,595138.4
32081,28039,2022,56822.8
32082,28040,2022,119398.6
32083,28041,2022,711098.4
32084,28042,2022,10542.2
32085,28043,2022,44430.6
32086,29000,2022,1379739.4
32087,29001,2022,23432.4
32088,29002,2022,33062.8
32089,29003,2022,14749.0
32090,29004,2022,37140.8
32091,29005,2022,163167.8
32092,29006,2022,105034.0
32093,29007,2022,35455.6
32094,29008,2022,33534.6
32095,29009,2022,12200.8
32096,29010,2022,149267.2
32097,29011,2022,9757.8
32098,29012,2022,19231.0
32099,29013,2022,203236.8
32100,29014,2022,30921.0
32101,29015,2022,79543.8
32102,29016,2022,15327.0
32103,29017,2022,23936.6
32104,29018,2022,78554.4
32105,29019,2022,45964.6
32106,29020,2022,19290.6
32107,29021,2022,38274.6
32108,29022,2022,13152.4
32109,29023,2022,53716.6
32110,29024,2022,58011.2
32111,29025,2022,170645.6
32112,29026,2022,50700.0
32113,29027,2022,26430.6
32114,29028,2022,51990.8
32115,29029,2022,27569.8
32116,29030,2022,31743.0
32117,29031,2022,73345.4
32118,29032,2022,27596.4
32119,29033,2022,203856.4
32120,29034,2022,93382.4
32121,29035,2022,12884.4
32122,29036,2022,45817.8
32123,29037,2022,18817.8
32124,29038,2022,37395.0
32125,29039,2022,52798.6
32126,29040,2022,21587.8
32127,29041,2022,69618.0
32128,29042,2022,29170.8
32129,29043,2022,88180.8
32130,29044,2022,94260.2
32131,29045,2022,12642.2
32132,29046,2022,10270.2
32133,29047,2022,7400.0
32134,29048,2022,38952.8
32135,29049,2022,12107.6
32136,29050,2022,24290.4
32137,29051,2022,8389.4
32138,29052,2022,13226.0
32139,29053,2022,15729.0
32140,29054,2022,11640.0
32141,29055,2022,6293.0
32142,29056,2022,16341.4
32143,29057,2022,9396.8
32144,29058,2022,19514.4
32145,29059,2022,16087.6
32146,29060,2022,11288.8
32147,30000,2022,8179758.6
32148,30001,2022,20044.8
32149,30002,2022,7034.6
32150,30003,2022,161066.0
32151,30004,2022,84065.0
32152,30005,2022,10589.4
32153,30006,2022,47069.6
32154,30007,2022,13239.4
32155,30008,2022,20934.8
32156,30009,2022,56582.2
32157,30010,2022,130037.0
32158,30011,2022,116377.8
32159,30012,2022,15891.4
32160,30013,2022,53572.2
32161,30014,2022,96826.4
32162,30015,2022,68034.2
32163,30016,2022,58676.4
32164,30017,2022,9692.0
32165,30018,2022,4028.4
32166,30019,2022,14183.6
32167,30020,2022,23855.2
32168,30021,2022,47251.8
32169,30022,2022,46340.4
32170,30023,2022,98753.0
32171,30024,2022,33729.8
32172,30025,2022,55140.4
32173,30026,2022,53812.6
32174,30027,2022,32053.0
32175,30028,2022,291712.6
32176,30029,2022,27710.8
32177,30030,2022,83692.8
32178,30031,2022,38849.0
32179,30032,2022,99928.0
32180,30033,2022,49256.6
32181,30034,2022,49740.8
32182,30035,2022,22369.4
32183,30036,2022,22679.6
32184,30037,2022,16523.8
32185,30038,2022,190989.6
32186,30039,2022,624991.0
32187,30040,2022,112851.2
32188,30041,2022,4801.8
32189,30042,2022,11538.4
32190,30043,2022,40279.6
32191,30044,2022,412729.4
32192,30045,2022,108557.2
32193,30046,2022,32546.6
32194,30047,2022,121736.0
32195,30048,2022,267203.6
32196,30049,2022,45320.8
32197,30050,2022,33003.8
32198,30051,2022,46726.8
32199,30052,2022,23830.2
32200,30053,2022,56950.0
32201,30054,2022,22922.2
32202,30055,2022,27482.6
32203,30056,2022,13255.6
32204,30057,2022,28092.0
32205,30058,2022,107427.6
32206,30059,2022,48503.0
32207,30060,2022,33072.2
32208,30061,2022,165098.8
32209,30062,2022,42578.8
32210,30063,2022,26319.8
32211,30064,2022,8063.6
32212,30065,2022,180654.0
32213,30066,2022,54262.4
32214,30067,2022,39497.2
32215,30068,2022,135436.6
32216,30069,2022,48155.2
32217,30070,2022,36921.0
32218,30071,2022,122026.0
32219,30072,2022,44065.4
32220,30073,2022,83440.8
32221,30074,2022,14803.2
32222,30075,2022,32836.4
32223,30076,2022,26674.8
32224,30077,2022,86678.4
32225,30078,2022,24644.4
32226,30079,2022,23061.4
32227,30080,2022,46971.2
32228,30081,2022,57047.4
32229,30082,2022,32126.4
32230,30083,2022,102241.2
32231,30084,2022,11241.4
32232,30085,2022,151461.0
32233,30086,2022,96014.6
32234,30087,2022,989399.2
32235,30088,2022,10152.8
32236,30089,2022,77197.2
32237,30090,2022,22588.0
32238,30091,2022,58270.8
32239,30092,2022,81131.6
32240,30093,2022,33696.8
32241,30094,2022,77567.4
32242,30095,2022,29684.0
32243,30096,2022,3084.8
32244,30097,2022,37906.2
32245,30098,2022,6749.6
32246,30099,2022,37242.0
32247,30100,2022,48433.2
32248,30101,2022,79248.4
32249,30102,2022,221046.2
32250,30103,2022,25994.4
32251,30104,2022,34341.0
32252,30105,2022,205013.2
32253,30106,2022,9851.2
32254,30107,2022,5882.8
32255,30108,2022,284649.2
32256,30109,2022,132873.0
32257,30110,2022,24948.6
32258,30111,2022,33407.6
32259,30112,2022,46719.0
32260,30113,2022,9276.8
32261,30114,2022,20556.6
32262,30115,2022,75675.6
32263,30116,2022,35167.2
32264,30117,2022,48069.6
32265,30118,2022,247244.4
32266,30119,2022,11497.2
32267,30120,2022,18829.2
32268,30121,2022,47668.8
32269,30122,2022,36999.0
32270,30123,2022,192661.4
32271,30124,2022,320765.8
32272,30125,2022,64989.4
32273,30126,2022,67322.4
32274,30127,2022,58402.4
32275,30128,2022,159830.8
32276,30129,2022,36433.2
32277,30130,2022,78532.6
32278,30131,2022,377411.4
32279,30132,2022,41550.2
32280,30133,2022,117011.0
32281,30134,2022,47971.2
32282,30135,2022,49827.2
32283,30136,2022,17225.4
32284,30137,2022,12946.2
32285,30138,2022,84066.2
32286,30139,2022,12381.6
32287,30140,2022,6434.0
32288,30141,2022,327150.6
32289,30142,2022,65609.2
32290,30143,2022,114660.2
32291,30144,2022,65648.2
32292,30145,2022,34236.8
32293,30146,2022,8019.2
32294,30147,2022,50431.6
32295,30148,2022,56820.4
32296,30149,2022,69579.8
32297,30150,2022,23546.6
32298,30151,2022,43373.2
32299,30152,2022,23267.4
32300,30153,2022,11612.8
32301,30154,2022,23826.2
32302,30155,2022,199981.2
32303,30156,2022,12298.6
32304,30157,2022,40965.2
32305,30158,2022,49253.4
32306,30159,2022,61854.8
32307,30160,2022,216149.4
32308,30161,2022,69643.6
32309,30162,2022,12978.2
32310,30163,2022,10014.0
32311,30164,2022,34208.2
32312,30165,2022,18120.4
32313,30166,2022,18982.0
32314,30167,2022,29601.6
32315,30168,2022,33376.6
32316,30169,2022,45084.8
32317,30170,2022,21753.8
32318,30171,2022,11263.2
32319,30172,2022,40029.4
32320,30173,2022,109894.0
32321,30174,2022,192300.8
32322,30175,2022,187143.4
32323,30176,2022,8930.2
32324,30177,2022,23931.2
32325,30178,2022,25865.0
32326,30179,2022,8701.6
32327,30180,2022,21689.0
32328,30181,2022,76136.2
32329,30182,2022,40683.2
32330,30183,2022,124130.0
32331,30184,2022,16198.8
32332,30185,2022,11362.0
32333,30186,2022,14568.0
32334,30187,2022,12387.2
32335,30188,2022,34766.8
32336,30189,2022,314269.6
32337,30190,2022,4558.8
32338,30191,2022,60670.4
32339,30192,2022,41041.6
32340,30193,2022,1236548.0
32341,30194,2022,25647.6
32342,30195,2022,12097.6
32343,30196,2022,36027.4
32344,30197,2022,22367.0
32345,30198,2022,13600.2
32346,30199,2022,24289.6
32347,30200,2022,25254.2
32348,30201,2022,91302.8
32349,30202,2022,29650.8
32350,30203,2022,29494.2
32351,30204,2022,87552.6
32352,30205,2022,39144.6
32353,30206,2022,59292.6
32354,30207,2022,90354.4
32355,30208,2022,46984.8
32356,30209,2022,30499.0
32357,30210,2022,63451.2
32358,30211,2022,61257.6
32359,30212,2022,26527.6
32360,31000,2022,2398693.6
32361,31001,2022,13180.8
32362,31002,2022,34167.6
32363,31003,2022,25348.4
32364,31004,2022,12688.4
32365,31005,2022,4379.4
32366,31006,2022,18564.4
32367,31007,2022,15282.8
32368,31008,2022,7849.0
32369,31009,2022,8861.4
32370,31010,2022,5672.2
32371,31011,2022,17407.8
32372,31012,2022,7517.2
32373,31013,2022,36450.4
32374,31014,2022,3472.0
32375,31015,2022,11366.2
32376,31016,2022,6332.2
32377,31017,2022,9467.4
32378,31018,2022,6926.2
32379,31019,2022,80180.8
32380,31020,2022,9169.0
32381,31021,2022,19415.4
32382,31022,2022,8813.2
32383,31023,2022,9874.6
32384,31024,2022,6532.2
32385,31025,2022,12432.8
32386,31026,2022,7307.0
32387,31027,2022,16821.2
32388,31028,2022,6097.0
32389,31029,2022,12693.2
32390,31030,2022,8223.6
32391,31031,2022,5662.4
32392,31032,2022,34083.4
32393,31033,2022,43417.2
32394,31034,2022,13235.6
32395,31035,2022,13057.8
32396,31036,2022,16547.8
32397,31037,2022,10662.8
32398,31038,2022,72046.4
32399,31039,2022,8530.0
32400,31040,2022,58202.4
32401,31041,2022,309232.4
32402,31042,2022,11141.0
32403,31043,2022,7082.4
32404,31044,2022,15450.6
32405,31045,2022,5444.8
32406,31046,2022,6762.4
32407,31047,2022,12248.4
32408,31048,2022,48935.4
32409,31049,2022,8218.0
32410,31050,2022,2056361.4
32411,31051,2022,7040.0
32412,31052,2022,77229.8
32413,31053,2022,27466.8
32414,31054,2022,6076.2
32415,31055,2022,14481.2
32416,31056,2022,69565.6
32417,31057,2022,15790.6
32418,31058,2022,52711.4
32419,31059,2022,136855.0
32420,31060,2022,1966.8
32421,31061,2022,8247.0
32422,31062,2022,10084.6
32423,31063,2022,11530.0
32424,31064,2022,3434.8
32425,31065,2022,4396.4
32426,31066,2022,8629.2
32427,31067,2022,20439.4
32428,31068,2022,6459.6
32429,31069,2022,18161.4
32430,31070,2022,8068.6
32431,31071,2022,4023.0
32432,31072,2022,3717.6
32433,31073,2022,12298.4
32434,31074,2022,7617.6
32435,31075,2022,14124.0
32436,31076,2022,36610.4
32437,31077,2022,5394.6
32438,31078,2022,7520.8
32439,31079,2022,92072.2
32440,31080,2022,22493.0
32441,31081,2022,6832.2
32442,31082,2022,7017.2
32443,31083,2022,3907.2
32444,31084,2022,14185.4
32445,31085,2022,34188.6
32446,31086,2022,4242.0
32447,31087,2022,11241.0
32448,31088,2022,3809.6
32449,31089,2022,82160.0
32450,31090,2022,15322.6
32451,31091,2022,25924.6
32452,31092,2022,16273.8
32453,31093,2022,37392.4
32454,31094,2022,11174.2
32455,31095,2022,11517.4
32456,31096,2022,165249.0
32457,31097,2022,7490.4
32458,31098,2022,31305.6
32459,31099,2022,8548.8
32460,31100,2022,8349.6
32461,31101,2022,145713.4
32462,31102,2022,175898.4
32463,31103,2022,6991.4
32464,31104,2022,33379.8
32465,31105,2022,6759.0
32466,31106,2022,4459.8
32467,32000,2022,1656655.0
32468,32001,2022,12604.4
32469,32002,2022,9911.6
32470,32003,2022,4426.8
32471,32004,2022,9057.6
32472,32005,2022,94212.0
32473,32006,2022,16521.6
32474,32007,2022,24052.8
32475,32008,2022,27666.2
32476,32009,2022,20070.4
32477,32010,2022,493468.6
32478,32011,2022,6985.0
32479,32012,2022,16480.6
32480,32013,2022,13686.2
32481,32014,2022,39752.2
32482,32015,2022,3169.8
32483,32016,2022,47633.6
32484,32017,2022,444439.8
32485,32018,2022,9260.6
32486,32019,2022,51524.2
32487,32020,2022,121000.8
32488,32021,2022,8931.4
32489,32022,2022,39203.2
32490,32023,2022,24525.8
32491,32024,2022,109722.2
32492,32025,2022,26896.0
32493,32026,2022,35608.4
32494,32027,2022,5518.8
32495,32028,2022,4947.0
32496,32029,2022,48091.6
32497,32030,2022,4862.8
32498,32031,2022,17523.4
32499,32032,2022,27168.8
32500,32033,2022,9135.6
32501,32034,2022,56003.2
32502,32035,2022,32868.2
32503,32036,2022,89860.0
32504,32037,2022,35910.8
32505,32038,2022,145767.2
32506,32039,2022,129921.8
32507,32040,2022,43853.6
32508,32041,2022,4979.0
32509,32042,2022,128604.8
32510,32043,2022,2740.8
32511,32044,2022,33589.0
32512,32045,2022,16705.6
32513,32046,2022,12744.0
32514,32047,2022,10722.0
32515,32048,2022,55404.0
32516,32049,2022,64840.8
32517,32050,2022,20933.6
32518,32051,2022,69808.0
32519,32052,2022,39630.6
32520,32053,2022,26590.0
32521,32054,2022,39370.6
32522,32055,2022,64275.4
32523,32056,2022,303971.4
32524,32057,2022,42390.6
32525,32058,2022,5542.2
32526,0,2023,130504049.6
32527,1000,2023,1504665.2
32528,1001,2023,1991939.1
32529,1002,2023,107014.0
32530,1003,2023,119188.8
32531,1004,2023,35369.9
32532,1005,2023,278467.3
32533,1006,2023,99328.0
32534,1007,2023,120552.2
32535,1008,2023,19816.5
32536,1009,2023,46956.1
32537,1010,2023,43812.7
32538,1011,2023,140010.9
32539,2000,2023,3968820.9
32540,2001,2023,877815.3
32541,2002,2023,2173995.5
32542,2003,2023,222977.2
32543,2004,2023,4063758.5
32544,2005,2023,276182.8
32545,2006,2023,
32546,3000,2023,854061.6
32547,3001,2023,148960.3
32548,3002,2023,132190.2
32549,3003,2023,611361.4
32550,3008,2023,771232.2
32551,3009,2023,37190.8
32552,4000,2023,967030.8
32553,4001,2023,122427.0
32554,4002,2023,609737.3
32555,4003,2023,516541.6
32556,4004,2023,154059.4
32557,4005,2023,66054.7
32558,4006,2023,87033.5
32559,4007,2023,17898.2
32560,4008,2023,23981.3
32561,4009,2023,124062.7
32562,4010,2023,66738.9
32563,4011,2023,98802.5
32564,4012,2023,
32565,5000,2023,3278250.2
32566,5001,2023,2059.5
32567,5002,2023,342359.2
32568,5003,2023,46434.7
32569,5004,2023,64592.9
32570,5005,2023,3190.7
32571,5006,2023,60354.5
32572,5007,2023,25447.9
32573,5008,2023,6220.5
32574,5009,2023,120306.8
32575,5010,2023,169206.8
32576,5011,2023,24228.0
32577,5012,2023,3240.4
32578,5013,2023,3426.6
32579,5014,2023,19228.0
32580,5015,2023,3231.2
32581,5016,2023,3502.5
32582,5017,2023,244275.5
32583,5018,2023,489191.9
32584,5019,2023,15836.6
32585,5020,2023,146682.2
32586,5021,2023,13289.6
32587,5022,2023,69609.4
32588,5023,2023,18644.8
32589,5024,2023,88683.1
32590,5025,2023,367949.4
32591,5026,2023,6372.4
32592,5027,2023,274457.9
32593,5028,2023,132139.4
32594,5029,2023,5075.3
32595,5030,2023,1853498.4
32596,5031,2023,51347.3
32597,5032,2023,85024.1
32598,5033,2023,201654.4
32599,5034,2023,13878.1
32600,5035,2023,1490492.9
32601,5036,2023,40093.1
32602,5037,2023,12403.4
32603,5038,2023,26905.8
32604,6000,2023,759283.3
32605,6001,2023,54802.5
32606,6002,2023,320578.0
32607,6003,2023,44058.5
32608,6004,2023,42821.3
32609,6005,2023,65238.7
32610,6006,2023,11499.4
32611,6007,2023,400334.3
32612,6008,2023,21760.1
32613,6009,2023,236311.4
32614,6010,2023,317520.9
32615,7000,2023,5814810.0
32616,7001,2023,36959.0
32617,7002,2023,37963.9
32618,7003,2023,53988.7
32619,7004,2023,76332.2
32620,7005,2023,51087.6
32621,7006,2023,64797.5
32622,7007,2023,24097.9
32623,7008,2023,67335.7
32624,7009,2023,83586.3
32625,7010,2023,14587.1
32626,7011,2023,40881.3
32627,7012,2023,143047.9
32628,7013,2023,78507.7
32629,7014,2023,52068.5
32630,7015,2023,104142.3
32631,7016,2023,35939.5
32632,7017,2023,185086.1
32633,7018,2023,20698.4
32634,7019,2023,348037.5
32635,7020,2023,105410.0
32636,7021,2023,45199.1
32637,7022,2023,48562.8
32638,7023,2023,218953.5
32639,7024,2023,29072.6
32640,7025,2023,15047.5
32641,7026,2023,101531.2
32642,7027,2023,239824.5
32643,7028,2023,12764.5
32644,7029,2023,11039.6
32645,7030,2023,77089.6
32646,7031,2023,290130.1
32647,7032,2023,62565.6
32648,7033,2023,14651.7
32649,7034,2023,170635.5
32650,7035,2023,30376.6
32651,7036,2023,15670.6
32652,7037,2023,74497.8
32653,7038,2023,46826.3
32654,7039,2023,59073.6
32655,7040,2023,108367.0
32656,7041,2023,95966.3
32657,7042,2023,23484.6
32658,7043,2023,22461.2
32659,7044,2023,60772.2
32660,7045,2023,13082.0
32661,7046,2023,85021.7
32662,7047,2023,53738.7
32663,7048,2023,44045.1
32664,7049,2023,69062.5
32665,7050,2023,10762.9
32666,7051,2023,95164.6
32667,7052,2023,300250.9
32668,7053,2023,15899.1
32669,7054,2023,57788.0
32670,7055,2023,12261.4
32671,7056,2023,29068.8
32672,7057,2023,157489.7
32673,7058,2023,9798.5
32674,7059,2023,493828.3
32675,7060,2023,29502.0
32676,7061,2023,206245.7
32677,7062,2023,37958.2
32678,7063,2023,8100.1
32679,7064,2023,116857.5
32680,7065,2023,278677.8
32681,7066,2023,56353.1
32682,7067,2023,25405.3
32683,7068,2023,65192.7
32684,7069,2023,105476.9
32685,7070,2023,23979.3
32686,7071,2023,63736.1
32687,7072,2023,58471.4
32688,7073,2023,22919.2
32689,7074,2023,92128.8
32690,7075,2023,59864.9
32691,7076,2023,62605.9
32692,7077,2023,133110.0
32693,7078,2023,449742.4
32694,7079,2023,89179.6
32695,7080,2023,44517.1
32696,7081,2023,113570.7
32697,7082,2023,33092.7
32698,7083,2023,39525.7
32699,7084,2023,17533.0
32700,7085,2023,22487.0
32701,7086,2023,54325.0
32702,7087,2023,87635.4
32703,7088,2023,4673.6
32704,7089,2023,728411.5
32705,7090,2023,9359.1
32706,7091,2023,28119.2
32707,7092,2023,31280.2
32708,7093,2023,101064.1
32709,7094,2023,106237.0
32710,7096,2023,174279.3
32711,7097,2023,189920.6
32712,7098,2023,14968.7
32713,7099,2023,173262.7
32714,7100,2023,79918.0
32715,7101,2023,1238978.3
32716,7102,2023,84043.1
32717,7103,2023,62062.0
32718,7104,2023,34917.9
32719,7105,2023,33220.2
32720,7106,2023,139017.5
32721,7107,2023,130537.1
32722,7108,2023,229505.1
32723,7109,2023,84430.0
32724,7110,2023,15536.3
32725,7111,2023,96076.4
32726,7112,2023,81255.2
32727,7113,2023,19019.7
32728,7114,2023,51093.9
32729,7115,2023,31387.9
32730,7116,2023,27605.1
32731,7117,2023,17811.1
32732,7118,2023,13008.2
32733,7119,2023,10959.4
32734,7120,2023,
32735,7121,2023,
32736,7122,2023,
32737,7123,2023,
32738,7124,2023,
32739,7125,2023,
32740,8000,2023,3873379.8
32741,8001,2023,31725.7
32742,8002,2023,54651.7
32743,8003,2023,17279.7
32744,8004,2023,60173.0
32745,8005,2023,53777.1
32746,8006,2023,11691.0
32747,8007,2023,32982.4
32748,8008,2023,21555.9
32749,8009,2023,43986.2
32750,8010,2023,52074.2
32751,8011,2023,100316.5
32752,8012,2023,16444.9
32753,8013,2023,24737.4
32754,8014,2023,4049.0
32755,8015,2023,2213.9
32756,8016,2023,7255.0
32757,8017,2023,377925.9
32758,8018,2023,10213.8
32759,8019,2023,1947196.8
32760,8020,2023,11323.4
32761,8021,2023,309439.6
32762,8022,2023,4657.5
32763,8023,2023,13903.1
32764,8024,2023,7580.3
32765,8025,2023,13090.7
32766,8026,2023,4466.4
32767,8027,2023,103131.7
32768,8028,2023,7237.8
32769,8029,2023,101217.7
32770,8030,2023,16795.6
32771,8031,2023,69550.6
32772,8032,2023,239681.6
32773,8033,2023,1568.4
32774,8034,2023,9365.1
32775,8035,2023,22218.3
32776,8036,2023,82144.2
32777,8037,2023,3133607.5
32778,8038,2023,10131.5
32779,8039,2023,8501.2
32780,8040,2023,47718.4
32781,8041,2023,2332.3
32782,8042,2023,2228.8
32783,8043,2023,5310.5
32784,8044,2023,8680.9
32785,8045,2023,91801.3
32786,8046,2023,14697.3
32787,8047,2023,8515.8
32788,8048,2023,45632.0
32789,8049,2023,5567.9
32790,8050,2023,135523.4
32791,8051,2023,16799.1
32792,8052,2023,48114.2
32793,8053,2023,10510.8
32794,8054,2023,15281.3
32795,8055,2023,34376.4
32796,8056,2023,4119.3
32797,8057,2023,4399.5
32798,8058,2023,5379.2
32799,8059,2023,10236.1
32800,8060,2023,24039.0
32801,8061,2023,6920.9
32802,8062,2023,58775.4
32803,8063,2023,10216.3
32804,8064,2023,2696.4
32805,8065,2023,34100.2
32806,8066,2023,12531.5
32807,8067,2023,9503.5
32808,9000,2023,9318324.7
32809,9002,2023,874906.4
32810,9003,2023,1225312.6
32811,9004,2023,454195.9
32812,9005,2023,2339249.4
32813,9006,2023,821611.4
32814,9007,2023,3682792.0
32815,9008,2023,500414.2
32816,9009,2023,318770.7
32817,9010,2023,1537541.0
32818,9011,2023,803924.1
32819,9012,2023,1429826.8
32820,9013,2023,900717.0
32821,9014,2023,897534.4
32822,9015,2023,1100199.8
32823,9016,2023,853888.6
32824,9017,2023,895043.6
32825,10000,2023,1908308.5
32826,10001,2023,63153.5
32827,10002,2023,9040.4
32828,10003,2023,7935.2
32829,10004,2023,70796.3
32830,10005,2023,1443450.1
32831,10006,2023,19779.5
32832,10007,2023,775386.4
32833,10008,2023,75407.0
32834,10009,2023,19953.3
32835,10010,2023,7532.6
32836,10011,2023,9189.0
32837,10012,2023,340762.3
32838,10013,2023,55082.4
32839,10014,2023,108825.8
32840,10015,2023,26187.5
32841,10016,2023,38545.4
32842,10017,2023,15190.3
32843,10018,2023,20248.2
32844,10019,2023,9752.9
32845,10020,2023,25795.9
32846,10021,2023,22754.9
32847,10022,2023,51697.0
32848,10023,2023,104524.7
32849,10024,2023,25677.7
32850,10025,2023,5387.6
32851,10026,2023,33762.5
32852,10027,2023,10131.4
32853,10028,2023,24256.9
32854,10029,2023,4169.6
32855,10030,2023,3243.8
32856,10031,2023,13298.0
32857,10032,2023,101595.0
32858,10033,2023,13983.3
32859,10034,2023,53783.0
32860,10035,2023,23525.0
32861,10036,2023,41707.8
32862,10037,2023,19702.3
32863,10038,2023,48391.1
32864,10039,2023,57267.7
32865,11000,2023,6389713.4
32866,11001,2023,189107.3
32867,11002,2023,217438.0
32868,11003,2023,358274.1
32869,11004,2023,126262.4
32870,11005,2023,255424.0
32871,11006,2023,10404.8
32872,11007,2023,1074687.9
32873,11008,2023,85377.8
32874,11009,2023,167247.9
32875,11010,2023,21800.6
32876,11011,2023,201852.3
32877,11012,2023,63956.8
32878,11013,2023,57248.2
32879,11014,2023,335821.3
32880,11015,2023,402838.3
32881,11016,2023,42905.5
32882,11017,2023,1224722.1
32883,11018,2023,78956.8
32884,11019,2023,98376.5
32885,11020,2023,3616384.7
32886,11021,2023,93262.3
32887,11022,2023,57265.6
32888,11023,2023,313492.6
32889,11024,2023,25641.3
32890,11025,2023,176874.8
32891,11026,2023,137625.4
32892,11027,2023,555247.6
32893,11028,2023,186607.4
32894,11029,2023,84670.5
32895,11030,2023,247821.0
32896,11031,2023,272421.6
32897,11032,2023,189591.8
32898,11033,2023,265471.3
32899,11034,2023,11831.9
32900,11035,2023,166871.3
32901,11036,2023,13455.7
32902,11037,2023,426203.9
32903,11038,2023,22419.2
32904,11039,2023,72087.8
32905,11040,2023,41126.4
32906,11041,2023,124341.6
32907,11042,2023,307588.8
32908,11043,2023,43505.2
32909,11044,2023,137902.2
32910,11045,2023,22014.6
32911,11046,2023,136386.9
32912,12000,2023,3592605.2
32913,12001,2023,1553075.5
32914,12002,2023,50645.1
32915,12003,2023,75084.4
32916,12004,2023,43808.1
32917,12005,2023,16338.1
32918,12006,2023,21530.2
32919,12007,2023,67276.7
32920,12008,2023,18765.3
32921,12009,2023,11688.3
32922,12010,2023,58310.8
32923,12011,2023,121121.1
32924,12012,2023,142163.8
32925,12013,2023,30650.3
32926,12014,2023,31218.2
32927,12015,2023,26177.8
32928,12016,2023,24587.5
32929,12017,2023,31685.2
32930,12018,2023,29501.9
32931,12019,2023,31963.5
32932,12020,2023,45034.3
32933,12021,2023,146006.1
32934,12022,2023,75441.1
32935,12023,2023,53870.2
32936,12024,2023,16291.8
32937,12025,2023,35206.9
32938,12026,2023,16033.2
32939,12027,2023,40666.1
32940,12028,2023,249157.0
32941,12029,2023,591792.3
32942,12030,2023,45758.4
32943,12031,2023,12589.5
32944,12032,2023,75029.1
32945,12033,2023,36832.2
32946,12034,2023,72732.7
32947,12035,2023,317377.5
32948,12036,2023,24044.5
32949,12037,2023,12005.9
32950,12038,2023,256905.8
32951,12039,2023,53230.9
32952,12040,2023,53698.1
32953,12041,2023,59292.1
32954,12042,2023,37771.2
32955,12043,2023,37738.0
32956,12044,2023,25436.5
32957,12045,2023,59330.6
32958,12046,2023,140702.5
32959,12047,2023,14219.4
32960,12048,2023,89113.1
32961,12049,2023,26263.7
32962,12050,2023,77859.2
32963,12051,2023,73140.3
32964,12052,2023,94939.5
32965,12053,2023,101250.3
32966,12054,2023,45980.4
32967,12055,2023,212139.7
32968,12056,2023,93374.2
32969,12057,2023,132925.0
32970,12058,2023,107712.0
32971,12059,2023,61855.6
32972,12060,2023,27368.8
32973,12061,2023,88546.0
32974,12062,2023,46484.5
32975,12063,2023,20264.8
32976,12064,2023,23478.7
32977,12065,2023,15511.4
32978,12066,2023,201146.8
32979,12067,2023,44683.1
32980,12068,2023,53197.9
32981,12069,2023,23830.1
32982,12070,2023,16217.7
32983,12071,2023,60900.8
32984,12072,2023,24908.6
32985,12073,2023,35768.6
32986,12074,2023,43584.4
32987,12075,2023,110487.0
32988,12076,2023,84914.9
32989,12077,2023,29417.7
32990,12078,2023,43997.6
32991,12079,2023,38385.1
32992,12080,2023,15382.6
32993,12081,2023,24049.5
32994,13000,2023,3210898.8
32995,13001,2023,45882.7
32996,13002,2023,95431.3
32997,13003,2023,126019.9
32998,13004,2023,21418.9
32999,13005,2023,38861.3
33000,13006,2023,38507.2
33001,13007,2023,25970.8
33002,13008,2023,95894.3
33003,13009,2023,41149.3
33004,13010,2023,65860.8
33005,13011,2023,39869.7
33006,13012,2023,62195.1
33007,13013,2023,143782.7
33008,13014,2023,31853.6
33009,13015,2023,39469.6
33010,13016,2023,124484.9
33011,13017,2023,26367.0
33012,13018,2023,46162.6
33013,13019,2023,38714.4
33014,13020,2023,5077.1
33015,13021,2023,31484.6
33016,13022,2023,34078.3
33017,13023,2023,73908.6
33018,13024,2023,35478.7
33019,13025,2023,40184.4
33020,13026,2023,25524.5
33021,13027,2023,45304.0
33022,13028,2023,255923.8
33023,13029,2023,96840.1
33024,13030,2023,204708.6
33025,13031,2023,24296.0
33026,13032,2023,21159.9
33027,13033,2023,5625.6
33028,13034,2023,18770.3
33029,13035,2023,27146.4
33030,13036,2023,18957.7
33031,13037,2023,41563.8
33032,13038,2023,18309.6
33033,13039,2023,28944.9
33034,13040,2023,19274.8
33035,13041,2023,97109.3
33036,13042,2023,23403.6
33037,13043,2023,12317.8
33038,13044,2023,34784.9
33039,13045,2023,18789.2
33040,13046,2023,76591.2
33041,13047,2023,9321.6
33042,13048,2023,656543.3
33043,13049,2023,37766.1
33044,13050,2023,48146.1
33045,13051,2023,450780.2
33046,13052,2023,81925.1
33047,13053,2023,35178.4
33048,13054,2023,76004.6
33049,13055,2023,38057.6
33050,13056,2023,82770.7
33051,13057,2023,30591.0
33052,13058,2023,35228.6
33053,13059,2023,77804.1
33054,13060,2023,35218.9
33055,13061,2023,115250.7
33056,13062,2023,63773.3
33057,13063,2023,187072.1
33058,13064,2023,22197.9
33059,13065,2023,23952.3
33060,13066,2023,26902.1
33061,13067,2023,114564.3
33062,13068,2023,28877.9
33063,13069,2023,379149.5
33064,13070,2023,39302.6
33065,13071,2023,17880.3
33066,13072,2023,22771.8
33067,13073,2023,76272.9
33068,13074,2023,58375.2
33069,13075,2023,47670.5
33070,13076,2023,236950.6
33071,13077,2023,346824.8
33072,13078,2023,36046.8
33073,13079,2023,13861.5
33074,13080,2023,49991.5
33075,13081,2023,79733.4
33076,13082,2023,44950.2
33077,13083,2023,127182.8
33078,13084,2023,80741.6
33079,14000,2023,8669624.1
33080,14001,2023,47644.6
33081,14002,2023,53322.7
33082,14003,2023,48479.3
33083,14004,2023,11614.7
33084,14005,2023,34130.5
33085,14006,2023,122768.4
33086,14007,2023,19192.8
33087,14008,2023,166273.9
33088,14009,2023,44446.9
33089,14010,2023,16210.8
33090,14011,2023,11339.7
33091,14012,2023,8463.2
33092,14013,2023,131991.7
33093,14014,2023,17662.2
33094,14015,2023,134660.4
33095,14016,2023,85136.3
33096,14017,2023,25960.3
33097,14018,2023,138195.9
33098,14019,2023,14604.2
33099,14020,2023,22671.3
33100,14021,2023,40635.0
33101,14022,2023,81092.9
33102,14023,2023,239709.7
33103,14024,2023,60444.4
33104,14025,2023,40399.4
33105,14026,2023,12917.6
33106,14027,2023,37473.5
33107,14028,2023,4364.6
33108,14029,2023,35898.1
33109,14030,2023,114263.9
33110,14031,2023,6328.1
33111,14032,2023,12109.4
33112,14033,2023,42568.5
33113,14034,2023,3920.7
33114,14035,2023,107855.9
33115,14036,2023,40895.9
33116,14037,2023,53189.7
33117,14038,2023,8384.8
33118,14039,2023,2705532.4
33119,14040,2023,16573.5
33120,14041,2023,11777.5
33121,14042,2023,20869.9
33122,14043,2023,46569.5
33123,14044,2023,152321.7
33124,14045,2023,42099.8
33125,14046,2023,66031.5
33126,14047,2023,51030.0
33127,14048,2023,38396.8
33128,14049,2023,19913.6
33129,14050,2023,97275.2
33130,14051,2023,72359.0
33131,14052,2023,11098.9
33132,14053,2023,356851.5
33133,14054,2023,10662.5
33134,14055,2023,43842.3
33135,14056,2023,3355.9
33136,14057,2023,8418.2
33137,14058,2023,29354.1
33138,14059,2023,28645.9
33139,14060,2023,10247.5
33140,14061,2023,48350.6
33141,14062,2023,7367.1
33142,14063,2023,219986.6
33143,14064,2023,69373.3
33144,14065,2023,22554.5
33145,14066,2023,110577.5
33146,14067,2023,605505.7
33147,14068,2023,22684.5
33148,14069,2023,15006.7
33149,14070,2023,523600.4
33150,14071,2023,5850.2
33151,14072,2023,15979.3
33152,14073,2023,149013.3
33153,14074,2023,34486.1
33154,14075,2023,7638.2
33155,14076,2023,6184.3
33156,14077,2023,57336.6
33157,14078,2023,64682.1
33158,14079,2023,34328.7
33159,14080,2023,9855.2
33160,14081,2023,6905.6
33161,14082,2023,75846.8
33162,14083,2023,186753.5
33163,14084,2023,30636.1
33164,14085,2023,78687.4
33165,14086,2023,44517.5
33166,14087,2023,33678.0
33167,14088,2023,33271.5
33168,14089,2023,8508.4
33169,14090,2023,14757.7
33170,14091,2023,79760.6
33171,14092,2023,22217.8
33172,14093,2023,309434.2
33173,14094,2023,91259.1
33174,14095,2023,19676.8
33175,14096,2023,46661.7
33176,14097,2023,1642417.2
33177,14098,2023,1421682.2
33178,14099,2023,23453.7
33179,14100,2023,73666.4
33180,14101,2023,1194629.4
33181,14102,2023,11949.5
33182,14103,2023,15335.3
33183,14104,2023,8273.0
33184,14105,2023,48439.9
33185,14106,2023,12028.8
33186,14107,2023,13658.2
33187,14108,2023,77159.9
33188,14109,2023,39401.4
33189,14110,2023,27675.4
33190,14111,2023,13328.5
33191,14112,2023,12603.9
33192,14113,2023,33935.3
33193,14114,2023,39433.6
33194,14115,2023,11088.6
33195,14116,2023,41086.8
33196,14117,2023,8996.4
33197,14118,2023,45095.1
33198,14119,2023,62539.5
33199,14120,2023,3092914.2
33200,14121,2023,70170.1
33201,14122,2023,15432.8
33202,14123,2023,39687.0
33203,14124,2023,130393.4
33204,14125,2023,37157.6
33205,15000,2023,17544565.2
33206,15001,2023,139914.1
33207,15002,2023,363990.7
33208,15003,2023,101199.5
33209,15004,2023,30952.2
33210,15005,2023,365343.5
33211,15006,2023,26472.8
33212,15007,2023,47834.2
33213,15008,2023,49880.9
33214,15009,2023,109922.2
33215,15010,2023,66419.8
33216,15011,2023,162524.4
33217,15012,2023,27582.9
33218,15013,2023,1067587.2
33219,15014,2023,228195.3
33220,15015,2023,66344.9
33221,15016,2023,60420.5
33222,15017,2023,20876.6
33223,15018,2023,149852.7
33224,15019,2023,75542.8
33225,15020,2023,596120.7
33226,15021,2023,78773.9
33227,15022,2023,32013.8
33228,15023,2023,82887.7
33229,15024,2023,380977.7
33230,15025,2023,854060.1
33231,15026,2023,65988.2
33232,15027,2023,27401.6
33233,15028,2023,62402.4
33234,15029,2023,416916.4
33235,15030,2023,58307.8
33236,15031,2023,1464829.1
33237,15032,2023,77271.0
33238,15033,2023,3284251.0
33239,15034,2023,22529.4
33240,15035,2023,364421.0
33241,15036,2023,97649.8
33242,15037,2023,595610.7
33243,15038,2023,24826.1
33244,15039,2023,1129364.9
33245,15040,2023,75844.0
33246,15041,2023,12857.6
33247,15042,2023,331471.9
33248,15043,2023,63672.8
33249,15044,2023,57567.4
33250,15045,2023,177689.5
33251,15046,2023,40898.2
33252,15047,2023,158329.0
33253,15048,2023,143386.3
33254,15049,2023,32408.8
33255,15050,2023,56444.1
33256,15051,2023,361980.3
33257,15052,2023,57827.8
33258,15053,2023,129031.2
33259,15054,2023,501499.2
33260,15055,2023,28868.6
33261,15056,2023,69191.3
33262,15057,2023,1669264.6
33263,15058,2023,2139160.3
33264,15059,2023,129408.1
33265,15060,2023,899599.0
33266,15061,2023,21576.0
33267,15062,2023,150387.2
33268,15063,2023,75099.3
33269,15064,2023,75368.6
33270,15065,2023,75120.1
33271,15066,2023,9843.3
33272,15067,2023,183948.4
33273,15068,2023,63729.7
33274,15069,2023,10163.4
33275,15070,2023,638321.8
33276,15071,2023,31164.9
33277,15072,2023,33878.1
33278,15073,2023,69810.0
33279,15074,2023,303963.3
33280,15075,2023,60976.3
33281,15076,2023,209739.4
33282,15077,2023,13641.6
33283,15078,2023,19828.8
33284,15079,2023,30161.0
33285,15080,2023,47291.6
33286,15081,2023,1204780.0
33287,15082,2023,163538.6
33288,15083,2023,30033.8
33289,15084,2023,91749.0
33290,15085,2023,135059.4
33291,15086,2023,71326.9
33292,15087,2023,221009.0
33293,15088,2023,217606.6
33294,15089,2023,23245.9
33295,15090,2023,188567.8
33296,15091,2023,132324.4
33297,15092,2023,120321.9
33298,15093,2023,67917.8
33299,15094,2023,42321.0
33300,15095,2023,216466.0
33301,15096,2023,82328.6
33302,15097,2023,37627.0
33303,15098,2023,11847.0
33304,15099,2023,580592.7
33305,15100,2023,101193.2
33306,15101,2023,176661.8
33307,15102,2023,33441.8
33308,15103,2023,100324.7
33309,15104,2023,1349190.2
33310,15105,2023,62844.6
33311,15106,2023,1875877.9
33312,15107,2023,26309.4
33313,15108,2023,330943.4
33314,15109,2023,1050287.5
33315,15110,2023,123211.9
33316,15111,2023,109897.4
33317,15112,2023,106977.3
33318,15113,2023,143627.5
33319,15114,2023,224697.3
33320,15115,2023,114247.2
33321,15116,2023,10851.6
33322,15117,2023,26094.9
33323,15118,2023,429414.0
33324,15119,2023,39146.8
33325,15120,2023,633421.0
33326,15121,2023,1136418.8
33327,15122,2023,803928.5
33328,15123,2023,58424.4
33329,15124,2023,205406.2
33330,15125,2023,32574.0
33331,16000,2023,4885197.3
33332,16001,2023,22806.4
33333,16002,2023,28937.8
33334,16003,2023,47303.6
33335,16004,2023,30060.2
33336,16005,2023,21850.1
33337,16006,2023,254234.0
33338,16007,2023,7250.7
33339,16008,2023,51129.9
33340,16009,2023,73452.1
33341,16010,2023,40516.0
33342,16011,2023,23985.9
33343,16012,2023,93173.5
33344,16013,2023,18595.0
33345,16014,2023,35952.7
33346,16015,2023,41509.5
33347,16016,2023,42224.7
33348,16017,2023,71430.7
33349,16018,2023,19294.4
33350,16019,2023,40807.5
33351,16020,2023,60835.3
33352,16021,2023,27914.9
33353,16022,2023,56101.6
33354,16023,2023,21101.8
33355,16024,2023,42654.0
33356,16025,2023,83692.7
33357,16026,2023,9435.0
33358,16027,2023,9761.1
33359,16028,2023,10270.0
33360,16029,2023,23529.5
33361,16030,2023,23095.4
33362,16031,2023,32188.8
33363,16032,2023,32134.0
33364,16033,2023,43090.1
33365,16034,2023,256528.9
33366,16035,2023,60102.2
33367,16036,2023,23332.6
33368,16037,2023,15867.9
33369,16038,2023,84287.9
33370,16039,2023,18690.5
33371,16040,2023,37970.3
33372,16041,2023,32849.3
33373,16042,2023,29044.6
33374,16043,2023,140493.2
33375,16044,2023,25719.8
33376,16045,2023,73519.4
33377,16046,2023,30687.7
33378,16047,2023,39634.8
33379,16048,2023,11639.7
33380,16049,2023,39835.3
33381,16050,2023,184059.7
33382,16051,2023,28568.9
33383,16052,2023,402671.9
33384,16053,2023,1770218.2
33385,16054,2023,15903.8
33386,16055,2023,91984.5
33387,16056,2023,68469.9
33388,16057,2023,17046.2
33389,16058,2023,43390.1
33390,16059,2023,18538.0
33391,16060,2023,18781.3
33392,16061,2023,50835.6
33393,16062,2023,43010.2
33394,16063,2023,29088.6
33395,16064,2023,54766.7
33396,16065,2023,82323.1
33397,16066,2023,203165.6
33398,16067,2023,32936.1
33399,16068,2023,61332.7
33400,16069,2023,217706.9
33401,16070,2023,31144.5
33402,16071,2023,139389.1
33403,16072,2023,28189.2
33404,16073,2023,55312.9
33405,16074,2023,21446.8
33406,16075,2023,166788.1
33407,16076,2023,160374.4
33408,16077,2023,34973.7
33409,16078,2023,25773.8
33410,16079,2023,102658.6
33411,16080,2023,40566.9
33412,16081,2023,18427.6
33413,16082,2023,164959.6
33414,16083,2023,69407.1
33415,16084,2023,65810.5
33416,16085,2023,72076.9
33417,16086,2023,31296.0
33418,16087,2023,32394.0
33419,16088,2023,250595.6
33420,16089,2023,48871.3
33421,16090,2023,34117.7
33422,16091,2023,30747.8
33423,16092,2023,25072.3
33424,16093,2023,57689.5
33425,16094,2023,12558.1
33426,16095,2023,25328.5
33427,16096,2023,11226.9
33428,16097,2023,56804.0
33429,16098,2023,51415.7
33430,16099,2023,27688.5
33431,16100,2023,30634.1
33432,16101,2023,18238.4
33433,16102,2023,739092.3
33434,16103,2023,46988.7
33435,16104,2023,31075.1
33436,16105,2023,43180.3
33437,16106,2023,65987.4
33438,16107,2023,155770.8
33439,16108,2023,421352.1
33440,16109,2023,6456.8
33441,16110,2023,99492.5
33442,16111,2023,38767.1
33443,16112,2023,315098.8
33444,16113,2023,52825.0
33445,17000,2023,2031040.5
33446,17001,2023,35551.4
33447,17002,2023,54282.0
33448,17003,2023,81695.0
33449,17004,2023,186407.3
33450,17005,2023,22752.3
33451,17006,2023,381409.7
33452,17007,2023,764953.7
33453,17008,2023,228277.7
33454,17009,2023,53329.9
33455,17010,2023,38478.4
33456,17011,2023,441754.9
33457,17012,2023,116946.3
33458,17013,2023,34628.6
33459,17014,2023,19435.2
33460,17015,2023,26103.0
33461,17016,2023,39878.6
33462,17017,2023,67128.4
33463,17018,2023,253016.6
33464,17019,2023,57937.6
33465,17020,2023,118036.0
33466,17021,2023,15359.4
33467,17022,2023,27186.0
33468,17023,2023,16670.4
33469,17024,2023,106998.3
33470,17025,2023,68846.6
33471,17026,2023,40589.4
33472,17027,2023,26687.7
33473,17028,2023,152518.2
33474,17029,2023,216332.9
33475,17030,2023,117781.2
33476,17031,2023,72795.6
33477,17032,2023,20484.7
33478,17033,2023,34310.9
33479,17034,2023,
33480,17035,2023,
33481,17036,2023,
33482,18000,2023,1288659.7
33483,18001,2023,75086.6
33484,18002,2023,31066.5
33485,18003,2023,23337.2
33486,18004,2023,159644.3
33487,18005,2023,25368.2
33488,18006,2023,59921.2
33489,18007,2023,39708.7
33490,18008,2023,140482.3
33491,18009,2023,104615.8
33492,18010,2023,66704.7
33493,18011,2023,48765.7
33494,18012,2023,81753.9
33495,18013,2023,15489.9
33496,18014,2023,51636.7
33497,18015,2023,188762.2
33498,18016,2023,72848.1
33499,18017,2023,881493.2
33500,18018,2023,60190.3
33501,18019,2023,28505.6
33502,18020,2023,413877.7
33503,19000,2023,6134321.3
33504,19001,2023,6102.1
33505,19002,2023,6834.0
33506,19003,2023,2845.5
33507,19004,2023,72251.2
33508,19005,2023,36191.5
33509,19006,2023,1392928.9
33510,19007,2023,29920.0
33511,19008,2023,7358.8
33512,19009,2023,268847.9
33513,19010,2023,262020.9
33514,19011,2023,14531.4
33515,19012,2023,164070.7
33516,19013,2023,19757.0
33517,19014,2023,72829.0
33518,19015,2023,2656.4
33519,19016,2023,6640.7
33520,19017,2023,82769.6
33521,19018,2023,946662.0
33522,19019,2023,270051.3
33523,19020,2023,11186.8
33524,19021,2023,1036428.1
33525,19022,2023,28511.9
33526,19023,2023,3969.1
33527,19024,2023,12960.3
33528,19025,2023,232573.1
33529,19026,2023,1265373.7
33530,19027,2023,3930.2
33531,19028,2023,2726.3
33532,19029,2023,14255.9
33533,19030,2023,6523.8
33534,19031,2023,1071970.4
33535,19032,2023,10772.8
33536,19033,2023,173749.3
33537,19034,2023,10052.0
33538,19035,2023,3356.2
33539,19036,2023,15659.0
33540,19037,2023,12538.0
33541,19038,2023,140597.8
33542,19039,2023,2290462.5
33543,19040,2023,1778.9
33544,19041,2023,371571.2
33545,19042,2023,11052.3
33546,19043,2023,4764.6
33547,19044,2023,69596.6
33548,19045,2023,206310.5
33549,19046,2023,805753.6
33550,19047,2023,31856.0
33551,19048,2023,635135.2
33552,19049,2023,97557.5
33553,19050,2023,2950.9
33554,19051,2023,6865.1
33555,20000,2023,4240366.2
33556,20001,2023,1536.2
33557,20002,2023,90712.2
33558,20003,2023,5125.2
33559,20004,2023,2270.5
33560,20005,2023,30970.1
33561,20006,2023,42584.4
33562,20007,2023,4659.8
33563,20008,2023,1403.2
33564,20009,2023,13796.2
33565,20010,2023,26914.9
33566,20011,2023,2913.2
33567,20012,2023,23188.8
33568,20013,2023,6254.9
33569,20014,2023,57182.1
33570,20015,2023,11109.2
33571,20016,2023,19745.2
33572,20017,2023,7397.0
33573,20018,2023,1455.3
33574,20019,2023,5332.1
33575,20020,2023,10310.1
33576,20021,2023,28880.6
33577,20022,2023,1576.1
33578,20023,2023,58849.4
33579,20024,2023,7172.2
33580,20025,2023,22866.8
33581,20026,2023,18407.4
33582,20027,2023,4191.3
33583,20028,2023,48385.7
33584,20029,2023,8399.1
33585,20030,2023,17947.0
33586,20031,2023,14264.2
33587,20032,2023,2180.4
33588,20033,2023,6155.6
33589,20034,2023,2493.8
33590,20035,2023,1400.0
33591,20036,2023,10512.7
33592,20037,2023,8876.7
33593,20038,2023,3639.1
33594,20039,2023,161708.6
33595,20040,2023,13010.4
33596,20041,2023,64454.5
33597,20042,2023,17197.4
33598,20043,2023,239796.9
33599,20044,2023,81862.9
33600,20045,2023,15998.1
33601,20046,2023,5679.8
33602,20047,2023,155.8
33603,20048,2023,2946.0
33604,20049,2023,2392.3
33605,20050,2023,7483.2
33606,20051,2023,9765.6
33607,20052,2023,11875.3
33608,20053,2023,2648.6
33609,20054,2023,805.0
33610,20055,2023,7613.5
33611,20056,2023,2898.5
33612,20057,2023,76774.0
33613,20058,2023,25061.7
33614,20059,2023,106182.4
33615,20060,2023,4804.2
33616,20061,2023,5981.0
33617,20062,2023,943.2
33618,20063,2023,8832.6
33619,20064,2023,17682.7
33620,20065,2023,2099.6
33621,20066,2023,10737.3
33622,20067,2023,546510.3
33623,20068,2023,48975.2
33624,20069,2023,6467.6
33625,20070,2023,12724.8
33626,20071,2023,6860.6
33627,20072,2023,17006.0
33628,20073,2023,70967.8
33629,20074,2023,882.6
33630,20075,2023,5313.4
33631,20076,2023,6871.4
33632,20077,2023,9220.6
33633,20078,2023,2727.4
33634,20079,2023,170124.8
33635,20080,2023,3357.2
33636,20081,2023,3714.1
33637,20082,2023,8459.1
33638,20083,2023,24763.2
33639,20084,2023,8502.1
33640,20085,2023,54612.6
33641,20086,2023,2167.9
33642,20087,2023,11909.6
33643,20088,2023,5829.4
33644,20089,2023,4714.0
33645,20090,2023,12707.8
33646,20091,2023,13407.6
33647,20092,2023,3752.7
33648,20093,2023,1045.1
33649,20094,2023,3677.2
33650,20095,2023,9467.2
33651,20096,2023,1501.6
33652,20097,2023,3560.6
33653,20098,2023,8357.9
33654,20099,2023,705.6
33655,20100,2023,732.7
33656,20101,2023,1509.2
33657,20102,2023,11211.1
33658,20103,2023,12375.8
33659,20104,2023,5532.1
33660,20105,2023,15972.8
33661,20106,2023,478.3
33662,20107,2023,55455.4
33663,20108,2023,5071.6
33664,20109,2023,2463.4
33665,20110,2023,3375.0
33666,20111,2023,10033.4
33667,20112,2023,5235.6
33668,20113,2023,6553.5
33669,20114,2023,1344.7
33670,20115,2023,21827.0
33671,20116,2023,8309.4
33672,20117,2023,4305.4
33673,20118,2023,4756.8
33674,20119,2023,1686.7
33675,20120,2023,946.6
33676,20121,2023,1162.3
33677,20122,2023,1300.3
33678,20123,2023,5736.4
33679,20124,2023,40989.9
33680,20125,2023,23235.2
33681,20126,2023,11019.9
33682,20127,2023,2483.0
33683,20128,2023,2750.9
33684,20129,2023,739.7
33685,20130,2023,10417.8
33686,20131,2023,23403.1
33687,20132,2023,2848.1
33688,20133,2023,7845.4
33689,20134,2023,58004.5
33690,20135,2023,17114.8
33691,20136,2023,24755.2
33692,20137,2023,6944.8
33693,20138,2023,896.6
33694,20139,2023,4434.7
33695,20140,2023,1613.5
33696,20141,2023,18326.7
33697,20142,2023,1493.2
33698,20143,2023,19220.5
33699,20144,2023,2129.0
33700,20145,2023,11474.6
33701,20146,2023,5688.2
33702,20147,2023,763.6
33703,20148,2023,4506.2
33704,20149,2023,4346.2
33705,20150,2023,28903.2
33706,20151,2023,571.5
33707,20152,2023,5131.8
33708,20153,2023,9928.7
33709,20154,2023,4619.6
33710,20155,2023,2201.5
33711,20156,2023,7477.3
33712,20157,2023,35434.2
33713,20158,2023,4467.2
33714,20159,2023,11155.0
33715,20160,2023,2846.0
33716,20161,2023,5595.7
33717,20162,2023,4240.9
33718,20163,2023,3137.3
33719,20164,2023,5561.6
33720,20165,2023,3328.8
33721,20166,2023,22812.0
33722,20167,2023,4331.0
33723,20168,2023,1870.9
33724,20169,2023,8842.2
33725,20170,2023,7310.6
33726,20171,2023,35993.2
33727,20172,2023,813.2
33728,20173,2023,2880.7
33729,20174,2023,9618.8
33730,20175,2023,2668.0
33731,20176,2023,5437.5
33732,20177,2023,21270.5
33733,20178,2023,13624.9
33734,20179,2023,2885.0
33735,20180,2023,4700.7
33736,20181,2023,937.9
33737,20182,2023,4290.9
33738,20183,2023,2970.7
33739,20184,2023,321410.8
33740,20185,2023,18028.9
33741,20186,2023,999.8
33742,20187,2023,3181.8
33743,20188,2023,19284.5
33744,20189,2023,6591.4
33745,20190,2023,45236.8
33746,20191,2023,598.0
33747,20192,2023,3092.0
33748,20193,2023,5769.7
33749,20194,2023,2831.2
33750,20195,2023,1992.0
33751,20196,2023,820.1
33752,20197,2023,6724.2
33753,20198,2023,60671.0
33754,20199,2023,868.3
33755,20200,2023,7303.7
33756,20201,2023,3788.8
33757,20202,2023,9273.2
33758,20203,2023,7227.8
33759,20204,2023,1219.4
33760,20205,2023,33738.3
33761,20206,2023,4896.7
33762,20207,2023,39244.0
33763,20208,2023,13480.2
33764,20209,2023,1151.6
33765,20210,2023,11014.1
33766,20211,2023,6966.8
33767,20212,2023,6420.0
33768,20213,2023,8747.4
33769,20214,2023,3898.2
33770,20215,2023,1824.9
33771,20216,2023,2428.0
33772,20217,2023,6691.4
33773,20218,2023,1052.9
33774,20219,2023,5408.7
33775,20220,2023,5344.6
33776,20221,2023,3090.3
33777,20222,2023,2789.6
33778,20223,2023,872.8
33779,20224,2023,1265.6
33780,20225,2023,11774.8
33781,20226,2023,6149.6
33782,20227,2023,39510.7
33783,20228,2023,1703.2
33784,20229,2023,19557.6
33785,20230,2023,1819.0
33786,20231,2023,6470.6
33787,20232,2023,44776.2
33788,20233,2023,3432.8
33789,20234,2023,14091.4
33790,20235,2023,7795.6
33791,20236,2023,2668.2
33792,20237,2023,3147.2
33793,20238,2023,2094.8
33794,20239,2023,1953.8
33795,20240,2023,5687.0
33796,20241,2023,2037.1
33797,20242,2023,25541.8
33798,20243,2023,4103.1
33799,20244,2023,8037.5
33800,20245,2023,2683.5
33801,20246,2023,1216.0
33802,20247,2023,3329.2
33803,20248,2023,31927.7
33804,20249,2023,7875.6
33805,20250,2023,2515.0
33806,20251,2023,2459.8
33807,20252,2023,4928.8
33808,20253,2023,3980.1
33809,20254,2023,6370.7
33810,20255,2023,3888.6
33811,20256,2023,465.5
33812,20257,2023,2080.6
33813,20258,2023,1368.4
33814,20259,2023,4084.1
33815,20260,2023,4214.2
33816,20261,2023,13675.6
33817,20262,2023,1966.6
33818,20263,2023,6186.8
33819,20264,2023,4285.9
33820,20265,2023,13533.2
33821,20266,2023,17258.9
33822,20267,2023,458.8
33823,20268,2023,2446.9
33824,20269,2023,8738.8
33825,20270,2023,2570.2
33826,20271,2023,6360.9
33827,20272,2023,12571.6
33828,20273,2023,7833.8
33829,20274,2023,2679.1
33830,20275,2023,14595.0
33831,20276,2023,1322.0
33832,20277,2023,24692.6
33833,20278,2023,78652.4
33834,20279,2023,5900.9
33835,20280,2023,3792.2
33836,20281,2023,615.5
33837,20282,2023,1219.0
33838,20283,2023,2086.8
33839,20284,2023,6273.7
33840,20285,2023,7547.7
33841,20286,2023,6138.9
33842,20287,2023,609.1
33843,20288,2023,1154.4
33844,20289,2023,2470.6
33845,20290,2023,2104.6
33846,20291,2023,8704.9
33847,20292,2023,3110.5
33848,20293,2023,35191.0
33849,20294,2023,14507.8
33850,20295,2023,20639.8
33851,20296,2023,1926.4
33852,20297,2023,5863.9
33853,20298,2023,28242.5
33854,20299,2023,2260.2
33855,20300,2023,13371.2
33856,20301,2023,3222.6
33857,20302,2023,9380.9
33858,20303,2023,2107.4
33859,20304,2023,1356.7
33860,20305,2023,8914.1
33861,20306,2023,9782.1
33862,20307,2023,19564.8
33863,20308,2023,6905.5
33864,20309,2023,20734.2
33865,20310,2023,33758.9
33866,20311,2023,982.3
33867,20312,2023,22385.1
33868,20313,2023,1409.3
33869,20314,2023,3557.2
33870,20315,2023,3909.0
33871,20316,2023,1467.0
33872,20317,2023,2433.3
33873,20318,2023,103757.7
33874,20319,2023,1869.4
33875,20320,2023,1397.6
33876,20321,2023,1454.9
33877,20322,2023,1513.2
33878,20323,2023,4969.4
33879,20324,2023,99115.2
33880,20325,2023,24741.8
33881,20326,2023,10179.2
33882,20327,2023,32135.7
33883,20328,2023,3046.1
33884,20329,2023,2204.9
33885,20330,2023,8605.6
33886,20331,2023,2014.4
33887,20332,2023,722.6
33888,20333,2023,7006.8
33889,20334,2023,105355.3
33890,20335,2023,1652.7
33891,20336,2023,3055.1
33892,20337,2023,11256.1
33893,20338,2023,21370.6
33894,20339,2023,8931.3
33895,20340,2023,3440.9
33896,20341,2023,487.4
33897,20342,2023,9422.6
33898,20343,2023,4103.6
33899,20344,2023,5745.4
33900,20345,2023,8512.1
33901,20346,2023,3139.8
33902,20347,2023,8726.8
33903,20348,2023,16388.6
33904,20349,2023,4522.3
33905,20350,2023,34160.3
33906,20351,2023,5709.6
33907,20352,2023,10544.2
33908,20353,2023,5062.2
33909,20354,2023,949.4
33910,20355,2023,1342.9
33911,20356,2023,4469.6
33912,20357,2023,1659.4
33913,20358,2023,3978.4
33914,20359,2023,1170.8
33915,20360,2023,8207.1
33916,20361,2023,1591.8
33917,20362,2023,2989.3
33918,20363,2023,5382.0
33919,20364,2023,39719.8
33920,20365,2023,1978.2
33921,20366,2023,7182.5
33922,20367,2023,9210.8
33923,20368,2023,4285.9
33924,20369,2023,4597.9
33925,20370,2023,1334.6
33926,20371,2023,1991.2
33927,20372,2023,2290.0
33928,20373,2023,777.6
33929,20374,2023,3395.0
33930,20375,2023,28248.0
33931,20376,2023,730.6
33932,20377,2023,21779.1
33933,20378,2023,7513.5
33934,20379,2023,5897.8
33935,20380,2023,4646.0
33936,20381,2023,6080.4
33937,20382,2023,2384.0
33938,20383,2023,1182.2
33939,20384,2023,9762.3
33940,20385,2023,214348.0
33941,20386,2023,38866.7
33942,20387,2023,5803.5
33943,20388,2023,5833.1
33944,20389,2023,1808.2
33945,20390,2023,102527.6
33946,20391,2023,6766.4
33947,20392,2023,13480.8
33948,20393,2023,8693.2
33949,20394,2023,5604.1
33950,20395,2023,3097.8
33951,20396,2023,6522.2
33952,20397,2023,81274.2
33953,20398,2023,10049.8
33954,20399,2023,92527.1
33955,20400,2023,3474.1
33956,20401,2023,56818.6
33957,20402,2023,2131.1
33958,20403,2023,8102.1
33959,20404,2023,1516.2
33960,20405,2023,3572.6
33961,20406,2023,43493.4
33962,20407,2023,19847.4
33963,20408,2023,1007.3
33964,20409,2023,18374.9
33965,20410,2023,6816.5
33966,20411,2023,1884.2
33967,20412,2023,6351.9
33968,20413,2023,109095.0
33969,20414,2023,24758.7
33970,20415,2023,9749.4
33971,20416,2023,886.0
33972,20417,2023,19664.0
33973,20418,2023,23389.3
33974,20419,2023,1196.3
33975,20420,2023,3357.4
33976,20421,2023,9539.5
33977,20422,2023,1182.5
33978,20423,2023,921.5
33979,20424,2023,7518.2
33980,20425,2023,4025.4
33981,20426,2023,18595.2
33982,20427,2023,34219.5
33983,20428,2023,4720.4
33984,20429,2023,3029.2
33985,20430,2023,672.4
33986,20431,2023,3693.6
33987,20432,2023,1767.0
33988,20433,2023,5446.8
33989,20434,2023,7574.1
33990,20435,2023,7192.8
33991,20436,2023,1666.1
33992,20437,2023,19297.9
33993,20438,2023,3734.8
33994,20439,2023,51306.6
33995,20440,2023,1573.6
33996,20441,2023,19396.7
33997,20442,2023,437.6
33998,20443,2023,857.2
33999,20444,2023,979.8
34000,20445,2023,3432.2
34001,20446,2023,11703.2
34002,20447,2023,35412.1
34003,20448,2023,5218.8
34004,20449,2023,6565.1
34005,20450,2023,28649.5
34006,20451,2023,2021.5
34007,20452,2023,8970.4
34008,20453,2023,7840.4
34009,20454,2023,7347.4
34010,20455,2023,5902.1
34011,20456,2023,3324.3
34012,20457,2023,6662.7
34013,20458,2023,2353.6
34014,20459,2023,10002.0
34015,20460,2023,10382.0
34016,20461,2023,1009.2
34017,20462,2023,9375.2
34018,20463,2023,986.8
34019,20464,2023,602.5
34020,20465,2023,3332.1
34021,20466,2023,28967.6
34022,20467,2023,38707.7
34023,20468,2023,28788.6
34024,20469,2023,70559.5
34025,20470,2023,8648.9
34026,20471,2023,834.7
34027,20472,2023,6831.4
34028,20473,2023,2519.9
34029,20474,2023,6988.5
34030,20475,2023,20665.1
34031,20476,2023,843.8
34032,20477,2023,2618.4
34033,20478,2023,3033.2
34034,20479,2023,323.0
34035,20480,2023,2938.4
34036,20481,2023,3759.1
34037,20482,2023,115177.8
34038,20483,2023,22587.2
34039,20484,2023,9074.5
34040,20485,2023,6343.6
34041,20486,2023,4808.5
34042,20487,2023,3951.2
34043,20488,2023,265.6
34044,20489,2023,9797.0
34045,20490,2023,5886.8
34046,20491,2023,10342.8
34047,20492,2023,5260.4
34048,20493,2023,1096.0
34049,20494,2023,13467.0
34050,20495,2023,6157.1
34051,20496,2023,3619.2
34052,20497,2023,8532.0
34053,20498,2023,16185.9
34054,20499,2023,3790.7
34055,20500,2023,16058.9
34056,20501,2023,2034.7
34057,20502,2023,9937.9
34058,20503,2023,880.6
34059,20504,2023,3146.7
34060,20505,2023,15440.0
34061,20506,2023,1608.3
34062,20507,2023,6270.0
34063,20508,2023,3307.2
34064,20509,2023,23270.2
34065,20510,2023,1448.3
34066,20511,2023,6525.8
34067,20512,2023,2333.0
34068,20513,2023,18445.2
34069,20514,2023,1848.9
34070,20515,2023,139039.9
34071,20516,2023,10966.5
34072,20517,2023,12567.4
34073,20518,2023,202.0
34074,20519,2023,7129.6
34075,20520,2023,14943.8
34076,20521,2023,515.6
34077,20522,2023,2419.5
34078,20523,2023,3289.8
34079,20524,2023,627.0
34080,20525,2023,25777.7
34081,20526,2023,33851.7
34082,20527,2023,4776.5
34083,20528,2023,1635.2
34084,20529,2023,3033.2
34085,20530,2023,8179.3
34086,20531,2023,5391.4
34087,20532,2023,8126.0
34088,20533,2023,5784.7
34089,20534,2023,6756.7
34090,20535,2023,6625.8
34091,20536,2023,871.6
34092,20537,2023,13397.8
34093,20538,2023,1434.2
34094,20539,2023,13489.8
34095,20540,2023,17425.2
34096,20541,2023,3026.6
34097,20542,2023,1858.6
34098,20543,2023,13265.2
34099,20544,2023,2036.5
34100,20545,2023,20886.5
34101,20546,2023,13245.1
34102,20547,2023,2054.9
34103,20548,2023,4099.0
34104,20549,2023,23072.2
34105,20550,2023,11968.0
34106,20551,2023,66834.0
34107,20552,2023,763.9
34108,20553,2023,25738.8
34109,20554,2023,12015.7
34110,20555,2023,7297.6
34111,20556,2023,646.2
34112,20557,2023,29476.1
34113,20558,2023,2655.1
34114,20559,2023,46551.9
34115,20560,2023,13112.7
34116,20561,2023,6070.6
34117,20562,2023,3498.4
34118,20563,2023,2461.9
34119,20564,2023,2331.8
34120,20565,2023,100346.8
34121,20566,2023,6352.2
34122,20567,2023,6921.9
34123,20568,2023,3498.6
34124,20569,2023,2779.2
34125,20570,2023,45934.2
34126,21000,2023,6830018.9
34127,21001,2023,153371.8
34128,21002,2023,18596.8
34129,21003,2023,78399.4
34130,21004,2023,134594.8
34131,21005,2023,6253.4
34132,21006,2023,28956.8
34133,21007,2023,6194.9
34134,21008,2023,23467.2
34135,21009,2023,4555.5
34136,21010,2023,158043.0
34137,21011,2023,3835.1
34138,21012,2023,13363.8
34139,21013,2023,47479.2
34140,21014,2023,9512.5
34141,21015,2023,266749.1
34142,21016,2023,18745.8
34143,21017,2023,62097.6
34144,21018,2023,7794.7
34145,21019,2023,292483.0
34146,21020,2023,16216.1
34147,21021,2023,3194.4
34148,21022,2023,26417.5
34149,21023,2023,18496.1
34150,21024,2023,1985.6
34151,21025,2023,16513.4
34152,21026,2023,31493.3
34153,21027,2023,8263.8
34154,21028,2023,5692.6
34155,21029,2023,7634.0
34156,21030,2023,1552.4
34157,21031,2023,5563.5
34158,21032,2023,2823.4
34159,21033,2023,11187.6
34160,21034,2023,101045.1
34161,21035,2023,41959.8
34162,21036,2023,29972.6
34163,21037,2023,4665.0
34164,21038,2023,22256.6
34165,21039,2023,20049.0
34166,21040,2023,26392.2
34167,21041,2023,309847.8
34168,21042,2023,6783.0
34169,21043,2023,101263.7
34170,21044,2023,35402.3
34171,21045,2023,97276.7
34172,21046,2023,17106.6
34173,21047,2023,45056.0
34174,21048,2023,46056.6
34175,21049,2023,35748.6
34176,21050,2023,55546.6
34177,21051,2023,75959.4
34178,21052,2023,2422.2
34179,21053,2023,138159.0
34180,21054,2023,73438.9
34181,21055,2023,10409.2
34182,21056,2023,2683.5
34183,21057,2023,12908.4
34184,21058,2023,43064.3
34185,21059,2023,5949.7
34186,21060,2023,16606.2
34187,21061,2023,30061.9
34188,21062,2023,10113.5
34189,21063,2023,30132.2
34190,21064,2023,36702.0
34191,21065,2023,47606.4
34192,21066,2023,13015.9
34193,21067,2023,38966.8
34194,21068,2023,13597.8
34195,21069,2023,60804.5
34196,21070,2023,11915.7
34197,21071,2023,211627.8
34198,21072,2023,34999.8
34199,21073,2023,20177.3
34200,21074,2023,198012.0
34201,21075,2023,26886.4
34202,21076,2023,55862.7
34203,21077,2023,12056.6
34204,21078,2023,33023.6
34205,21079,2023,11858.4
34206,21080,2023,5146.0
34207,21081,2023,8368.9
34208,21082,2023,18031.4
34209,21083,2023,50660.6
34210,21084,2023,13983.4
34211,21085,2023,171749.3
34212,21086,2023,23883.9
34213,21087,2023,27006.5
34214,21088,2023,8834.7
34215,21089,2023,23763.3
34216,21090,2023,50709.1
34217,21091,2023,19430.2
34218,21092,2023,10633.3
34219,21093,2023,15249.3
34220,21094,2023,78009.1
34221,21095,2023,1403.5
34222,21096,2023,6718.0
34223,21097,2023,5607.2
34224,21098,2023,13615.9
34225,21099,2023,42344.3
34226,21100,2023,18391.7
34227,21101,2023,6475.8
34228,21102,2023,29400.9
34229,21103,2023,13725.3
34230,21104,2023,68885.7
34231,21105,2023,10303.1
34232,21106,2023,95541.3
34233,21107,2023,24205.0
34234,21108,2023,41923.3
34235,21109,2023,40341.6
34236,21110,2023,104907.3
34237,21111,2023,37224.1
34238,21112,2023,18691.8
34239,21113,2023,9299.6
34240,21114,2023,3475819.2
34241,21115,2023,122539.5
34242,21116,2023,46656.8
34243,21117,2023,33044.0
34244,21118,2023,62736.4
34245,21119,2023,341301.4
34246,21120,2023,12372.8
34247,21121,2023,2622.8
34248,21122,2023,23120.0
34249,21123,2023,7389.2
34250,21124,2023,32808.0
34251,21125,2023,20242.6
34252,21126,2023,13664.5
34253,21127,2023,7132.8
34254,21128,2023,22356.0
34255,21129,2023,28824.7
34256,21130,2023,7321.1
34257,21131,2023,2014.4
34258,21132,2023,320270.5
34259,21133,2023,1405.0
34260,21134,2023,42967.5
34261,21135,2023,1037.7
34262,21136,2023,25442.4
34263,21137,2023,21720.0
34264,21138,2023,24177.0
34265,21139,2023,7672.8
34266,21140,2023,287669.8
34267,21141,2023,7046.9
34268,21142,2023,63237.7
34269,21143,2023,73676.9
34270,21144,2023,35579.8
34271,21145,2023,26185.5
34272,21146,2023,1423.0
34273,21147,2023,12953.4
34274,21148,2023,25070.8
34275,21149,2023,65630.2
34276,21150,2023,11633.4
34277,21151,2023,19431.7
34278,21152,2023,25850.2
34279,21153,2023,49272.9
34280,21154,2023,167116.1
34281,21155,2023,14522.2
34282,21156,2023,686230.0
34283,21157,2023,26199.2
34284,21158,2023,13487.3
34285,21159,2023,7565.4
34286,21160,2023,7717.9
34287,21161,2023,46442.9
34288,21162,2023,8256.6
34289,21163,2023,39263.2
34290,21164,2023,174340.4
34291,21165,2023,2477.0
34292,21166,2023,18363.8
34293,21167,2023,20825.8
34294,21168,2023,15615.4
34295,21169,2023,45806.5
34296,21170,2023,40118.2
34297,21171,2023,8006.5
34298,21172,2023,55304.2
34299,21173,2023,13881.1
34300,21174,2023,213981.3
34301,21175,2023,31647.0
34302,21176,2023,20093.0
34303,21177,2023,113425.1
34304,21178,2023,31275.6
34305,21179,2023,65166.1
34306,21180,2023,86171.6
34307,21181,2023,15557.6
34308,21182,2023,11153.3
34309,21183,2023,41237.5
34310,21184,2023,12864.0
34311,21185,2023,21865.8
34312,21186,2023,113643.6
34313,21187,2023,9579.0
34314,21188,2023,40030.9
34315,21189,2023,46644.5
34316,21190,2023,2397.2
34317,21191,2023,20175.4
34318,21192,2023,11816.8
34319,21193,2023,13106.7
34320,21194,2023,57411.7
34321,21195,2023,54537.7
34322,21196,2023,3097.6
34323,21197,2023,164268.5
34324,21198,2023,2668.6
34325,21199,2023,88905.8
34326,21200,2023,6609.2
34327,21201,2023,6866.7
34328,21202,2023,26515.6
34329,21203,2023,15042.1
34330,21204,2023,16099.2
34331,21205,2023,54833.1
34332,21206,2023,9568.6
34333,21207,2023,118541.9
34334,21208,2023,181406.3
34335,21209,2023,17491.4
34336,21210,2023,11390.2
34337,21211,2023,34295.1
34338,21212,2023,42202.0
34339,21213,2023,23683.5
34340,21214,2023,38338.9
34341,21215,2023,9039.0
34342,21216,2023,4813.2
34343,21217,2023,40569.9
34344,22000,2023,2533050.5
34345,22001,2023,136549.3
34346,22002,2023,54992.6
34347,22003,2023,26491.3
34348,22004,2023,141318.2
34349,22005,2023,139687.8
34350,22006,2023,466875.5
34351,22007,2023,94754.3
34352,22008,2023,74441.5
34353,22009,2023,55815.7
34354,22010,2023,36942.0
34355,22011,2023,532628.7
34356,22012,2023,162961.0
34357,22013,2023,38770.4
34358,22014,2023,2248325.7
34359,22015,2023,16410.7
34360,22016,2023,629986.5
34361,22017,2023,149856.1
34362,22018,2023,56869.2
34363,23000,2023,2022807.4
34364,23001,2023,183067.5
34365,23002,2023,173533.0
34366,23003,2023,49515.7
34367,23004,2023,462187.3
34368,23005,2023,1973455.8
34369,23006,2023,80212.0
34370,23007,2023,60787.4
34371,23008,2023,773071.1
34372,23009,2023,104949.3
34373,23010,2023,
34374,23011,2023,
34375,24000,2023,2902842.5
34376,24001,2023,38227.8
34377,24002,2023,15364.2
34378,24003,2023,97475.8
34379,24004,2023,7784.2
34380,24005,2023,36304.9
34381,24006,2023,19227.3
34382,24007,2023,40588.9
34383,24008,2023,44609.1
34384,24009,2023,10733.9
34385,24010,2023,60104.4
34386,24011,2023,99144.9
34387,24012,2023,40312.6
34388,24013,2023,367031.2
34389,24014,2023,30542.4
34390,24015,2023,44268.5
34391,24016,2023,81539.4
34392,24017,2023,49809.3
34393,24018,2023,30692.4
34394,24019,2023,10786.1
34395,24020,2023,211192.2
34396,24021,2023,119989.7
34397,24022,2023,37964.8
34398,24023,2023,30439.1
34399,24024,2023,200214.0
34400,24025,2023,62840.0
34401,24026,2023,18822.9
34402,24027,2023,20591.9
34403,24028,2023,1907621.5
34404,24029,2023,35494.8
34405,24030,2023,9186.4
34406,24031,2023,24615.8
34407,24032,2023,79899.7
34408,24033,2023,20851.3
34409,24034,2023,30152.5
34410,24035,2023,703157.2
34411,24036,2023,58753.0
34412,24037,2023,189159.6
34413,24038,2023,27901.8
34414,24039,2023,27108.1
34415,24040,2023,73837.0
34416,24041,2023,35831.8
34417,24042,2023,26514.5
34418,24043,2023,15482.2
34419,24044,2023,14947.1
34420,24045,2023,28379.6
34421,24046,2023,37736.9
34422,24047,2023,18357.5
34423,24048,2023,10577.6
34424,24049,2023,77131.4
34425,24050,2023,109644.0
34426,24051,2023,31309.7
34427,24052,2023,20723.1
34428,24053,2023,64823.2
34429,24054,2023,98513.1
34430,24055,2023,56589.3
34431,24056,2023,35678.3
34432,24057,2023,57223.7
34433,24058,2023,42315.0
34434,25000,2023,3135244.7
34435,25001,2023,946140.1
34436,25002,2023,88024.1
34437,25003,2023,51447.0
34438,25004,2023,47906.7
34439,25005,2023,34295.3
34440,25006,2023,2101479.5
34441,25007,2023,57010.5
34442,25008,2023,124205.8
34443,25009,2023,123746.3
34444,25010,2023,193079.2
34445,25011,2023,583823.0
34446,25012,2023,1042807.3
34447,25013,2023,77711.9
34448,25014,2023,106852.4
34449,25015,2023,159361.1
34450,25016,2023,37476.2
34451,25017,2023,152321.0
34452,25018,2023,312254.9
34453,26000,2023,3051622.7
34454,26001,2023,5092.3
34455,26002,2023,191574.7
34456,26003,2023,49837.9
34457,26004,2023,19469.0
34458,26005,2023,2311.0
34459,26006,2023,5531.5
34460,26007,2023,1266.0
34461,26008,2023,1793.9
34462,26009,2023,1527.5
34463,26010,2023,2315.5
34464,26011,2023,2939.5
34465,26012,2023,47445.0
34466,26013,2023,3798.4
34467,26014,2023,6196.7
34468,26015,2023,2167.5
34469,26016,2023,9865.1
34470,26017,2023,184270.4
34471,26018,2023,891895.4
34472,26019,2023,82923.3
34473,26020,2023,9875.2
34474,26021,2023,3994.0
34475,26022,2023,1815.4
34476,26023,2023,11364.7
34477,26024,2023,1470.0
34478,26025,2023,102704.5
34479,26026,2023,123515.0
34480,26027,2023,18511.2
34481,26028,2023,1931.6
34482,26029,2023,319049.1
34483,26030,2023,1969357.6
34484,26031,2023,2296.2
34485,26032,2023,1731.1
34486,26033,2023,154776.2
34487,26034,2023,1765.5
34488,26035,2023,25992.8
34489,26036,2023,68455.4
34490,26037,2023,2075.8
34491,26038,2023,10652.5
34492,26039,2023,11198.6
34493,26040,2023,2757.9
34494,26041,2023,29848.9
34495,26042,2023,333389.2
34496,26043,2023,556068.3
34497,26044,2023,721.0
34498,26045,2023,4848.8
34499,26046,2023,1042.8
34500,26047,2023,18310.3
34501,26048,2023,128681.6
34502,26049,2023,6235.5
34503,26050,2023,2958.8
34504,26051,2023,9545.0
34505,26052,2023,10081.7
34506,26053,2023,725.7
34507,26054,2023,1110.5
34508,26055,2023,411833.0
34509,26056,2023,23005.2
34510,26057,2023,2900.4
34511,26058,2023,32766.6
34512,26059,2023,3638.5
34513,26060,2023,3821.7
34514,26061,2023,2874.5
34515,26062,2023,2263.8
34516,26063,2023,2243.8
34517,26064,2023,2642.6
34518,26065,2023,2855.7
34519,26066,2023,17058.8
34520,26067,2023,2672.4
34521,26068,2023,2035.0
34522,26069,2023,8931.5
34523,26070,2023,26177.3
34524,26071,2023,43377.4
34525,26072,2023,28993.5
34526,27000,2023,2453538.7
34527,27001,2023,118945.1
34528,27002,2023,483349.2
34529,27003,2023,219026.7
34530,27004,2023,1393183.4
34531,27005,2023,442999.7
34532,27006,2023,281018.6
34533,27007,2023,66082.8
34534,27008,2023,388928.5
34535,27009,2023,76315.1
34536,27010,2023,187080.9
34537,27011,2023,62550.1
34538,27012,2023,320496.5
34539,27013,2023,321743.4
34540,27014,2023,199554.6
34541,27015,2023,96792.0
34542,27016,2023,120558.9
34543,27017,2023,126709.7
34544,28000,2023,3618573.1
34545,28001,2023,18324.8
34546,28002,2023,57576.1
34547,28003,2023,575451.5
34548,28004,2023,17799.6
34549,28005,2023,8483.0
34550,28006,2023,15031.8
34551,28007,2023,34434.0
34552,28008,2023,8347.1
34553,28009,2023,417096.2
34554,28010,2023,3222.0
34555,28011,2023,16420.9
34556,28012,2023,82146.2
34557,28013,2023,29926.2
34558,28014,2023,7554.6
34559,28015,2023,31404.3
34560,28016,2023,30099.9
34561,28017,2023,32610.5
34562,28018,2023,11596.4
34563,28019,2023,28001.1
34564,28020,2023,3850.3
34565,28021,2023,206781.4
34566,28022,2023,1116906.6
34567,28023,2023,8671.9
34568,28024,2023,13876.4
34569,28025,2023,52249.1
34570,28026,2023,7546.7
34571,28027,2023,874740.6
34572,28028,2023,7956.5
34573,28029,2023,26689.2
34574,28030,2023,27155.6
34575,28031,2023,3953.3
34576,28032,2023,1468808.3
34577,28033,2023,274468.4
34578,28034,2023,13865.9
34579,28035,2023,99726.2
34580,28036,2023,1812.9
34581,28037,2023,47348.9
34582,28038,2023,595140.6
34583,28039,2023,56952.2
34584,28040,2023,118775.4
34585,28041,2023,716628.1
34586,28042,2023,10342.8
34587,28043,2023,44288.9
34588,29000,2023,1396976.6
34589,29001,2023,23738.6
34590,29002,2023,33591.2
34591,29003,2023,14954.5
34592,29004,2023,37572.2
34593,29005,2023,164012.2
34594,29006,2023,106290.5
34595,29007,2023,35848.9
34596,29008,2023,34044.9
34597,29009,2023,12373.2
34598,29010,2023,150679.8
34599,29011,2023,9853.2
34600,29012,2023,19423.5
34601,29013,2023,205992.7
34602,29014,2023,31177.0
34603,29015,2023,80301.7
34604,29016,2023,15469.0
34605,29017,2023,24306.9
34606,29018,2023,79252.6
34607,29019,2023,46672.4
34608,29020,2023,19479.9
34609,29021,2023,38677.4
34610,29022,2023,13296.6
34611,29023,2023,54251.9
34612,29024,2023,58657.3
34613,29025,2023,173258.9
34614,29026,2023,51930.0
34615,29027,2023,26671.4
34616,29028,2023,52709.2
34617,29029,2023,28025.2
34618,29030,2023,32086.0
34619,29031,2023,74653.1
34620,29032,2023,27824.6
34621,29033,2023,205877.6
34622,29034,2023,94477.6
34623,29035,2023,13026.6
34624,29036,2023,46197.7
34625,29037,2023,19013.2
34626,29038,2023,38073.0
34627,29039,2023,53569.4
34628,29040,2023,21754.2
34629,29041,2023,70919.0
34630,29042,2023,29559.2
34631,29043,2023,90014.2
34632,29044,2023,95670.8
34633,29045,2023,12746.8
34634,29046,2023,10428.3
34635,29047,2023,7553.5
34636,29048,2023,39393.2
34637,29049,2023,12272.4
34638,29050,2023,24667.1
34639,29051,2023,8489.6
34640,29052,2023,13382.5
34641,29053,2023,15901.0
34642,29054,2023,11768.5
34643,29055,2023,6343.5
34644,29056,2023,16559.6
34645,29057,2023,9453.2
34646,29058,2023,19808.6
34647,29059,2023,16378.9
34648,29060,2023,11490.2
34649,30000,2023,8220636.9
34650,30001,2023,20342.7
34651,30002,2023,7106.4
34652,30003,2023,160447.0
34653,30004,2023,84208.5
34654,30005,2023,10615.1
34655,30006,2023,47495.9
34656,30007,2023,13303.6
34657,30008,2023,21064.2
34658,30009,2023,56613.8
34659,30010,2023,130801.5
34660,30011,2023,117381.2
34661,30012,2023,15965.6
34662,30013,2023,53428.3
34663,30014,2023,97759.1
34664,30015,2023,68087.8
34665,30016,2023,59311.1
34666,30017,2023,9828.0
34667,30018,2023,4064.6
34668,30019,2023,14366.4
34669,30020,2023,24205.8
34670,30021,2023,47349.2
34671,30022,2023,46856.6
34672,30023,2023,98905.5
34673,30024,2023,34102.7
34674,30025,2023,55491.1
34675,30026,2023,54700.9
34676,30027,2023,31936.0
34677,30028,2023,293010.9
34678,30029,2023,27865.2
34679,30030,2023,83704.2
34680,30031,2023,39360.0
34681,30032,2023,100081.5
34682,30033,2023,49438.9
34683,30034,2023,49578.7
34684,30035,2023,22383.6
34685,30036,2023,22997.9
34686,30037,2023,16596.7
34687,30038,2023,192437.4
34688,30039,2023,626037.5
34689,30040,2023,114172.8
34690,30041,2023,4843.2
34691,30042,2023,11542.1
34692,30043,2023,40511.4
34693,30044,2023,414361.6
34694,30045,2023,108027.3
34695,30046,2023,32645.9
34696,30047,2023,123124.0
34697,30048,2023,269827.9
34698,30049,2023,45792.2
34699,30050,2023,33171.2
34700,30051,2023,46980.7
34701,30052,2023,23874.3
34702,30053,2023,57307.0
34703,30054,2023,22876.8
34704,30055,2023,27656.9
34705,30056,2023,13226.9
34706,30057,2023,28230.0
34707,30058,2023,107198.9
34708,30059,2023,49987.0
34709,30060,2023,33270.8
34710,30061,2023,165780.7
34711,30062,2023,43026.2
34712,30063,2023,26040.7
34713,30064,2023,8087.4
34714,30065,2023,185409.0
34715,30066,2023,54516.1
34716,30067,2023,40052.3
34717,30068,2023,136757.9
34718,30069,2023,48101.3
34719,30070,2023,36918.5
34720,30071,2023,123094.0
34721,30072,2023,44270.6
34722,30073,2023,83440.2
34723,30074,2023,14911.8
34724,30075,2023,32715.1
34725,30076,2023,26635.2
34726,30077,2023,86778.6
34727,30078,2023,24577.6
34728,30079,2023,23193.6
34729,30080,2023,47316.8
34730,30081,2023,58276.1
34731,30082,2023,32311.1
34732,30083,2023,102446.8
34733,30084,2023,11207.6
34734,30085,2023,153181.0
34735,30086,2023,97223.4
34736,30087,2023,995512.3
34737,30088,2023,10175.2
34738,30089,2023,76986.8
34739,30090,2023,22738.5
34740,30091,2023,58550.2
34741,30092,2023,82014.9
34742,30093,2023,33949.7
34743,30094,2023,77792.6
34744,30095,2023,29411.0
34745,30096,2023,3084.2
34746,30097,2023,37703.3
34747,30098,2023,6825.4
34748,30099,2023,37528.0
34749,30100,2023,48698.3
34750,30101,2023,80193.6
34751,30102,2023,222526.3
34752,30103,2023,26192.6
34753,30104,2023,34293.5
34754,30105,2023,212216.8
34755,30106,2023,9933.3
34756,30107,2023,5890.2
34757,30108,2023,282028.8
34758,30109,2023,133430.0
34759,30110,2023,25296.4
34760,30111,2023,33477.9
34761,30112,2023,47232.0
34762,30113,2023,9298.7
34763,30114,2023,20579.9
34764,30115,2023,76199.4
34765,30116,2023,35615.3
34766,30117,2023,48311.4
34767,30118,2023,247681.6
34768,30119,2023,11572.8
34769,30120,2023,17900.8
34770,30121,2023,47495.2
34771,30122,2023,37425.0
34772,30123,2023,192367.6
34773,30124,2023,321014.2
34774,30125,2023,65533.6
34775,30126,2023,67490.1
34776,30127,2023,59327.1
34777,30128,2023,161433.2
34778,30129,2023,36461.3
34779,30130,2023,78187.9
34780,30131,2023,376637.1
34781,30132,2023,42017.3
34782,30133,2023,117522.0
34783,30134,2023,48356.3
34784,30135,2023,50604.8
34785,30136,2023,17487.1
34786,30137,2023,13109.8
34787,30138,2023,84299.3
34788,30139,2023,12422.9
34789,30140,2023,6517.0
34790,30141,2023,328153.9
34791,30142,2023,65446.8
34792,30143,2023,114778.8
34793,30144,2023,65722.3
34794,30145,2023,34673.7
34795,30146,2023,8103.8
34796,30147,2023,51069.4
34797,30148,2023,57042.6
34798,30149,2023,69932.7
34799,30150,2023,23623.9
34800,30151,2023,43022.8
34801,30152,2023,23120.1
34802,30153,2023,11598.7
34803,30154,2023,23653.8
34804,30155,2023,199603.8
34805,30156,2023,12390.9
34806,30157,2023,41258.3
34807,30158,2023,49121.6
34808,30159,2023,63096.2
34809,30160,2023,216700.1
34810,30161,2023,69506.9
34811,30162,2023,13017.8
34812,30163,2023,9976.5
34813,30164,2023,34333.3
34814,30165,2023,18255.6
34815,30166,2023,19062.5
34816,30167,2023,29728.4
34817,30168,2023,33716.4
34818,30169,2023,44820.7
34819,30170,2023,21793.2
34820,30171,2023,11319.8
34821,30172,2023,39965.6
34822,30173,2023,110285.0
34823,30174,2023,192587.2
34824,30175,2023,187700.6
34825,30176,2023,8899.8
34826,30177,2023,24206.8
34827,30178,2023,25788.0
34828,30179,2023,8765.9
34829,30180,2023,21612.5
34830,30181,2023,76271.3
34831,30182,2023,41348.8
34832,30183,2023,124785.0
34833,30184,2023,16351.7
34834,30185,2023,11495.0
34835,30186,2023,14654.0
34836,30187,2023,12468.3
34837,30188,2023,34930.2
34838,30189,2023,316481.4
34839,30190,2023,4575.2
34840,30191,2023,60888.1
34841,30192,2023,41170.9
34842,30193,2023,1247555.0
34843,30194,2023,25976.4
34844,30195,2023,12244.9
34845,30196,2023,36116.1
34846,30197,2023,22334.0
34847,30198,2023,13597.8
34848,30199,2023,24524.4
34849,30200,2023,25294.8
34850,30201,2023,91923.7
34851,30202,2023,29802.7
34852,30203,2023,29711.3
34853,30204,2023,87167.4
34854,30205,2023,39191.9
34855,30206,2023,59711.4
34856,30207,2023,90320.6
34857,30208,2023,47074.2
34858,30209,2023,30650.5
34859,30210,2023,64162.3
34860,30211,2023,61465.4
34861,30212,2023,26649.9
34862,31000,2023,2435138.9
34863,31001,2023,13219.2
34864,31002,2023,34456.4
34865,31003,2023,25730.1
34866,31004,2023,12789.6
34867,31005,2023,4402.1
34868,31006,2023,18664.1
34869,31007,2023,15419.2
34870,31008,2023,7816.5
34871,31009,2023,8816.6
34872,31010,2023,5740.8
34873,31011,2023,17718.2
34874,31012,2023,7521.3
34875,31013,2023,37958.1
34876,31014,2023,3494.0
34877,31015,2023,11485.3
34878,31016,2023,6389.8
34879,31017,2023,9510.6
34880,31018,2023,6996.8
34881,31019,2023,81262.7
34882,31020,2023,9245.5
34883,31021,2023,19702.6
34884,31022,2023,8853.3
34885,31023,2023,9940.9
34886,31024,2023,6550.8
34887,31025,2023,12645.2
34888,31026,2023,7333.0
34889,31027,2023,16865.3
34890,31028,2023,6192.0
34891,31029,2023,12764.3
34892,31030,2023,8318.4
34893,31031,2023,5672.1
34894,31032,2023,34323.6
34895,31033,2023,43854.3
34896,31034,2023,13327.4
34897,31035,2023,13194.7
34898,31036,2023,16714.2
34899,31037,2023,10743.7
34900,31038,2023,72925.6
34901,31039,2023,8604.0
34902,31040,2023,58717.1
34903,31041,2023,321876.1
34904,31042,2023,11150.5
34905,31043,2023,7211.6
34906,31044,2023,15642.4
34907,31045,2023,5490.2
34908,31046,2023,6843.6
34909,31047,2023,12390.6
34910,31048,2023,49393.6
34911,31049,2023,8357.5
34912,31050,2023,2089241.1
34913,31051,2023,7112.5
34914,31052,2023,77997.7
34915,31053,2023,27696.7
34916,31054,2023,6123.3
34917,31055,2023,14639.3
34918,31056,2023,70466.4
34919,31057,2023,15847.9
34920,31058,2023,53070.1
34921,31059,2023,139265.5
34922,31060,2023,1973.7
34923,31061,2023,8355.5
34924,31062,2023,10158.9
34925,31063,2023,11655.0
34926,31064,2023,3451.2
34927,31065,2023,4452.1
34928,31066,2023,8708.8
34929,31067,2023,20595.1
34930,31068,2023,6475.9
34931,31069,2023,18265.1
34932,31070,2023,8073.9
34933,31071,2023,4075.0
34934,31072,2023,3714.4
34935,31073,2023,12579.1
34936,31074,2023,7650.4
34937,31075,2023,14264.0
34938,31076,2023,36959.6
34939,31077,2023,5408.9
34940,31078,2023,7533.2
34941,31079,2023,92974.3
34942,31080,2023,22717.0
34943,31081,2023,6882.3
34944,31082,2023,7005.8
34945,31083,2023,3944.8
34946,31084,2023,14229.6
34947,31085,2023,34559.4
34948,31086,2023,4224.0
34949,31087,2023,11389.5
34950,31088,2023,3797.4
34951,31089,2023,82719.0
34952,31090,2023,15456.9
34953,31091,2023,26179.4
34954,31092,2023,16516.7
34955,31093,2023,37643.1
34956,31094,2023,11311.3
34957,31095,2023,11578.1
34958,31096,2023,166736.0
34959,31097,2023,7534.6
34960,31098,2023,31572.4
34961,31099,2023,8630.7
34962,31100,2023,8465.4
34963,31101,2023,149345.1
34964,31102,2023,178138.6
34965,31103,2023,7034.1
34966,31104,2023,33686.7
34967,31105,2023,6842.0
34968,31106,2023,4473.2
34969,32000,2023,1669672.0
34970,32001,2023,12595.1
34971,32002,2023,9899.4
34972,32003,2023,4344.7
34973,32004,2023,9081.4
34974,32005,2023,95373.0
34975,32006,2023,16523.4
34976,32007,2023,23916.2
34977,32008,2023,27976.8
34978,32009,2023,19975.1
34979,32010,2023,498929.4
34980,32011,2023,7057.0
34981,32012,2023,16494.4
34982,32013,2023,13836.3
34983,32014,2023,39393.3
34984,32015,2023,3163.2
34985,32016,2023,47869.9
34986,32017,2023,454786.2
34987,32018,2023,9307.9
34988,32019,2023,51872.8
34989,32020,2023,121464.2
34990,32021,2023,8903.1
34991,32022,2023,39046.3
34992,32023,2023,24518.7
34993,32024,2023,110790.8
34994,32025,2023,27087.0
34995,32026,2023,35578.6
34996,32027,2023,5529.7
34997,32028,2023,4919.0
34998,32029,2023,48378.9
34999,32030,2023,4845.2
35000,32031,2023,17469.6
35001,32032,2023,27510.2
35002,32033,2023,9128.9
35003,32034,2023,55995.3
35004,32035,2023,33000.3
35005,32036,2023,90530.5
35006,32037,2023,36041.7
35007,32038,2023,146241.8
35008,32039,2023,130290.7
35009,32040,2023,43911.9
35010,32041,2023,4936.0
35011,32042,2023,129100.7
35012,32043,2023,2742.2
35013,32044,2023,33773.5
35014,32045,2023,16721.4
35015,32046,2023,12622.0
35016,32047,2023,10692.5
35017,32048,2023,55767.5
35018,32049,2023,64653.7
35019,32050,2023,21117.4
35020,32051,2023,69843.5
35021,32052,2023,39883.9
35022,32053,2023,26650.5
35023,32054,2023,39565.9
35024,32055,2023,64716.1
35025,32056,2023,306257.6
35026,32057,2023,43098.4
35027,32058,2023,5530.3
35028,0,2024,131868231.8
35029,1000,2024,1528778.6
35030,1001,2024,2022409.8
35031,1002,2024,108208.0
35032,1003,2024,120006.4
35033,1004,2024,35764.2
35034,1005,2024,284517.4
35035,1006,2024,100482.0
35036,1007,2024,122194.6
35037,1008,2024,20037.0
35038,1009,2024,47524.8
35039,1010,2024,44230.6
35040,1011,2024,145255.2
35041,2000,2024,4030477.2
35042,2001,2024,873143.4
35043,2002,2024,2196770.0
35044,2003,2024,224488.6
35045,2004,2024,4136300.0
35046,2005,2024,283440.4
35047,2006,2024,
35048,3000,2024,870018.8
35049,3001,2024,149361.4
35050,3002,2024,133143.6
35051,3003,2024,619392.2
35052,3008,2024,793710.6
35053,3009,2024,37426.4
35054,4000,2024,977461.4
35055,4001,2024,123700.0
35056,4002,2024,616681.4
35057,4003,2024,522029.8
35058,4004,2024,153090.2
35059,4005,2024,66778.6
35060,4006,2024,87903.0
35061,4007,2024,17954.6
35062,4008,2024,24326.4
35063,4009,2024,125221.6
35064,4010,2024,67712.2
35065,4011,2024,99898.0
35066,4012,2024,
35067,5000,2024,3318229.6
35068,5001,2024,2049.0
35069,5002,2024,347627.6
35070,5003,2024,46506.6
35071,5004,2024,66005.2
35072,5005,2024,3155.6
35073,5006,2024,60999.0
35074,5007,2024,25390.2
35075,5008,2024,6250.0
35076,5009,2024,120974.4
35077,5010,2024,170644.4
35078,5011,2024,24276.0
35079,5012,2024,3150.2
35080,5013,2024,3394.8
35081,5014,2024,19159.0
35082,5015,2024,3224.6
35083,5016,2024,3487.0
35084,5017,2024,246551.0
35085,5018,2024,493535.2
35086,5019,2024,15778.8
35087,5020,2024,147653.6
35088,5021,2024,13330.8
35089,5022,2024,70648.2
35090,5023,2024,18362.4
35091,5024,2024,88492.8
35092,5025,2024,372673.2
35093,5026,2024,6322.2
35094,5027,2024,283924.2
35095,5028,2024,132922.2
35096,5029,2024,5108.4
35097,5030,2024,1884478.2
35098,5031,2024,51880.4
35099,5032,2024,85143.8
35100,5033,2024,201318.2
35101,5034,2024,13954.8
35102,5035,2024,1506732.2
35103,5036,2024,39883.8
35104,5037,2024,12374.2
35105,5038,2024,26990.4
35106,6000,2024,767322.4
35107,6001,2024,54584.0
35108,6002,2024,322594.0
35109,6003,2024,44216.0
35110,6004,2024,43117.4
35111,6005,2024,66071.6
35112,6006,2024,11561.2
35113,6007,2024,406220.4
35114,6008,2024,22172.8
35115,6009,2024,237037.2
35116,6010,2024,323473.2
35117,7000,2024,5889128.0
35118,7001,2024,37193.0
35119,7002,2024,36398.2
35120,7003,2024,53859.6
35121,7004,2024,77592.6
35122,7005,2024,51732.8
35123,7006,2024,65231.0
35124,7007,2024,24605.2
35125,7008,2024,68399.6
35126,7009,2024,83785.4
35127,7010,2024,14534.8
35128,7011,2024,41054.4
35129,7012,2024,147312.2
35130,7013,2024,79830.6
35131,7014,2024,53218.0
35132,7015,2024,105401.4
35133,7016,2024,36026.0
35134,7017,2024,186975.8
35135,7018,2024,20987.2
35136,7019,2024,353081.0
35137,7020,2024,106598.0
35138,7021,2024,45406.8
35139,7022,2024,50140.4
35140,7023,2024,223959.0
35141,7024,2024,29644.8
35142,7025,2024,15074.0
35143,7026,2024,103785.6
35144,7027,2024,244732.0
35145,7028,2024,12914.0
35146,7029,2024,11115.8
35147,7030,2024,78139.8
35148,7031,2024,295259.8
35149,7032,2024,62722.8
35150,7033,2024,14700.6
35151,7034,2024,173417.0
35152,7035,2024,30764.8
35153,7036,2024,15756.8
35154,7037,2024,75074.4
35155,7038,2024,47118.4
35156,7039,2024,60146.8
35157,7040,2024,108764.0
35158,7041,2024,96993.4
35159,7042,2024,23708.8
35160,7043,2024,22613.6
35161,7044,2024,61667.6
35162,7045,2024,13244.0
35163,7046,2024,85635.6
35164,7047,2024,54997.6
35165,7048,2024,44188.8
35166,7049,2024,71244.0
35167,7050,2024,10814.2
35168,7051,2024,95575.8
35169,7052,2024,306152.2
35170,7053,2024,15919.8
35171,7054,2024,58118.0
35172,7055,2024,12430.2
35173,7056,2024,29588.4
35174,7057,2024,158930.6
35175,7058,2024,9888.0
35176,7059,2024,500994.4
35177,7060,2024,29944.0
35178,7061,2024,209285.6
35179,7062,2024,38235.6
35180,7063,2024,8138.8
35181,7064,2024,119176.0
35182,7065,2024,282910.4
35183,7066,2024,57508.8
35184,7067,2024,25684.4
35185,7068,2024,65615.6
35186,7069,2024,105674.2
35187,7070,2024,23792.4
35188,7071,2024,64319.8
35189,7072,2024,58182.2
35190,7073,2024,23293.6
35191,7074,2024,92952.4
35192,7075,2024,60524.2
35193,7076,2024,63546.2
35194,7077,2024,134494.0
35195,7078,2024,455732.2
35196,7079,2024,90926.8
35197,7080,2024,42060.8
35198,7081,2024,116101.6
35199,7082,2024,33740.6
35200,7083,2024,39918.6
35201,7084,2024,17635.0
35202,7085,2024,22718.0
35203,7086,2024,55246.0
35204,7087,2024,88951.2
35205,7088,2024,4687.8
35206,7089,2024,735072.0
35207,7090,2024,9444.8
35208,7091,2024,28403.6
35209,7092,2024,27291.6
35210,7093,2024,102642.8
35211,7094,2024,108612.0
35212,7096,2024,176691.4
35213,7097,2024,191335.8
35214,7098,2024,15136.6
35215,7099,2024,175330.6
35216,7100,2024,81176.0
35217,7101,2024,1249119.4
35218,7102,2024,84697.8
35219,7103,2024,62489.0
35220,7104,2024,35431.2
35221,7105,2024,33605.6
35222,7106,2024,140211.0
35223,7107,2024,128714.8
35224,7108,2024,231656.8
35225,7109,2024,85642.0
35226,7110,2024,15694.4
35227,7111,2024,97853.2
35228,7112,2024,83041.6
35229,7113,2024,19701.6
35230,7114,2024,52356.2
35231,7115,2024,32039.2
35232,7116,2024,28211.8
35233,7117,2024,18106.8
35234,7118,2024,13308.6
35235,7119,2024,11303.2
35236,7120,2024,
35237,7121,2024,
35238,7122,2024,
35239,7123,2024,
35240,7124,2024,
35241,7125,2024,
35242,8000,2024,3906605.4
35243,8001,2024,32378.6
35244,8002,2024,55382.6
35245,8003,2024,17307.6
35246,8004,2024,63001.0
35247,8005,2024,54189.8
35248,8006,2024,11657.0
35249,8007,2024,32712.2
35250,8008,2024,20905.2
35251,8009,2024,42848.6
35252,8010,2024,52628.6
35253,8011,2024,100456.0
35254,8012,2024,16315.2
35255,8013,2024,24981.2
35256,8014,2024,4002.0
35257,8015,2024,2106.2
35258,8016,2024,7196.0
35259,8017,2024,383136.2
35260,8018,2024,10145.4
35261,8019,2024,1970842.4
35262,8020,2024,10861.2
35263,8021,2024,311935.8
35264,8022,2024,4567.0
35265,8023,2024,14052.8
35266,8024,2024,7556.4
35267,8025,2024,12768.6
35268,8026,2024,4314.2
35269,8027,2024,103218.6
35270,8028,2024,6781.4
35271,8029,2024,100588.6
35272,8030,2024,16607.8
35273,8031,2024,68709.8
35274,8032,2024,241605.8
35275,8033,2024,1521.2
35276,8034,2024,9013.8
35277,8035,2024,22216.4
35278,8036,2024,82053.6
35279,8037,2024,3169658.0
35280,8038,2024,10142.0
35281,8039,2024,8528.6
35282,8040,2024,46796.2
35283,8041,2024,2203.4
35284,8042,2024,2140.4
35285,8043,2024,5239.0
35286,8044,2024,8651.2
35287,8045,2024,91981.4
35288,8046,2024,14473.4
35289,8047,2024,8336.4
35290,8048,2024,45590.0
35291,8049,2024,5550.2
35292,8050,2024,136801.2
35293,8051,2024,16912.8
35294,8052,2024,47749.6
35295,8053,2024,10574.4
35296,8054,2024,15217.4
35297,8055,2024,34376.2
35298,8056,2024,4088.4
35299,8057,2024,4382.0
35300,8058,2024,5320.6
35301,8059,2024,10281.8
35302,8060,2024,24274.0
35303,8061,2024,6882.2
35304,8062,2024,58268.2
35305,8063,2024,10030.4
35306,8064,2024,2611.2
35307,8065,2024,33383.6
35308,8066,2024,12190.0
35309,8067,2024,9437.0
35310,9000,2024,9354223.6
35311,9002,2024,878405.2
35312,9003,2024,1224118.8
35313,9004,2024,460456.2
35314,9005,2024,2336765.2
35315,9006,2024,825685.2
35316,9007,2024,3686732.0
35317,9008,2024,502123.6
35318,9009,2024,323188.6
35319,9010,2024,1543962.0
35320,9011,2024,810336.8
35321,9012,2024,1439709.4
35322,9013,2024,906149.0
35323,9014,2024,907277.2
35324,9015,2024,1103010.4
35325,9016,2024,862204.8
35326,9017,2024,897588.8
35327,10000,2024,1928324.0
35328,10001,2024,63153.0
35329,10002,2024,9078.2
35330,10003,2024,7845.6
35331,10004,2024,71049.4
35332,10005,2024,1464787.8
35333,10006,2024,19663.0
35334,10007,2024,784505.2
35335,10008,2024,75941.0
35336,10009,2024,19883.4
35337,10010,2024,7448.8
35338,10011,2024,9079.0
35339,10012,2024,345227.4
35340,10013,2024,55432.2
35341,10014,2024,111845.4
35342,10015,2024,26287.0
35343,10016,2024,38658.2
35344,10017,2024,14856.4
35345,10018,2024,20059.6
35346,10019,2024,9690.2
35347,10020,2024,25942.2
35348,10021,2024,22886.2
35349,10022,2024,51837.0
35350,10023,2024,104949.6
35351,10024,2024,25681.6
35352,10025,2024,5265.8
35353,10026,2024,33270.0
35354,10027,2024,9988.2
35355,10028,2024,24293.2
35356,10029,2024,4154.8
35357,10030,2024,3225.4
35358,10031,2024,13242.0
35359,10032,2024,102436.0
35360,10033,2024,14013.4
35361,10034,2024,53731.0
35362,10035,2024,23627.0
35363,10036,2024,41484.4
35364,10037,2024,19834.4
35365,10038,2024,48863.8
35366,10039,2024,57643.6
35367,11000,2024,6457809.2
35368,11001,2024,190644.4
35369,11002,2024,217360.0
35370,11003,2024,361094.8
35371,11004,2024,126047.2
35372,11005,2024,261912.0
35373,11006,2024,10340.4
35374,11007,2024,1085232.2
35375,11008,2024,86183.4
35376,11009,2024,168122.2
35377,11010,2024,21678.8
35378,11011,2024,203763.4
35379,11012,2024,64665.4
35380,11013,2024,58060.6
35381,11014,2024,338793.4
35382,11015,2024,407383.4
35383,11016,2024,43107.0
35384,11017,2024,1237395.8
35385,11018,2024,79394.4
35386,11019,2024,98113.0
35387,11020,2024,3673345.6
35388,11021,2024,92836.4
35389,11022,2024,58153.8
35390,11023,2024,314470.8
35391,11024,2024,25888.4
35392,11025,2024,179882.4
35393,11026,2024,139450.2
35394,11027,2024,557776.8
35395,11028,2024,186026.2
35396,11029,2024,85454.0
35397,11030,2024,250373.0
35398,11031,2024,275884.8
35399,11032,2024,193011.4
35400,11033,2024,268038.4
35401,11034,2024,11952.2
35402,11035,2024,167484.4
35403,11036,2024,13463.6
35404,11037,2024,432297.2
35405,11038,2024,22347.6
35406,11039,2024,72147.4
35407,11040,2024,41489.2
35408,11041,2024,124779.8
35409,11042,2024,309528.4
35410,11043,2024,43785.6
35411,11044,2024,139905.6
35412,11045,2024,21923.8
35413,11046,2024,135979.2
35414,12000,2024,3607396.6
35415,12001,2024,1550982.0
35416,12002,2024,50672.8
35417,12003,2024,74969.2
35418,12004,2024,44256.8
35419,12005,2024,16573.8
35420,12006,2024,21274.6
35421,12007,2024,67487.6
35422,12008,2024,18915.4
35423,12009,2024,11709.4
35424,12010,2024,58736.4
35425,12011,2024,120986.8
35426,12012,2024,143447.4
35427,12013,2024,30781.4
35428,12014,2024,31303.6
35429,12015,2024,26236.4
35430,12016,2024,24447.0
35431,12017,2024,31857.6
35432,12018,2024,29671.2
35433,12019,2024,32186.0
35434,12020,2024,45595.4
35435,12021,2024,145922.8
35436,12022,2024,74698.8
35437,12023,2024,54004.6
35438,12024,2024,16463.4
35439,12025,2024,35589.2
35440,12026,2024,15852.6
35441,12027,2024,40484.8
35442,12028,2024,249715.0
35443,12029,2024,600101.4
35444,12030,2024,46171.2
35445,12031,2024,12580.0
35446,12032,2024,75139.8
35447,12033,2024,37449.6
35448,12034,2024,72570.6
35449,12035,2024,320190.0
35450,12036,2024,24230.0
35451,12037,2024,11911.2
35452,12038,2024,258447.4
35453,12039,2024,53575.2
35454,12040,2024,54019.8
35455,12041,2024,59295.8
35456,12042,2024,37952.6
35457,12043,2024,37715.0
35458,12044,2024,25640.0
35459,12045,2024,60066.8
35460,12046,2024,142072.0
35461,12047,2024,14232.2
35462,12048,2024,88998.8
35463,12049,2024,26502.6
35464,12050,2024,78142.6
35465,12051,2024,73423.4
35466,12052,2024,95716.0
35467,12053,2024,101565.4
35468,12054,2024,45183.2
35469,12055,2024,212442.6
35470,12056,2024,93773.6
35471,12057,2024,133543.0
35472,12058,2024,107714.0
35473,12059,2024,61919.8
35474,12060,2024,27453.4
35475,12061,2024,89188.0
35476,12062,2024,46776.0
35477,12063,2024,20288.4
35478,12064,2024,23514.6
35479,12065,2024,15610.2
35480,12066,2024,204078.4
35481,12067,2024,44760.8
35482,12068,2024,53315.2
35483,12069,2024,23779.8
35484,12070,2024,16375.6
35485,12071,2024,61251.4
35486,12072,2024,25206.8
35487,12073,2024,35569.8
35488,12074,2024,43461.2
35489,12075,2024,111878.0
35490,12076,2024,86397.2
35491,12077,2024,29690.6
35492,12078,2024,44479.8
35493,12079,2024,38922.8
35494,12080,2024,15462.8
35495,12081,2024,24280.0
35496,13000,2024,3252618.4
35497,13001,2024,46322.6
35498,13002,2024,96527.4
35499,13003,2024,127358.2
35500,13004,2024,21682.2
35501,13005,2024,39225.4
35502,13006,2024,38560.6
35503,13007,2024,26217.4
35504,13008,2024,96711.4
35505,13009,2024,41641.4
35506,13010,2024,66786.4
35507,13011,2024,39941.6
35508,13012,2024,62833.8
35509,13013,2024,150061.6
35510,13014,2024,31685.8
35511,13015,2024,39670.8
35512,13016,2024,125673.2
35513,13017,2024,26505.0
35514,13018,2024,46258.8
35515,13019,2024,39009.2
35516,13020,2024,5034.8
35517,13021,2024,31850.8
35518,13022,2024,34565.4
35519,13023,2024,74377.8
35520,13024,2024,35561.6
35521,13025,2024,39795.2
35522,13026,2024,25519.0
35523,13027,2024,45158.0
35524,13028,2024,256696.4
35525,13029,2024,97471.8
35526,13030,2024,207168.8
35527,13031,2024,24189.0
35528,13032,2024,21104.2
35529,13033,2024,5565.8
35530,13034,2024,18692.4
35531,13035,2024,27475.2
35532,13036,2024,18974.6
35533,13037,2024,41429.4
35534,13038,2024,18488.8
35535,13039,2024,29036.2
35536,13040,2024,19147.4
35537,13041,2024,97986.4
35538,13042,2024,23474.8
35539,13043,2024,12246.4
35540,13044,2024,35041.2
35541,13045,2024,18855.6
35542,13046,2024,76448.6
35543,13047,2024,9259.8
35544,13048,2024,665832.4
35545,13049,2024,37860.8
35546,13050,2024,48430.8
35547,13051,2024,465851.6
35548,13052,2024,83292.8
35549,13053,2024,35088.2
35550,13054,2024,76808.8
35551,13055,2024,38520.8
35552,13056,2024,83982.6
35553,13057,2024,30645.0
35554,13058,2024,35343.8
35555,13059,2024,78391.8
35556,13060,2024,35280.2
35557,13061,2024,116159.6
35558,13062,2024,64195.4
35559,13063,2024,189053.8
35560,13064,2024,22376.2
35561,13065,2024,24084.4
35562,13066,2024,27177.8
35563,13067,2024,115987.4
35564,13068,2024,28938.2
35565,13069,2024,393316.0
35566,13070,2024,39686.8
35567,13071,2024,17745.4
35568,13072,2024,22943.4
35569,13073,2024,76539.2
35570,13074,2024,58747.6
35571,13075,2024,49300.0
35572,13076,2024,239184.8
35573,13077,2024,350181.4
35574,13078,2024,35885.4
35575,13079,2024,13801.0
35576,13080,2024,50205.0
35577,13081,2024,80873.2
35578,13082,2024,45631.6
35579,13083,2024,130936.4
35580,13084,2024,81020.8
35581,14000,2024,8768938.8
35582,14001,2024,48034.8
35583,14002,2024,53728.6
35584,14003,2024,48863.4
35585,14004,2024,11645.6
35586,14005,2024,34498.0
35587,14006,2024,123381.2
35588,14007,2024,19300.4
35589,14008,2024,167819.2
35590,14009,2024,45162.2
35591,14010,2024,16431.4
35592,14011,2024,11378.6
35593,14012,2024,8473.6
35594,14013,2024,133245.6
35595,14014,2024,17742.6
35596,14015,2024,136128.2
35597,14016,2024,85786.4
35598,14017,2024,25997.4
35599,14018,2024,138920.2
35600,14019,2024,14627.6
35601,14020,2024,22855.4
35602,14021,2024,40449.0
35603,14022,2024,81315.2
35604,14023,2024,242582.6
35605,14024,2024,61061.2
35606,14025,2024,40719.2
35607,14026,2024,12996.8
35608,14027,2024,37678.0
35609,14028,2024,4359.8
35610,14029,2024,35901.8
35611,14030,2024,115531.2
35612,14031,2024,6223.8
35613,14032,2024,12145.2
35614,14033,2024,42580.0
35615,14034,2024,3900.6
35616,14035,2024,108174.2
35617,14036,2024,41169.2
35618,14037,2024,53604.6
35619,14038,2024,8352.4
35620,14039,2024,2683621.2
35621,14040,2024,16260.0
35622,14041,2024,11745.0
35623,14042,2024,21117.2
35624,14043,2024,46529.0
35625,14044,2024,157696.6
35626,14045,2024,42384.4
35627,14046,2024,66166.0
35628,14047,2024,51433.0
35629,14048,2024,38464.4
35630,14049,2024,19946.8
35631,14050,2024,98260.6
35632,14051,2024,75889.0
35633,14052,2024,11100.2
35634,14053,2024,360559.0
35635,14054,2024,10636.0
35636,14055,2024,43931.4
35637,14056,2024,3205.2
35638,14057,2024,8487.6
35639,14058,2024,29388.8
35640,14059,2024,28810.2
35641,14060,2024,10097.0
35642,14061,2024,49107.8
35643,14062,2024,7378.8
35644,14063,2024,222598.8
35645,14064,2024,70067.4
35646,14065,2024,22400.0
35647,14066,2024,111626.0
35648,14067,2024,612732.6
35649,14068,2024,22620.0
35650,14069,2024,14812.6
35651,14070,2024,542607.2
35652,14071,2024,5799.6
35653,14072,2024,16170.4
35654,14073,2024,150390.4
35655,14074,2024,34751.8
35656,14075,2024,7638.6
35657,14076,2024,6124.4
35658,14077,2024,57696.8
35659,14078,2024,64827.8
35660,14079,2024,34810.6
35661,14080,2024,9717.6
35662,14081,2024,6862.8
35663,14082,2024,76309.4
35664,14083,2024,190480.0
35665,14084,2024,30735.8
35666,14085,2024,78866.2
35667,14086,2024,45145.0
35668,14087,2024,33640.0
35669,14088,2024,33278.0
35670,14089,2024,8620.2
35671,14090,2024,14803.6
35672,14091,2024,79693.8
35673,14092,2024,22258.4
35674,14093,2024,312245.6
35675,14094,2024,91982.8
35676,14095,2024,19788.4
35677,14096,2024,47037.6
35678,14097,2024,1704617.6
35679,14098,2024,1437483.6
35680,14099,2024,23777.6
35681,14100,2024,73906.2
35682,14101,2024,1212872.2
35683,14102,2024,11954.0
35684,14103,2024,15396.4
35685,14104,2024,8219.0
35686,14105,2024,48782.2
35687,14106,2024,12301.4
35688,14107,2024,13734.6
35689,14108,2024,77823.2
35690,14109,2024,39737.2
35691,14110,2024,27683.2
35692,14111,2024,13303.0
35693,14112,2024,12674.2
35694,14113,2024,34182.4
35695,14114,2024,39853.8
35696,14115,2024,11063.8
35697,14116,2024,41364.4
35698,14117,2024,9040.2
35699,14118,2024,45114.8
35700,14119,2024,63054.0
35701,14120,2024,3139424.6
35702,14121,2024,71071.8
35703,14122,2024,15588.4
35704,14123,2024,40023.0
35705,14124,2024,130612.2
35706,14125,2024,37297.8
35707,15000,2024,17726355.6
35708,15001,2024,141302.8
35709,15002,2024,370980.6
35710,15003,2024,102088.0
35711,15004,2024,31047.6
35712,15005,2024,370728.0
35713,15006,2024,26834.4
35714,15007,2024,47995.6
35715,15008,2024,49657.2
35716,15009,2024,110920.6
35717,15010,2024,67294.4
35718,15011,2024,166373.2
35719,15012,2024,28120.2
35720,15013,2024,1074333.6
35721,15014,2024,231325.4
35722,15015,2024,67188.2
35723,15016,2024,61135.0
35724,15017,2024,21113.8
35725,15018,2024,154143.6
35726,15019,2024,76107.4
35727,15020,2024,599196.6
35728,15021,2024,79268.2
35729,15022,2024,32608.4
35730,15023,2024,83258.6
35731,15024,2024,388733.6
35732,15025,2024,872040.8
35733,15026,2024,66825.6
35734,15027,2024,28020.8
35735,15028,2024,63173.2
35736,15029,2024,422055.2
35737,15030,2024,59282.4
35738,15031,2024,1482976.8
35739,15032,2024,78068.0
35740,15033,2024,3282100.0
35741,15034,2024,22820.2
35742,15035,2024,377064.0
35743,15036,2024,99028.4
35744,15037,2024,604169.6
35745,15038,2024,25148.8
35746,15039,2024,1144333.2
35747,15040,2024,76518.0
35748,15041,2024,12826.8
35749,15042,2024,335203.2
35750,15043,2024,64436.4
35751,15044,2024,57945.2
35752,15045,2024,178472.0
35753,15046,2024,41279.6
35754,15047,2024,159885.0
35755,15048,2024,144998.4
35756,15049,2024,32926.4
35757,15050,2024,57169.8
35758,15051,2024,369086.4
35759,15052,2024,58333.4
35760,15053,2024,131226.6
35761,15054,2024,507127.6
35762,15055,2024,29286.8
35763,15056,2024,70138.4
35764,15057,2024,1669394.8
35765,15058,2024,2132600.4
35766,15059,2024,134484.8
35767,15060,2024,912398.0
35768,15061,2024,21866.0
35769,15062,2024,152446.6
35770,15063,2024,75983.4
35771,15064,2024,75866.8
35772,15065,2024,75626.8
35773,15066,2024,9849.4
35774,15067,2024,186075.2
35775,15068,2024,64444.6
35776,15069,2024,10307.2
35777,15070,2024,648370.4
35778,15071,2024,31561.2
35779,15072,2024,34521.8
35780,15073,2024,71772.0
35781,15074,2024,308668.4
35782,15075,2024,61842.4
35783,15076,2024,214707.2
35784,15077,2024,13724.8
35785,15078,2024,19952.4
35786,15079,2024,30666.0
35787,15080,2024,46958.8
35788,15081,2024,1241362.0
35789,15082,2024,165178.8
35790,15083,2024,30618.4
35791,15084,2024,93270.0
35792,15085,2024,135803.2
35793,15086,2024,71756.2
35794,15087,2024,224162.0
35795,15088,2024,220353.8
35796,15089,2024,23404.2
35797,15090,2024,191078.4
35798,15091,2024,132793.2
35799,15092,2024,121421.2
35800,15093,2024,68838.4
35801,15094,2024,42754.0
35802,15095,2024,219489.0
35803,15096,2024,83444.8
35804,15097,2024,37846.0
35805,15098,2024,11972.0
35806,15099,2024,589072.6
35807,15100,2024,103561.6
35808,15101,2024,179376.4
35809,15102,2024,33646.4
35810,15103,2024,100940.6
35811,15104,2024,1350785.6
35812,15105,2024,62597.8
35813,15106,2024,1894089.2
35814,15107,2024,26471.2
35815,15108,2024,336159.2
35816,15109,2024,1056156.0
35817,15110,2024,123211.2
35818,15111,2024,111011.2
35819,15112,2024,108301.4
35820,15113,2024,145446.0
35821,15114,2024,227462.4
35822,15115,2024,115907.6
35823,15116,2024,11062.8
35824,15117,2024,25775.2
35825,15118,2024,436636.0
35826,15119,2024,39640.4
35827,15120,2024,657580.0
35828,15121,2024,1145116.4
35829,15122,2024,810746.0
35830,15123,2024,58625.2
35831,15124,2024,207153.6
35832,15125,2024,33507.0
35833,16000,2024,4924697.4
35834,16001,2024,22866.2
35835,16002,2024,28624.4
35836,16003,2024,47718.8
35837,16004,2024,30112.6
35838,16005,2024,21870.8
35839,16006,2024,254723.0
35840,16007,2024,7312.6
35841,16008,2024,51325.2
35842,16009,2024,73726.8
35843,16010,2024,40168.0
35844,16011,2024,24191.2
35845,16012,2024,93830.0
35846,16013,2024,18556.0
35847,16014,2024,36524.6
35848,16015,2024,41868.0
35849,16016,2024,42318.6
35850,16017,2024,71854.6
35851,16018,2024,19401.2
35852,16019,2024,40915.0
35853,16020,2024,61169.4
35854,16021,2024,28190.2
35855,16022,2024,57063.8
35856,16023,2024,21190.4
35857,16024,2024,43141.0
35858,16025,2024,84546.6
35859,16026,2024,9307.0
35860,16027,2024,9716.8
35861,16028,2024,10204.0
35862,16029,2024,23118.0
35863,16030,2024,22893.2
35864,16031,2024,32166.4
35865,16032,2024,32366.0
35866,16033,2024,43122.8
35867,16034,2024,258128.2
35868,16035,2024,59672.6
35869,16036,2024,23340.8
35870,16037,2024,15860.2
35871,16038,2024,84265.2
35872,16039,2024,18909.0
35873,16040,2024,38362.4
35874,16041,2024,33103.4
35875,16042,2024,29186.8
35876,16043,2024,141436.6
35877,16044,2024,25653.4
35878,16045,2024,73911.2
35879,16046,2024,30951.6
35880,16047,2024,39601.4
35881,16048,2024,11687.6
35882,16049,2024,40162.4
35883,16050,2024,185866.6
35884,16051,2024,28759.2
35885,16052,2024,406101.2
35886,16053,2024,1794167.6
35887,16054,2024,15882.4
35888,16055,2024,92134.0
35889,16056,2024,69556.2
35890,16057,2024,17122.6
35891,16058,2024,43820.8
35892,16059,2024,18692.0
35893,16060,2024,18743.4
35894,16061,2024,51264.8
35895,16062,2024,43324.6
35896,16063,2024,28852.8
35897,16064,2024,55061.6
35898,16065,2024,83312.8
35899,16066,2024,205279.8
35900,16067,2024,32825.8
35901,16068,2024,62142.6
35902,16069,2024,219089.2
35903,16070,2024,31185.0
35904,16071,2024,139672.8
35905,16072,2024,28266.6
35906,16073,2024,55629.2
35907,16074,2024,21560.4
35908,16075,2024,169743.8
35909,16076,2024,161502.2
35910,16077,2024,34817.6
35911,16078,2024,25814.4
35912,16079,2024,103591.8
35913,16080,2024,40850.2
35914,16081,2024,18497.8
35915,16082,2024,166873.8
35916,16083,2024,70211.8
35917,16084,2024,66591.0
35918,16085,2024,72586.2
35919,16086,2024,31367.0
35920,16087,2024,32798.0
35921,16088,2024,257758.8
35922,16089,2024,49080.4
35923,16090,2024,34594.6
35924,16091,2024,31033.4
35925,16092,2024,24752.4
35926,16093,2024,57882.0
35927,16094,2024,12462.8
35928,16095,2024,25493.0
35929,16096,2024,10821.2
35930,16097,2024,56222.0
35931,16098,2024,51361.6
35932,16099,2024,27277.0
35933,16100,2024,30904.8
35934,16101,2024,18167.2
35935,16102,2024,747385.4
35936,16103,2024,46990.6
35937,16104,2024,30847.8
35938,16105,2024,43576.4
35939,16106,2024,66447.2
35940,16107,2024,156448.4
35941,16108,2024,425098.8
35942,16109,2024,6453.4
35943,16110,2024,99955.0
35944,16111,2024,39402.8
35945,16112,2024,315402.4
35946,16113,2024,52952.0
35947,17000,2024,2050219.0
35948,17001,2024,35661.2
35949,17002,2024,55548.0
35950,17003,2024,82792.0
35951,17004,2024,188600.4
35952,17005,2024,23045.4
35953,17006,2024,383790.6
35954,17007,2024,767612.6
35955,17008,2024,232990.6
35956,17009,2024,54761.2
35957,17010,2024,39028.2
35958,17011,2024,445435.2
35959,17012,2024,117454.4
35960,17013,2024,35034.8
35961,17014,2024,19474.6
35962,17015,2024,24264.0
35963,17016,2024,40347.8
35964,17017,2024,62810.2
35965,17018,2024,255842.8
35966,17019,2024,58489.8
35967,17020,2024,120709.0
35968,17021,2024,15394.2
35969,17022,2024,26329.0
35970,17023,2024,16930.2
35971,17024,2024,107702.4
35972,17025,2024,69263.8
35973,17026,2024,41165.2
35974,17027,2024,27078.6
35975,17028,2024,154301.6
35976,17029,2024,217918.2
35977,17030,2024,119633.6
35978,17031,2024,72997.8
35979,17032,2024,20660.6
35980,17033,2024,34697.2
35981,17034,2024,
35982,17035,2024,
35983,17036,2024,
35984,18000,2024,1303674.6
35985,18001,2024,75215.8
35986,18002,2024,31105.0
35987,18003,2024,23407.6
35988,18004,2024,161051.4
35989,18005,2024,25536.6
35990,18006,2024,60324.6
35991,18007,2024,40031.6
35992,18008,2024,143730.4
35993,18009,2024,107274.4
35994,18010,2024,66534.6
35995,18011,2024,48889.6
35996,18012,2024,81286.2
35997,18013,2024,15520.2
35998,18014,2024,52136.6
35999,18015,2024,188943.6
36000,18016,2024,72323.8
36001,18017,2024,890763.6
36002,18018,2024,60195.4
36003,18019,2024,28496.8
36004,18020,2024,426553.6
36005,19000,2024,6247201.4
36006,19001,2024,6138.8
36007,19002,2024,6818.0
36008,19003,2024,2851.0
36009,19004,2024,72786.6
36010,19005,2024,36077.0
36011,19006,2024,1419547.2
36012,19007,2024,29812.0
36013,19008,2024,7337.4
36014,19009,2024,276103.2
36015,19010,2024,279693.2
36016,19011,2024,14425.2
36017,19012,2024,172906.6
36018,19013,2024,19553.0
36019,19014,2024,72953.0
36020,19015,2024,2584.2
36021,19016,2024,6612.6
36022,19017,2024,82930.8
36023,19018,2024,997371.0
36024,19019,2024,271951.4
36025,19020,2024,11169.4
36026,19021,2024,1061084.8
36027,19022,2024,28426.2
36028,19023,2024,4073.8
36029,19024,2024,13020.4
36030,19025,2024,241952.8
36031,19026,2024,1258398.6
36032,19027,2024,3917.6
36033,19028,2024,2683.4
36034,19029,2024,14277.2
36035,19030,2024,6468.4
36036,19031,2024,1114878.2
36037,19032,2024,10772.4
36038,19033,2024,174928.4
36039,19034,2024,9971.0
36040,19035,2024,3480.6
36041,19036,2024,15771.0
36042,19037,2024,12653.0
36043,19038,2024,142243.4
36044,19039,2024,2291949.0
36045,19040,2024,1752.2
36046,19041,2024,396918.6
36047,19042,2024,11057.4
36048,19043,2024,4714.8
36049,19044,2024,69598.8
36050,19045,2024,217113.0
36051,19046,2024,799538.8
36052,19047,2024,31747.0
36053,19048,2024,642608.6
36054,19049,2024,98806.0
36055,19050,2024,2856.2
36056,19051,2024,6753.8
36057,20000,2024,4273163.6
36058,20001,2024,1487.6
36059,20002,2024,90769.6
36060,20003,2024,5135.6
36061,20004,2024,2289.0
36062,20005,2024,31077.8
36063,20006,2024,43111.2
36064,20007,2024,4616.4
36065,20008,2024,1381.6
36066,20009,2024,13823.6
36067,20010,2024,26889.2
36068,20011,2024,2949.6
36069,20012,2024,23445.4
36070,20013,2024,6306.2
36071,20014,2024,57507.8
36072,20015,2024,11238.6
36073,20016,2024,19951.6
36074,20017,2024,7458.0
36075,20018,2024,1438.4
36076,20019,2024,5269.8
36077,20020,2024,10507.8
36078,20021,2024,28842.8
36079,20022,2024,1562.8
36080,20023,2024,60541.2
36081,20024,2024,7128.6
36082,20025,2024,22915.4
36083,20026,2024,18518.2
36084,20027,2024,4134.4
36085,20028,2024,49078.6
36086,20029,2024,8388.8
36087,20030,2024,18034.0
36088,20031,2024,14227.6
36089,20032,2024,2189.2
36090,20033,2024,6254.8
36091,20034,2024,2466.4
36092,20035,2024,1424.0
36093,20036,2024,10506.6
36094,20037,2024,8880.6
36095,20038,2024,3593.8
36096,20039,2024,163402.8
36097,20040,2024,13088.2
36098,20041,2024,64794.0
36099,20042,2024,17338.2
36100,20043,2024,243911.2
36101,20044,2024,81733.2
36102,20045,2024,16070.8
36103,20046,2024,5606.4
36104,20047,2024,153.4
36105,20048,2024,2972.0
36106,20049,2024,2400.4
36107,20050,2024,7477.6
36108,20051,2024,9844.8
36109,20052,2024,11835.4
36110,20053,2024,2663.8
36111,20054,2024,804.0
36112,20055,2024,7656.0
36113,20056,2024,2897.0
36114,20057,2024,76803.0
36115,20058,2024,24920.6
36116,20059,2024,107980.2
36117,20060,2024,4747.6
36118,20061,2024,6046.0
36119,20062,2024,925.6
36120,20063,2024,8914.8
36121,20064,2024,17903.6
36122,20065,2024,2078.8
36123,20066,2024,10737.4
36124,20067,2024,548031.4
36125,20068,2024,49458.6
36126,20069,2024,6588.8
36127,20070,2024,12679.4
36128,20071,2024,6892.8
36129,20072,2024,17302.0
36130,20073,2024,71518.4
36131,20074,2024,872.8
36132,20075,2024,5311.2
36133,20076,2024,6886.2
36134,20077,2024,9380.8
36135,20078,2024,2769.2
36136,20079,2024,170537.4
36137,20080,2024,3413.6
36138,20081,2024,3704.8
36139,20082,2024,8501.8
36140,20083,2024,25423.6
36141,20084,2024,8556.8
36142,20085,2024,55340.8
36143,20086,2024,2200.2
36144,20087,2024,12198.8
36145,20088,2024,5833.2
36146,20089,2024,4745.0
36147,20090,2024,12781.4
36148,20091,2024,13687.8
36149,20092,2024,3819.6
36150,20093,2024,1047.8
36151,20094,2024,3665.6
36152,20095,2024,9581.6
36153,20096,2024,1497.8
36154,20097,2024,3566.8
36155,20098,2024,8315.2
36156,20099,2024,686.8
36157,20100,2024,712.6
36158,20101,2024,1513.6
36159,20102,2024,11395.8
36160,20103,2024,12458.4
36161,20104,2024,5571.8
36162,20105,2024,16178.4
36163,20106,2024,469.4
36164,20107,2024,56419.2
36165,20108,2024,4791.8
36166,20109,2024,2463.2
36167,20110,2024,3388.0
36168,20111,2024,10129.2
36169,20112,2024,5262.8
36170,20113,2024,6621.0
36171,20114,2024,1343.6
36172,20115,2024,22169.0
36173,20116,2024,8325.2
36174,20117,2024,4262.2
36175,20118,2024,4742.4
36176,20119,2024,1754.6
36177,20120,2024,962.8
36178,20121,2024,1149.4
36179,20122,2024,1295.4
36180,20123,2024,5761.2
36181,20124,2024,41511.2
36182,20125,2024,23200.6
36183,20126,2024,11094.2
36184,20127,2024,2476.0
36185,20128,2024,2773.2
36186,20129,2024,743.6
36187,20130,2024,10434.4
36188,20131,2024,23586.8
36189,20132,2024,2874.8
36190,20133,2024,7835.2
36191,20134,2024,58337.0
36192,20135,2024,17325.4
36193,20136,2024,24878.6
36194,20137,2024,6948.4
36195,20138,2024,894.8
36196,20139,2024,4446.6
36197,20140,2024,1610.0
36198,20141,2024,18616.6
36199,20142,2024,1429.6
36200,20143,2024,19319.0
36201,20144,2024,2122.0
36202,20145,2024,11822.8
36203,20146,2024,5715.6
36204,20147,2024,763.8
36205,20148,2024,4553.6
36206,20149,2024,4445.6
36207,20150,2024,29296.6
36208,20151,2024,554.0
36209,20152,2024,5194.4
36210,20153,2024,9960.6
36211,20154,2024,4606.8
36212,20155,2024,2225.0
36213,20156,2024,7517.4
36214,20157,2024,36027.6
36215,20158,2024,4467.6
36216,20159,2024,11169.0
36217,20160,2024,2842.0
36218,20161,2024,5629.6
36219,20162,2024,4282.2
36220,20163,2024,3131.4
36221,20164,2024,5494.8
36222,20165,2024,3352.4
36223,20166,2024,22867.0
36224,20167,2024,4342.0
36225,20168,2024,1863.2
36226,20169,2024,8955.6
36227,20170,2024,7280.8
36228,20171,2024,35916.6
36229,20172,2024,808.6
36230,20173,2024,2868.6
36231,20174,2024,9780.4
36232,20175,2024,2608.0
36233,20176,2024,5421.0
36234,20177,2024,21441.0
36235,20178,2024,13705.2
36236,20179,2024,2882.0
36237,20180,2024,4704.6
36238,20181,2024,945.2
36239,20182,2024,4267.2
36240,20183,2024,2976.6
36241,20184,2024,322141.4
36242,20185,2024,18079.2
36243,20186,2024,983.4
36244,20187,2024,3036.4
36245,20188,2024,19306.0
36246,20189,2024,6711.2
36247,20190,2024,45247.4
36248,20191,2024,594.0
36249,20192,2024,3108.0
36250,20193,2024,5821.6
36251,20194,2024,2859.6
36252,20195,2024,1952.0
36253,20196,2024,820.8
36254,20197,2024,6771.6
36255,20198,2024,61002.0
36256,20199,2024,825.4
36257,20200,2024,7260.6
36258,20201,2024,3798.4
36259,20202,2024,9286.6
36260,20203,2024,7278.4
36261,20204,2024,1203.2
36262,20205,2024,33652.4
36263,20206,2024,4910.6
36264,20207,2024,39628.0
36265,20208,2024,13344.6
36266,20209,2024,1130.8
36267,20210,2024,10835.8
36268,20211,2024,7014.4
36269,20212,2024,6482.0
36270,20213,2024,8859.2
36271,20214,2024,3841.6
36272,20215,2024,1847.2
36273,20216,2024,2410.0
36274,20217,2024,6664.2
36275,20218,2024,1040.2
36276,20219,2024,5428.6
36277,20220,2024,5327.8
36278,20221,2024,3121.4
36279,20222,2024,2768.8
36280,20223,2024,870.4
36281,20224,2024,1256.8
36282,20225,2024,11764.4
36283,20226,2024,6202.8
36284,20227,2024,40440.6
36285,20228,2024,1715.6
36286,20229,2024,19975.8
36287,20230,2024,1804.0
36288,20231,2024,6502.8
36289,20232,2024,44908.6
36290,20233,2024,3428.4
36291,20234,2024,14013.2
36292,20235,2024,7836.8
36293,20236,2024,2635.6
36294,20237,2024,3149.6
36295,20238,2024,2130.4
36296,20239,2024,1938.4
36297,20240,2024,5746.0
36298,20241,2024,2026.8
36299,20242,2024,25755.4
36300,20243,2024,4149.8
36301,20244,2024,8091.0
36302,20245,2024,2693.0
36303,20246,2024,1214.0
36304,20247,2024,3359.6
36305,20248,2024,32189.6
36306,20249,2024,7946.8
36307,20250,2024,2526.0
36308,20251,2024,2466.4
36309,20252,2024,4982.4
36310,20253,2024,3939.8
36311,20254,2024,6349.6
36312,20255,2024,3866.8
36313,20256,2024,465.0
36314,20257,2024,2072.8
36315,20258,2024,1359.2
36316,20259,2024,4016.8
36317,20260,2024,4154.6
36318,20261,2024,13612.8
36319,20262,2024,1956.8
36320,20263,2024,6121.4
36321,20264,2024,4264.2
36322,20265,2024,13555.6
36323,20266,2024,17275.2
36324,20267,2024,448.4
36325,20268,2024,2494.2
36326,20269,2024,8775.4
36327,20270,2024,2551.6
36328,20271,2024,6350.2
36329,20272,2024,12589.8
36330,20273,2024,7898.4
36331,20274,2024,2685.8
36332,20275,2024,14594.0
36333,20276,2024,1300.0
36334,20277,2024,24650.8
36335,20278,2024,79075.2
36336,20279,2024,5901.2
36337,20280,2024,3715.6
36338,20281,2024,615.0
36339,20282,2024,1190.0
36340,20283,2024,2086.4
36341,20284,2024,6269.6
36342,20285,2024,7603.6
36343,20286,2024,6115.2
36344,20287,2024,600.8
36345,20288,2024,1149.2
36346,20289,2024,2484.8
36347,20290,2024,2110.8
36348,20291,2024,8733.2
36349,20292,2024,3136.0
36350,20293,2024,35507.0
36351,20294,2024,14652.4
36352,20295,2024,20838.4
36353,20296,2024,1931.2
36354,20297,2024,5984.2
36355,20298,2024,28595.0
36356,20299,2024,2263.6
36357,20300,2024,13404.6
36358,20301,2024,3232.8
36359,20302,2024,9466.2
36360,20303,2024,2089.2
36361,20304,2024,1329.6
36362,20305,2024,8992.8
36363,20306,2024,9931.8
36364,20307,2024,19592.4
36365,20308,2024,6999.0
36366,20309,2024,20733.6
36367,20310,2024,35306.2
36368,20311,2024,987.4
36369,20312,2024,22326.8
36370,20313,2024,1389.4
36371,20314,2024,3567.6
36372,20315,2024,3946.0
36373,20316,2024,1464.0
36374,20317,2024,2403.4
36375,20318,2024,105142.6
36376,20319,2024,1843.2
36377,20320,2024,1392.8
36378,20321,2024,1435.2
36379,20322,2024,1493.6
36380,20323,2024,5023.2
36381,20324,2024,99985.6
36382,20325,2024,25029.4
36383,20326,2024,10199.6
36384,20327,2024,32428.6
36385,20328,2024,3099.8
36386,20329,2024,2171.2
36387,20330,2024,8608.8
36388,20331,2024,2031.2
36389,20332,2024,714.8
36390,20333,2024,7143.4
36391,20334,2024,106686.4
36392,20335,2024,1625.6
36393,20336,2024,2940.8
36394,20337,2024,11257.8
36395,20338,2024,21586.8
36396,20339,2024,9002.4
36397,20340,2024,3415.2
36398,20341,2024,489.2
36399,20342,2024,9826.8
36400,20343,2024,4134.8
36401,20344,2024,5784.2
36402,20345,2024,8555.8
36403,20346,2024,3158.4
36404,20347,2024,8834.4
36405,20348,2024,16377.8
36406,20349,2024,4565.4
36407,20350,2024,34289.4
36408,20351,2024,5744.8
36409,20352,2024,10765.6
36410,20353,2024,5145.6
36411,20354,2024,943.2
36412,20355,2024,1332.2
36413,20356,2024,4506.8
36414,20357,2024,1647.2
36415,20358,2024,3999.2
36416,20359,2024,1136.4
36417,20360,2024,8285.8
36418,20361,2024,1572.4
36419,20362,2024,2988.4
36420,20363,2024,5387.0
36421,20364,2024,40508.4
36422,20365,2024,1928.6
36423,20366,2024,7117.0
36424,20367,2024,9220.4
36425,20368,2024,4336.2
36426,20369,2024,4666.2
36427,20370,2024,1332.8
36428,20371,2024,1997.6
36429,20372,2024,2176.0
36430,20373,2024,767.8
36431,20374,2024,3430.0
36432,20375,2024,28864.0
36433,20376,2024,730.8
36434,20377,2024,21754.8
36435,20378,2024,7533.0
36436,20379,2024,5896.4
36437,20380,2024,4700.0
36438,20381,2024,6147.2
36439,20382,2024,2386.0
36440,20383,2024,1179.6
36441,20384,2024,9818.4
36442,20385,2024,218862.0
36443,20386,2024,39101.6
36444,20387,2024,5810.0
36445,20388,2024,5889.8
36446,20389,2024,1805.6
36447,20390,2024,103128.8
36448,20391,2024,6769.2
36449,20392,2024,13490.4
36450,20393,2024,8806.6
36451,20394,2024,5607.8
36452,20395,2024,3043.4
36453,20396,2024,6523.6
36454,20397,2024,81606.6
36455,20398,2024,10144.4
36456,20399,2024,95418.8
36457,20400,2024,3489.8
36458,20401,2024,57717.8
36459,20402,2024,2127.8
36460,20403,2024,8297.8
36461,20404,2024,1513.6
36462,20405,2024,3548.8
36463,20406,2024,43670.2
36464,20407,2024,20061.2
36465,20408,2024,1010.4
36466,20409,2024,18532.2
36467,20410,2024,6808.0
36468,20411,2024,1903.6
36469,20412,2024,6331.2
36470,20413,2024,111541.0
36471,20414,2024,25001.6
36472,20415,2024,9747.2
36473,20416,2024,874.0
36474,20417,2024,19753.0
36475,20418,2024,23358.4
36476,20419,2024,1199.4
36477,20420,2024,3357.2
36478,20421,2024,9589.0
36479,20422,2024,1168.0
36480,20423,2024,905.0
36481,20424,2024,7479.6
36482,20425,2024,3995.2
36483,20426,2024,18815.6
36484,20427,2024,34483.0
36485,20428,2024,4811.2
36486,20429,2024,3027.6
36487,20430,2024,685.2
36488,20431,2024,3704.8
36489,20432,2024,1754.0
36490,20433,2024,5466.4
36491,20434,2024,7438.8
36492,20435,2024,7206.4
36493,20436,2024,1622.8
36494,20437,2024,19295.2
36495,20438,2024,3751.4
36496,20439,2024,51510.8
36497,20440,2024,1556.8
36498,20441,2024,19689.6
36499,20442,2024,416.8
36500,20443,2024,853.6
36501,20444,2024,983.4
36502,20445,2024,3443.6
36503,20446,2024,11595.6
36504,20447,2024,35814.8
36505,20448,2024,5310.4
36506,20449,2024,6550.8
36507,20450,2024,28959.0
36508,20451,2024,2015.0
36509,20452,2024,9011.2
36510,20453,2024,7841.2
36511,20454,2024,7423.2
36512,20455,2024,5932.8
36513,20456,2024,3320.4
36514,20457,2024,6652.6
36515,20458,2024,2362.8
36516,20459,2024,10082.0
36517,20460,2024,10347.0
36518,20461,2024,991.6
36519,20462,2024,9426.6
36520,20463,2024,959.4
36521,20464,2024,575.0
36522,20465,2024,3346.8
36523,20466,2024,29361.8
36524,20467,2024,38852.6
36525,20468,2024,28912.8
36526,20469,2024,70920.0
36527,20470,2024,8588.2
36528,20471,2024,822.6
36529,20472,2024,6864.2
36530,20473,2024,2499.2
36531,20474,2024,7024.0
36532,20475,2024,20767.8
36533,20476,2024,844.4
36534,20477,2024,2599.2
36535,20478,2024,2970.6
36536,20479,2024,313.0
36537,20480,2024,3015.2
36538,20481,2024,3745.8
36539,20482,2024,116284.4
36540,20483,2024,22855.6
36541,20484,2024,9124.0
36542,20485,2024,6364.8
36543,20486,2024,4797.0
36544,20487,2024,3955.6
36545,20488,2024,265.8
36546,20489,2024,9788.0
36547,20490,2024,5866.4
36548,20491,2024,10496.4
36549,20492,2024,5171.2
36550,20493,2024,1095.0
36551,20494,2024,13750.0
36552,20495,2024,6183.8
36553,20496,2024,3563.6
36554,20497,2024,8554.0
36555,20498,2024,16355.2
36556,20499,2024,3769.6
36557,20500,2024,16080.2
36558,20501,2024,2046.6
36559,20502,2024,9853.2
36560,20503,2024,890.8
36561,20504,2024,3134.6
36562,20505,2024,15465.0
36563,20506,2024,1611.4
36564,20507,2024,6256.0
36565,20508,2024,3326.6
36566,20509,2024,23437.6
36567,20510,2024,1424.4
36568,20511,2024,6468.4
36569,20512,2024,2372.0
36570,20513,2024,18570.6
36571,20514,2024,1837.2
36572,20515,2024,140212.2
36573,20516,2024,11103.0
36574,20517,2024,12734.2
36575,20518,2024,194.0
36576,20519,2024,7248.8
36577,20520,2024,14990.4
36578,20521,2024,512.8
36579,20522,2024,2419.0
36580,20523,2024,3292.4
36581,20524,2024,618.0
36582,20525,2024,26029.6
36583,20526,2024,33992.6
36584,20527,2024,4708.0
36585,20528,2024,1572.6
36586,20529,2024,3061.6
36587,20530,2024,8286.4
36588,20531,2024,5447.2
36589,20532,2024,8124.0
36590,20533,2024,5891.6
36591,20534,2024,6666.6
36592,20535,2024,6677.4
36593,20536,2024,862.8
36594,20537,2024,13390.4
36595,20538,2024,1434.6
36596,20539,2024,13754.4
36597,20540,2024,17678.6
36598,20541,2024,2996.8
36599,20542,2024,1886.8
36600,20543,2024,13429.6
36601,20544,2024,2023.0
36602,20545,2024,21112.0
36603,20546,2024,13395.8
36604,20547,2024,2066.2
36605,20548,2024,4146.0
36606,20549,2024,23104.6
36607,20550,2024,12104.0
36608,20551,2024,68923.0
36609,20552,2024,744.2
36610,20553,2024,26268.4
36611,20554,2024,12077.6
36612,20555,2024,7450.8
36613,20556,2024,657.6
36614,20557,2024,29593.8
36615,20558,2024,2621.8
36616,20559,2024,46673.2
36617,20560,2024,13170.6
36618,20561,2024,6124.8
36619,20562,2024,3543.2
36620,20563,2024,2449.2
36621,20564,2024,2312.4
36622,20565,2024,102816.4
36623,20566,2024,6373.6
36624,20567,2024,6971.2
36625,20568,2024,3534.8
36626,20569,2024,2726.6
36627,20570,2024,46504.6
36628,21000,2024,6910231.2
36629,21001,2024,155879.4
36630,21002,2024,18648.4
36631,21003,2024,79214.2
36632,21004,2024,136924.4
36633,21005,2024,6291.2
36634,21006,2024,28914.4
36635,21007,2024,6147.2
36636,21008,2024,23663.6
36637,21009,2024,4597.0
36638,21010,2024,160869.0
36639,21011,2024,3856.8
36640,21012,2024,13424.4
36641,21013,2024,48219.6
36642,21014,2024,9474.0
36643,21015,2024,271731.8
36644,21016,2024,18980.4
36645,21017,2024,62968.8
36646,21018,2024,7819.6
36647,21019,2024,295414.0
36648,21020,2024,16472.8
36649,21021,2024,3251.2
36650,21022,2024,26652.0
36651,21023,2024,18623.8
36652,21024,2024,1991.8
36653,21025,2024,16525.2
36654,21026,2024,31803.4
36655,21027,2024,8254.4
36656,21028,2024,5748.8
36657,21029,2024,7638.0
36658,21030,2024,1555.2
36659,21031,2024,5535.0
36660,21032,2024,2843.2
36661,21033,2024,11314.8
36662,21034,2024,103494.8
36663,21035,2024,42158.4
36664,21036,2024,30092.8
36665,21037,2024,4664.0
36666,21038,2024,22624.8
36667,21039,2024,20174.0
36668,21040,2024,26950.6
36669,21041,2024,321503.4
36670,21042,2024,6832.0
36671,21043,2024,101748.6
36672,21044,2024,35757.4
36673,21045,2024,97978.6
36674,21046,2024,17346.8
36675,21047,2024,45587.0
36676,21048,2024,46710.8
36677,21049,2024,36072.8
36678,21050,2024,56103.8
36679,21051,2024,76576.2
36680,21052,2024,2419.6
36681,21053,2024,139866.0
36682,21054,2024,74433.2
36683,21055,2024,10486.6
36684,21056,2024,2699.0
36685,21057,2024,12753.2
36686,21058,2024,43412.4
36687,21059,2024,6026.6
36688,21060,2024,16814.6
36689,21061,2024,30439.2
36690,21062,2024,10184.0
36691,21063,2024,30327.6
36692,21064,2024,37006.0
36693,21065,2024,48337.2
36694,21066,2024,13049.2
36695,21067,2024,39412.4
36696,21068,2024,13456.4
36697,21069,2024,61576.0
36698,21070,2024,11809.6
36699,21071,2024,212864.4
36700,21072,2024,35278.4
36701,21073,2024,20389.4
36702,21074,2024,203477.0
36703,21075,2024,27128.2
36704,21076,2024,56039.6
36705,21077,2024,12099.8
36706,21078,2024,33412.8
36707,21079,2024,11954.2
36708,21080,2024,5106.0
36709,21081,2024,8444.2
36710,21082,2024,18171.2
36711,21083,2024,50657.8
36712,21084,2024,14011.2
36713,21085,2024,173755.4
36714,21086,2024,23780.2
36715,21087,2024,27133.0
36716,21088,2024,8806.6
36717,21089,2024,23586.4
36718,21090,2024,51756.8
36719,21091,2024,19353.6
36720,21092,2024,10646.4
36721,21093,2024,15226.4
36722,21094,2024,79148.8
36723,21095,2024,1437.0
36724,21096,2024,6827.0
36725,21097,2024,5697.6
36726,21098,2024,13706.2
36727,21099,2024,42682.4
36728,21100,2024,18312.6
36729,21101,2024,6420.4
36730,21102,2024,29814.2
36731,21103,2024,13852.4
36732,21104,2024,69979.6
36733,21105,2024,10352.8
36734,21106,2024,98933.4
36735,21107,2024,24275.0
36736,21108,2024,42589.4
36737,21109,2024,40272.8
36738,21110,2024,106373.4
36739,21111,2024,37244.8
36740,21112,2024,18683.4
36741,21113,2024,9308.8
36742,21114,2024,3506289.6
36743,21115,2024,124683.0
36744,21116,2024,46972.4
36745,21117,2024,33424.0
36746,21118,2024,63629.2
36747,21119,2024,352103.2
36748,21120,2024,12538.4
36749,21121,2024,2650.4
36750,21122,2024,23447.0
36751,21123,2024,7323.6
36752,21124,2024,33108.0
36753,21125,2024,20542.8
36754,21126,2024,13818.0
36755,21127,2024,7100.4
36756,21128,2024,22826.0
36757,21129,2024,29087.6
36758,21130,2024,7357.8
36759,21131,2024,2035.2
36760,21132,2024,323195.0
36761,21133,2024,1412.0
36762,21134,2024,43296.0
36763,21135,2024,1026.6
36764,21136,2024,25615.2
36765,21137,2024,21972.0
36766,21138,2024,24378.0
36767,21139,2024,7715.4
36768,21140,2024,291263.4
36769,21141,2024,7065.2
36770,21142,2024,63835.6
36771,21143,2024,74971.2
36772,21144,2024,36227.4
36773,21145,2024,26116.0
36774,21146,2024,1398.0
36775,21147,2024,13029.2
36776,21148,2024,25762.4
36777,21149,2024,67294.6
36778,21150,2024,11441.2
36779,21151,2024,19691.6
36780,21152,2024,26036.6
36781,21153,2024,49939.2
36782,21154,2024,168954.8
36783,21155,2024,14803.6
36784,21156,2024,696709.0
36785,21157,2024,26467.6
36786,21158,2024,13482.4
36787,21159,2024,7526.2
36788,21160,2024,7830.2
36789,21161,2024,47087.2
36790,21162,2024,8238.8
36791,21163,2024,39777.6
36792,21164,2024,176249.2
36793,21165,2024,2492.0
36794,21166,2024,18535.4
36795,21167,2024,20852.4
36796,21168,2024,15803.2
36797,21169,2024,46179.0
36798,21170,2024,40681.6
36799,21171,2024,8104.0
36800,21172,2024,55587.6
36801,21173,2024,14072.8
36802,21174,2024,216247.4
36803,21175,2024,32572.0
36804,21176,2024,20345.0
36805,21177,2024,114721.8
36806,21178,2024,31046.8
36807,21179,2024,65780.8
36808,21180,2024,87177.8
36809,21181,2024,15788.8
36810,21182,2024,11264.4
36811,21183,2024,41357.0
36812,21184,2024,12868.0
36813,21185,2024,22251.4
36814,21186,2024,114461.8
36815,21187,2024,9482.0
36816,21188,2024,40488.2
36817,21189,2024,47194.0
36818,21190,2024,2403.6
36819,21191,2024,20301.2
36820,21192,2024,11804.4
36821,21193,2024,13154.6
36822,21194,2024,57511.6
36823,21195,2024,55005.6
36824,21196,2024,3081.8
36825,21197,2024,165265.0
36826,21198,2024,2682.8
36827,21199,2024,89912.4
36828,21200,2024,6515.6
36829,21201,2024,6904.6
36830,21202,2024,26670.8
36831,21203,2024,15267.8
36832,21204,2024,16181.6
36833,21205,2024,55515.8
36834,21206,2024,9650.8
36835,21207,2024,119461.2
36836,21208,2024,183619.4
36837,21209,2024,17567.2
36838,21210,2024,11403.6
36839,21211,2024,34556.8
36840,21212,2024,42457.0
36841,21213,2024,23560.0
36842,21214,2024,38874.2
36843,21215,2024,9026.0
36844,21216,2024,4776.6
36845,21217,2024,40532.2
36846,22000,2024,2586962.0
36847,22001,2024,137479.4
36848,22002,2024,55043.8
36849,22003,2024,26535.4
36850,22004,2024,142294.6
36851,22005,2024,141457.4
36852,22006,2024,480759.0
36853,22007,2024,96150.4
36854,22008,2024,74690.0
36855,22009,2024,56167.6
36856,22010,2024,36712.0
36857,22011,2024,555645.6
36858,22012,2024,165636.0
36859,22013,2024,38906.2
36860,22014,2024,2297868.6
36861,22015,2024,16303.6
36862,22016,2024,641202.0
36863,22017,2024,151614.8
36864,22018,2024,57174.6
36865,23000,2024,2076035.2
36866,23001,2024,184890.0
36867,23002,2024,175308.0
36868,23003,2024,50813.6
36869,23004,2024,459970.4
36870,23005,2024,2023474.4
36871,23006,2024,80802.0
36872,23007,2024,61555.2
36873,23008,2024,807965.8
36874,23009,2024,108642.4
36875,23010,2024,
36876,23011,2024,
36877,24000,2024,2926228.0
36878,24001,2024,38290.4
36879,24002,2024,15284.6
36880,24003,2024,97659.4
36881,24004,2024,7694.6
36882,24005,2024,36180.2
36883,24006,2024,19192.4
36884,24007,2024,40858.2
36885,24008,2024,44745.8
36886,24009,2024,10940.2
36887,24010,2024,59899.2
36888,24011,2024,100058.2
36889,24012,2024,40150.8
36890,24013,2024,369372.6
36891,24014,2024,30272.2
36892,24015,2024,44389.0
36893,24016,2024,81404.2
36894,24017,2024,49635.4
36895,24018,2024,30694.2
36896,24019,2024,10720.8
36897,24020,2024,213320.6
36898,24021,2024,120995.6
36899,24022,2024,37900.4
36900,24023,2024,30357.8
36901,24024,2024,201412.0
36902,24025,2024,63013.0
36903,24026,2024,18820.2
36904,24027,2024,20603.2
36905,24028,2024,1935475.0
36906,24029,2024,34899.4
36907,24030,2024,9044.2
36908,24031,2024,24678.4
36909,24032,2024,79793.6
36910,24033,2024,20595.4
36911,24034,2024,30141.0
36912,24035,2024,716002.6
36913,24036,2024,58816.0
36914,24037,2024,188780.8
36915,24038,2024,27602.4
36916,24039,2024,26971.8
36917,24040,2024,73611.0
36918,24041,2024,35602.4
36919,24042,2024,26317.0
36920,24043,2024,15266.6
36921,24044,2024,14874.8
36922,24045,2024,28320.8
36923,24046,2024,38108.2
36924,24047,2024,18254.0
36925,24048,2024,10567.8
36926,24049,2024,77209.2
36927,24050,2024,110839.0
36928,24051,2024,31422.6
36929,24052,2024,20749.8
36930,24053,2024,64681.6
36931,24054,2024,98161.8
36932,24055,2024,57139.4
36933,24056,2024,36022.4
36934,24057,2024,56961.6
36935,24058,2024,42402.0
36936,25000,2024,3162325.6
36937,25001,2024,954718.8
36938,25002,2024,87854.8
36939,25003,2024,50733.0
36940,25004,2024,47171.6
36941,25005,2024,34351.4
36942,25006,2024,2130817.0
36943,25007,2024,56270.0
36944,25008,2024,127144.4
36945,25009,2024,124917.4
36946,25010,2024,192870.6
36947,25011,2024,584659.0
36948,25012,2024,1055374.4
36949,25013,2024,76607.2
36950,25014,2024,107436.2
36951,25015,2024,159439.8
36952,25016,2024,36868.6
36953,25017,2024,150354.0
36954,25018,2024,315353.2
36955,26000,2024,3079893.6
36956,26001,2024,5077.4
36957,26002,2024,194053.6
36958,26003,2024,49646.2
36959,26004,2024,19553.0
36960,26005,2024,2296.0
36961,26006,2024,5478.0
36962,26007,2024,1266.0
36963,26008,2024,1739.2
36964,26009,2024,1522.0
36965,26010,2024,2267.0
36966,26011,2024,2906.0
36967,26012,2024,47542.0
36968,26013,2024,3834.2
36969,26014,2024,6124.6
36970,26015,2024,2110.0
36971,26016,2024,9806.8
36972,26017,2024,185866.2
36973,26018,2024,897286.2
36974,26019,2024,84224.4
36975,26020,2024,9798.6
36976,26021,2024,4028.0
36977,26022,2024,1789.2
36978,26023,2024,11258.6
36979,26024,2024,1458.0
36980,26025,2024,102263.0
36981,26026,2024,123639.0
36982,26027,2024,18593.6
36983,26028,2024,1902.8
36984,26029,2024,320553.8
36985,26030,2024,1999960.8
36986,26031,2024,2264.6
36987,26032,2024,1715.8
36988,26033,2024,154455.6
36989,26034,2024,1723.0
36990,26035,2024,26077.4
36991,26036,2024,69119.2
36992,26037,2024,2024.4
36993,26038,2024,10751.0
36994,26039,2024,11072.8
36995,26040,2024,2651.2
36996,26041,2024,30181.2
36997,26042,2024,334713.6
36998,26043,2024,564755.4
36999,26044,2024,713.0
37000,26045,2024,4768.4
37001,26046,2024,1052.4
37002,26047,2024,18239.4
37003,26048,2024,129750.8
37004,26049,2024,6173.0
37005,26050,2024,2938.4
37006,26051,2024,9460.0
37007,26052,2024,9921.6
37008,26053,2024,720.6
37009,26054,2024,1118.0
37010,26055,2024,415972.0
37011,26056,2024,23473.6
37012,26057,2024,2874.2
37013,26058,2024,32808.8
37014,26059,2024,3604.0
37015,26060,2024,3693.6
37016,26061,2024,2894.0
37017,26062,2024,2262.4
37018,26063,2024,2206.4
37019,26064,2024,2570.8
37020,26065,2024,2795.6
37021,26066,2024,16945.4
37022,26067,2024,2610.2
37023,26068,2024,1993.0
37024,26069,2024,8671.0
37025,26070,2024,25767.4
37026,26071,2024,43310.2
37027,26072,2024,29020.0
37028,27000,2024,2469900.6
37029,27001,2024,119301.8
37030,27002,2024,482297.6
37031,27003,2024,220141.6
37032,27004,2024,1401830.2
37033,27005,2024,447414.6
37034,27006,2024,283186.8
37035,27007,2024,66612.4
37036,27008,2024,391231.0
37037,27009,2024,76585.8
37038,27010,2024,188646.2
37039,27011,2024,62809.8
37040,27012,2024,321588.0
37041,27013,2024,328790.2
37042,27014,2024,201578.8
37043,27015,2024,97112.0
37044,27016,2024,121592.2
37045,27017,2024,127377.6
37046,28000,2024,3644009.8
37047,28001,2024,17866.4
37048,28002,2024,57378.8
37049,28003,2024,586940.0
37050,28004,2024,17762.8
37051,28005,2024,8407.0
37052,28006,2024,15012.4
37053,28007,2024,34772.0
37054,28008,2024,8275.8
37055,28009,2024,418839.6
37056,28010,2024,3151.0
37057,28011,2024,16304.2
37058,28012,2024,81714.6
37059,28013,2024,29774.6
37060,28014,2024,7441.8
37061,28015,2024,31375.4
37062,28016,2024,28728.2
37063,28017,2024,32785.0
37064,28018,2024,11197.2
37065,28019,2024,27445.8
37066,28020,2024,3741.4
37067,28021,2024,204832.2
37068,28022,2024,1127406.8
37069,28023,2024,8609.2
37070,28024,2024,14211.2
37071,28025,2024,52102.8
37072,28026,2024,7585.6
37073,28027,2024,882929.8
37074,28028,2024,8041.0
37075,28029,2024,26724.6
37076,28030,2024,27066.8
37077,28031,2024,3979.4
37078,28032,2024,1488029.4
37079,28033,2024,277285.2
37080,28034,2024,13462.2
37081,28035,2024,98528.6
37082,28036,2024,1792.2
37083,28037,2024,47091.2
37084,28038,2024,595142.8
37085,28039,2024,57081.6
37086,28040,2024,118152.2
37087,28041,2024,722157.8
37088,28042,2024,10143.4
37089,28043,2024,44147.2
37090,29000,2024,1414213.8
37091,29001,2024,24044.8
37092,29002,2024,34119.6
37093,29003,2024,15160.0
37094,29004,2024,38003.6
37095,29005,2024,164856.6
37096,29006,2024,107547.0
37097,29007,2024,36242.2
37098,29008,2024,34555.2
37099,29009,2024,12545.6
37100,29010,2024,152092.4
37101,29011,2024,9948.6
37102,29012,2024,19616.0
37103,29013,2024,208748.6
37104,29014,2024,31433.0
37105,29015,2024,81059.6
37106,29016,2024,15611.0
37107,29017,2024,24677.2
37108,29018,2024,79950.8
37109,29019,2024,47380.2
37110,29020,2024,19669.2
37111,29021,2024,39080.2
37112,29022,2024,13440.8
37113,29023,2024,54787.2
37114,29024,2024,59303.4
37115,29025,2024,175872.2
37116,29026,2024,53160.0
37117,29027,2024,26912.2
37118,29028,2024,53427.6
37119,29029,2024,28480.6
37120,29030,2024,32429.0
37121,29031,2024,75960.8
37122,29032,2024,28052.8
37123,29033,2024,207898.8
37124,29034,2024,95572.8
37125,29035,2024,13168.8
37126,29036,2024,46577.6
37127,29037,2024,19208.6
37128,29038,2024,38751.0
37129,29039,2024,54340.2
37130,29040,2024,21920.6
37131,29041,2024,72220.0
37132,29042,2024,29947.6
37133,29043,2024,91847.6
37134,29044,2024,97081.4
37135,29045,2024,12851.4
37136,29046,2024,10586.4
37137,29047,2024,7707.0
37138,29048,2024,39833.6
37139,29049,2024,12437.2
37140,29050,2024,25043.8
37141,29051,2024,8589.8
37142,29052,2024,13539.0
37143,29053,2024,16073.0
37144,29054,2024,11897.0
37145,29055,2024,6394.0
37146,29056,2024,16777.8
37147,29057,2024,9509.6
37148,29058,2024,20102.8
37149,29059,2024,16670.2
37150,29060,2024,11691.6
37151,30000,2024,8261515.2
37152,30001,2024,20640.6
37153,30002,2024,7178.2
37154,30003,2024,159828.0
37155,30004,2024,84352.0
37156,30005,2024,10640.8
37157,30006,2024,47922.2
37158,30007,2024,13367.8
37159,30008,2024,21193.6
37160,30009,2024,56645.4
37161,30010,2024,131566.0
37162,30011,2024,118384.6
37163,30012,2024,16039.8
37164,30013,2024,53284.4
37165,30014,2024,98691.8
37166,30015,2024,68141.4
37167,30016,2024,59945.8
37168,30017,2024,9964.0
37169,30018,2024,4100.8
37170,30019,2024,14549.2
37171,30020,2024,24556.4
37172,30021,2024,47446.6
37173,30022,2024,47372.8
37174,30023,2024,99058.0
37175,30024,2024,34475.6
37176,30025,2024,55841.8
37177,30026,2024,55589.2
37178,30027,2024,31819.0
37179,30028,2024,294309.2
37180,30029,2024,28019.6
37181,30030,2024,83715.6
37182,30031,2024,39871.0
37183,30032,2024,100235.0
37184,30033,2024,49621.2
37185,30034,2024,49416.6
37186,30035,2024,22397.8
37187,30036,2024,23316.2
37188,30037,2024,16669.6
37189,30038,2024,193885.2
37190,30039,2024,627084.0
37191,30040,2024,115494.4
37192,30041,2024,4884.6
37193,30042,2024,11545.8
37194,30043,2024,40743.2
37195,30044,2024,415993.8
37196,30045,2024,107497.4
37197,30046,2024,32745.2
37198,30047,2024,124512.0
37199,30048,2024,272452.2
37200,30049,2024,46263.6
37201,30050,2024,33338.6
37202,30051,2024,47234.6
37203,30052,2024,23918.4
37204,30053,2024,57664.0
37205,30054,2024,22831.4
37206,30055,2024,27831.2
37207,30056,2024,13198.2
37208,30057,2024,28368.0
37209,30058,2024,106970.2
37210,30059,2024,51471.0
37211,30060,2024,33469.4
37212,30061,2024,166462.6
37213,30062,2024,43473.6
37214,30063,2024,25761.6
37215,30064,2024,8111.2
37216,30065,2024,190164.0
37217,30066,2024,54769.8
37218,30067,2024,40607.4
37219,30068,2024,138079.2
37220,30069,2024,48047.4
37221,30070,2024,36916.0
37222,30071,2024,124162.0
37223,30072,2024,44475.8
37224,30073,2024,83439.6
37225,30074,2024,15020.4
37226,30075,2024,32593.8
37227,30076,2024,26595.6
37228,30077,2024,86878.8
37229,30078,2024,24510.8
37230,30079,2024,23325.8
37231,30080,2024,47662.4
37232,30081,2024,59504.8
37233,30082,2024,32495.8
37234,30083,2024,102652.4
37235,30084,2024,11173.8
37236,30085,2024,154901.0
37237,30086,2024,98432.2
37238,30087,2024,1001625.4
37239,30088,2024,10197.6
37240,30089,2024,76776.4
37241,30090,2024,22889.0
37242,30091,2024,58829.6
37243,30092,2024,82898.2
37244,30093,2024,34202.6
37245,30094,2024,78017.8
37246,30095,2024,29138.0
37247,30096,2024,3083.6
37248,30097,2024,37500.4
37249,30098,2024,6901.2
37250,30099,2024,37814.0
37251,30100,2024,48963.4
37252,30101,2024,81138.8
37253,30102,2024,224006.4
37254,30103,2024,26390.8
37255,30104,2024,34246.0
37256,30105,2024,219420.4
37257,30106,2024,10015.4
37258,30107,2024,5897.6
37259,30108,2024,279408.4
37260,30109,2024,133987.0
37261,30110,2024,25644.2
37262,30111,2024,33548.2
37263,30112,2024,47745.0
37264,30113,2024,9320.6
37265,30114,2024,20603.2
37266,30115,2024,76723.2
37267,30116,2024,36063.4
37268,30117,2024,48553.2
37269,30118,2024,248118.8
37270,30119,2024,11648.4
37271,30120,2024,16972.4
37272,30121,2024,47321.6
37273,30122,2024,37851.0
37274,30123,2024,192073.8
37275,30124,2024,321262.6
37276,30125,2024,66077.8
37277,30126,2024,67657.8
37278,30127,2024,60251.8
37279,30128,2024,163035.6
37280,30129,2024,36489.4
37281,30130,2024,77843.2
37282,30131,2024,375862.8
37283,30132,2024,42484.4
37284,30133,2024,118033.0
37285,30134,2024,48741.4
37286,30135,2024,51382.4
37287,30136,2024,17748.8
37288,30137,2024,13273.4
37289,30138,2024,84532.4
37290,30139,2024,12464.2
37291,30140,2024,6600.0
37292,30141,2024,329157.2
37293,30142,2024,65284.4
37294,30143,2024,114897.4
37295,30144,2024,65796.4
37296,30145,2024,35110.6
37297,30146,2024,8188.4
37298,30147,2024,51707.2
37299,30148,2024,57264.8
37300,30149,2024,70285.6
37301,30150,2024,23701.2
37302,30151,2024,42672.4
37303,30152,2024,22972.8
37304,30153,2024,11584.6
37305,30154,2024,23481.4
37306,30155,2024,199226.4
37307,30156,2024,12483.2
37308,30157,2024,41551.4
37309,30158,2024,48989.8
37310,30159,2024,64337.6
37311,30160,2024,217250.8
37312,30161,2024,69370.2
37313,30162,2024,13057.4
37314,30163,2024,9939.0
37315,30164,2024,34458.4
37316,30165,2024,18390.8
37317,30166,2024,19143.0
37318,30167,2024,29855.2
37319,30168,2024,34056.2
37320,30169,2024,44556.6
37321,30170,2024,21832.6
37322,30171,2024,11376.4
37323,30172,2024,39901.8
37324,30173,2024,110676.0
37325,30174,2024,192873.6
37326,30175,2024,188257.8
37327,30176,2024,8869.4
37328,30177,2024,24482.4
37329,30178,2024,25711.0
37330,30179,2024,8830.2
37331,30180,2024,21536.0
37332,30181,2024,76406.4
37333,30182,2024,42014.4
37334,30183,2024,125440.0
37335,30184,2024,16504.6
37336,30185,2024,11628.0
37337,30186,2024,14740.0
37338,30187,2024,12549.4
37339,30188,2024,35093.6
37340,30189,2024,318693.2
37341,30190,2024,4591.6
37342,30191,2024,61105.8
37343,30192,2024,41300.2
37344,30193,2024,1258562.0
37345,30194,2024,26305.2
37346,30195,2024,12392.2
37347,30196,2024,36204.8
37348,30197,2024,22301.0
37349,30198,2024,13595.4
37350,30199,2024,24759.2
37351,30200,2024,25335.4
37352,30201,2024,92544.6
37353,30202,2024,29954.6
37354,30203,2024,29928.4
37355,30204,2024,86782.2
37356,30205,2024,39239.2
37357,30206,2024,60130.2
37358,30207,2024,90286.8
37359,30208,2024,47163.6
37360,30209,2024,30802.0
37361,30210,2024,64873.4
37362,30211,2024,61673.2
37363,30212,2024,26772.2
37364,31000,2024,2471584.2
37365,31001,2024,13257.6
37366,31002,2024,34745.2
37367,31003,2024,26111.8
37368,31004,2024,12890.8
37369,31005,2024,4424.8
37370,31006,2024,18763.8
37371,31007,2024,15555.6
37372,31008,2024,7784.0
37373,31009,2024,8771.8
37374,31010,2024,5809.4
37375,31011,2024,18028.6
37376,31012,2024,7525.4
37377,31013,2024,39465.8
37378,31014,2024,3516.0
37379,31015,2024,11604.4
37380,31016,2024,6447.4
37381,31017,2024,9553.8
37382,31018,2024,7067.4
37383,31019,2024,82344.6
37384,31020,2024,9322.0
37385,31021,2024,19989.8
37386,31022,2024,8893.4
37387,31023,2024,10007.2
37388,31024,2024,6569.4
37389,31025,2024,12857.6
37390,31026,2024,7359.0
37391,31027,2024,16909.4
37392,31028,2024,6287.0
37393,31029,2024,12835.4
37394,31030,2024,8413.2
37395,31031,2024,5681.8
37396,31032,2024,34563.8
37397,31033,2024,44291.4
37398,31034,2024,13419.2
37399,31035,2024,13331.6
37400,31036,2024,16880.6
37401,31037,2024,10824.6
37402,31038,2024,73804.8
37403,31039,2024,8678.0
37404,31040,2024,59231.8
37405,31041,2024,334519.8
37406,31042,2024,11160.0
37407,31043,2024,7340.8
37408,31044,2024,15834.2
37409,31045,2024,5535.6
37410,31046,2024,6924.8
37411,31047,2024,12532.8
37412,31048,2024,49851.8
37413,31049,2024,8497.0
37414,31050,2024,2122120.8
37415,31051,2024,7185.0
37416,31052,2024,78765.6
37417,31053,2024,27926.6
37418,31054,2024,6170.4
37419,31055,2024,14797.4
37420,31056,2024,71367.2
37421,31057,2024,15905.2
37422,31058,2024,53428.8
37423,31059,2024,141676.0
37424,31060,2024,1980.6
37425,31061,2024,8464.0
37426,31062,2024,10233.2
37427,31063,2024,11780.0
37428,31064,2024,3467.6
37429,31065,2024,4507.8
37430,31066,2024,8788.4
37431,31067,2024,20750.8
37432,31068,2024,6492.2
37433,31069,2024,18368.8
37434,31070,2024,8079.2
37435,31071,2024,4127.0
37436,31072,2024,3711.2
37437,31073,2024,12859.8
37438,31074,2024,7683.2
37439,31075,2024,14404.0
37440,31076,2024,37308.8
37441,31077,2024,5423.2
37442,31078,2024,7545.6
37443,31079,2024,93876.4
37444,31080,2024,22941.0
37445,31081,2024,6932.4
37446,31082,2024,6994.4
37447,31083,2024,3982.4
37448,31084,2024,14273.8
37449,31085,2024,34930.2
37450,31086,2024,4206.0
37451,31087,2024,11538.0
37452,31088,2024,3785.2
37453,31089,2024,83278.0
37454,31090,2024,15591.2
37455,31091,2024,26434.2
37456,31092,2024,16759.6
37457,31093,2024,37893.8
37458,31094,2024,11448.4
37459,31095,2024,11638.8
37460,31096,2024,168223.0
37461,31097,2024,7578.8
37462,31098,2024,31839.2
37463,31099,2024,8712.6
37464,31100,2024,8581.2
37465,31101,2024,152976.8
37466,31102,2024,180378.8
37467,31103,2024,7076.8
37468,31104,2024,33993.6
37469,31105,2024,6925.0
37470,31106,2024,4486.6
37471,32000,2024,1682689.0
37472,32001,2024,12585.8
37473,32002,2024,9887.2
37474,32003,2024,4262.6
37475,32004,2024,9105.2
37476,32005,2024,96534.0
37477,32006,2024,16525.2
37478,32007,2024,23779.6
37479,32008,2024,28287.4
37480,32009,2024,19879.8
37481,32010,2024,504390.2
37482,32011,2024,7129.0
37483,32012,2024,16508.2
37484,32013,2024,13986.4
37485,32014,2024,39034.4
37486,32015,2024,3156.6
37487,32016,2024,48106.2
37488,32017,2024,465132.6
37489,32018,2024,9355.2
37490,32019,2024,52221.4
37491,32020,2024,121927.6
37492,32021,2024,8874.8
37493,32022,2024,38889.4
37494,32023,2024,24511.6
37495,32024,2024,111859.4
37496,32025,2024,27278.0
37497,32026,2024,35548.8
37498,32027,2024,5540.6
37499,32028,2024,4891.0
37500,32029,2024,48666.2
37501,32030,2024,4827.6
37502,32031,2024,17415.8
37503,32032,2024,27851.6
37504,32033,2024,9122.2
37505,32034,2024,55987.4
37506,32035,2024,33132.4
37507,32036,2024,91201.0
37508,32037,2024,36172.6
37509,32038,2024,146716.4
37510,32039,2024,130659.6
37511,32040,2024,43970.2
37512,32041,2024,4893.0
37513,32042,2024,129596.6
37514,32043,2024,2743.6
37515,32044,2024,33958.0
37516,32045,2024,16737.2
37517,32046,2024,12500.0
37518,32047,2024,10663.0
37519,32048,2024,56131.0
37520,32049,2024,64466.6
37521,32050,2024,21301.2
37522,32051,2024,69879.0
37523,32052,2024,40137.2
37524,32053,2024,26711.0
37525,32054,2024,39761.2
37526,32055,2024,65156.8
37527,32056,2024,308543.8
37528,32057,2024,43806.2
37529,32058,2024,5518.4
37530,0,2025,133232414.0
37531,1000,2025,1552892.0
37532,1001,2025,2052880.5
37533,1002,2025,109402.0
37534,1003,2025,120824.0
37535,1004,2025,36158.5
37536,1005,2025,290567.5
37537,1006,2025,101636.0
37538,1007,2025,123837.0
37539,1008,2025,20257.5
37540,1009,2025,48093.5
37541,1010,2025,44648.5
37542,1011,2025,150499.5
37543,2000,2025,4092133.5
37544,2001,2025,868471.5
37545,2002,2025,2219544.5
37546,2003,2025,226000.0
37547,2004,2025,4208841.5
37548,2005,2025,290698.0
37549,2006,2025,
37550,3000,2025,885976.0
37551,3001,2025,149762.5
37552,3002,2025,134097.0
37553,3003,2025,627423.0
37554,3008,2025,816189.0
37555,3009,2025,37662.0
37556,4000,2025,987892.0
37557,4001,2025,124973.0
37558,4002,2025,623625.5
37559,4003,2025,527518.0
37560,4004,2025,152121.0
37561,4005,2025,67502.5
37562,4006,2025,88772.5
37563,4007,2025,18011.0
37564,4008,2025,24671.5
37565,4009,2025,126380.5
37566,4010,2025,68685.5
37567,4011,2025,100993.5
37568,4012,2025,
37569,5000,2025,3358209.0
37570,5001,2025,2038.5
37571,5002,2025,352896.0
37572,5003,2025,46578.5
37573,5004,2025,67417.5
37574,5005,2025,3120.5
37575,5006,2025,61643.5
37576,5007,2025,25332.5
37577,5008,2025,6279.5
37578,5009,2025,121642.0
37579,5010,2025,172082.0
37580,5011,2025,24324.0
37581,5012,2025,3060.0
37582,5013,2025,3363.0
37583,5014,2025,19090.0
37584,5015,2025,3218.0
37585,5016,2025,3471.5
37586,5017,2025,248826.5
37587,5018,2025,497878.5
37588,5019,2025,15721.0
37589,5020,2025,148625.0
37590,5021,2025,13372.0
37591,5022,2025,71687.0
37592,5023,2025,18080.0
37593,5024,2025,88302.5
37594,5025,2025,377397.0
37595,5026,2025,6272.0
37596,5027,2025,293390.5
37597,5028,2025,133705.0
37598,5029,2025,5141.5
37599,5030,2025,1915458.0
37600,5031,2025,52413.5
37601,5032,2025,85263.5
37602,5033,2025,200982.0
37603,5034,2025,14031.5
37604,5035,2025,1522971.5
37605,5036,2025,39674.5
37606,5037,2025,12345.0
37607,5038,2025,27075.0
37608,6000,2025,775361.5
37609,6001,2025,54365.5
37610,6002,2025,324610.0
37611,6003,2025,44373.5
37612,6004,2025,43413.5
37613,6005,2025,66904.5
37614,6006,2025,11623.0
37615,6007,2025,412106.5
37616,6008,2025,22585.5
37617,6009,2025,237763.0
37618,6010,2025,329425.5
37619,7000,2025,5963446.0
37620,7001,2025,37427.0
37621,7002,2025,34832.5
37622,7003,2025,53730.5
37623,7004,2025,78853.0
37624,7005,2025,52378.0
37625,7006,2025,65664.5
37626,7007,2025,25112.5
37627,7008,2025,69463.5
37628,7009,2025,83984.5
37629,7010,2025,14482.5
37630,7011,2025,41227.5
37631,7012,2025,151576.5
37632,7013,2025,81153.5
37633,7014,2025,54367.5
37634,7015,2025,106660.5
37635,7016,2025,36112.5
37636,7017,2025,188865.5
37637,7018,2025,21276.0
37638,7019,2025,358124.5
37639,7020,2025,107786.0
37640,7021,2025,45614.5
37641,7022,2025,51718.0
37642,7023,2025,228964.5
37643,7024,2025,30217.0
37644,7025,2025,15100.5
37645,7026,2025,106040.0
37646,7027,2025,249639.5
37647,7028,2025,13063.5
37648,7029,2025,11192.0
37649,7030,2025,79190.0
37650,7031,2025,300389.5
37651,7032,2025,62880.0
37652,7033,2025,14749.5
37653,7034,2025,176198.5
37654,7035,2025,31153.0
37655,7036,2025,15843.0
37656,7037,2025,75651.0
37657,7038,2025,47410.5
37658,7039,2025,61220.0
37659,7040,2025,109161.0
37660,7041,2025,98020.5
37661,7042,2025,23933.0
37662,7043,2025,22766.0
37663,7044,2025,62563.0
37664,7045,2025,13406.0
37665,7046,2025,86249.5
37666,7047,2025,56256.5
37667,7048,2025,44332.5
37668,7049,2025,73425.5
37669,7050,2025,10865.5
37670,7051,2025,95987.0
37671,7052,2025,312053.5
37672,7053,2025,15940.5
37673,7054,2025,58448.0
37674,7055,2025,12599.0
37675,7056,2025,30108.0
37676,7057,2025,160371.5
37677,7058,2025,9977.5
37678,7059,2025,508160.5
37679,7060,2025,30386.0
37680,7061,2025,212325.5
37681,7062,2025,38513.0
37682,7063,2025,8177.5
37683,7064,2025,121494.5
37684,7065,2025,287143.0
37685,7066,2025,58664.5
37686,7067,2025,25963.5
37687,7068,2025,66038.5
37688,7069,2025,105871.5
37689,7070,2025,23605.5
37690,7071,2025,64903.5
37691,7072,2025,57893.0
37692,7073,2025,23668.0
37693,7074,2025,93776.0
37694,7075,2025,61183.5
37695,7076,2025,64486.5
37696,7077,2025,135878.0
37697,7078,2025,461722.0
37698,7079,2025,92674.0
37699,7080,2025,39604.5
37700,7081,2025,118632.5
37701,7082,2025,34388.5
37702,7083,2025,40311.5
37703,7084,2025,17737.0
37704,7085,2025,22949.0
37705,7086,2025,56167.0
37706,7087,2025,90267.0
37707,7088,2025,4702.0
37708,7089,2025,741732.5
37709,7090,2025,9530.5
37710,7091,2025,28688.0
37711,7092,2025,23303.0
37712,7093,2025,104221.5
37713,7094,2025,110987.0
37714,7096,2025,179103.5
37715,7097,2025,192751.0
37716,7098,2025,15304.5
37717,7099,2025,177398.5
37718,7100,2025,82434.0
37719,7101,2025,1259260.5
37720,7102,2025,85352.5
37721,7103,2025,62916.0
37722,7104,2025,35944.5
37723,7105,2025,33991.0
37724,7106,2025,141404.5
37725,7107,2025,126892.5
37726,7108,2025,233808.5
37727,7109,2025,86854.0
37728,7110,2025,15852.5
37729,7111,2025,99630.0
37730,7112,2025,84828.0
37731,7113,2025,20383.5
37732,7114,2025,53618.5
37733,7115,2025,32690.5
37734,7116,2025,28818.5
37735,7117,2025,18402.5
37736,7118,2025,13609.0
37737,7119,2025,11647.0
37738,7120,2025,
37739,7121,2025,
37740,7122,2025,
37741,7123,2025,
37742,7124,2025,
37743,7125,2025,
37744,8000,2025,3939831.0
37745,8001,2025,33031.5
37746,8002,2025,56113.5
37747,8003,2025,17335.5
37748,8004,2025,65829.0
37749,8005,2025,54602.5
37750,8006,2025,11623.0
37751,8007,2025,32442.0
37752,8008,2025,20254.5
37753,8009,2025,41711.0
37754,8010,2025,53183.0
37755,8011,2025,100595.5
37756,8012,2025,16185.5
37757,8013,2025,25225.0
37758,8014,2025,3955.0
37759,8015,2025,1998.5
37760,8016,2025,7137.0
37761,8017,2025,388346.5
37762,8018,2025,10077.0
37763,8019,2025,1994488.0
37764,8020,2025,10399.0
37765,8021,2025,314432.0
37766,8022,2025,4476.5
37767,8023,2025,14202.5
37768,8024,2025,7532.5
37769,8025,2025,12446.5
37770,8026,2025,4162.0
37771,8027,2025,103305.5
37772,8028,2025,6325.0
37773,8029,2025,99959.5
37774,8030,2025,16420.0
37775,8031,2025,67869.0
37776,8032,2025,243530.0
37777,8033,2025,1474.0
37778,8034,2025,8662.5
37779,8035,2025,22214.5
37780,8036,2025,81963.0
37781,8037,2025,3205708.5
37782,8038,2025,10152.5
37783,8039,2025,8556.0
37784,8040,2025,45874.0
37785,8041,2025,2074.5
37786,8042,2025,2052.0
37787,8043,2025,5167.5
37788,8044,2025,8621.5
37789,8045,2025,92161.5
37790,8046,2025,14249.5
37791,8047,2025,8157.0
37792,8048,2025,45548.0
37793,8049,2025,5532.5
37794,8050,2025,138079.0
37795,8051,2025,17026.5
37796,8052,2025,47385.0
37797,8053,2025,10638.0
37798,8054,2025,15153.5
37799,8055,2025,34376.0
37800,8056,2025,4057.5
37801,8057,2025,4364.5
37802,8058,2025,5262.0
37803,8059,2025,10327.5
37804,8060,2025,24509.0
37805,8061,2025,6843.5
37806,8062,2025,57761.0
37807,8063,2025,9844.5
37808,8064,2025,2526.0
37809,8065,2025,32667.0
37810,8066,2025,11848.5
37811,8067,2025,9370.5
37812,9000,2025,9390122.5
37813,9002,2025,881904.0
37814,9003,2025,1222925.0
37815,9004,2025,466716.5
37816,9005,2025,2334281.0
37817,9006,2025,829759.0
37818,9007,2025,3690672.0
37819,9008,2025,503833.0
37820,9009,2025,327606.5
37821,9010,2025,1550383.0
37822,9011,2025,816749.5
37823,9012,2025,1449592.0
37824,9013,2025,911581.0
37825,9014,2025,917020.0
37826,9015,2025,1105821.0
37827,9016,2025,870521.0
37828,9017,2025,900134.0
37829,10000,2025,1948339.5
37830,10001,2025,63152.5
37831,10002,2025,9116.0
37832,10003,2025,7756.0
37833,10004,2025,71302.5
37834,10005,2025,1486125.5
37835,10006,2025,19546.5
37836,10007,2025,793624.0
37837,10008,2025,76475.0
37838,10009,2025,19813.5
37839,10010,2025,7365.0
37840,10011,2025,8969.0
37841,10012,2025,349692.5
37842,10013,2025,55782.0
37843,10014,2025,114865.0
37844,10015,2025,26386.5
37845,10016,2025,38771.0
37846,10017,2025,14522.5
37847,10018,2025,19871.0
37848,10019,2025,9627.5
37849,10020,2025,26088.5
37850,10021,2025,23017.5
37851,10022,2025,51977.0
37852,10023,2025,105374.5
37853,10024,2025,25685.5
37854,10025,2025,5144.0
37855,10026,2025,32777.5
37856,10027,2025,9845.0
37857,10028,2025,24329.5
37858,10029,2025,4140.0
37859,10030,2025,3207.0
37860,10031,2025,13186.0
37861,10032,2025,103277.0
37862,10033,2025,14043.5
37863,10034,2025,53679.0
37864,10035,2025,23729.0
37865,10036,2025,41261.0
37866,10037,2025,19966.5
37867,10038,2025,49336.5
37868,10039,2025,58019.5
37869,11000,2025,6525905.0
37870,11001,2025,192181.5
37871,11002,2025,217282.0
37872,11003,2025,363915.5
37873,11004,2025,125832.0
37874,11005,2025,268400.0
37875,11006,2025,10276.0
37876,11007,2025,1095776.5
37877,11008,2025,86989.0
37878,11009,2025,168996.5
37879,11010,2025,21557.0
37880,11011,2025,205674.5
37881,11012,2025,65374.0
37882,11013,2025,58873.0
37883,11014,2025,341765.5
37884,11015,2025,411928.5
37885,11016,2025,43308.5
37886,11017,2025,1250069.5
37887,11018,2025,79832.0
37888,11019,2025,97849.5
37889,11020,2025,3730306.5
37890,11021,2025,92410.5
37891,11022,2025,59042.0
37892,11023,2025,315449.0
37893,11024,2025,26135.5
37894,11025,2025,182890.0
37895,11026,2025,141275.0
37896,11027,2025,560306.0
37897,11028,2025,185445.0
37898,11029,2025,86237.5
37899,11030,2025,252925.0
37900,11031,2025,279348.0
37901,11032,2025,196431.0
37902,11033,2025,270605.5
37903,11034,2025,12072.5
37904,11035,2025,168097.5
37905,11036,2025,13471.5
37906,11037,2025,438390.5
37907,11038,2025,22276.0
37908,11039,2025,72207.0
37909,11040,2025,41852.0
37910,11041,2025,125218.0
37911,11042,2025,311468.0
37912,11043,2025,44066.0
37913,11044,2025,141909.0
37914,11045,2025,21833.0
37915,11046,2025,135571.5
37916,12000,2025,3622188.0
37917,12001,2025,1548888.5
37918,12002,2025,50700.5
37919,12003,2025,74854.0
37920,12004,2025,44705.5
37921,12005,2025,16809.5
37922,12006,2025,21019.0
37923,12007,2025,67698.5
37924,12008,2025,19065.5
37925,12009,2025,11730.5
37926,12010,2025,59162.0
37927,12011,2025,120852.5
37928,12012,2025,144731.0
37929,12013,2025,30912.5
37930,12014,2025,31389.0
37931,12015,2025,26295.0
37932,12016,2025,24306.5
37933,12017,2025,32030.0
37934,12018,2025,29840.5
37935,12019,2025,32408.5
37936,12020,2025,46156.5
37937,12021,2025,145839.5
37938,12022,2025,73956.5
37939,12023,2025,54139.0
37940,12024,2025,16635.0
37941,12025,2025,35971.5
37942,12026,2025,15672.0
37943,12027,2025,40303.5
37944,12028,2025,250273.0
37945,12029,2025,608410.5
37946,12030,2025,46584.0
37947,12031,2025,12570.5
37948,12032,2025,75250.5
37949,12033,2025,38067.0
37950,12034,2025,72408.5
37951,12035,2025,323002.5
37952,12036,2025,24415.5
37953,12037,2025,11816.5
37954,12038,2025,259989.0
37955,12039,2025,53919.5
37956,12040,2025,54341.5
37957,12041,2025,59299.5
37958,12042,2025,38134.0
37959,12043,2025,37692.0
37960,12044,2025,25843.5
37961,12045,2025,60803.0
37962,12046,2025,143441.5
37963,12047,2025,14245.0
37964,12048,2025,88884.5
37965,12049,2025,26741.5
37966,12050,2025,78426.0
37967,12051,2025,73706.5
37968,12052,2025,96492.5
37969,12053,2025,101880.5
37970,12054,2025,44386.0
37971,12055,2025,212745.5
37972,12056,2025,94173.0
37973,12057,2025,134161.0
37974,12058,2025,107716.0
37975,12059,2025,61984.0
37976,12060,2025,27538.0
37977,12061,2025,89830.0
37978,12062,2025,47067.5
37979,12063,2025,20312.0
37980,12064,2025,23550.5
37981,12065,2025,15709.0
37982,12066,2025,207010.0
37983,12067,2025,44838.5
37984,12068,2025,53432.5
37985,12069,2025,23729.5
37986,12070,2025,16533.5
37987,12071,2025,61602.0
37988,12072,2025,25505.0
37989,12073,2025,35371.0
37990,12074,2025,43338.0
37991,12075,2025,113269.0
37992,12076,2025,87879.5
37993,12077,2025,29963.5
37994,12078,2025,44962.0
37995,12079,2025,39460.5
37996,12080,2025,15543.0
37997,12081,2025,24510.5
37998,13000,2025,3294338.0
37999,13001,2025,46762.5
38000,13002,2025,97623.5
38001,13003,2025,128696.5
38002,13004,2025,21945.5
38003,13005,2025,39589.5
38004,13006,2025,38614.0
38005,13007,2025,26464.0
38006,13008,2025,97528.5
38007,13009,2025,42133.5
38008,13010,2025,67712.0
38009,13011,2025,40013.5
38010,13012,2025,63472.5
38011,13013,2025,156340.5
38012,13014,2025,31518.0
38013,13015,2025,39872.0
38014,13016,2025,126861.5
38015,13017,2025,26643.0
38016,13018,2025,46355.0
38017,13019,2025,39304.0
38018,13020,2025,4992.5
38019,13021,2025,32217.0
38020,13022,2025,35052.5
38021,13023,2025,74847.0
38022,13024,2025,35644.5
38023,13025,2025,39406.0
38024,13026,2025,25513.5
38025,13027,2025,45012.0
38026,13028,2025,257469.0
38027,13029,2025,98103.5
38028,13030,2025,209629.0
38029,13031,2025,24082.0
38030,13032,2025,21048.5
38031,13033,2025,5506.0
38032,13034,2025,18614.5
38033,13035,2025,27804.0
38034,13036,2025,18991.5
38035,13037,2025,41295.0
38036,13038,2025,18668.0
38037,13039,2025,29127.5
38038,13040,2025,19020.0
38039,13041,2025,98863.5
38040,13042,2025,23546.0
38041,13043,2025,12175.0
38042,13044,2025,35297.5
38043,13045,2025,18922.0
38044,13046,2025,76306.0
38045,13047,2025,9198.0
38046,13048,2025,675121.5
38047,13049,2025,37955.5
38048,13050,2025,48715.5
38049,13051,2025,480923.0
38050,13052,2025,84660.5
38051,13053,2025,34998.0
38052,13054,2025,77613.0
38053,13055,2025,38984.0
38054,13056,2025,85194.5
38055,13057,2025,30699.0
38056,13058,2025,35459.0
38057,13059,2025,78979.5
38058,13060,2025,35341.5
38059,13061,2025,117068.5
38060,13062,2025,64617.5
38061,13063,2025,191035.5
38062,13064,2025,22554.5
38063,13065,2025,24216.5
38064,13066,2025,27453.5
38065,13067,2025,117410.5
38066,13068,2025,28998.5
38067,13069,2025,407482.5
38068,13070,2025,40071.0
38069,13071,2025,17610.5
38070,13072,2025,23115.0
38071,13073,2025,76805.5
38072,13074,2025,59120.0
38073,13075,2025,50929.5
38074,13076,2025,241419.0
38075,13077,2025,353538.0
38076,13078,2025,35724.0
38077,13079,2025,13740.5
38078,13080,2025,50418.5
38079,13081,2025,82013.0
38080,13082,2025,46313.0
38081,13083,2025,134690.0
38082,13084,2025,81300.0
38083,14000,2025,8868253.5
38084,14001,2025,48425.0
38085,14002,2025,54134.5
38086,14003,2025,49247.5
38087,14004,2025,11676.5
38088,14005,2025,34865.5
38089,14006,2025,123994.0
38090,14007,2025,19408.0
38091,14008,2025,169364.5
38092,14009,2025,45877.5
38093,14010,2025,16652.0
38094,14011,2025,11417.5
38095,14012,2025,8484.0
38096,14013,2025,134499.5
38097,14014,2025,17823.0
38098,14015,2025,137596.0
38099,14016,2025,86436.5
38100,14017,2025,26034.5
38101,14018,2025,139644.5
38102,14019,2025,14651.0
38103,14020,2025,23039.5
38104,14021,2025,40263.0
38105,14022,2025,81537.5
38106,14023,2025,245455.5
38107,14024,2025,61678.0
38108,14025,2025,41039.0
38109,14026,2025,13076.0
38110,14027,2025,37882.5
38111,14028,2025,4355.0
38112,14029,2025,35905.5
38113,14030,2025,116798.5
38114,14031,2025,6119.5
38115,14032,2025,12181.0
38116,14033,2025,42591.5
38117,14034,2025,3880.5
38118,14035,2025,108492.5
38119,14036,2025,41442.5
38120,14037,2025,54019.5
38121,14038,2025,8320.0
38122,14039,2025,2661710.0
38123,14040,2025,15946.5
38124,14041,2025,11712.5
38125,14042,2025,21364.5
38126,14043,2025,46488.5
38127,14044,2025,163071.5
38128,14045,2025,42669.0
38129,14046,2025,66300.5
38130,14047,2025,51836.0
38131,14048,2025,38532.0
38132,14049,2025,19980.0
38133,14050,2025,99246.0
38134,14051,2025,79419.0
38135,14052,2025,11101.5
38136,14053,2025,364266.5
38137,14054,2025,10609.5
38138,14055,2025,44020.5
38139,14056,2025,3054.5
38140,14057,2025,8557.0
38141,14058,2025,29423.5
38142,14059,2025,28974.5
38143,14060,2025,9946.5
38144,14061,2025,49865.0
38145,14062,2025,7390.5
38146,14063,2025,225211.0
38147,14064,2025,70761.5
38148,14065,2025,22245.5
38149,14066,2025,112674.5
38150,14067,2025,619959.5
38151,14068,2025,22555.5
38152,14069,2025,14618.5
38153,14070,2025,561614.0
38154,14071,2025,5749.0
38155,14072,2025,16361.5
38156,14073,2025,151767.5
38157,14074,2025,35017.5
38158,14075,2025,7639.0
38159,14076,2025,6064.5
38160,14077,2025,58057.0
38161,14078,2025,64973.5
38162,14079,2025,35292.5
38163,14080,2025,9580.0
38164,14081,2025,6820.0
38165,14082,2025,76772.0
38166,14083,2025,194206.5
38167,14084,2025,30835.5
38168,14085,2025,79045.0
38169,14086,2025,45772.5
38170,14087,2025,33602.0
38171,14088,2025,33284.5
38172,14089,2025,8732.0
38173,14090,2025,14849.5
38174,14091,2025,79627.0
38175,14092,2025,22299.0
38176,14093,2025,315057.0
38177,14094,2025,92706.5
38178,14095,2025,19900.0
38179,14096,2025,47413.5
38180,14097,2025,1766818.0
38181,14098,2025,1453285.0
38182,14099,2025,24101.5
38183,14100,2025,74146.0
38184,14101,2025,1231115.0
38185,14102,2025,11958.5
38186,14103,2025,15457.5
38187,14104,2025,8165.0
38188,14105,2025,49124.5
38189,14106,2025,12574.0
38190,14107,2025,13811.0
38191,14108,2025,78486.5
38192,14109,2025,40073.0
38193,14110,2025,27691.0
38194,14111,2025,13277.5
38195,14112,2025,12744.5
38196,14113,2025,34429.5
38197,14114,2025,40274.0
38198,14115,2025,11039.0
38199,14116,2025,41642.0
38200,14117,2025,9084.0
38201,14118,2025,45134.5
38202,14119,2025,63568.5
38203,14120,2025,3185935.0
38204,14121,2025,71973.5
38205,14122,2025,15744.0
38206,14123,2025,40359.0
38207,14124,2025,130831.0
38208,14125,2025,37438.0
38209,15000,2025,17908146.0
38210,15001,2025,142691.5
38211,15002,2025,377970.5
38212,15003,2025,102976.5
38213,15004,2025,31143.0
38214,15005,2025,376112.5
38215,15006,2025,27196.0
38216,15007,2025,48157.0
38217,15008,2025,49433.5
38218,15009,2025,111919.0
38219,15010,2025,68169.0
38220,15011,2025,170222.0
38221,15012,2025,28657.5
38222,15013,2025,1081080.0
38223,15014,2025,234455.5
38224,15015,2025,68031.5
38225,15016,2025,61849.5
38226,15017,2025,21351.0
38227,15018,2025,158434.5
38228,15019,2025,76672.0
38229,15020,2025,602272.5
38230,15021,2025,79762.5
38231,15022,2025,33203.0
38232,15023,2025,83629.5
38233,15024,2025,396489.5
38234,15025,2025,890021.5
38235,15026,2025,67663.0
38236,15027,2025,28640.0
38237,15028,2025,63944.0
38238,15029,2025,427194.0
38239,15030,2025,60257.0
38240,15031,2025,1501124.5
38241,15032,2025,78865.0
38242,15033,2025,3279949.0
38243,15034,2025,23111.0
38244,15035,2025,389707.0
38245,15036,2025,100407.0
38246,15037,2025,612728.5
38247,15038,2025,25471.5
38248,15039,2025,1159301.5
38249,15040,2025,77192.0
38250,15041,2025,12796.0
38251,15042,2025,338934.5
38252,15043,2025,65200.0
38253,15044,2025,58323.0
38254,15045,2025,179254.5
38255,15046,2025,41661.0
38256,15047,2025,161441.0
38257,15048,2025,146610.5
38258,15049,2025,33444.0
38259,15050,2025,57895.5
38260,15051,2025,376192.5
38261,15052,2025,58839.0
38262,15053,2025,133422.0
38263,15054,2025,512756.0
38264,15055,2025,29705.0
38265,15056,2025,71085.5
38266,15057,2025,1669525.0
38267,15058,2025,2126040.5
38268,15059,2025,139561.5
38269,15060,2025,925197.0
38270,15061,2025,22156.0
38271,15062,2025,154506.0
38272,15063,2025,76867.5
38273,15064,2025,76365.0
38274,15065,2025,76133.5
38275,15066,2025,9855.5
38276,15067,2025,188202.0
38277,15068,2025,65159.5
38278,15069,2025,10451.0
38279,15070,2025,658419.0
38280,15071,2025,31957.5
38281,15072,2025,35165.5
38282,15073,2025,73734.0
38283,15074,2025,313373.5
38284,15075,2025,62708.5
38285,15076,2025,219675.0
38286,15077,2025,13808.0
38287,15078,2025,20076.0
38288,15079,2025,31171.0
38289,15080,2025,46626.0
38290,15081,2025,1277944.0
38291,15082,2025,166819.0
38292,15083,2025,31203.0
38293,15084,2025,94791.0
38294,15085,2025,136547.0
38295,15086,2025,72185.5
38296,15087,2025,227315.0
38297,15088,2025,223101.0
38298,15089,2025,23562.5
38299,15090,2025,193589.0
38300,15091,2025,133262.0
38301,15092,2025,122520.5
38302,15093,2025,69759.0
38303,15094,2025,43187.0
38304,15095,2025,222512.0
38305,15096,2025,84561.0
38306,15097,2025,38065.0
38307,15098,2025,12097.0
38308,15099,2025,597552.5
38309,15100,2025,105930.0
38310,15101,2025,182091.0
38311,15102,2025,33851.0
38312,15103,2025,101556.5
38313,15104,2025,1352381.0
38314,15105,2025,62351.0
38315,15106,2025,1912300.5
38316,15107,2025,26633.0
38317,15108,2025,341375.0
38318,15109,2025,1062024.5
38319,15110,2025,123210.5
38320,15111,2025,112125.0
38321,15112,2025,109625.5
38322,15113,2025,147264.5
38323,15114,2025,230227.5
38324,15115,2025,117568.0
38325,15116,2025,11274.0
38326,15117,2025,25455.5
38327,15118,2025,443858.0
38328,15119,2025,40134.0
38329,15120,2025,681739.0
38330,15121,2025,1153814.0
38331,15122,2025,817563.5
38332,15123,2025,58826.0
38333,15124,2025,208901.0
38334,15125,2025,34440.0
38335,16000,2025,4964197.5
38336,16001,2025,22926.0
38337,16002,2025,28311.0
38338,16003,2025,48134.0
38339,16004,2025,30165.0
38340,16005,2025,21891.5
38341,16006,2025,255212.0
38342,16007,2025,7374.5
38343,16008,2025,51520.5
38344,16009,2025,74001.5
38345,16010,2025,39820.0
38346,16011,2025,24396.5
38347,16012,2025,94486.5
38348,16013,2025,18517.0
38349,16014,2025,37096.5
38350,16015,2025,42226.5
38351,16016,2025,42412.5
38352,16017,2025,72278.5
38353,16018,2025,19508.0
38354,16019,2025,41022.5
38355,16020,2025,61503.5
38356,16021,2025,28465.5
38357,16022,2025,58026.0
38358,16023,2025,21279.0
38359,16024,2025,43628.0
38360,16025,2025,85400.5
38361,16026,2025,9179.0
38362,16027,2025,9672.5
38363,16028,2025,10138.0
38364,16029,2025,22706.5
38365,16030,2025,22691.0
38366,16031,2025,32144.0
38367,16032,2025,32598.0
38368,16033,2025,43155.5
38369,16034,2025,259727.5
38370,16035,2025,59243.0
38371,16036,2025,23349.0
38372,16037,2025,15852.5
38373,16038,2025,84242.5
38374,16039,2025,19127.5
38375,16040,2025,38754.5
38376,16041,2025,33357.5
38377,16042,2025,29329.0
38378,16043,2025,142380.0
38379,16044,2025,25587.0
38380,16045,2025,74303.0
38381,16046,2025,31215.5
38382,16047,2025,39568.0
38383,16048,2025,11735.5
38384,16049,2025,40489.5
38385,16050,2025,187673.5
38386,16051,2025,28949.5
38387,16052,2025,409530.5
38388,16053,2025,1818117.0
38389,16054,2025,15861.0
38390,16055,2025,92283.5
38391,16056,2025,70642.5
38392,16057,2025,17199.0
38393,16058,2025,44251.5
38394,16059,2025,18846.0
38395,16060,2025,18705.5
38396,16061,2025,51694.0
38397,16062,2025,43639.0
38398,16063,2025,28617.0
38399,16064,2025,55356.5
38400,16065,2025,84302.5
38401,16066,2025,207394.0
38402,16067,2025,32715.5
38403,16068,2025,62952.5
38404,16069,2025,220471.5
38405,16070,2025,31225.5
38406,16071,2025,139956.5
38407,16072,2025,28344.0
38408,16073,2025,55945.5
38409,16074,2025,21674.0
38410,16075,2025,172699.5
38411,16076,2025,162630.0
38412,16077,2025,34661.5
38413,16078,2025,25855.0
38414,16079,2025,104525.0
38415,16080,2025,41133.5
38416,16081,2025,18568.0
38417,16082,2025,168788.0
38418,16083,2025,71016.5
38419,16084,2025,67371.5
38420,16085,2025,73095.5
38421,16086,2025,31438.0
38422,16087,2025,33202.0
38423,16088,2025,264922.0
38424,16089,2025,49289.5
38425,16090,2025,35071.5
38426,16091,2025,31319.0
38427,16092,2025,24432.5
38428,16093,2025,58074.5
38429,16094,2025,12367.5
38430,16095,2025,25657.5
38431,16096,2025,10415.5
38432,16097,2025,55640.0
38433,16098,2025,51307.5
38434,16099,2025,26865.5
38435,16100,2025,31175.5
38436,16101,2025,18096.0
38437,16102,2025,755678.5
38438,16103,2025,46992.5
38439,16104,2025,30620.5
38440,16105,2025,43972.5
38441,16106,2025,66907.0
38442,16107,2025,157126.0
38443,16108,2025,428845.5
38444,16109,2025,6450.0
38445,16110,2025,100417.5
38446,16111,2025,40038.5
38447,16112,2025,315706.0
38448,16113,2025,53079.0
38449,17000,2025,2069397.5
38450,17001,2025,35771.0
38451,17002,2025,56814.0
38452,17003,2025,83889.0
38453,17004,2025,190793.5
38454,17005,2025,23338.5
38455,17006,2025,386171.5
38456,17007,2025,770271.5
38457,17008,2025,237703.5
38458,17009,2025,56192.5
38459,17010,2025,39578.0
38460,17011,2025,449115.5
38461,17012,2025,117962.5
38462,17013,2025,35441.0
38463,17014,2025,19514.0
38464,17015,2025,22425.0
38465,17016,2025,40817.0
38466,17017,2025,58492.0
38467,17018,2025,258669.0
38468,17019,2025,59042.0
38469,17020,2025,123382.0
38470,17021,2025,15429.0
38471,17022,2025,25472.0
38472,17023,2025,17190.0
38473,17024,2025,108406.5
38474,17025,2025,69681.0
38475,17026,2025,41741.0
38476,17027,2025,27469.5
38477,17028,2025,156085.0
38478,17029,2025,219503.5
38479,17030,2025,121486.0
38480,17031,2025,73200.0
38481,17032,2025,20836.5
38482,17033,2025,35083.5
38483,17034,2025,
38484,17035,2025,
38485,17036,2025,
38486,18000,2025,1318689.5
38487,18001,2025,75345.0
38488,18002,2025,31143.5
38489,18003,2025,23478.0
38490,18004,2025,162458.5
38491,18005,2025,25705.0
38492,18006,2025,60728.0
38493,18007,2025,40354.5
38494,18008,2025,146978.5
38495,18009,2025,109933.0
38496,18010,2025,66364.5
38497,18011,2025,49013.5
38498,18012,2025,80818.5
38499,18013,2025,15550.5
38500,18014,2025,52636.5
38501,18015,2025,189125.0
38502,18016,2025,71799.5
38503,18017,2025,900034.0
38504,18018,2025,60200.5
38505,18019,2025,28488.0
38506,18020,2025,439229.5
38507,19000,2025,6360081.5
38508,19001,2025,6175.5
38509,19002,2025,6802.0
38510,19003,2025,2856.5
38511,19004,2025,73322.0
38512,19005,2025,35962.5
38513,19006,2025,1446165.5
38514,19007,2025,29704.0
38515,19008,2025,7316.0
38516,19009,2025,283358.5
38517,19010,2025,297365.5
38518,19011,2025,14319.0
38519,19012,2025,181742.5
38520,19013,2025,19349.0
38521,19014,2025,73077.0
38522,19015,2025,2512.0
38523,19016,2025,6584.5
38524,19017,2025,83092.0
38525,19018,2025,1048080.0
38526,19019,2025,273851.5
38527,19020,2025,11152.0
38528,19021,2025,1085741.5
38529,19022,2025,28340.5
38530,19023,2025,4178.5
38531,19024,2025,13080.5
38532,19025,2025,251332.5
38533,19026,2025,1251423.5
38534,19027,2025,3905.0
38535,19028,2025,2640.5
38536,19029,2025,14298.5
38537,19030,2025,6413.0
38538,19031,2025,1157786.0
38539,19032,2025,10772.0
38540,19033,2025,176107.5
38541,19034,2025,9890.0
38542,19035,2025,3605.0
38543,19036,2025,15883.0
38544,19037,2025,12768.0
38545,19038,2025,143889.0
38546,19039,2025,2293435.5
38547,19040,2025,1725.5
38548,19041,2025,422266.0
38549,19042,2025,11062.5
38550,19043,2025,4665.0
38551,19044,2025,69601.0
38552,19045,2025,227915.5
38553,19046,2025,793324.0
38554,19047,2025,31638.0
38555,19048,2025,650082.0
38556,19049,2025,100054.5
38557,19050,2025,2761.5
38558,19051,2025,6642.5
38559,20000,2025,4305961.0
38560,20001,2025,1439.0
38561,20002,2025,90827.0
38562,20003,2025,5146.0
38563,20004,2025,2307.5
38564,20005,2025,31185.5
38565,20006,2025,43638.0
38566,20007,2025,4573.0
38567,20008,2025,1360.0
38568,20009,2025,13851.0
38569,20010,2025,26863.5
38570,20011,2025,2986.0
38571,20012,2025,23702.0
38572,20013,2025,6357.5
38573,20014,2025,57833.5
38574,20015,2025,11368.0
38575,20016,2025,20158.0
38576,20017,2025,7519.0
38577,20018,2025,1421.5
38578,20019,2025,5207.5
38579,20020,2025,10705.5
38580,20021,2025,28805.0
38581,20022,2025,1549.5
38582,20023,2025,62233.0
38583,20024,2025,7085.0
38584,20025,2025,22964.0
38585,20026,2025,18629.0
38586,20027,2025,4077.5
38587,20028,2025,49771.5
38588,20029,2025,8378.5
38589,20030,2025,18121.0
38590,20031,2025,14191.0
38591,20032,2025,2198.0
38592,20033,2025,6354.0
38593,20034,2025,2439.0
38594,20035,2025,1448.0
38595,20036,2025,10500.5
38596,20037,2025,8884.5
38597,20038,2025,3548.5
38598,20039,2025,165097.0
38599,20040,2025,13166.0
38600,20041,2025,65133.5
38601,20042,2025,17479.0
38602,20043,2025,248025.5
38603,20044,2025,81603.5
38604,20045,2025,16143.5
38605,20046,2025,5533.0
38606,20047,2025,151.0
38607,20048,2025,2998.0
38608,20049,2025,2408.5
38609,20050,2025,7472.0
38610,20051,2025,9924.0
38611,20052,2025,11795.5
38612,20053,2025,2679.0
38613,20054,2025,803.0
38614,20055,2025,7698.5
38615,20056,2025,2895.5
38616,20057,2025,76832.0
38617,20058,2025,24779.5
38618,20059,2025,109778.0
38619,20060,2025,4691.0
38620,20061,2025,6111.0
38621,20062,2025,908.0
38622,20063,2025,8997.0
38623,20064,2025,18124.5
38624,20065,2025,2058.0
38625,20066,2025,10737.5
38626,20067,2025,549552.5
38627,20068,2025,49942.0
38628,20069,2025,6710.0
38629,20070,2025,12634.0
38630,20071,2025,6925.0
38631,20072,2025,17598.0
38632,20073,2025,72069.0
38633,20074,2025,863.0
38634,20075,2025,5309.0
38635,20076,2025,6901.0
38636,20077,2025,9541.0
38637,20078,2025,2811.0
38638,20079,2025,170950.0
38639,20080,2025,3470.0
38640,20081,2025,3695.5
38641,20082,2025,8544.5
38642,20083,2025,26084.0
38643,20084,2025,8611.5
38644,20085,2025,56069.0
38645,20086,2025,2232.5
38646,20087,2025,12488.0
38647,20088,2025,5837.0
38648,20089,2025,4776.0
38649,20090,2025,12855.0
38650,20091,2025,13968.0
38651,20092,2025,3886.5
38652,20093,2025,1050.5
38653,20094,2025,3654.0
38654,20095,2025,9696.0
38655,20096,2025,1494.0
38656,20097,2025,3573.0
38657,20098,2025,8272.5
38658,20099,2025,668.0
38659,20100,2025,692.5
38660,20101,2025,1518.0
38661,20102,2025,11580.5
38662,20103,2025,12541.0
38663,20104,2025,5611.5
38664,20105,2025,16384.0
38665,20106,2025,460.5
38666,20107,2025,57383.0
38667,20108,2025,4512.0
38668,20109,2025,2463.0
38669,20110,2025,3401.0
38670,20111,2025,10225.0
38671,20112,2025,5290.0
38672,20113,2025,6688.5
38673,20114,2025,1342.5
38674,20115,2025,22511.0
38675,20116,2025,8341.0
38676,20117,2025,4219.0
38677,20118,2025,4728.0
38678,20119,2025,1822.5
38679,20120,2025,979.0
38680,20121,2025,1136.5
38681,20122,2025,1290.5
38682,20123,2025,5786.0
38683,20124,2025,42032.5
38684,20125,2025,23166.0
38685,20126,2025,11168.5
38686,20127,2025,2469.0
38687,20128,2025,2795.5
38688,20129,2025,747.5
38689,20130,2025,10451.0
38690,20131,2025,23770.5
38691,20132,2025,2901.5
38692,20133,2025,7825.0
38693,20134,2025,58669.5
38694,20135,2025,17536.0
38695,20136,2025,25002.0
38696,20137,2025,6952.0
38697,20138,2025,893.0
38698,20139,2025,4458.5
38699,20140,2025,1606.5
38700,20141,2025,18906.5
38701,20142,2025,1366.0
38702,20143,2025,19417.5
38703,20144,2025,2115.0
38704,20145,2025,12171.0
38705,20146,2025,5743.0
38706,20147,2025,764.0
38707,20148,2025,4601.0
38708,20149,2025,4545.0
38709,20150,2025,29690.0
38710,20151,2025,536.5
38711,20152,2025,5257.0
38712,20153,2025,9992.5
38713,20154,2025,4594.0
38714,20155,2025,2248.5
38715,20156,2025,7557.5
38716,20157,2025,36621.0
38717,20158,2025,4468.0
38718,20159,2025,11183.0
38719,20160,2025,2838.0
38720,20161,2025,5663.5
38721,20162,2025,4323.5
38722,20163,2025,3125.5
38723,20164,2025,5428.0
38724,20165,2025,3376.0
38725,20166,2025,22922.0
38726,20167,2025,4353.0
38727,20168,2025,1855.5
38728,20169,2025,9069.0
38729,20170,2025,7251.0
38730,20171,2025,35840.0
38731,20172,2025,804.0
38732,20173,2025,2856.5
38733,20174,2025,9942.0
38734,20175,2025,2548.0
38735,20176,2025,5404.5
38736,20177,2025,21611.5
38737,20178,2025,13785.5
38738,20179,2025,2879.0
38739,20180,2025,4708.5
38740,20181,2025,952.5
38741,20182,2025,4243.5
38742,20183,2025,2982.5
38743,20184,2025,322872.0
38744,20185,2025,18129.5
38745,20186,2025,967.0
38746,20187,2025,2891.0
38747,20188,2025,19327.5
38748,20189,2025,6831.0
38749,20190,2025,45258.0
38750,20191,2025,590.0
38751,20192,2025,3124.0
38752,20193,2025,5873.5
38753,20194,2025,2888.0
38754,20195,2025,1912.0
38755,20196,2025,821.5
38756,20197,2025,6819.0
38757,20198,2025,61333.0
38758,20199,2025,782.5
38759,20200,2025,7217.5
38760,20201,2025,3808.0
38761,20202,2025,9300.0
38762,20203,2025,7329.0
38763,20204,2025,1187.0
38764,20205,2025,33566.5
38765,20206,2025,4924.5
38766,20207,2025,40012.0
38767,20208,2025,13209.0
38768,20209,2025,1110.0
38769,20210,2025,10657.5
38770,20211,2025,7062.0
38771,20212,2025,6544.0
38772,20213,2025,8971.0
38773,20214,2025,3785.0
38774,20215,2025,1869.5
38775,20216,2025,2392.0
38776,20217,2025,6637.0
38777,20218,2025,1027.5
38778,20219,2025,5448.5
38779,20220,2025,5311.0
38780,20221,2025,3152.5
38781,20222,2025,2748.0
38782,20223,2025,868.0
38783,20224,2025,1248.0
38784,20225,2025,11754.0
38785,20226,2025,6256.0
38786,20227,2025,41370.5
38787,20228,2025,1728.0
38788,20229,2025,20394.0
38789,20230,2025,1789.0
38790,20231,2025,6535.0
38791,20232,2025,45041.0
38792,20233,2025,3424.0
38793,20234,2025,13935.0
38794,20235,2025,7878.0
38795,20236,2025,2603.0
38796,20237,2025,3152.0
38797,20238,2025,2166.0
38798,20239,2025,1923.0
38799,20240,2025,5805.0
38800,20241,2025,2016.5
38801,20242,2025,25969.0
38802,20243,2025,4196.5
38803,20244,2025,8144.5
38804,20245,2025,2702.5
38805,20246,2025,1212.0
38806,20247,2025,3390.0
38807,20248,2025,32451.5
38808,20249,2025,8018.0
38809,20250,2025,2537.0
38810,20251,2025,2473.0
38811,20252,2025,5036.0
38812,20253,2025,3899.5
38813,20254,2025,6328.5
38814,20255,2025,3845.0
38815,20256,2025,464.5
38816,20257,2025,2065.0
38817,20258,2025,1350.0
38818,20259,2025,3949.5
38819,20260,2025,4095.0
38820,20261,2025,13550.0
38821,20262,2025,1947.0
38822,20263,2025,6056.0
38823,20264,2025,4242.5
38824,20265,2025,13578.0
38825,20266,2025,17291.5
38826,20267,2025,438.0
38827,20268,2025,2541.5
38828,20269,2025,8812.0
38829,20270,2025,2533.0
38830,20271,2025,6339.5
38831,20272,2025,12608.0
38832,20273,2025,7963.0
38833,20274,2025,2692.5
38834,20275,2025,14593.0
38835,20276,2025,1278.0
38836,20277,2025,24609.0
38837,20278,2025,79498.0
38838,20279,2025,5901.5
38839,20280,2025,3639.0
38840,20281,2025,614.5
38841,20282,2025,1161.0
38842,20283,2025,2086.0
38843,20284,2025,6265.5
38844,20285,2025,7659.5
38845,20286,2025,6091.5
38846,20287,2025,592.5
38847,20288,2025,1144.0
38848,20289,2025,2499.0
38849,20290,2025,2117.0
38850,20291,2025,8761.5
38851,20292,2025,3161.5
38852,20293,2025,35823.0
38853,20294,2025,14797.0
38854,20295,2025,21037.0
38855,20296,2025,1936.0
38856,20297,2025,6104.5
38857,20298,2025,28947.5
38858,20299,2025,2267.0
38859,20300,2025,13438.0
38860,20301,2025,3243.0
38861,20302,2025,9551.5
38862,20303,2025,2071.0
38863,20304,2025,1302.5
38864,20305,2025,9071.5
38865,20306,2025,10081.5
38866,20307,2025,19620.0
38867,20308,2025,7092.5
38868,20309,2025,20733.0
38869,20310,2025,36853.5
38870,20311,2025,992.5
38871,20312,2025,22268.5
38872,20313,2025,1369.5
38873,20314,2025,3578.0
38874,20315,2025,3983.0
38875,20316,2025,1461.0
38876,20317,2025,2373.5
38877,20318,2025,106527.5
38878,20319,2025,1817.0
38879,20320,2025,1388.0
38880,20321,2025,1415.5
38881,20322,2025,1474.0
38882,20323,2025,5077.0
38883,20324,2025,100856.0
38884,20325,2025,25317.0
38885,20326,2025,10220.0
38886,20327,2025,32721.5
38887,20328,2025,3153.5
38888,20329,2025,2137.5
38889,20330,2025,8612.0
38890,20331,2025,2048.0
38891,20332,2025,707.0
38892,20333,2025,7280.0
38893,20334,2025,108017.5
38894,20335,2025,1598.5
38895,20336,2025,2826.5
38896,20337,2025,11259.5
38897,20338,2025,21803.0
38898,20339,2025,9073.5
38899,20340,2025,3389.5
38900,20341,2025,491.0
38901,20342,2025,10231.0
38902,20343,2025,4166.0
38903,20344,2025,5823.0
38904,20345,2025,8599.5
38905,20346,2025,3177.0
38906,20347,2025,8942.0
38907,20348,2025,16367.0
38908,20349,2025,4608.5
38909,20350,2025,34418.5
38910,20351,2025,5780.0
38911,20352,2025,10987.0
38912,20353,2025,5229.0
38913,20354,2025,937.0
38914,20355,2025,1321.5
38915,20356,2025,4544.0
38916,20357,2025,1635.0
38917,20358,2025,4020.0
38918,20359,2025,1102.0
38919,20360,2025,8364.5
38920,20361,2025,1553.0
38921,20362,2025,2987.5
38922,20363,2025,5392.0
38923,20364,2025,41297.0
38924,20365,2025,1879.0
38925,20366,2025,7051.5
38926,20367,2025,9230.0
38927,20368,2025,4386.5
38928,20369,2025,4734.5
38929,20370,2025,1331.0
38930,20371,2025,2004.0
38931,20372,2025,2062.0
38932,20373,2025,758.0
38933,20374,2025,3465.0
38934,20375,2025,29480.0
38935,20376,2025,731.0
38936,20377,2025,21730.5
38937,20378,2025,7552.5
38938,20379,2025,5895.0
38939,20380,2025,4754.0
38940,20381,2025,6214.0
38941,20382,2025,2388.0
38942,20383,2025,1177.0
38943,20384,2025,9874.5
38944,20385,2025,223376.0
38945,20386,2025,39336.5
38946,20387,2025,5816.5
38947,20388,2025,5946.5
38948,20389,2025,1803.0
38949,20390,2025,103730.0
38950,20391,2025,6772.0
38951,20392,2025,13500.0
38952,20393,2025,8920.0
38953,20394,2025,5611.5
38954,20395,2025,2989.0
38955,20396,2025,6525.0
38956,20397,2025,81939.0
38957,20398,2025,10239.0
38958,20399,2025,98310.5
38959,20400,2025,3505.5
38960,20401,2025,58617.0
38961,20402,2025,2124.5
38962,20403,2025,8493.5
38963,20404,2025,1511.0
38964,20405,2025,3525.0
38965,20406,2025,43847.0
38966,20407,2025,20275.0
38967,20408,2025,1013.5
38968,20409,2025,18689.5
38969,20410,2025,6799.5
38970,20411,2025,1923.0
38971,20412,2025,6310.5
38972,20413,2025,113987.0
38973,20414,2025,25244.5
38974,20415,2025,9745.0
38975,20416,2025,862.0
38976,20417,2025,19842.0
38977,20418,2025,23327.5
38978,20419,2025,1202.5
38979,20420,2025,3357.0
38980,20421,2025,9638.5
38981,20422,2025,1153.5
38982,20423,2025,888.5
38983,20424,2025,7441.0
38984,20425,2025,3965.0
38985,20426,2025,19036.0
38986,20427,2025,34746.5
38987,20428,2025,4902.0
38988,20429,2025,3026.0
38989,20430,2025,698.0
38990,20431,2025,3716.0
38991,20432,2025,1741.0
38992,20433,2025,5486.0
38993,20434,2025,7303.5
38994,20435,2025,7220.0
38995,20436,2025,1579.5
38996,20437,2025,19292.5
38997,20438,2025,3768.0
38998,20439,2025,51715.0
38999,20440,2025,1540.0
39000,20441,2025,19982.5
39001,20442,2025,396.0
39002,20443,2025,850.0
39003,20444,2025,987.0
39004,20445,2025,3455.0
39005,20446,2025,11488.0
39006,20447,2025,36217.5
39007,20448,2025,5402.0
39008,20449,2025,6536.5
39009,20450,2025,29268.5
39010,20451,2025,2008.5
39011,20452,2025,9052.0
39012,20453,2025,7842.0
39013,20454,2025,7499.0
39014,20455,2025,5963.5
39015,20456,2025,3316.5
39016,20457,2025,6642.5
39017,20458,2025,2372.0
39018,20459,2025,10162.0
39019,20460,2025,10312.0
39020,20461,2025,974.0
39021,20462,2025,9478.0
39022,20463,2025,932.0
39023,20464,2025,547.5
39024,20465,2025,3361.5
39025,20466,2025,29756.0
39026,20467,2025,38997.5
39027,20468,2025,29037.0
39028,20469,2025,71280.5
39029,20470,2025,8527.5
39030,20471,2025,810.5
39031,20472,2025,6897.0
39032,20473,2025,2478.5
39033,20474,2025,7059.5
39034,20475,2025,20870.5
39035,20476,2025,845.0
39036,20477,2025,2580.0
39037,20478,2025,2908.0
39038,20479,2025,303.0
39039,20480,2025,3092.0
39040,20481,2025,3732.5
39041,20482,2025,117391.0
39042,20483,2025,23124.0
39043,20484,2025,9173.5
39044,20485,2025,6386.0
39045,20486,2025,4785.5
39046,20487,2025,3960.0
39047,20488,2025,266.0
39048,20489,2025,9779.0
39049,20490,2025,5846.0
39050,20491,2025,10650.0
39051,20492,2025,5082.0
39052,20493,2025,1094.0
39053,20494,2025,14033.0
39054,20495,2025,6210.5
39055,20496,2025,3508.0
39056,20497,2025,8576.0
39057,20498,2025,16524.5
39058,20499,2025,3748.5
39059,20500,2025,16101.5
39060,20501,2025,2058.5
39061,20502,2025,9768.5
39062,20503,2025,901.0
39063,20504,2025,3122.5
39064,20505,2025,15490.0
39065,20506,2025,1614.5
39066,20507,2025,6242.0
39067,20508,2025,3346.0
39068,20509,2025,23605.0
39069,20510,2025,1400.5
39070,20511,2025,6411.0
39071,20512,2025,2411.0
39072,20513,2025,18696.0
39073,20514,2025,1825.5
39074,20515,2025,141384.5
39075,20516,2025,11239.5
39076,20517,2025,12901.0
39077,20518,2025,186.0
39078,20519,2025,7368.0
39079,20520,2025,15037.0
39080,20521,2025,510.0
39081,20522,2025,2418.5
39082,20523,2025,3295.0
39083,20524,2025,609.0
39084,20525,2025,26281.5
39085,20526,2025,34133.5
39086,20527,2025,4639.5
39087,20528,2025,1510.0
39088,20529,2025,3090.0
39089,20530,2025,8393.5
39090,20531,2025,5503.0
39091,20532,2025,8122.0
39092,20533,2025,5998.5
39093,20534,2025,6576.5
39094,20535,2025,6729.0
39095,20536,2025,854.0
39096,20537,2025,13383.0
39097,20538,2025,1435.0
39098,20539,2025,14019.0
39099,20540,2025,17932.0
39100,20541,2025,2967.0
39101,20542,2025,1915.0
39102,20543,2025,13594.0
39103,20544,2025,2009.5
39104,20545,2025,21337.5
39105,20546,2025,13546.5
39106,20547,2025,2077.5
39107,20548,2025,4193.0
39108,20549,2025,23137.0
39109,20550,2025,12240.0
39110,20551,2025,71012.0
39111,20552,2025,724.5
39112,20553,2025,26798.0
39113,20554,2025,12139.5
39114,20555,2025,7604.0
39115,20556,2025,669.0
39116,20557,2025,29711.5
39117,20558,2025,2588.5
39118,20559,2025,46794.5
39119,20560,2025,13228.5
39120,20561,2025,6179.0
39121,20562,2025,3588.0
39122,20563,2025,2436.5
39123,20564,2025,2293.0
39124,20565,2025,105286.0
39125,20566,2025,6395.0
39126,20567,2025,7020.5
39127,20568,2025,3571.0
39128,20569,2025,2674.0
39129,20570,2025,47075.0
39130,21000,2025,6990443.5
39131,21001,2025,158387.0
39132,21002,2025,18700.0
39133,21003,2025,80029.0
39134,21004,2025,139254.0
39135,21005,2025,6329.0
39136,21006,2025,28872.0
39137,21007,2025,6099.5
39138,21008,2025,23860.0
39139,21009,2025,4638.5
39140,21010,2025,163695.0
39141,21011,2025,3878.5
39142,21012,2025,13485.0
39143,21013,2025,48960.0
39144,21014,2025,9435.5
39145,21015,2025,276714.5
39146,21016,2025,19215.0
39147,21017,2025,63840.0
39148,21018,2025,7844.5
39149,21019,2025,298345.0
39150,21020,2025,16729.5
39151,21021,2025,3308.0
39152,21022,2025,26886.5
39153,21023,2025,18751.5
39154,21024,2025,1998.0
39155,21025,2025,16537.0
39156,21026,2025,32113.5
39157,21027,2025,8245.0
39158,21028,2025,5805.0
39159,21029,2025,7642.0
39160,21030,2025,1558.0
39161,21031,2025,5506.5
39162,21032,2025,2863.0
39163,21033,2025,11442.0
39164,21034,2025,105944.5
39165,21035,2025,42357.0
39166,21036,2025,30213.0
39167,21037,2025,4663.0
39168,21038,2025,22993.0
39169,21039,2025,20299.0
39170,21040,2025,27509.0
39171,21041,2025,333159.0
39172,21042,2025,6881.0
39173,21043,2025,102233.5
39174,21044,2025,36112.5
39175,21045,2025,98680.5
39176,21046,2025,17587.0
39177,21047,2025,46118.0
39178,21048,2025,47365.0
39179,21049,2025,36397.0
39180,21050,2025,56661.0
39181,21051,2025,77193.0
39182,21052,2025,2417.0
39183,21053,2025,141573.0
39184,21054,2025,75427.5
39185,21055,2025,10564.0
39186,21056,2025,2714.5
39187,21057,2025,12598.0
39188,21058,2025,43760.5
39189,21059,2025,6103.5
39190,21060,2025,17023.0
39191,21061,2025,30816.5
39192,21062,2025,10254.5
39193,21063,2025,30523.0
39194,21064,2025,37310.0
39195,21065,2025,49068.0
39196,21066,2025,13082.5
39197,21067,2025,39858.0
39198,21068,2025,13315.0
39199,21069,2025,62347.5
39200,21070,2025,11703.5
39201,21071,2025,214101.0
39202,21072,2025,35557.0
39203,21073,2025,20601.5
39204,21074,2025,208942.0
39205,21075,2025,27370.0
39206,21076,2025,56216.5
39207,21077,2025,12143.0
39208,21078,2025,33802.0
39209,21079,2025,12050.0
39210,21080,2025,5066.0
39211,21081,2025,8519.5
39212,21082,2025,18311.0
39213,21083,2025,50655.0
39214,21084,2025,14039.0
39215,21085,2025,175761.5
39216,21086,2025,23676.5
39217,21087,2025,27259.5
39218,21088,2025,8778.5
39219,21089,2025,23409.5
39220,21090,2025,52804.5
39221,21091,2025,19277.0
39222,21092,2025,10659.5
39223,21093,2025,15203.5
39224,21094,2025,80288.5
39225,21095,2025,1470.5
39226,21096,2025,6936.0
39227,21097,2025,5788.0
39228,21098,2025,13796.5
39229,21099,2025,43020.5
39230,21100,2025,18233.5
39231,21101,2025,6365.0
39232,21102,2025,30227.5
39233,21103,2025,13979.5
39234,21104,2025,71073.5
39235,21105,2025,10402.5
39236,21106,2025,102325.5
39237,21107,2025,24345.0
39238,21108,2025,43255.5
39239,21109,2025,40204.0
39240,21110,2025,107839.5
39241,21111,2025,37265.5
39242,21112,2025,18675.0
39243,21113,2025,9318.0
39244,21114,2025,3536760.0
39245,21115,2025,126826.5
39246,21116,2025,47288.0
39247,21117,2025,33804.0
39248,21118,2025,64522.0
39249,21119,2025,362905.0
39250,21120,2025,12704.0
39251,21121,2025,2678.0
39252,21122,2025,23774.0
39253,21123,2025,7258.0
39254,21124,2025,33408.0
39255,21125,2025,20843.0
39256,21126,2025,13971.5
39257,21127,2025,7068.0
39258,21128,2025,23296.0
39259,21129,2025,29350.5
39260,21130,2025,7394.5
39261,21131,2025,2056.0
39262,21132,2025,326119.5
39263,21133,2025,1419.0
39264,21134,2025,43624.5
39265,21135,2025,1015.5
39266,21136,2025,25788.0
39267,21137,2025,22224.0
39268,21138,2025,24579.0
39269,21139,2025,7758.0
39270,21140,2025,294857.0
39271,21141,2025,7083.5
39272,21142,2025,64433.5
39273,21143,2025,76265.5
39274,21144,2025,36875.0
39275,21145,2025,26046.5
39276,21146,2025,1373.0
39277,21147,2025,13105.0
39278,21148,2025,26454.0
39279,21149,2025,68959.0
39280,21150,2025,11249.0
39281,21151,2025,19951.5
39282,21152,2025,26223.0
39283,21153,2025,50605.5
39284,21154,2025,170793.5
39285,21155,2025,15085.0
39286,21156,2025,707188.0
39287,21157,2025,26736.0
39288,21158,2025,13477.5
39289,21159,2025,7487.0
39290,21160,2025,7942.5
39291,21161,2025,47731.5
39292,21162,2025,8221.0
39293,21163,2025,40292.0
39294,21164,2025,178158.0
39295,21165,2025,2507.0
39296,21166,2025,18707.0
39297,21167,2025,20879.0
39298,21168,2025,15991.0
39299,21169,2025,46551.5
39300,21170,2025,41245.0
39301,21171,2025,8201.5
39302,21172,2025,55871.0
39303,21173,2025,14264.5
39304,21174,2025,218513.5
39305,21175,2025,33497.0
39306,21176,2025,20597.0
39307,21177,2025,116018.5
39308,21178,2025,30818.0
39309,21179,2025,66395.5
39310,21180,2025,88184.0
39311,21181,2025,16020.0
39312,21182,2025,11375.5
39313,21183,2025,41476.5
39314,21184,2025,12872.0
39315,21185,2025,22637.0
39316,21186,2025,115280.0
39317,21187,2025,9385.0
39318,21188,2025,40945.5
39319,21189,2025,47743.5
39320,21190,2025,2410.0
39321,21191,2025,20427.0
39322,21192,2025,11792.0
39323,21193,2025,13202.5
39324,21194,2025,57611.5
39325,21195,2025,55473.5
39326,21196,2025,3066.0
39327,21197,2025,166261.5
39328,21198,2025,2697.0
39329,21199,2025,90919.0
39330,21200,2025,6422.0
39331,21201,2025,6942.5
39332,21202,2025,26826.0
39333,21203,2025,15493.5
39334,21204,2025,16264.0
39335,21205,2025,56198.5
39336,21206,2025,9733.0
39337,21207,2025,120380.5
39338,21208,2025,185832.5
39339,21209,2025,17643.0
39340,21210,2025,11417.0
39341,21211,2025,34818.5
39342,21212,2025,42712.0
39343,21213,2025,23436.5
39344,21214,2025,39409.5
39345,21215,2025,9013.0
39346,21216,2025,4740.0
39347,21217,2025,40494.5
39348,22000,2025,2640873.5
39349,22001,2025,138409.5
39350,22002,2025,55095.0
39351,22003,2025,26579.5
39352,22004,2025,143271.0
39353,22005,2025,143227.0
39354,22006,2025,494642.5
39355,22007,2025,97546.5
39356,22008,2025,74938.5
39357,22009,2025,56519.5
39358,22010,2025,36482.0
39359,22011,2025,578662.5
39360,22012,2025,168311.0
39361,22013,2025,39042.0
39362,22014,2025,2347411.5
39363,22015,2025,16196.5
39364,22016,2025,652417.5
39365,22017,2025,153373.5
39366,22018,2025,57480.0
39367,23000,2025,2129263.0
39368,23001,2025,186712.5
39369,23002,2025,177083.0
39370,23003,2025,52111.5
39371,23004,2025,457753.5
39372,23005,2025,2073493.0
39373,23006,2025,81392.0
39374,23007,2025,62323.0
39375,23008,2025,842860.5
39376,23009,2025,112335.5
39377,23010,2025,
39378,23011,2025,
39379,24000,2025,2949613.5
39380,24001,2025,38353.0
39381,24002,2025,15205.0
39382,24003,2025,97843.0
39383,24004,2025,7605.0
39384,24005,2025,36055.5
39385,24006,2025,19157.5
39386,24007,2025,41127.5
39387,24008,2025,44882.5
39388,24009,2025,11146.5
39389,24010,2025,59694.0
39390,24011,2025,100971.5
39391,24012,2025,39989.0
39392,24013,2025,371714.0
39393,24014,2025,30002.0
39394,24015,2025,44509.5
39395,24016,2025,81269.0
39396,24017,2025,49461.5
39397,24018,2025,30696.0
39398,24019,2025,10655.5
39399,24020,2025,215449.0
39400,24021,2025,122001.5
39401,24022,2025,37836.0
39402,24023,2025,30276.5
39403,24024,2025,202610.0
39404,24025,2025,63186.0
39405,24026,2025,18817.5
39406,24027,2025,20614.5
39407,24028,2025,1963328.5
39408,24029,2025,34304.0
39409,24030,2025,8902.0
39410,24031,2025,24741.0
39411,24032,2025,79687.5
39412,24033,2025,20339.5
39413,24034,2025,30129.5
39414,24035,2025,728848.0
39415,24036,2025,58879.0
39416,24037,2025,188402.0
39417,24038,2025,27303.0
39418,24039,2025,26835.5
39419,24040,2025,73385.0
39420,24041,2025,35373.0
39421,24042,2025,26119.5
39422,24043,2025,15051.0
39423,24044,2025,14802.5
39424,24045,2025,28262.0
39425,24046,2025,38479.5
39426,24047,2025,18150.5
39427,24048,2025,10558.0
39428,24049,2025,77287.0
39429,24050,2025,112034.0
39430,24051,2025,31535.5
39431,24052,2025,20776.5
39432,24053,2025,64540.0
39433,24054,2025,97810.5
39434,24055,2025,57689.5
39435,24056,2025,36366.5
39436,24057,2025,56699.5
39437,24058,2025,42489.0
39438,25000,2025,3189406.5
39439,25001,2025,963297.5
39440,25002,2025,87685.5
39441,25003,2025,50019.0
39442,25004,2025,46436.5
39443,25005,2025,34407.5
39444,25006,2025,2160154.5
39445,25007,2025,55529.5
39446,25008,2025,130083.0
39447,25009,2025,126088.5
39448,25010,2025,192662.0
39449,25011,2025,585495.0
39450,25012,2025,1067941.5
39451,25013,2025,75502.5
39452,25014,2025,108020.0
39453,25015,2025,159518.5
39454,25016,2025,36261.0
39455,25017,2025,148387.0
39456,25018,2025,318451.5
39457,26000,2025,3108164.5
39458,26001,2025,5062.5
39459,26002,2025,196532.5
39460,26003,2025,49454.5
39461,26004,2025,19637.0
39462,26005,2025,2281.0
39463,26006,2025,5424.5
39464,26007,2025,1266.0
39465,26008,2025,1684.5
39466,26009,2025,1516.5
39467,26010,2025,2218.5
39468,26011,2025,2872.5
39469,26012,2025,47639.0
39470,26013,2025,3870.0
39471,26014,2025,6052.5
39472,26015,2025,2052.5
39473,26016,2025,9748.5
39474,26017,2025,187462.0
39475,26018,2025,902677.0
39476,26019,2025,85525.5
39477,26020,2025,9722.0
39478,26021,2025,4062.0
39479,26022,2025,1763.0
39480,26023,2025,11152.5
39481,26024,2025,1446.0
39482,26025,2025,101821.5
39483,26026,2025,123763.0
39484,26027,2025,18676.0
39485,26028,2025,1874.0
39486,26029,2025,322058.5
39487,26030,2025,2030564.0
39488,26031,2025,2233.0
39489,26032,2025,1700.5
39490,26033,2025,154135.0
39491,26034,2025,1680.5
39492,26035,2025,26162.0
39493,26036,2025,69783.0
39494,26037,2025,1973.0
39495,26038,2025,10849.5
39496,26039,2025,10947.0
39497,26040,2025,2544.5
39498,26041,2025,30513.5
39499,26042,2025,336038.0
39500,26043,2025,573442.5
39501,26044,2025,705.0
39502,26045,2025,4688.0
39503,26046,2025,1062.0
39504,26047,2025,18168.5
39505,26048,2025,130820.0
39506,26049,2025,6110.5
39507,26050,2025,2918.0
39508,26051,2025,9375.0
39509,26052,2025,9761.5
39510,26053,2025,715.5
39511,26054,2025,1125.5
39512,26055,2025,420111.0
39513,26056,2025,23942.0
39514,26057,2025,2848.0
39515,26058,2025,32851.0
39516,26059,2025,3569.5
39517,26060,2025,3565.5
39518,26061,2025,2913.5
39519,26062,2025,2261.0
39520,26063,2025,2169.0
39521,26064,2025,2499.0
39522,26065,2025,2735.5
39523,26066,2025,16832.0
39524,26067,2025,2548.0
39525,26068,2025,1951.0
39526,26069,2025,8410.5
39527,26070,2025,25357.5
39528,26071,2025,43243.0
39529,26072,2025,29046.5
39530,27000,2025,2486262.5
39531,27001,2025,119658.5
39532,27002,2025,481246.0
39533,27003,2025,221256.5
39534,27004,2025,1410477.0
39535,27005,2025,451829.5
39536,27006,2025,285355.0
39537,27007,2025,67142.0
39538,27008,2025,393533.5
39539,27009,2025,76856.5
39540,27010,2025,190211.5
39541,27011,2025,63069.5
39542,27012,2025,322679.5
39543,27013,2025,335837.0
39544,27014,2025,203603.0
39545,27015,2025,97432.0
39546,27016,2025,122625.5
39547,27017,2025,128045.5
39548,28000,2025,3669446.5
39549,28001,2025,17408.0
39550,28002,2025,57181.5
39551,28003,2025,598428.5
39552,28004,2025,17726.0
39553,28005,2025,8331.0
39554,28006,2025,14993.0
39555,28007,2025,35110.0
39556,28008,2025,8204.5
39557,28009,2025,420583.0
39558,28010,2025,3080.0
39559,28011,2025,16187.5
39560,28012,2025,81283.0
39561,28013,2025,29623.0
39562,28014,2025,7329.0
39563,28015,2025,31346.5
39564,28016,2025,27356.5
39565,28017,2025,32959.5
39566,28018,2025,10798.0
39567,28019,2025,26890.5
39568,28020,2025,3632.5
39569,28021,2025,202883.0
39570,28022,2025,1137907.0
39571,28023,2025,8546.5
39572,28024,2025,14546.0
39573,28025,2025,51956.5
39574,28026,2025,7624.5
39575,28027,2025,891119.0
39576,28028,2025,8125.5
39577,28029,2025,26760.0
39578,28030,2025,26978.0
39579,28031,2025,4005.5
39580,28032,2025,1507250.5
39581,28033,2025,280102.0
39582,28034,2025,13058.5
39583,28035,2025,97331.0
39584,28036,2025,1771.5
39585,28037,2025,46833.5
39586,28038,2025,595145.0
39587,28039,2025,57211.0
39588,28040,2025,117529.0
39589,28041,2025,727687.5
39590,28042,2025,9944.0
39591,28043,2025,44005.5
39592,29000,2025,1431451.0
39593,29001,2025,24351.0
39594,29002,2025,34648.0
39595,29003,2025,15365.5
39596,29004,2025,38435.0
39597,29005,2025,165701.0
39598,29006,2025,108803.5
39599,29007,2025,36635.5
39600,29008,2025,35065.5
39601,29009,2025,12718.0
39602,29010,2025,153505.0
39603,29011,2025,10044.0
39604,29012,2025,19808.5
39605,29013,2025,211504.5
39606,29014,2025,31689.0
39607,29015,2025,81817.5
39608,29016,2025,15753.0
39609,29017,2025,25047.5
39610,29018,2025,80649.0
39611,29019,2025,48088.0
39612,29020,2025,19858.5
39613,29021,2025,39483.0
39614,29022,2025,13585.0
39615,29023,2025,55322.5
39616,29024,2025,59949.5
39617,29025,2025,178485.5
39618,29026,2025,54390.0
39619,29027,2025,27153.0
39620,29028,2025,54146.0
39621,29029,2025,28936.0
39622,29030,2025,32772.0
39623,29031,2025,77268.5
39624,29032,2025,28281.0
39625,29033,2025,209920.0
39626,29034,2025,96668.0
39627,29035,2025,13311.0
39628,29036,2025,46957.5
39629,29037,2025,19404.0
39630,29038,2025,39429.0
39631,29039,2025,55111.0
39632,29040,2025,22087.0
39633,29041,2025,73521.0
39634,29042,2025,30336.0
39635,29043,2025,93681.0
39636,29044,2025,98492.0
39637,29045,2025,12956.0
39638,29046,2025,10744.5
39639,29047,2025,7860.5
39640,29048,2025,40274.0
39641,29049,2025,12602.0
39642,29050,2025,25420.5
39643,29051,2025,8690.0
39644,29052,2025,13695.5
39645,29053,2025,16245.0
39646,29054,2025,12025.5
39647,29055,2025,6444.5
39648,29056,2025,16996.0
39649,29057,2025,9566.0
39650,29058,2025,20397.0
39651,29059,2025,16961.5
39652,29060,2025,11893.0
39653,30000,2025,8302393.5
39654,30001,2025,20938.5
39655,30002,2025,7250.0
39656,30003,2025,159209.0
39657,30004,2025,84495.5
39658,30005,2025,10666.5
39659,30006,2025,48348.5
39660,30007,2025,13432.0
39661,30008,2025,21323.0
39662,30009,2025,56677.0
39663,30010,2025,132330.5
39664,30011,2025,119388.0
39665,30012,2025,16114.0
39666,30013,2025,53140.5
39667,30014,2025,99624.5
39668,30015,2025,68195.0
39669,30016,2025,60580.5
39670,30017,2025,10100.0
39671,30018,2025,4137.0
39672,30019,2025,14732.0
39673,30020,2025,24907.0
39674,30021,2025,47544.0
39675,30022,2025,47889.0
39676,30023,2025,99210.5
39677,30024,2025,34848.5
39678,30025,2025,56192.5
39679,30026,2025,56477.5
39680,30027,2025,31702.0
39681,30028,2025,295607.5
39682,30029,2025,28174.0
39683,30030,2025,83727.0
39684,30031,2025,40382.0
39685,30032,2025,100388.5
39686,30033,2025,49803.5
39687,30034,2025,49254.5
39688,30035,2025,22412.0
39689,30036,2025,23634.5
39690,30037,2025,16742.5
39691,30038,2025,195333.0
39692,30039,2025,628130.5
39693,30040,2025,116816.0
39694,30041,2025,4926.0
39695,30042,2025,11549.5
39696,30043,2025,40975.0
39697,30044,2025,417626.0
39698,30045,2025,106967.5
39699,30046,2025,32844.5
39700,30047,2025,125900.0
39701,30048,2025,275076.5
39702,30049,2025,46735.0
39703,30050,2025,33506.0
39704,30051,2025,47488.5
39705,30052,2025,23962.5
39706,30053,2025,58021.0
39707,30054,2025,22786.0
39708,30055,2025,28005.5
39709,30056,2025,13169.5
39710,30057,2025,28506.0
39711,30058,2025,106741.5
39712,30059,2025,52955.0
39713,30060,2025,33668.0
39714,30061,2025,167144.5
39715,30062,2025,43921.0
39716,30063,2025,25482.5
39717,30064,2025,8135.0
39718,30065,2025,194919.0
39719,30066,2025,55023.5
39720,30067,2025,41162.5
39721,30068,2025,139400.5
39722,30069,2025,47993.5
39723,30070,2025,36913.5
39724,30071,2025,125230.0
39725,30072,2025,44681.0
39726,30073,2025,83439.0
39727,30074,2025,15129.0
39728,30075,2025,32472.5
39729,30076,2025,26556.0
39730,30077,2025,86979.0
39731,30078,2025,24444.0
39732,30079,2025,23458.0
39733,30080,2025,48008.0
39734,30081,2025,60733.5
39735,30082,2025,32680.5
39736,30083,2025,102858.0
39737,30084,2025,11140.0
39738,30085,2025,156621.0
39739,30086,2025,99641.0
39740,30087,2025,1007738.5
39741,30088,2025,10220.0
39742,30089,2025,76566.0
39743,30090,2025,23039.5
39744,30091,2025,59109.0
39745,30092,2025,83781.5
39746,30093,2025,34455.5
39747,30094,2025,78243.0
39748,30095,2025,28865.0
39749,30096,2025,3083.0
39750,30097,2025,37297.5
39751,30098,2025,6977.0
39752,30099,2025,38100.0
39753,30100,2025,49228.5
39754,30101,2025,82084.0
39755,30102,2025,225486.5
39756,30103,2025,26589.0
39757,30104,2025,34198.5
39758,30105,2025,226624.0
39759,30106,2025,10097.5
39760,30107,2025,5905.0
39761,30108,2025,276788.0
39762,30109,2025,134544.0
39763,30110,2025,25992.0
39764,30111,2025,33618.5
39765,30112,2025,48258.0
39766,30113,2025,9342.5
39767,30114,2025,20626.5
39768,30115,2025,77247.0
39769,30116,2025,36511.5
39770,30117,2025,48795.0
39771,30118,2025,248556.0
39772,30119,2025,11724.0
39773,30120,2025,16044.0
39774,30121,2025,47148.0
39775,30122,2025,38277.0
39776,30123,2025,191780.0
39777,30124,2025,321511.0
39778,30125,2025,66622.0
39779,30126,2025,67825.5
39780,30127,2025,61176.5
39781,30128,2025,164638.0
39782,30129,2025,36517.5
39783,30130,2025,77498.5
39784,30131,2025,375088.5
39785,30132,2025,42951.5
39786,30133,2025,118544.0
39787,30134,2025,49126.5
39788,30135,2025,52160.0
39789,30136,2025,18010.5
39790,30137,2025,13437.0
39791,30138,2025,84765.5
39792,30139,2025,12505.5
39793,30140,2025,6683.0
39794,30141,2025,330160.5
39795,30142,2025,65122.0
39796,30143,2025,115016.0
39797,30144,2025,65870.5
39798,30145,2025,35547.5
39799,30146,2025,8273.0
39800,30147,2025,52345.0
39801,30148,2025,57487.0
39802,30149,2025,70638.5
39803,30150,2025,23778.5
39804,30151,2025,42322.0
39805,30152,2025,22825.5
39806,30153,2025,11570.5
39807,30154,2025,23309.0
39808,30155,2025,198849.0
39809,30156,2025,12575.5
39810,30157,2025,41844.5
39811,30158,2025,48858.0
39812,30159,2025,65579.0
39813,30160,2025,217801.5
39814,30161,2025,69233.5
39815,30162,2025,13097.0
39816,30163,2025,9901.5
39817,30164,2025,34583.5
39818,30165,2025,18526.0
39819,30166,2025,19223.5
39820,30167,2025,29982.0
39821,30168,2025,34396.0
39822,30169,2025,44292.5
39823,30170,2025,21872.0
39824,30171,2025,11433.0
39825,30172,2025,39838.0
39826,30173,2025,111067.0
39827,30174,2025,193160.0
39828,30175,2025,188815.0
39829,30176,2025,8839.0
39830,30177,2025,24758.0
39831,30178,2025,25634.0
39832,30179,2025,8894.5
39833,30180,2025,21459.5
39834,30181,2025,76541.5
39835,30182,2025,42680.0
39836,30183,2025,126095.0
39837,30184,2025,16657.5
39838,30185,2025,11761.0
39839,30186,2025,14826.0
39840,30187,2025,12630.5
39841,30188,2025,35257.0
39842,30189,2025,320905.0
39843,30190,2025,4608.0
39844,30191,2025,61323.5
39845,30192,2025,41429.5
39846,30193,2025,1269569.0
39847,30194,2025,26634.0
39848,30195,2025,12539.5
39849,30196,2025,36293.5
39850,30197,2025,22268.0
39851,30198,2025,13593.0
39852,30199,2025,24994.0
39853,30200,2025,25376.0
39854,30201,2025,93165.5
39855,30202,2025,30106.5
39856,30203,2025,30145.5
39857,30204,2025,86397.0
39858,30205,2025,39286.5
39859,30206,2025,60549.0
39860,30207,2025,90253.0
39861,30208,2025,47253.0
39862,30209,2025,30953.5
39863,30210,2025,65584.5
39864,30211,2025,61881.0
39865,30212,2025,26894.5
39866,31000,2025,2508029.5
39867,31001,2025,13296.0
39868,31002,2025,35034.0
39869,31003,2025,26493.5
39870,31004,2025,12992.0
39871,31005,2025,4447.5
39872,31006,2025,18863.5
39873,31007,2025,15692.0
39874,31008,2025,7751.5
39875,31009,2025,8727.0
39876,31010,2025,5878.0
39877,31011,2025,18339.0
39878,31012,2025,7529.5
39879,31013,2025,40973.5
39880,31014,2025,3538.0
39881,31015,2025,11723.5
39882,31016,2025,6505.0
39883,31017,2025,9597.0
39884,31018,2025,7138.0
39885,31019,2025,83426.5
39886,31020,2025,9398.5
39887,31021,2025,20277.0
39888,31022,2025,8933.5
39889,31023,2025,10073.5
39890,31024,2025,6588.0
39891,31025,2025,13070.0
39892,31026,2025,7385.0
39893,31027,2025,16953.5
39894,31028,2025,6382.0
39895,31029,2025,12906.5
39896,31030,2025,8508.0
39897,31031,2025,5691.5
39898,31032,2025,34804.0
39899,31033,2025,44728.5
39900,31034,2025,13511.0
39901,31035,2025,13468.5
39902,31036,2025,17047.0
39903,31037,2025,10905.5
39904,31038,2025,74684.0
39905,31039,2025,8752.0
39906,31040,2025,59746.5
39907,31041,2025,347163.5
39908,31042,2025,11169.5
39909,31043,2025,7470.0
39910,31044,2025,16026.0
39911,31045,2025,5581.0
39912,31046,2025,7006.0
39913,31047,2025,12675.0
39914,31048,2025,50310.0
39915,31049,2025,8636.5
39916,31050,2025,2155000.5
39917,31051,2025,7257.5
39918,31052,2025,79533.5
39919,31053,2025,28156.5
39920,31054,2025,6217.5
39921,31055,2025,14955.5
39922,31056,2025,72268.0
39923,31057,2025,15962.5
39924,31058,2025,53787.5
39925,31059,2025,144086.5
39926,31060,2025,1987.5
39927,31061,2025,8572.5
39928,31062,2025,10307.5
39929,31063,2025,11905.0
39930,31064,2025,3484.0
39931,31065,2025,4563.5
39932,31066,2025,8868.0
39933,31067,2025,20906.5
39934,31068,2025,6508.5
39935,31069,2025,18472.5
39936,31070,2025,8084.5
39937,31071,2025,4179.0
39938,31072,2025,3708.0
39939,31073,2025,13140.5
39940,31074,2025,7716.0
39941,31075,2025,14544.0
39942,31076,2025,37658.0
39943,31077,2025,5437.5
39944,31078,2025,7558.0
39945,31079,2025,94778.5
39946,31080,2025,23165.0
39947,31081,2025,6982.5
39948,31082,2025,6983.0
39949,31083,2025,4020.0
39950,31084,2025,14318.0
39951,31085,2025,35301.0
39952,31086,2025,4188.0
39953,31087,2025,11686.5
39954,31088,2025,3773.0
39955,31089,2025,83837.0
39956,31090,2025,15725.5
39957,31091,2025,26689.0
39958,31092,2025,17002.5
39959,31093,2025,38144.5
39960,31094,2025,11585.5
39961,31095,2025,11699.5
39962,31096,2025,169710.0
39963,31097,2025,7623.0
39964,31098,2025,32106.0
39965,31099,2025,8794.5
39966,31100,2025,8697.0
39967,31101,2025,156608.5
39968,31102,2025,182619.0
39969,31103,2025,7119.5
39970,31104,2025,34300.5
39971,31105,2025,7008.0
39972,31106,2025,4500.0
39973,32000,2025,1695706.0
39974,32001,2025,12576.5
39975,32002,2025,9875.0
39976,32003,2025,4180.5
39977,32004,2025,9129.0
39978,32005,2025,97695.0
39979,32006,2025,16527.0
39980,32007,2025,23643.0
39981,32008,2025,28598.0
39982,32009,2025,19784.5
39983,32010,2025,509851.0
39984,32011,2025,7201.0
39985,32012,2025,16522.0
39986,32013,2025,14136.5
39987,32014,2025,38675.5
39988,32015,2025,3150.0
39989,32016,2025,48342.5
39990,32017,2025,475479.0
39991,32018,2025,9402.5
39992,32019,2025,52570.0
39993,32020,2025,122391.0
39994,32021,2025,8846.5
39995,32022,2025,38732.5
39996,32023,2025,24504.5
39997,32024,2025,112928.0
39998,32025,2025,27469.0
39999,32026,2025,35519.0
40000,32027,2025,5551.5
40001,32028,2025,4863.0
40002,32029,2025,48953.5
40003,32030,2025,4810.0
40004,32031,2025,17362.0
40005,32032,2025,28193.0
40006,32033,2025,9115.5
40007,32034,2025,55979.5
40008,32035,2025,33264.5
40009,32036,2025,91871.5
40010,32037,2025,36303.5
40011,32038,2025,147191.0
40012,32039,2025,131028.5
40013,32040,2025,44028.5
40014,32041,2025,4850.0
40015,32042,2025,130092.5
40016,32043,2025,2745.0
40017,32044,2025,34142.5
40018,32045,2025,16753.0
40019,32046,2025,12378.0
40020,32047,2025,10633.5
40021,32048,2025,56494.5
40022,32049,2025,64279.5
40023,32050,2025,21485.0
40024,32051,2025,69914.5
40025,32052,2025,40390.5
40026,32053,2025,26771.5
40027,32054,2025,39956.5
40028,32055,2025,65597.5
40029,32056,2025,310830.0
40030,32057,2025,44514.0
40031,32058,2025,5506.5
