CVEGEO,regime,regime_label,current_state,crime_rate_2024,D,U,pi,G,TRS,SCS,PP,CRI_raw,CRI,CRI_spatial,CRI_label
05012,df_regime1,Very Low Violence,1,0,0.0,0.0,1.0,0.0,0.0,-0.0,1.0,0.2,0.7558951071076286,0.7036483188634094,Moderate Resilience
07002,df_regime1,Very Low Violence,1,0,0.0,0.0,1.0,0.0,0.0,-0.0,1.0,0.2,0.7558951071076286,0.7451011215883669,Moderate Resilience
07006,df_regime1,Very Low Violence,1,1,0.0,0.0,1.0,0.0,0.0,-0.0,1.0,0.2,0.7558951071076286,0.7243769400396787,Moderate Resilience
07007,df_regime1,Very Low Violence,1,0,0.0,0.0,1.0,0.0,0.0,-0.0,1.0,0.2,0.7558951071076286,0.7805712826843114,High Resilience
07014,df_regime1,Very Low Violence,1,0,0.0,0.0,1.0,0.0,0.0,-0.0,1.0,0.2,0.7558951071076286,0.7479981647629813,Moderate Resilience
07018,df_regime1,Very Low Violence,1,0,0.0,0.0,1.0,0.0,0.0,-0.0,1.0,0.2,0.7558951071076286,0.7318756142379905,Moderate Resilience
07022,df_regime1,Very Low Violence,1,0,0.0,0.0,1.0,0.0,0.0,-0.0,1.0,0.2,0.7558951071076286,0.7355255036793293,Moderate Resilience
07023,df_regime1,Very Low Violence,1,0,0.0,0.0,1.0,0.0,0.0,-0.0,1.0,0.2,0.7558951071076286,0.7526822869314119,High Resilience
07024,df_regime1,Very Low Violence,1,0,0.0,0.0,1.0,0.0,0.0,-0.0,1.0,0.2,0.7558951071076286,0.7660680982540184,High Resilience
07025,df_regime1,Very Low Violence,1,0,0.0,0.0,1.0,0.0,0.0,-0.0,1.0,0.2,0.7558951071076286,0.7601500269504489,High Resilience
07028,df_regime1,Very Low Violence,1,0,0.0,0.0,1.0,0.0,0.0,-0.0,1.0,0.2,0.7558951071076286,0.7639942670563926,High Resilience
07031,df_regime1,Very Low Violence,1,1,0.0,0.0,1.0,0.0,0.0,-0.0,1.0,0.2,0.7558951071076286,0.735093628165341,Moderate Resilience
07033,df_regime1,Very Low Violence,1,0,0.0,0.0,1.0,0.0,0.0,-0.0,1.0,0.2,0.7558951071076286,0.7269018946850639,Moderate Resilience
07034,df_regime1,Very Low Violence,1,1,0.0,0.0,1.0,0.0,0.0,-0.0,1.0,0.2,0.7558951071076286,0.7637205186649819,High Resilience
07036,df_regime1,Very Low Violence,1,0,0.0,0.0,1.0,0.0,0.0,-0.0,1.0,0.2,0.7558951071076286,0.7129364494045002,Moderate Resilience
07038,df_regime1,Very Low Violence,1,0,0.0,0.0,1.0,0.0,0.0,-0.0,1.0,0.2,0.7558951071076286,0.799215312533312,High Resilience
07039,df_regime1,Very Low Violence,1,0,0.0,0.0,1.0,0.0,0.0,-0.0,1.0,0.2,0.7558951071076286,0.6980493756284399,Moderate Resilience
07041,df_regime1,Very Low Violence,1,0,0.0,0.0,1.0,0.0,0.0,-0.0,1.0,0.2,0.7558951071076286,0.7681419294516443,High Resilience
07043,df_regime1,Very Low Violence,1,0,0.0,0.0,1.0,0.0,0.0,-0.0,1.0,0.2,0.7558951071076286,0.7292430582961769,Moderate Resilience
07044,df_regime1,Very Low Violence,1,0,0.0,0.0,1.0,0.0,0.0,-0.0,1.0,0.2,0.7558951071076286,0.7289296110413632,Moderate Resilience
07049,df_regime1,Very Low Violence,1,1,0.0,0.0,1.0,0.0,0.0,-0.0,1.0,0.2,0.7558951071076286,0.7584989151316494,High Resilience
07050,df_regime1,Very Low Violence,1,0,0.0,0.0,1.0,0.0,0.0,-0.0,1.0,0.2,0.7558951071076286,0.7726812338326545,High Resilience
07052,df_regime1,Very Low Violence,1,1,0.0,0.0,1.0,0.0,0.0,-0.0,1.0,0.2,0.7558951071076286,0.7324421680028592,Moderate Resilience
07056,df_regime1,Very Low Violence,1,0,0.0,0.0,1.0,0.0,0.0,-0.0,1.0,0.2,0.7558951071076286,0.7449267826644286,Moderate Resilience
07058,df_regime1,Very Low Violence,1,0,0.0,0.0,1.0,0.0,0.0,-0.0,1.0,0.2,0.7558951071076286,0.799215312533312,High Resilience
07064,df_regime1,Very Low Violence,1,0,0.0,0.0,1.0,0.0,0.0,-0.0,1.0,0.2,0.7558951071076286,0.7544605248604106,High Resilience
07067,df_regime1,Very Low Violence,1,0,0.0,0.0,1.0,0.0,0.0,-0.0,1.0,0.2,0.7558951071076286,0.7445880724965405,Moderate Resilience
07070,df_regime1,Very Low Violence,1,0,0.0,0.0,1.0,0.0,0.0,-0.0,1.0,0.2,0.7558951071076286,0.6918038221183486,Moderate Resilience
07075,df_regime1,Very Low Violence,1,1,0.0,0.0,1.0,0.0,0.0,-0.0,1.0,0.2,0.7558951071076286,0.7759102752220612,High Resilience
07076,df_regime1,Very Low Violence,1,0,0.0,0.0,1.0,0.0,0.0,-0.0,1.0,0.2,0.7558951071076286,0.7154607357188517,Moderate Resilience
07077,df_regime1,Very Low Violence,1,1,0.0,0.0,1.0,0.0,0.0,-0.0,1.0,0.2,0.7558951071076286,0.728801558815303,Moderate Resilience
07083,df_regime1,Very Low Violence,1,0,0.0,0.0,1.0,0.0,0.0,-0.0,1.0,0.2,0.7558951071076286,0.746806296614001,Moderate Resilience
07088,df_regime1,Very Low Violence,1,0,0.0,0.0,1.0,0.0,0.0,-0.0,1.0,0.2,0.7558951071076286,0.7453010480433104,Moderate Resilience
07093,df_regime1,Very Low Violence,1,0,0.0,0.0,1.0,0.0,0.0,-0.0,1.0,0.2,0.7558951071076286,0.7720710475988702,High Resilience
07094,df_regime1,Very Low Violence,1,0,0.0,0.0,1.0,0.0,0.0,-0.0,1.0,0.2,0.7558951071076286,0.7694997107797451,High Resilience
07098,df_regime1,Very Low Violence,1,0,0.0,0.0,1.0,0.0,0.0,-0.0,1.0,0.2,0.7558951071076286,0.7816047897948524,High Resilience
07099,df_regime1,Very Low Violence,1,0,0.0,0.0,1.0,0.0,0.0,-0.0,1.0,0.2,0.7558951071076286,0.7565343560580364,High Resilience
07105,df_regime1,Very Low Violence,1,0,0.0,0.0,1.0,0.0,0.0,-0.0,1.0,0.2,0.7558951071076286,0.6720947399340156,Moderate Resilience
07106,df_regime1,Very Low Violence,1,0,0.0,0.0,1.0,0.0,0.0,-0.0,1.0,0.2,0.7558951071076286,0.7543813276329151,High Resilience
07112,df_regime1,Very Low Violence,1,1,0.0,0.0,1.0,0.0,0.0,-0.0,1.0,0.2,0.7558951071076286,0.7416863319095176,Moderate Resilience
07113,df_regime1,Very Low Violence,1,0,0.0,0.0,1.0,0.0,0.0,-0.0,1.0,0.2,0.7558951071076286,0.7584989151316494,High Resilience
07117,df_regime1,Very Low Violence,1,0,0.0,0.0,1.0,0.0,0.0,-0.0,1.0,0.2,0.7558951071076286,0.712932439418298,Moderate Resilience
07118,df_regime1,Very Low Violence,1,0,0.0,0.0,1.0,0.0,0.0,-0.0,1.0,0.2,0.7558951071076286,0.6750888629650706,Moderate Resilience
07119,df_regime1,Very Low Violence,1,0,0.0,0.0,1.0,0.0,0.0,-0.0,1.0,0.2,0.7558951071076286,0.799215312533312,High Resilience
08014,df_regime1,Very Low Violence,1,0,0.0,0.0,1.0,0.0,0.0,-0.0,1.0,0.2,0.7558951071076286,0.7191350860760245,Moderate Resilience
08020,df_regime1,Very Low Violence,1,0,0.0,0.0,1.0,0.0,0.0,-0.0,1.0,0.2,0.7558951071076286,0.7280962022423173,Moderate Resilience
08025,df_regime1,Very Low Violence,1,0,0.0,0.0,1.0,0.0,0.0,-0.0,1.0,0.2,0.7558951071076286,0.7799723912449971,High Resilience
08026,df_regime1,Very Low Violence,1,0,0.0,0.0,1.0,0.0,0.0,-0.0,1.0,0.2,0.7558951071076286,0.7006506536778757,Moderate Resilience
08033,df_regime1,Very Low Violence,1,0,0.0,0.0,1.0,0.0,0.0,-0.0,1.0,0.2,0.7558951071076286,0.7480909959435647,Moderate Resilience
08034,df_regime1,Very Low Violence,1,0,0.0,0.0,1.0,0.0,0.0,-0.0,1.0,0.2,0.7558951071076286,0.7450624538642732,Moderate Resilience
08043,df_regime1,Very Low Violence,1,0,0.0,0.0,1.0,0.0,0.0,-0.0,1.0,0.2,0.7558951071076286,0.773558084148892,High Resilience
08046,df_regime1,Very Low Violence,1,0,0.0,0.0,1.0,0.0,0.0,-0.0,1.0,0.2,0.7558951071076286,0.6940724718123031,Moderate Resilience
08049,df_regime1,Very Low Violence,1,0,0.0,0.0,1.0,0.0,0.0,-0.0,1.0,0.2,0.7558951071076286,0.7205547548578476,Moderate Resilience
08051,df_regime1,Very Low Violence,1,0,0.0,0.0,1.0,0.0,0.0,-0.0,1.0,0.2,0.7558951071076286,0.7265503525613285,Moderate Resilience
08053,df_regime1,Very Low Violence,1,0,0.0,0.0,1.0,0.0,0.0,-0.0,1.0,0.2,0.7558951071076286,0.6556136966425388,Moderate Resilience
08056,df_regime1,Very Low Violence,1,0,0.0,0.0,1.0,0.0,0.0,-0.0,1.0,0.2,0.7558951071076286,0.7495095285626304,Moderate Resilience
08057,df_regime1,Very Low Violence,1,0,0.0,0.0,1.0,0.0,0.0,-0.0,1.0,0.2,0.7558951071076286,0.7009481946540869,Moderate Resilience
08058,df_regime1,Very Low Violence,1,0,0.0,0.0,1.0,0.0,0.0,-0.0,1.0,0.2,0.7558951071076286,0.7108480485903393,Moderate Resilience
08063,df_regime1,Very Low Violence,1,0,0.0,0.0,1.0,0.0,0.0,-0.0,1.0,0.2,0.7558951071076286,0.7624833933661683,High Resilience
10002,df_regime1,Very Low Violence,1,0,0.0,0.0,1.0,0.0,0.0,-0.0,1.0,0.2,0.7558951071076286,0.7455075623327292,Moderate Resilience
10003,df_regime1,Very Low Violence,1,0,0.0,0.0,1.0,0.0,0.0,-0.0,1.0,0.2,0.7558951071076286,0.7460054689528488,Moderate Resilience
10006,df_regime1,Very Low Violence,1,0,0.0,0.0,1.0,0.0,0.0,-0.0,1.0,0.2,0.7558951071076286,0.7325292419889664,Moderate Resilience
10010,df_regime1,Very Low Violence,1,0,0.0,0.0,1.0,0.0,0.0,-0.0,1.0,0.2,0.7558951071076286,0.766578034832745,High Resilience
10011,df_regime1,Very Low Violence,1,0,0.0,0.0,1.0,0.0,0.0,-0.0,1.0,0.2,0.7558951071076286,0.7727995284256225,High Resilience
10014,df_regime1,Very Low Violence,1,1,0.0,0.0,1.0,0.0,0.0,-0.0,1.0,0.2,0.7558951071076286,0.6819530682353732,Moderate Resilience
10018,df_regime1,Very Low Violence,1,0,0.0,0.0,1.0,0.0,0.0,-0.0,1.0,0.2,0.7558951071076286,0.7763480797870772,High Resilience
10019,df_regime1,Very Low Violence,1,0,0.0,0.0,1.0,0.0,0.0,-0.0,1.0,0.2,0.7558951071076286,0.7927097782511044,High Resilience
10021,df_regime1,Very Low Violence,1,0,0.0,0.0,1.0,0.0,0.0,-0.0,1.0,0.2,0.7558951071076286,0.705303039669791,Moderate Resilience
10025,df_regime1,Very Low Violence,1,0,0.0,0.0,1.0,0.0,0.0,-0.0,1.0,0.2,0.7558951071076286,0.7815259267328737,High Resilience
10027,df_regime1,Very Low Violence,1,0,0.0,0.0,1.0,0.0,0.0,-0.0,1.0,0.2,0.7558951071076286,0.743623871314196,Moderate Resilience
10029,df_regime1,Very Low Violence,1,0,0.0,0.0,1.0,0.0,0.0,-0.0,1.0,0.2,0.7558951071076286,0.7287732215794733,Moderate Resilience
10030,df_regime1,Very Low Violence,1,0,0.0,0.0,1.0,0.0,0.0,-0.0,1.0,0.2,0.7558951071076286,0.7615595371005593,High Resilience
11006,df_regime1,Very Low Violence,1,0,0.0,0.0,1.0,0.0,0.0,-0.0,1.0,0.2,0.7558951071076286,0.6550342536363055,Moderate Resilience
12002,df_regime1,Very Low Violence,1,0,0.0,0.0,1.0,0.0,0.0,-0.0,1.0,0.2,0.7558951071076286,0.692513016820985,Moderate Resilience
12003,df_regime1,Very Low Violence,1,0,0.0,0.0,1.0,0.0,0.0,-0.0,1.0,0.2,0.7558951071076286,0.7169223756895923,Moderate Resilience
12016,df_regime1,Very Low Violence,1,0,0.0,0.0,1.0,0.0,0.0,-0.0,1.0,0.2,0.7558951071076286,0.7301152302951783,Moderate Resilience
12020,df_regime1,Very Low Violence,1,2,0.0,0.0,1.0,0.0,0.0,-0.0,1.0,0.2,0.7558951071076286,0.7213240038776566,Moderate Resilience
12026,df_regime1,Very Low Violence,1,0,0.0,0.0,1.0,0.0,0.0,-0.0,1.0,0.2,0.7558951071076286,0.7101463010049358,Moderate Resilience
12027,df_regime1,Very Low Violence,1,0,0.0,0.0,1.0,0.0,0.0,-0.0,1.0,0.2,0.7558951071076286,0.7666421946119819,High Resilience
12031,df_regime1,Very Low Violence,1,0,0.0,0.0,1.0,0.0,0.0,-0.0,1.0,0.2,0.7558951071076286,0.6427710474986207,Moderate Resilience
12032,df_regime1,Very Low Violence,1,1,0.0,0.0,1.0,0.0,0.0,-0.0,1.0,0.2,0.7558951071076286,0.7357728195783565,Moderate Resilience
12047,df_regime1,Very Low Violence,1,0,0.0,0.0,1.0,0.0,0.0,-0.0,1.0,0.2,0.7558951071076286,0.6896632914835578,Moderate Resilience
12054,df_regime1,Very Low Violence,1,2,0.0,0.0,1.0,0.0,0.0,-0.0,1.0,0.2,0.7558951071076286,0.7241390141916753,Moderate Resilience
12063,df_regime1,Very Low Violence,1,0,0.0,0.0,1.0,0.0,0.0,-0.0,1.0,0.2,0.7558951071076286,0.7213544129396907,Moderate Resilience
12064,df_regime1,Very Low Violence,1,0,0.0,0.0,1.0,0.0,0.0,-0.0,1.0,0.2,0.7558951071076286,0.7014959587693218,Moderate Resilience
12067,df_regime1,Very Low Violence,1,0,0.0,0.0,1.0,0.0,0.0,-0.0,1.0,0.2,0.7558951071076286,0.7177825177299869,Moderate Resilience
12070,df_regime1,Very Low Violence,1,0,0.0,0.0,1.0,0.0,0.0,-0.0,1.0,0.2,0.7558951071076286,0.7070698395905268,Moderate Resilience
12073,df_regime1,Very Low Violence,1,0,0.0,0.0,1.0,0.0,0.0,-0.0,1.0,0.2,0.7558951071076286,0.7284310360902099,Moderate Resilience
12076,df_regime1,Very Low Violence,1,0,0.0,0.0,1.0,0.0,0.0,-0.0,1.0,0.2,0.7558951071076286,0.7153608870624143,Moderate Resilience
13006,df_regime1,Very Low Violence,1,0,0.0,0.0,1.0,0.0,0.0,-0.0,1.0,0.2,0.7558951071076286,0.7081418425686099,Moderate Resilience
13026,df_regime1,Very Low Violence,1,0,0.0,0.0,1.0,0.0,0.0,-0.0,1.0,0.2,0.7558951071076286,0.6942924195554996,Moderate Resilience
13027,df_regime1,Very Low Violence,1,0,0.0,0.0,1.0,0.0,0.0,-0.0,1.0,0.2,0.7558951071076286,0.7213923645948197,Moderate Resilience
13033,df_regime1,Very Low Violence,1,0,0.0,0.0,1.0,0.0,0.0,-0.0,1.0,0.2,0.7558951071076286,0.7324744388442016,Moderate Resilience
13036,df_regime1,Very Low Violence,1,0,0.0,0.0,1.0,0.0,0.0,-0.0,1.0,0.2,0.7558951071076286,0.7000674011847503,Moderate Resilience
13040,df_regime1,Very Low Violence,1,0,0.0,0.0,1.0,0.0,0.0,-0.0,1.0,0.2,0.7558951071076286,0.7268063233472423,Moderate Resilience
13043,df_regime1,Very Low Violence,1,0,0.0,0.0,1.0,0.0,0.0,-0.0,1.0,0.2,0.7558951071076286,0.7428044306337549,Moderate Resilience
13047,df_regime1,Very Low Violence,1,0,0.0,0.0,1.0,0.0,0.0,-0.0,1.0,0.2,0.7558951071076286,0.6816256751396561,Moderate Resilience
13062,df_regime1,Very Low Violence,1,0,0.0,0.0,1.0,0.0,0.0,-0.0,1.0,0.2,0.7558951071076286,0.7728022017497574,High Resilience
13068,df_regime1,Very Low Violence,1,0,0.0,0.0,1.0,0.0,0.0,-0.0,1.0,0.2,0.7558951071076286,0.7336095322718676,Moderate Resilience
13080,df_regime1,Very Low Violence,1,0,0.0,0.0,1.0,0.0,0.0,-0.0,1.0,0.2,0.7558951071076286,0.7441690862239166,Moderate Resilience
14001,df_regime1,Very Low Violence,1,0,0.0,0.0,1.0,0.0,0.0,-0.0,1.0,0.2,0.7558951071076286,0.6566362431241266,Moderate Resilience
14010,df_regime1,Very Low Violence,1,0,0.0,0.0,1.0,0.0,0.0,-0.0,1.0,0.2,0.7558951071076286,0.7387584691266625,Moderate Resilience
14011,df_regime1,Very Low Violence,1,0,0.0,0.0,1.0,0.0,0.0,-0.0,1.0,0.2,0.7558951071076286,0.7126965185633956,Moderate Resilience
14012,df_regime1,Very Low Violence,1,0,0.0,0.0,1.0,0.0,0.0,-0.0,1.0,0.2,0.7558951071076286,0.7770970306386337,High Resilience
14014,df_regime1,Very Low Violence,1,0,0.0,0.0,1.0,0.0,0.0,-0.0,1.0,0.2,0.7558951071076286,0.7662348945848619,High Resilience
14019,df_regime1,Very Low Violence,1,0,0.0,0.0,1.0,0.0,0.0,-0.0,1.0,0.2,0.7558951071076286,0.7751610093001604,High Resilience
14026,df_regime1,Very Low Violence,1,0,0.0,0.0,1.0,0.0,0.0,-0.0,1.0,0.2,0.7558951071076286,0.7122822487983527,Moderate Resilience
14028,df_regime1,Very Low Violence,1,0,0.0,0.0,1.0,0.0,0.0,-0.0,1.0,0.2,0.7558951071076286,0.7340049169114149,Moderate Resilience
14031,df_regime1,Very Low Violence,1,0,0.0,0.0,1.0,0.0,0.0,-0.0,1.0,0.2,0.7558951071076286,0.766578034832745,High Resilience
14032,df_regime1,Very Low Violence,1,0,0.0,0.0,1.0,0.0,0.0,-0.0,1.0,0.2,0.7558951071076286,0.7446761585267845,Moderate Resilience
14033,df_regime1,Very Low Violence,1,2,0.0,0.0,1.0,0.0,0.0,-0.0,1.0,0.2,0.7558951071076286,0.72062279095708,Moderate Resilience
14038,df_regime1,Very Low Violence,1,0,0.0,0.0,1.0,0.0,0.0,-0.0,1.0,0.2,0.7558951071076286,0.7007645372860212,Moderate Resilience
14052,df_regime1,Very Low Violence,1,0,0.0,0.0,1.0,0.0,0.0,-0.0,1.0,0.2,0.7558951071076286,0.7281352996077899,Moderate Resilience
14056,df_regime1,Very Low Violence,1,0,0.0,0.0,1.0,0.0,0.0,-0.0,1.0,0.2,0.7558951071076286,0.7142567373616094,Moderate Resilience
14060,df_regime1,Very Low Violence,1,0,0.0,0.0,1.0,0.0,0.0,-0.0,1.0,0.2,0.7558951071076286,0.7250265578044522,Moderate Resilience
14069,df_regime1,Very Low Violence,1,0,0.0,0.0,1.0,0.0,0.0,-0.0,1.0,0.2,0.7558951071076286,0.7424018280190434,Moderate Resilience
14071,df_regime1,Very Low Violence,1,0,0.0,0.0,1.0,0.0,0.0,-0.0,1.0,0.2,0.7558951071076286,0.7480992164152794,Moderate Resilience
14075,df_regime1,Very Low Violence,1,0,0.0,0.0,1.0,0.0,0.0,-0.0,1.0,0.2,0.7558951071076286,0.6764916898048439,Moderate Resilience
14076,df_regime1,Very Low Violence,1,0,0.0,0.0,1.0,0.0,0.0,-0.0,1.0,0.2,0.7558951071076286,0.7714397421044206,High Resilience
14089,df_regime1,Very Low Violence,1,0,0.0,0.0,1.0,0.0,0.0,-0.0,1.0,0.2,0.7558951071076286,0.7454454075465935,Moderate Resilience
14102,df_regime1,Very Low Violence,1,0,0.0,0.0,1.0,0.0,0.0,-0.0,1.0,0.2,0.7558951071076286,0.7446079887613453,Moderate Resilience
14106,df_regime1,Very Low Violence,1,0,0.0,0.0,1.0,0.0,0.0,-0.0,1.0,0.2,0.7558951071076286,0.727055610822819,Moderate Resilience
14111,df_regime1,Very Low Violence,1,0,0.0,0.0,1.0,0.0,0.0,-0.0,1.0,0.2,0.7558951071076286,0.6838704654157068,Moderate Resilience
14113,df_regime1,Very Low Violence,1,0,0.0,0.0,1.0,0.0,0.0,-0.0,1.0,0.2,0.7558951071076286,0.7419587245436885,Moderate Resilience
14116,df_regime1,Very Low Violence,1,2,0.0,0.0,1.0,0.0,0.0,-0.0,1.0,0.2,0.7558951071076286,0.7815259267328737,High Resilience
14118,df_regime1,Very Low Violence,1,0,0.0,0.0,1.0,0.0,0.0,-0.0,1.0,0.2,0.7558951071076286,0.7001543319570647,Moderate Resilience
15008,df_regime1,Very Low Violence,1,2,0.0,0.0,1.0,0.0,0.0,-0.0,1.0,0.2,0.7558951071076286,0.7097057371875092,Moderate Resilience
15041,df_regime1,Very Low Violence,1,0,0.0,0.0,1.0,0.0,0.0,-0.0,1.0,0.2,0.7558951071076286,0.707838754444819,Moderate Resilience
15077,df_regime1,Very Low Violence,1,0,0.0,0.0,1.0,0.0,0.0,-0.0,1.0,0.2,0.7558951071076286,0.8182086121805334,High Resilience
15080,df_regime1,Very Low Violence,1,0,0.0,0.0,1.0,0.0,0.0,-0.0,1.0,0.2,0.7558951071076286,0.7263129613781519,Moderate Resilience
15123,df_regime1,Very Low Violence,1,0,0.0,0.0,1.0,0.0,0.0,-0.0,1.0,0.2,0.7558951071076286,0.7652467194135795,High Resilience
16002,df_regime1,Very Low Violence,1,0,0.0,0.0,1.0,0.0,0.0,-0.0,1.0,0.2,0.7558951071076286,0.7289015411379471,Moderate Resilience
16007,df_regime1,Very Low Violence,1,0,0.0,0.0,1.0,0.0,0.0,-0.0,1.0,0.2,0.7558951071076286,0.7237577981700427,Moderate Resilience
16015,df_regime1,Very Low Violence,1,0,0.0,0.0,1.0,0.0,0.0,-0.0,1.0,0.2,0.7558951071076286,0.7191112553008795,Moderate Resilience
16024,df_regime1,Very Low Violence,1,2,0.0,0.0,1.0,0.0,0.0,-0.0,1.0,0.2,0.7558951071076286,0.7390795544504329,Moderate Resilience
16027,df_regime1,Very Low Violence,1,0,0.0,0.0,1.0,0.0,0.0,-0.0,1.0,0.2,0.7558951071076286,0.6856156114109503,Moderate Resilience
16028,df_regime1,Very Low Violence,1,0,0.0,0.0,1.0,0.0,0.0,-0.0,1.0,0.2,0.7558951071076286,0.751183697802093,High Resilience
16032,df_regime1,Very Low Violence,1,0,0.0,0.0,1.0,0.0,0.0,-0.0,1.0,0.2,0.7558951071076286,0.7187566579495613,Moderate Resilience
16033,df_regime1,Very Low Violence,1,2,0.0,0.0,1.0,0.0,0.0,-0.0,1.0,0.2,0.7558951071076286,0.729143476972153,Moderate Resilience
16060,df_regime1,Very Low Violence,1,0,0.0,0.0,1.0,0.0,0.0,-0.0,1.0,0.2,0.7558951071076286,0.7373251854869242,Moderate Resilience
16062,df_regime1,Very Low Violence,1,0,0.0,0.0,1.0,0.0,0.0,-0.0,1.0,0.2,0.7558951071076286,0.6711343482385633,Moderate Resilience
16074,df_regime1,Very Low Violence,1,0,0.0,0.0,1.0,0.0,0.0,-0.0,1.0,0.2,0.7558951071076286,0.692105907745589,Moderate Resilience
16077,df_regime1,Very Low Violence,1,0,0.0,0.0,1.0,0.0,0.0,-0.0,1.0,0.2,0.7558951071076286,0.7129364494045002,Moderate Resilience
16091,df_regime1,Very Low Violence,1,0,0.0,0.0,1.0,0.0,0.0,-0.0,1.0,0.2,0.7558951071076286,0.7302563818094995,Moderate Resilience
16092,df_regime1,Very Low Violence,1,0,0.0,0.0,1.0,0.0,0.0,-0.0,1.0,0.2,0.7558951071076286,0.7293854128063587,Moderate Resilience
16109,df_regime1,Very Low Violence,1,0,0.0,0.0,1.0,0.0,0.0,-0.0,1.0,0.2,0.7558951071076286,0.7464799839867883,Moderate Resilience
18014,df_regime1,Very Low Violence,1,1,0.0,0.0,1.0,0.0,0.0,-0.0,1.0,0.2,0.7558951071076286,0.6939927017296358,Moderate Resilience
18018,df_regime1,Very Low Violence,1,0,0.0,0.0,1.0,0.0,0.0,-0.0,1.0,0.2,0.7558951071076286,0.6885266608945142,Moderate Resilience
18019,df_regime1,Very Low Violence,1,0,0.0,0.0,1.0,0.0,0.0,-0.0,1.0,0.2,0.7558951071076286,0.732827763184027,Moderate Resilience
19023,df_regime1,Very Low Violence,1,0,0.0,0.0,1.0,0.0,0.0,-0.0,1.0,0.2,0.7558951071076286,0.7329603155057143,Moderate Resilience
19035,df_regime1,Very Low Violence,1,0,0.0,0.0,1.0,0.0,0.0,-0.0,1.0,0.2,0.7558951071076286,0.7310144697010454,Moderate Resilience
20001,df_regime1,Very Low Violence,1,0,0.0,0.0,1.0,0.0,0.0,-0.0,1.0,0.2,0.7558951071076286,0.7803911006376211,High Resilience
20003,df_regime1,Very Low Violence,1,0,0.0,0.0,1.0,0.0,0.0,-0.0,1.0,0.2,0.7558951071076286,0.7354150953925591,Moderate Resilience
20004,df_regime1,Very Low Violence,1,0,0.0,0.0,1.0,0.0,0.0,-0.0,1.0,0.2,0.7558951071076286,0.799215312533312,High Resilience
20008,df_regime1,Very Low Violence,1,0,0.0,0.0,1.0,0.0,0.0,-0.0,1.0,0.2,0.7558951071076286,0.7959592037370397,High Resilience
20011,df_regime1,Very Low Violence,1,0,0.0,0.0,1.0,0.0,0.0,-0.0,1.0,0.2,0.7558951071076286,0.7700396554218855,High Resilience
20013,df_regime1,Very Low Violence,1,0,0.0,0.0,1.0,0.0,0.0,-0.0,1.0,0.2,0.7558951071076286,0.7001633066880888,Moderate Resilience
20016,df_regime1,Very Low Violence,1,0,0.0,0.0,1.0,0.0,0.0,-0.0,1.0,0.2,0.7558951071076286,0.6800635850145478,Moderate Resilience
20017,df_regime1,Very Low Violence,1,0,0.0,0.0,1.0,0.0,0.0,-0.0,1.0,0.2,0.7558951071076286,0.7853275273188663,High Resilience
20018,df_regime1,Very Low Violence,1,0,0.0,0.0,1.0,0.0,0.0,-0.0,1.0,0.2,0.7558951071076286,0.799215312533312,High Resilience
20019,df_regime1,Very Low Violence,1,0,0.0,0.0,1.0,0.0,0.0,-0.0,1.0,0.2,0.7558951071076286,0.7804565970789255,High Resilience
20022,df_regime1,Very Low Violence,1,0,0.0,0.0,1.0,0.0,0.0,-0.0,1.0,0.2,0.7558951071076286,0.7467346181106347,Moderate Resilience
20024,df_regime1,Very Low Violence,1,0,0.0,0.0,1.0,0.0,0.0,-0.0,1.0,0.2,0.7558951071076286,0.766578034832745,High Resilience
20027,df_regime1,Very Low Violence,1,0,0.0,0.0,1.0,0.0,0.0,-0.0,1.0,0.2,0.7558951071076286,0.799215312533312,High Resilience
20029,df_regime1,Very Low Violence,1,0,0.0,0.0,1.0,0.0,0.0,-0.0,1.0,0.2,0.7558951071076286,0.7260736654515294,Moderate Resilience
20032,df_regime1,Very Low Violence,1,0,0.0,0.0,1.0,0.0,0.0,-0.0,1.0,0.2,0.7558951071076286,0.6900006649893785,Moderate Resilience
20034,df_regime1,Very Low Violence,1,0,0.0,0.0,1.0,0.0,0.0,-0.0,1.0,0.2,0.7558951071076286,0.759962359596181,High Resilience
20035,df_regime1,Very Low Violence,1,0,0.0,0.0,1.0,0.0,0.0,-0.0,1.0,0.2,0.7558951071076286,0.7620708103413534,High Resilience
20036,df_regime1,Very Low Violence,1,0,0.0,0.0,1.0,0.0,0.0,-0.0,1.0,0.2,0.7558951071076286,0.7289015411379471,Moderate Resilience
20038,df_regime1,Very Low Violence,1,0,0.0,0.0,1.0,0.0,0.0,-0.0,1.0,0.2,0.7558951071076286,0.799215312533312,High Resilience
20046,df_regime1,Very Low Violence,1,0,0.0,0.0,1.0,0.0,0.0,-0.0,1.0,0.2,0.7558951071076286,0.799215312533312,High Resilience
20047,df_regime1,Very Low Violence,1,0,0.0,0.0,1.0,0.0,0.0,-0.0,1.0,0.2,0.7558951071076286,0.799215312533312,High Resilience
20048,df_regime1,Very Low Violence,1,0,0.0,0.0,1.0,0.0,0.0,-0.0,1.0,0.2,0.7558951071076286,0.7701419100700444,High Resilience
20049,df_regime1,Very Low Violence,1,0,0.0,0.0,1.0,0.0,0.0,-0.0,1.0,0.2,0.7558951071076286,0.7660936284995065,High Resilience
20050,df_regime1,Very Low Violence,1,0,0.0,0.0,1.0,0.0,0.0,-0.0,1.0,0.2,0.7558951071076286,0.7903062689021321,High Resilience
20053,df_regime1,Very Low Violence,1,0,0.0,0.0,1.0,0.0,0.0,-0.0,1.0,0.2,0.7558951071076286,0.7131193047753254,Moderate Resilience
20054,df_regime1,Very Low Violence,1,0,0.0,0.0,1.0,0.0,0.0,-0.0,1.0,0.2,0.7558951071076286,0.7759565905626978,High Resilience
20060,df_regime1,Very Low Violence,1,0,0.0,0.0,1.0,0.0,0.0,-0.0,1.0,0.2,0.7558951071076286,0.7967805825774786,High Resilience
20062,df_regime1,Very Low Violence,1,0,0.0,0.0,1.0,0.0,0.0,-0.0,1.0,0.2,0.7558951071076286,0.799215312533312,High Resilience
20063,df_regime1,Very Low Violence,1,0,0.0,0.0,1.0,0.0,0.0,-0.0,1.0,0.2,0.7558951071076286,0.7857156939832496,High Resilience
20064,df_regime1,Very Low Violence,1,0,0.0,0.0,1.0,0.0,0.0,-0.0,1.0,0.2,0.7558951071076286,0.799215312533312,High Resilience
20065,df_regime1,Very Low Violence,1,0,0.0,0.0,1.0,0.0,0.0,-0.0,1.0,0.2,0.7558951071076286,0.7622225214860071,High Resilience
20069,df_regime1,Very Low Violence,1,0,0.0,0.0,1.0,0.0,0.0,-0.0,1.0,0.2,0.7558951071076286,0.8016403516891565,High Resilience
20071,df_regime1,Very Low Violence,1,0,0.0,0.0,1.0,0.0,0.0,-0.0,1.0,0.2,0.7558951071076286,0.7385233693641732,Moderate Resilience
20072,df_regime1,Very Low Violence,1,0,0.0,0.0,1.0,0.0,0.0,-0.0,1.0,0.2,0.7558951071076286,0.7659364370403761,High Resilience
20074,df_regime1,Very Low Violence,1,0,0.0,0.0,1.0,0.0,0.0,-0.0,1.0,0.2,0.7558951071076286,0.7967805825774786,High Resilience
20080,df_regime1,Very Low Violence,1,0,0.0,0.0,1.0,0.0,0.0,-0.0,1.0,0.2,0.7558951071076286,0.7724350206798328,High Resilience
20081,df_regime1,Very Low Violence,1,0,0.0,0.0,1.0,0.0,0.0,-0.0,1.0,0.2,0.7558951071076286,0.7784275440605587,High Resilience
20082,df_regime1,Very Low Violence,1,0,0.0,0.0,1.0,0.0,0.0,-0.0,1.0,0.2,0.7558951071076286,0.738752740574945,Moderate Resilience
20086,df_regime1,Very Low Violence,1,0,0.0,0.0,1.0,0.0,0.0,-0.0,1.0,0.2,0.7558951071076286,0.7700396554218855,High Resilience
20088,df_regime1,Very Low Violence,1,0,0.0,0.0,1.0,0.0,0.0,-0.0,1.0,0.2,0.7558951071076286,0.7387657730301026,Moderate Resilience
20091,df_regime1,Very Low Violence,1,0,0.0,0.0,1.0,0.0,0.0,-0.0,1.0,0.2,0.7558951071076286,0.7430708273837947,Moderate Resilience
20092,df_regime1,Very Low Violence,1,0,0.0,0.0,1.0,0.0,0.0,-0.0,1.0,0.2,0.7558951071076286,0.7250265578044522,Moderate Resilience
20093,df_regime1,Very Low Violence,1,0,0.0,0.0,1.0,0.0,0.0,-0.0,1.0,0.2,0.7558951071076286,0.7462409888091309,Moderate Resilience
20095,df_regime1,Very Low Violence,1,0,0.0,0.0,1.0,0.0,0.0,-0.0,1.0,0.2,0.7558951071076286,0.7437739116312657,Moderate Resilience
20096,df_regime1,Very Low Violence,1,0,0.0,0.0,1.0,0.0,0.0,-0.0,1.0,0.2,0.7558951071076286,0.7748416138991467,High Resilience
20097,df_regime1,Very Low Violence,1,0,0.0,0.0,1.0,0.0,0.0,-0.0,1.0,0.2,0.7558951071076286,0.7806430614373326,High Resilience
20098,df_regime1,Very Low Violence,1,0,0.0,0.0,1.0,0.0,0.0,-0.0,1.0,0.2,0.7558951071076286,0.7311092056250749,Moderate Resilience
20099,df_regime1,Very Low Violence,1,0,0.0,0.0,1.0,0.0,0.0,-0.0,1.0,0.2,0.7558951071076286,0.7321332558514887,Moderate Resilience
20100,df_regime1,Very Low Violence,1,0,0.0,0.0,1.0,0.0,0.0,-0.0,1.0,0.2,0.7558951071076286,0.7694997107797451,High Resilience
20101,df_regime1,Very Low Violence,1,0,0.0,0.0,1.0,0.0,0.0,-0.0,1.0,0.2,0.7558951071076286,0.799215312533312,High Resilience
20104,df_regime1,Very Low Violence,1,0,0.0,0.0,1.0,0.0,0.0,-0.0,1.0,0.2,0.7558951071076286,0.7690808390781557,High Resilience
20105,df_regime1,Very Low Violence,1,0,0.0,0.0,1.0,0.0,0.0,-0.0,1.0,0.2,0.7558951071076286,0.796293636586312,High Resilience
20106,df_regime1,Very Low Violence,1,0,0.0,0.0,1.0,0.0,0.0,-0.0,1.0,0.2,0.7558951071076286,0.7533675362878688,High Resilience
20108,df_regime1,Very Low Violence,1,0,0.0,0.0,1.0,0.0,0.0,-0.0,1.0,0.2,0.7558951071076286,0.7358815904540941,Moderate Resilience
20109,df_regime1,Very Low Violence,1,0,0.0,0.0,1.0,0.0,0.0,-0.0,1.0,0.2,0.7558951071076286,0.7057635865851257,Moderate Resilience
20110,df_regime1,Very Low Violence,1,0,0.0,0.0,1.0,0.0,0.0,-0.0,1.0,0.2,0.7558951071076286,0.7693709902226511,High Resilience
20111,df_regime1,Very Low Violence,1,0,0.0,0.0,1.0,0.0,0.0,-0.0,1.0,0.2,0.7558951071076286,0.7354231153649637,Moderate Resilience
20112,df_regime1,Very Low Violence,1,0,0.0,0.0,1.0,0.0,0.0,-0.0,1.0,0.2,0.7558951071076286,0.7862338414861045,High Resilience
20114,df_regime1,Very Low Violence,1,0,0.0,0.0,1.0,0.0,0.0,-0.0,1.0,0.2,0.7558951071076286,0.799215312533312,High Resilience
20116,df_regime1,Very Low Violence,1,0,0.0,0.0,1.0,0.0,0.0,-0.0,1.0,0.2,0.7558951071076286,0.766578034832745,High Resilience
20117,df_regime1,Very Low Violence,1,0,0.0,0.0,1.0,0.0,0.0,-0.0,1.0,0.2,0.7558951071076286,0.7220703959761124,Moderate Resilience
20119,df_regime1,Very Low Violence,1,0,0.0,0.0,1.0,0.0,0.0,-0.0,1.0,0.2,0.7558951071076286,0.7825435084696397,High Resilience
20120,df_regime1,Very Low Violence,1,0,0.0,0.0,1.0,0.0,0.0,-0.0,1.0,0.2,0.7558951071076286,0.799215312533312,High Resilience
20121,df_regime1,Very Low Violence,1,0,0.0,0.0,1.0,0.0,0.0,-0.0,1.0,0.2,0.7558951071076286,0.7538683835645369,High Resilience
20122,df_regime1,Very Low Violence,1,0,0.0,0.0,1.0,0.0,0.0,-0.0,1.0,0.2,0.7558951071076286,0.7955632175995621,High Resilience
20123,df_regime1,Very Low Violence,1,0,0.0,0.0,1.0,0.0,0.0,-0.0,1.0,0.2,0.7558951071076286,0.766578034832745,High Resilience
20126,df_regime1,Very Low Violence,1,0,0.0,0.0,1.0,0.0,0.0,-0.0,1.0,0.2,0.7558951071076286,0.7808620512393809,High Resilience
20127,df_regime1,Very Low Violence,1,0,0.0,0.0,1.0,0.0,0.0,-0.0,1.0,0.2,0.7558951071076286,0.7784275440605587,High Resilience
20128,df_regime1,Very Low Violence,1,0,0.0,0.0,1.0,0.0,0.0,-0.0,1.0,0.2,0.7558951071076286,0.7496893096107005,Moderate Resilience
20129,df_regime1,Very Low Violence,1,0,0.0,0.0,1.0,0.0,0.0,-0.0,1.0,0.2,0.7558951071076286,0.7758747868441708,High Resilience
20135,df_regime1,Very Low Violence,1,0,0.0,0.0,1.0,0.0,0.0,-0.0,1.0,0.2,0.7558951071076286,0.7466103085383633,Moderate Resilience
20138,df_regime1,Very Low Violence,1,0,0.0,0.0,1.0,0.0,0.0,-0.0,1.0,0.2,0.7558951071076286,0.799215312533312,High Resilience
20139,df_regime1,Very Low Violence,1,0,0.0,0.0,1.0,0.0,0.0,-0.0,1.0,0.2,0.7558951071076286,0.7846274839775988,High Resilience
20140,df_regime1,Very Low Violence,1,0,0.0,0.0,1.0,0.0,0.0,-0.0,1.0,0.2,0.7558951071076286,0.799215312533312,High Resilience
20142,df_regime1,Very Low Violence,1,0,0.0,0.0,1.0,0.0,0.0,-0.0,1.0,0.2,0.7558951071076286,0.7832214825654152,High Resilience
20144,df_regime1,Very Low Violence,1,0,0.0,0.0,1.0,0.0,0.0,-0.0,1.0,0.2,0.7558951071076286,0.799215312533312,High Resilience
20145,df_regime1,Very Low Violence,1,0,0.0,0.0,1.0,0.0,0.0,-0.0,1.0,0.2,0.7558951071076286,0.721398666001709,Moderate Resilience
20146,df_regime1,Very Low Violence,1,0,0.0,0.0,1.0,0.0,0.0,-0.0,1.0,0.2,0.7558951071076286,0.7870089145334931,High Resilience
20147,df_regime1,Very Low Violence,1,0,0.0,0.0,1.0,0.0,0.0,-0.0,1.0,0.2,0.7558951071076286,0.799215312533312,High Resilience
20148,df_regime1,Very Low Violence,1,0,0.0,0.0,1.0,0.0,0.0,-0.0,1.0,0.2,0.7558951071076286,0.8024486980744379,High Resilience
20149,df_regime1,Very Low Violence,1,0,0.0,0.0,1.0,0.0,0.0,-0.0,1.0,0.2,0.7558951071076286,0.7714397421044206,High Resilience
20151,df_regime1,Very Low Violence,1,0,0.0,0.0,1.0,0.0,0.0,-0.0,1.0,0.2,0.7558951071076286,0.799215312533312,High Resilience
20154,df_regime1,Very Low Violence,1,0,0.0,0.0,1.0,0.0,0.0,-0.0,1.0,0.2,0.7558951071076286,0.7427015744876657,Moderate Resilience
20155,df_regime1,Very Low Violence,1,0,0.0,0.0,1.0,0.0,0.0,-0.0,1.0,0.2,0.7558951071076286,0.7714397421044206,High Resilience
20158,df_regime1,Very Low Violence,1,0,0.0,0.0,1.0,0.0,0.0,-0.0,1.0,0.2,0.7558951071076286,0.7943458526216454,High Resilience
20159,df_regime1,Very Low Violence,1,0,0.0,0.0,1.0,0.0,0.0,-0.0,1.0,0.2,0.7558951071076286,0.7367872744806434,Moderate Resilience
20160,df_regime1,Very Low Violence,1,0,0.0,0.0,1.0,0.0,0.0,-0.0,1.0,0.2,0.7558951071076286,0.7285954455245045,Moderate Resilience
20162,df_regime1,Very Low Violence,1,0,0.0,0.0,1.0,0.0,0.0,-0.0,1.0,0.2,0.7558951071076286,0.7785150954259757,High Resilience
20163,df_regime1,Very Low Violence,1,0,0.0,0.0,1.0,0.0,0.0,-0.0,1.0,0.2,0.7558951071076286,0.7647254212072797,High Resilience
20165,df_regime1,Very Low Violence,1,0,0.0,0.0,1.0,0.0,0.0,-0.0,1.0,0.2,0.7558951071076286,0.7259103587634405,Moderate Resilience
20168,df_regime1,Very Low Violence,1,0,0.0,0.0,1.0,0.0,0.0,-0.0,1.0,0.2,0.7558951071076286,0.6977335892150083,Moderate Resilience
20169,df_regime1,Very Low Violence,1,0,0.0,0.0,1.0,0.0,0.0,-0.0,1.0,0.2,0.7558951071076286,0.7128402097356449,Moderate Resilience
20170,df_regime1,Very Low Violence,1,0,0.0,0.0,1.0,0.0,0.0,-0.0,1.0,0.2,0.7558951071076286,0.7782751645848711,High Resilience
20172,df_regime1,Very Low Violence,1,0,0.0,0.0,1.0,0.0,0.0,-0.0,1.0,0.2,0.7558951071076286,0.799215312533312,High Resilience
20173,df_regime1,Very Low Violence,1,0,0.0,0.0,1.0,0.0,0.0,-0.0,1.0,0.2,0.7558951071076286,0.7556280991763153,High Resilience
20175,df_regime1,Very Low Violence,1,0,0.0,0.0,1.0,0.0,0.0,-0.0,1.0,0.2,0.7558951071076286,0.7971284011425978,High Resilience
20178,df_regime1,Very Low Violence,1,0,0.0,0.0,1.0,0.0,0.0,-0.0,1.0,0.2,0.7558951071076286,0.7394681221134364,Moderate Resilience
20179,df_regime1,Very Low Violence,1,0,0.0,0.0,1.0,0.0,0.0,-0.0,1.0,0.2,0.7558951071076286,0.7736877403694332,High Resilience
20181,df_regime1,Very Low Violence,1,0,0.0,0.0,1.0,0.0,0.0,-0.0,1.0,0.2,0.7558951071076286,0.799215312533312,High Resilience
20182,df_regime1,Very Low Violence,1,0,0.0,0.0,1.0,0.0,0.0,-0.0,1.0,0.2,0.7558951071076286,0.7214135602361746,Moderate Resilience
20183,df_regime1,Very Low Violence,1,0,0.0,0.0,1.0,0.0,0.0,-0.0,1.0,0.2,0.7558951071076286,0.7277237747737783,Moderate Resilience
20186,df_regime1,Very Low Violence,1,0,0.0,0.0,1.0,0.0,0.0,-0.0,1.0,0.2,0.7558951071076286,0.7273496764776548,Moderate Resilience
20187,df_regime1,Very Low Violence,1,0,0.0,0.0,1.0,0.0,0.0,-0.0,1.0,0.2,0.7558951071076286,0.7597877915301738,High Resilience
20188,df_regime1,Very Low Violence,1,0,0.0,0.0,1.0,0.0,0.0,-0.0,1.0,0.2,0.7558951071076286,0.75759566573958,High Resilience
20189,df_regime1,Very Low Violence,1,0,0.0,0.0,1.0,0.0,0.0,-0.0,1.0,0.2,0.7558951071076286,0.7955632175995621,High Resilience
20191,df_regime1,Very Low Violence,1,0,0.0,0.0,1.0,0.0,0.0,-0.0,1.0,0.2,0.7558951071076286,0.7779898827093357,High Resilience
20192,df_regime1,Very Low Violence,1,0,0.0,0.0,1.0,0.0,0.0,-0.0,1.0,0.2,0.7558951071076286,0.6942819935913737,Moderate Resilience
20194,df_regime1,Very Low Violence,1,0,0.0,0.0,1.0,0.0,0.0,-0.0,1.0,0.2,0.7558951071076286,0.7727995284256225,High Resilience
20195,df_regime1,Very Low Violence,1,0,0.0,0.0,1.0,0.0,0.0,-0.0,1.0,0.2,0.7558951071076286,0.799215312533312,High Resilience
20196,df_regime1,Very Low Violence,1,0,0.0,0.0,1.0,0.0,0.0,-0.0,1.0,0.2,0.7558951071076286,0.799215312533312,High Resilience
20199,df_regime1,Very Low Violence,1,0,0.0,0.0,1.0,0.0,0.0,-0.0,1.0,0.2,0.7558951071076286,0.7321332558514887,Moderate Resilience
20201,df_regime1,Very Low Violence,1,0,0.0,0.0,1.0,0.0,0.0,-0.0,1.0,0.2,0.7558951071076286,0.799215312533312,High Resilience
20202,df_regime1,Very Low Violence,1,0,0.0,0.0,1.0,0.0,0.0,-0.0,1.0,0.2,0.7558951071076286,0.7252751769489951,Moderate Resilience
20204,df_regime1,Very Low Violence,1,0,0.0,0.0,1.0,0.0,0.0,-0.0,1.0,0.2,0.7558951071076286,0.7943458526216454,High Resilience
20206,df_regime1,Very Low Violence,1,0,0.0,0.0,1.0,0.0,0.0,-0.0,1.0,0.2,0.7558951071076286,0.708741201839648,Moderate Resilience
20209,df_regime1,Very Low Violence,1,0,0.0,0.0,1.0,0.0,0.0,-0.0,1.0,0.2,0.7558951071076286,0.799215312533312,High Resilience
20211,df_regime1,Very Low Violence,1,0,0.0,0.0,1.0,0.0,0.0,-0.0,1.0,0.2,0.7558951071076286,0.7985141378030802,High Resilience
20212,df_regime1,Very Low Violence,1,0,0.0,0.0,1.0,0.0,0.0,-0.0,1.0,0.2,0.7558951071076286,0.6832765864591454,Moderate Resilience
20214,df_regime1,Very Low Violence,1,0,0.0,0.0,1.0,0.0,0.0,-0.0,1.0,0.2,0.7558951071076286,0.7559214965001173,High Resilience
20215,df_regime1,Very Low Violence,1,0,0.0,0.0,1.0,0.0,0.0,-0.0,1.0,0.2,0.7558951071076286,0.799215312533312,High Resilience
20216,df_regime1,Very Low Violence,1,0,0.0,0.0,1.0,0.0,0.0,-0.0,1.0,0.2,0.7558951071076286,0.7620708103413534,High Resilience
20217,df_regime1,Very Low Violence,1,0,0.0,0.0,1.0,0.0,0.0,-0.0,1.0,0.2,0.7558951071076286,0.7875627938776866,High Resilience
20218,df_regime1,Very Low Violence,1,0,0.0,0.0,1.0,0.0,0.0,-0.0,1.0,0.2,0.7558951071076286,0.7758747868441708,High Resilience
20219,df_regime1,Very Low Violence,1,0,0.0,0.0,1.0,0.0,0.0,-0.0,1.0,0.2,0.7558951071076286,0.7868891878025958,High Resilience
20220,df_regime1,Very Low Violence,1,0,0.0,0.0,1.0,0.0,0.0,-0.0,1.0,0.2,0.7558951071076286,0.7773301445031944,High Resilience
20221,df_regime1,Very Low Violence,1,0,0.0,0.0,1.0,0.0,0.0,-0.0,1.0,0.2,0.7558951071076286,0.7613180786456633,High Resilience
20222,df_regime1,Very Low Violence,1,0,0.0,0.0,1.0,0.0,0.0,-0.0,1.0,0.2,0.7558951071076286,0.7329974078780856,Moderate Resilience
20223,df_regime1,Very Low Violence,1,0,0.0,0.0,1.0,0.0,0.0,-0.0,1.0,0.2,0.7558951071076286,0.7462409888091309,Moderate Resilience
20225,df_regime1,Very Low Violence,1,0,0.0,0.0,1.0,0.0,0.0,-0.0,1.0,0.2,0.7558951071076286,0.7503071148182691,High Resilience
20226,df_regime1,Very Low Violence,1,0,0.0,0.0,1.0,0.0,0.0,-0.0,1.0,0.2,0.7558951071076286,0.7691474334918725,High Resilience
20228,df_regime1,Very Low Violence,1,0,0.0,0.0,1.0,0.0,0.0,-0.0,1.0,0.2,0.7558951071076286,0.7569500579610088,High Resilience
20230,df_regime1,Very Low Violence,1,0,0.0,0.0,1.0,0.0,0.0,-0.0,1.0,0.2,0.7558951071076286,0.7475927551579281,Moderate Resilience
20231,df_regime1,Very Low Violence,1,0,0.0,0.0,1.0,0.0,0.0,-0.0,1.0,0.2,0.7558951071076286,0.7428278890530383,Moderate Resilience
20233,df_regime1,Very Low Violence,1,0,0.0,0.0,1.0,0.0,0.0,-0.0,1.0,0.2,0.7558951071076286,0.6640426876397856,Moderate Resilience
20236,df_regime1,Very Low Violence,1,0,0.0,0.0,1.0,0.0,0.0,-0.0,1.0,0.2,0.7558951071076286,0.7797163536259798,High Resilience
20239,df_regime1,Very Low Violence,1,0,0.0,0.0,1.0,0.0,0.0,-0.0,1.0,0.2,0.7558951071076286,0.7967805825774786,High Resilience
20241,df_regime1,Very Low Violence,1,0,0.0,0.0,1.0,0.0,0.0,-0.0,1.0,0.2,0.7558951071076286,0.8011553438579876,High Resilience
20245,df_regime1,Very Low Violence,1,0,0.0,0.0,1.0,0.0,0.0,-0.0,1.0,0.2,0.7558951071076286,0.757027049696093,High Resilience
20246,df_regime1,Very Low Violence,1,0,0.0,0.0,1.0,0.0,0.0,-0.0,1.0,0.2,0.7558951071076286,0.799215312533312,High Resilience
20247,df_regime1,Very Low Violence,1,0,0.0,0.0,1.0,0.0,0.0,-0.0,1.0,0.2,0.7558951071076286,0.7744523110720062,High Resilience
20248,df_regime1,Very Low Violence,1,0,0.0,0.0,1.0,0.0,0.0,-0.0,1.0,0.2,0.7558951071076286,0.7388075437197099,Moderate Resilience
20250,df_regime1,Very Low Violence,1,0,0.0,0.0,1.0,0.0,0.0,-0.0,1.0,0.2,0.7558951071076286,0.799215312533312,High Resilience
20255,df_regime1,Very Low Violence,1,0,0.0,0.0,1.0,0.0,0.0,-0.0,1.0,0.2,0.7558951071076286,0.7806430614373326,High Resilience
20256,df_regime1,Very Low Violence,1,0,0.0,0.0,1.0,0.0,0.0,-0.0,1.0,0.2,0.7558951071076286,0.799215312533312,High Resilience
20257,df_regime1,Very Low Violence,1,0,0.0,0.0,1.0,0.0,0.0,-0.0,1.0,0.2,0.7558951071076286,0.799215312533312,High Resilience
20258,df_regime1,Very Low Violence,1,0,0.0,0.0,1.0,0.0,0.0,-0.0,1.0,0.2,0.7558951071076286,0.799215312533312,High Resilience
20260,df_regime1,Very Low Violence,1,0,0.0,0.0,1.0,0.0,0.0,-0.0,1.0,0.2,0.7558951071076286,0.800832005303875,High Resilience
20262,df_regime1,Very Low Violence,1,0,0.0,0.0,1.0,0.0,0.0,-0.0,1.0,0.2,0.7558951071076286,0.7620708103413534,High Resilience
20264,df_regime1,Very Low Violence,1,0,0.0,0.0,1.0,0.0,0.0,-0.0,1.0,0.2,0.7558951071076286,0.7456659567877202,Moderate Resilience
20265,df_regime1,Very Low Violence,1,0,0.0,0.0,1.0,0.0,0.0,-0.0,1.0,0.2,0.7558951071076286,0.6946308623909743,Moderate Resilience
20267,df_regime1,Very Low Violence,1,0,0.0,0.0,1.0,0.0,0.0,-0.0,1.0,0.2,0.7558951071076286,0.799215312533312,High Resilience
20268,df_regime1,Very Low Violence,1,0,0.0,0.0,1.0,0.0,0.0,-0.0,1.0,0.2,0.7558951071076286,0.804065390845001,High Resilience
20269,df_regime1,Very Low Violence,1,0,0.0,0.0,1.0,0.0,0.0,-0.0,1.0,0.2,0.7558951071076286,0.7478554092541793,Moderate Resilience
20270,df_regime1,Very Low Violence,1,0,0.0,0.0,1.0,0.0,0.0,-0.0,1.0,0.2,0.7558951071076286,0.7729531108971708,High Resilience
20271,df_regime1,Very Low Violence,1,0,0.0,0.0,1.0,0.0,0.0,-0.0,1.0,0.2,0.7558951071076286,0.7478554092541793,Moderate Resilience
20273,df_regime1,Very Low Violence,1,0,0.0,0.0,1.0,0.0,0.0,-0.0,1.0,0.2,0.7558951071076286,0.7708034145796319,High Resilience
20274,df_regime1,Very Low Violence,1,0,0.0,0.0,1.0,0.0,0.0,-0.0,1.0,0.2,0.7558951071076286,0.7462409888091309,Moderate Resilience
20275,df_regime1,Very Low Violence,1,0,0.0,0.0,1.0,0.0,0.0,-0.0,1.0,0.2,0.7558951071076286,0.7554503231213464,High Resilience
20276,df_regime1,Very Low Violence,1,0,0.0,0.0,1.0,0.0,0.0,-0.0,1.0,0.2,0.7558951071076286,0.799215312533312,High Resilience
20279,df_regime1,Very Low Violence,1,0,0.0,0.0,1.0,0.0,0.0,-0.0,1.0,0.2,0.7558951071076286,0.7701419100700444,High Resilience
20280,df_regime1,Very Low Violence,1,0,0.0,0.0,1.0,0.0,0.0,-0.0,1.0,0.2,0.7558951071076286,0.7697851326865447,High Resilience
20281,df_regime1,Very Low Violence,1,0,0.0,0.0,1.0,0.0,0.0,-0.0,1.0,0.2,0.7558951071076286,0.799215312533312,High Resilience
20282,df_regime1,Very Low Violence,1,0,0.0,0.0,1.0,0.0,0.0,-0.0,1.0,0.2,0.7558951071076286,0.772883738135871,High Resilience
20283,df_regime1,Very Low Violence,1,0,0.0,0.0,1.0,0.0,0.0,-0.0,1.0,0.2,0.7558951071076286,0.7793190976595381,High Resilience
20287,df_regime1,Very Low Violence,1,0,0.0,0.0,1.0,0.0,0.0,-0.0,1.0,0.2,0.7558951071076286,0.799215312533312,High Resilience
20288,df_regime1,Very Low Violence,1,0,0.0,0.0,1.0,0.0,0.0,-0.0,1.0,0.2,0.7558951071076286,0.7744523110720062,High Resilience
20289,df_regime1,Very Low Violence,1,0,0.0,0.0,1.0,0.0,0.0,-0.0,1.0,0.2,0.7558951071076286,0.6730280642226022,Moderate Resilience
20290,df_regime1,Very Low Violence,1,0,0.0,0.0,1.0,0.0,0.0,-0.0,1.0,0.2,0.7558951071076286,0.7580223282715054,High Resilience
20291,df_regime1,Very Low Violence,1,0,0.0,0.0,1.0,0.0,0.0,-0.0,1.0,0.2,0.7558951071076286,0.7360894414055803,Moderate Resilience
20292,df_regime1,Very Low Violence,1,0,0.0,0.0,1.0,0.0,0.0,-0.0,1.0,0.2,0.7558951071076286,0.7285691578371781,Moderate Resilience
20294,df_regime1,Very Low Violence,1,0,0.0,0.0,1.0,0.0,0.0,-0.0,1.0,0.2,0.7558951071076286,0.711386589737309,Moderate Resilience
20297,df_regime1,Very Low Violence,1,0,0.0,0.0,1.0,0.0,0.0,-0.0,1.0,0.2,0.7558951071076286,0.7567644528853592,High Resilience
20299,df_regime1,Very Low Violence,1,0,0.0,0.0,1.0,0.0,0.0,-0.0,1.0,0.2,0.7558951071076286,0.7971284011425978,High Resilience
20301,df_regime1,Very Low Violence,1,0,0.0,0.0,1.0,0.0,0.0,-0.0,1.0,0.2,0.7558951071076286,0.7470540803447518,Moderate Resilience
20302,df_regime1,Very Low Violence,1,0,0.0,0.0,1.0,0.0,0.0,-0.0,1.0,0.2,0.7558951071076286,0.8087119623569228,High Resilience
20303,df_regime1,Very Low Violence,1,0,0.0,0.0,1.0,0.0,0.0,-0.0,1.0,0.2,0.7558951071076286,0.799215312533312,High Resilience
20304,df_regime1,Very Low Violence,1,0,0.0,0.0,1.0,0.0,0.0,-0.0,1.0,0.2,0.7558951071076286,0.7664898151362943,High Resilience
20306,df_regime1,Very Low Violence,1,0,0.0,0.0,1.0,0.0,0.0,-0.0,1.0,0.2,0.7558951071076286,0.7446761585267845,Moderate Resilience
20311,df_regime1,Very Low Violence,1,0,0.0,0.0,1.0,0.0,0.0,-0.0,1.0,0.2,0.7558951071076286,0.7634231781880809,High Resilience
20313,df_regime1,Very Low Violence,1,0,0.0,0.0,1.0,0.0,0.0,-0.0,1.0,0.2,0.7558951071076286,0.7705816050571271,High Resilience
20316,df_regime1,Very Low Violence,1,0,0.0,0.0,1.0,0.0,0.0,-0.0,1.0,0.2,0.7558951071076286,0.7664898151362943,High Resilience
20317,df_regime1,Very Low Violence,1,0,0.0,0.0,1.0,0.0,0.0,-0.0,1.0,0.2,0.7558951071076286,0.7720175811161728,High Resilience
20319,df_regime1,Very Low Violence,1,0,0.0,0.0,1.0,0.0,0.0,-0.0,1.0,0.2,0.7558951071076286,0.796293636586312,High Resilience
20320,df_regime1,Very Low Violence,1,0,0.0,0.0,1.0,0.0,0.0,-0.0,1.0,0.2,0.7558951071076286,0.7758747868441708,High Resilience
20321,df_regime1,Very Low Violence,1,0,0.0,0.0,1.0,0.0,0.0,-0.0,1.0,0.2,0.7558951071076286,0.7739804693622016,High Resilience
20322,df_regime1,Very Low Violence,1,0,0.0,0.0,1.0,0.0,0.0,-0.0,1.0,0.2,0.7558951071076286,0.7888214282969354,High Resilience
20323,df_regime1,Very Low Violence,1,0,0.0,0.0,1.0,0.0,0.0,-0.0,1.0,0.2,0.7558951071076286,0.767075273121831,High Resilience
20325,df_regime1,Very Low Violence,1,0,0.0,0.0,1.0,0.0,0.0,-0.0,1.0,0.2,0.7558951071076286,0.7813192453606965,High Resilience
20329,df_regime1,Very Low Violence,1,0,0.0,0.0,1.0,0.0,0.0,-0.0,1.0,0.2,0.7558951071076286,0.7694997107797451,High Resilience
20330,df_regime1,Very Low Violence,1,0,0.0,0.0,1.0,0.0,0.0,-0.0,1.0,0.2,0.7558951071076286,0.7744523110720062,High Resilience
20331,df_regime1,Very Low Violence,1,0,0.0,0.0,1.0,0.0,0.0,-0.0,1.0,0.2,0.7558951071076286,0.799215312533312,High Resilience
20332,df_regime1,Very Low Violence,1,0,0.0,0.0,1.0,0.0,0.0,-0.0,1.0,0.2,0.7558951071076286,0.7744523110720062,High Resilience
20333,df_regime1,Very Low Violence,1,0,0.0,0.0,1.0,0.0,0.0,-0.0,1.0,0.2,0.7558951071076286,0.7478193193783584,Moderate Resilience
20335,df_regime1,Very Low Violence,1,0,0.0,0.0,1.0,0.0,0.0,-0.0,1.0,0.2,0.7558951071076286,0.7249263081493945,Moderate Resilience
20336,df_regime1,Very Low Violence,1,0,0.0,0.0,1.0,0.0,0.0,-0.0,1.0,0.2,0.7558951071076286,0.7321531052831901,Moderate Resilience
20340,df_regime1,Very Low Violence,1,0,0.0,0.0,1.0,0.0,0.0,-0.0,1.0,0.2,0.7558951071076286,0.7613224466663481,High Resilience
20341,df_regime1,Very Low Violence,1,0,0.0,0.0,1.0,0.0,0.0,-0.0,1.0,0.2,0.7558951071076286,0.7620708103413534,High Resilience
20343,df_regime1,Very Low Violence,1,0,0.0,0.0,1.0,0.0,0.0,-0.0,1.0,0.2,0.7558951071076286,0.7537335477784842,High Resilience
20344,df_regime1,Very Low Violence,1,0,0.0,0.0,1.0,0.0,0.0,-0.0,1.0,0.2,0.7558951071076286,0.7443319680444198,Moderate Resilience
20346,df_regime1,Very Low Violence,1,0,0.0,0.0,1.0,0.0,0.0,-0.0,1.0,0.2,0.7558951071076286,0.7620708103413534,High Resilience
20347,df_regime1,Very Low Violence,1,0,0.0,0.0,1.0,0.0,0.0,-0.0,1.0,0.2,0.7558951071076286,0.7686741119062074,High Resilience
20349,df_regime1,Very Low Violence,1,0,0.0,0.0,1.0,0.0,0.0,-0.0,1.0,0.2,0.7558951071076286,0.7550700427631611,High Resilience
20352,df_regime1,Very Low Violence,1,0,0.0,0.0,1.0,0.0,0.0,-0.0,1.0,0.2,0.7558951071076286,0.7496893096107005,Moderate Resilience
20353,df_regime1,Very Low Violence,1,0,0.0,0.0,1.0,0.0,0.0,-0.0,1.0,0.2,0.7558951071076286,0.7089284681952955,Moderate Resilience
20354,df_regime1,Very Low Violence,1,0,0.0,0.0,1.0,0.0,0.0,-0.0,1.0,0.2,0.7558951071076286,0.7727995284256225,High Resilience
20355,df_regime1,Very Low Violence,1,0,0.0,0.0,1.0,0.0,0.0,-0.0,1.0,0.2,0.7558951071076286,0.7613765098731827,High Resilience
20356,df_regime1,Very Low Violence,1,0,0.0,0.0,1.0,0.0,0.0,-0.0,1.0,0.2,0.7558951071076286,0.7289015411379471,Moderate Resilience
20357,df_regime1,Very Low Violence,1,0,0.0,0.0,1.0,0.0,0.0,-0.0,1.0,0.2,0.7558951071076286,0.7955632175995621,High Resilience
20359,df_regime1,Very Low Violence,1,0,0.0,0.0,1.0,0.0,0.0,-0.0,1.0,0.2,0.7558951071076286,0.799215312533312,High Resilience
20361,df_regime1,Very Low Violence,1,0,0.0,0.0,1.0,0.0,0.0,-0.0,1.0,0.2,0.7558951071076286,0.796293636586312,High Resilience
20363,df_regime1,Very Low Violence,1,0,0.0,0.0,1.0,0.0,0.0,-0.0,1.0,0.2,0.7558951071076286,0.7712673126977215,High Resilience
20365,df_regime1,Very Low Violence,1,0,0.0,0.0,1.0,0.0,0.0,-0.0,1.0,0.2,0.7558951071076286,0.7550700427631611,High Resilience
20368,df_regime1,Very Low Violence,1,0,0.0,0.0,1.0,0.0,0.0,-0.0,1.0,0.2,0.7558951071076286,0.7537520939646699,High Resilience
20369,df_regime1,Very Low Violence,1,0,0.0,0.0,1.0,0.0,0.0,-0.0,1.0,0.2,0.7558951071076286,0.7120408858193186,Moderate Resilience
20370,df_regime1,Very Low Violence,1,0,0.0,0.0,1.0,0.0,0.0,-0.0,1.0,0.2,0.7558951071076286,0.7914198993560296,High Resilience
20371,df_regime1,Very Low Violence,1,0,0.0,0.0,1.0,0.0,0.0,-0.0,1.0,0.2,0.7558951071076286,0.7694997107797451,High Resilience
20372,df_regime1,Very Low Violence,1,0,0.0,0.0,1.0,0.0,0.0,-0.0,1.0,0.2,0.7558951071076286,0.7273114479425261,Moderate Resilience
20373,df_regime1,Very Low Violence,1,0,0.0,0.0,1.0,0.0,0.0,-0.0,1.0,0.2,0.7558951071076286,0.78674265144966,High Resilience
20376,df_regime1,Very Low Violence,1,0,0.0,0.0,1.0,0.0,0.0,-0.0,1.0,0.2,0.7558951071076286,0.7418033375783493,Moderate Resilience
20377,df_regime1,Very Low Violence,1,0,0.0,0.0,1.0,0.0,0.0,-0.0,1.0,0.2,0.7558951071076286,0.723479275985534,Moderate Resilience
20379,df_regime1,Very Low Violence,1,0,0.0,0.0,1.0,0.0,0.0,-0.0,1.0,0.2,0.7558951071076286,0.6793755382153355,Moderate Resilience
20380,df_regime1,Very Low Violence,1,0,0.0,0.0,1.0,0.0,0.0,-0.0,1.0,0.2,0.7558951071076286,0.7800187065856337,High Resilience
20381,df_regime1,Very Low Violence,1,0,0.0,0.0,1.0,0.0,0.0,-0.0,1.0,0.2,0.7558951071076286,0.7580223282715054,High Resilience
20382,df_regime1,Very Low Violence,1,0,0.0,0.0,1.0,0.0,0.0,-0.0,1.0,0.2,0.7558951071076286,0.7567644528853592,High Resilience
20383,df_regime1,Very Low Violence,1,0,0.0,0.0,1.0,0.0,0.0,-0.0,1.0,0.2,0.7558951071076286,0.799215312533312,High Resilience
20384,df_regime1,Very Low Violence,1,0,0.0,0.0,1.0,0.0,0.0,-0.0,1.0,0.2,0.7558951071076286,0.7295955360833596,Moderate Resilience
20386,df_regime1,Very Low Violence,1,0,0.0,0.0,1.0,0.0,0.0,-0.0,1.0,0.2,0.7558951071076286,0.7516078652314925,High Resilience
20389,df_regime1,Very Low Violence,1,0,0.0,0.0,1.0,0.0,0.0,-0.0,1.0,0.2,0.7558951071076286,0.7293453129443357,Moderate Resilience
20391,df_regime1,Very Low Violence,1,0,0.0,0.0,1.0,0.0,0.0,-0.0,1.0,0.2,0.7558951071076286,0.7289258683875744,Moderate Resilience
20392,df_regime1,Very Low Violence,1,0,0.0,0.0,1.0,0.0,0.0,-0.0,1.0,0.2,0.7558951071076286,0.7640584268356296,High Resilience
20393,df_regime1,Very Low Violence,1,0,0.0,0.0,1.0,0.0,0.0,-0.0,1.0,0.2,0.7558951071076286,0.7501491213618983,High Resilience
20394,df_regime1,Very Low Violence,1,0,0.0,0.0,1.0,0.0,0.0,-0.0,1.0,0.2,0.7558951071076286,0.7575372345120607,High Resilience
20395,df_regime1,Very Low Violence,1,0,0.0,0.0,1.0,0.0,0.0,-0.0,1.0,0.2,0.7558951071076286,0.7705816050571271,High Resilience
20396,df_regime1,Very Low Violence,1,0,0.0,0.0,1.0,0.0,0.0,-0.0,1.0,0.2,0.7558951071076286,0.6882369393913976,Moderate Resilience
20398,df_regime1,Very Low Violence,1,0,0.0,0.0,1.0,0.0,0.0,-0.0,1.0,0.2,0.7558951071076286,0.7740601678379725,High Resilience
20400,df_regime1,Very Low Violence,1,0,0.0,0.0,1.0,0.0,0.0,-0.0,1.0,0.2,0.7558951071076286,0.8123640572906727,High Resilience
20403,df_regime1,Very Low Violence,1,0,0.0,0.0,1.0,0.0,0.0,-0.0,1.0,0.2,0.7558951071076286,0.7023332438883633,Moderate Resilience
20405,df_regime1,Very Low Violence,1,0,0.0,0.0,1.0,0.0,0.0,-0.0,1.0,0.2,0.7558951071076286,0.7515185316499856,High Resilience
20407,df_regime1,Very Low Violence,1,0,0.0,0.0,1.0,0.0,0.0,-0.0,1.0,0.2,0.7558951071076286,0.7109635361929658,Moderate Resilience
20408,df_regime1,Very Low Violence,1,0,0.0,0.0,1.0,0.0,0.0,-0.0,1.0,0.2,0.7558951071076286,0.78674265144966,High Resilience
20410,df_regime1,Very Low Violence,1,0,0.0,0.0,1.0,0.0,0.0,-0.0,1.0,0.2,0.7558951071076286,0.7951525281793426,High Resilience
20411,df_regime1,Very Low Violence,1,0,0.0,0.0,1.0,0.0,0.0,-0.0,1.0,0.2,0.7558951071076286,0.7900605140334478,High Resilience
20412,df_regime1,Very Low Violence,1,0,0.0,0.0,1.0,0.0,0.0,-0.0,1.0,0.2,0.7558951071076286,0.73051823390851,Moderate Resilience
20416,df_regime1,Very Low Violence,1,0,0.0,0.0,1.0,0.0,0.0,-0.0,1.0,0.2,0.7558951071076286,0.7669362602668177,High Resilience
20419,df_regime1,Very Low Violence,1,0,0.0,0.0,1.0,0.0,0.0,-0.0,1.0,0.2,0.7558951071076286,0.7827066448924416,High Resilience
20420,df_regime1,Very Low Violence,1,0,0.0,0.0,1.0,0.0,0.0,-0.0,1.0,0.2,0.7558951071076286,0.757027049696093,High Resilience
20422,df_regime1,Very Low Violence,1,0,0.0,0.0,1.0,0.0,0.0,-0.0,1.0,0.2,0.7558951071076286,0.7700396554218855,High Resilience
20423,df_regime1,Very Low Violence,1,0,0.0,0.0,1.0,0.0,0.0,-0.0,1.0,0.2,0.7558951071076286,0.7806430614373326,High Resilience
20424,df_regime1,Very Low Violence,1,0,0.0,0.0,1.0,0.0,0.0,-0.0,1.0,0.2,0.7558951071076286,0.7724917619845956,High Resilience
20425,df_regime1,Very Low Violence,1,0,0.0,0.0,1.0,0.0,0.0,-0.0,1.0,0.2,0.7558951071076286,0.7700396554218855,High Resilience
20428,df_regime1,Very Low Violence,1,0,0.0,0.0,1.0,0.0,0.0,-0.0,1.0,0.2,0.7558951071076286,0.7943458526216454,High Resilience
20430,df_regime1,Very Low Violence,1,0,0.0,0.0,1.0,0.0,0.0,-0.0,1.0,0.2,0.7558951071076286,0.7758747868441708,High Resilience
20432,df_regime1,Very Low Violence,1,0,0.0,0.0,1.0,0.0,0.0,-0.0,1.0,0.2,0.7558951071076286,0.7620708103413534,High Resilience
20434,df_regime1,Very Low Violence,1,0,0.0,0.0,1.0,0.0,0.0,-0.0,1.0,0.2,0.7558951071076286,0.762433714092662,High Resilience
20435,df_regime1,Very Low Violence,1,0,0.0,0.0,1.0,0.0,0.0,-0.0,1.0,0.2,0.7558951071076286,0.7523706537179756,High Resilience
20437,df_regime1,Very Low Violence,1,0,0.0,0.0,1.0,0.0,0.0,-0.0,1.0,0.2,0.7558951071076286,0.7544070583777132,High Resilience
20438,df_regime1,Very Low Violence,1,0,0.0,0.0,1.0,0.0,0.0,-0.0,1.0,0.2,0.7558951071076286,0.799215312533312,High Resilience
20440,df_regime1,Very Low Violence,1,0,0.0,0.0,1.0,0.0,0.0,-0.0,1.0,0.2,0.7558951071076286,0.7529226951518263,High Resilience
20442,df_regime1,Very Low Violence,1,0,0.0,0.0,1.0,0.0,0.0,-0.0,1.0,0.2,0.7558951071076286,0.799215312533312,High Resilience
20443,df_regime1,Very Low Violence,1,0,0.0,0.0,1.0,0.0,0.0,-0.0,1.0,0.2,0.7558951071076286,0.799215312533312,High Resilience
20444,df_regime1,Very Low Violence,1,0,0.0,0.0,1.0,0.0,0.0,-0.0,1.0,0.2,0.7558951071076286,0.7620708103413534,High Resilience
20445,df_regime1,Very Low Violence,1,0,0.0,0.0,1.0,0.0,0.0,-0.0,1.0,0.2,0.7558951071076286,0.7758747868441708,High Resilience
20446,df_regime1,Very Low Violence,1,0,0.0,0.0,1.0,0.0,0.0,-0.0,1.0,0.2,0.7558951071076286,0.6900006649893785,Moderate Resilience
20448,df_regime1,Very Low Violence,1,0,0.0,0.0,1.0,0.0,0.0,-0.0,1.0,0.2,0.7558951071076286,0.7433193128621308,Moderate Resilience
20451,df_regime1,Very Low Violence,1,0,0.0,0.0,1.0,0.0,0.0,-0.0,1.0,0.2,0.7558951071076286,0.7583381815180403,High Resilience
20452,df_regime1,Very Low Violence,1,0,0.0,0.0,1.0,0.0,0.0,-0.0,1.0,0.2,0.7558951071076286,0.720016366472257,Moderate Resilience
20455,df_regime1,Very Low Violence,1,0,0.0,0.0,1.0,0.0,0.0,-0.0,1.0,0.2,0.7558951071076286,0.7308891576322234,Moderate Resilience
20456,df_regime1,Very Low Violence,1,0,0.0,0.0,1.0,0.0,0.0,-0.0,1.0,0.2,0.7558951071076286,0.7856134393350908,High Resilience
20458,df_regime1,Very Low Violence,1,0,0.0,0.0,1.0,0.0,0.0,-0.0,1.0,0.2,0.7558951071076286,0.7185671383635713,Moderate Resilience
20461,df_regime1,Very Low Violence,1,0,0.0,0.0,1.0,0.0,0.0,-0.0,1.0,0.2,0.7558951071076286,0.7252297304387024,Moderate Resilience
20463,df_regime1,Very Low Violence,1,0,0.0,0.0,1.0,0.0,0.0,-0.0,1.0,0.2,0.7558951071076286,0.7979882567554065,High Resilience
20464,df_regime1,Very Low Violence,1,0,0.0,0.0,1.0,0.0,0.0,-0.0,1.0,0.2,0.7558951071076286,0.799215312533312,High Resilience
20471,df_regime1,Very Low Violence,1,0,0.0,0.0,1.0,0.0,0.0,-0.0,1.0,0.2,0.7558951071076286,0.7759565905626978,High Resilience
20473,df_regime1,Very Low Violence,1,0,0.0,0.0,1.0,0.0,0.0,-0.0,1.0,0.2,0.7558951071076286,0.799215312533312,High Resilience
20476,df_regime1,Very Low Violence,1,0,0.0,0.0,1.0,0.0,0.0,-0.0,1.0,0.2,0.7558951071076286,0.799215312533312,High Resilience
20477,df_regime1,Very Low Violence,1,0,0.0,0.0,1.0,0.0,0.0,-0.0,1.0,0.2,0.7558951071076286,0.721450795822339,Moderate Resilience
20478,df_regime1,Very Low Violence,1,0,0.0,0.0,1.0,0.0,0.0,-0.0,1.0,0.2,0.7558951071076286,0.7712530104135998,High Resilience
20479,df_regime1,Very Low Violence,1,0,0.0,0.0,1.0,0.0,0.0,-0.0,1.0,0.2,0.7558951071076286,0.7744523110720062,High Resilience
20480,df_regime1,Very Low Violence,1,0,0.0,0.0,1.0,0.0,0.0,-0.0,1.0,0.2,0.7558951071076286,0.7857610068273356,High Resilience
20486,df_regime1,Very Low Violence,1,0,0.0,0.0,1.0,0.0,0.0,-0.0,1.0,0.2,0.7558951071076286,0.7607773670140985,High Resilience
20488,df_regime1,Very Low Violence,1,0,0.0,0.0,1.0,0.0,0.0,-0.0,1.0,0.2,0.7558951071076286,0.799215312533312,High Resilience
20489,df_regime1,Very Low Violence,1,0,0.0,0.0,1.0,0.0,0.0,-0.0,1.0,0.2,0.7558951071076286,0.738752740574945,Moderate Resilience
20491,df_regime1,Very Low Violence,1,0,0.0,0.0,1.0,0.0,0.0,-0.0,1.0,0.2,0.7558951071076286,0.7293453129443357,Moderate Resilience
20492,df_regime1,Very Low Violence,1,0,0.0,0.0,1.0,0.0,0.0,-0.0,1.0,0.2,0.7558951071076286,0.7992153125333121,High Resilience
20493,df_regime1,Very Low Violence,1,0,0.0,0.0,1.0,0.0,0.0,-0.0,1.0,0.2,0.7558951071076286,0.799215312533312,High Resilience
20495,df_regime1,Very Low Violence,1,0,0.0,0.0,1.0,0.0,0.0,-0.0,1.0,0.2,0.7558951071076286,0.7816563849506553,High Resilience
20496,df_regime1,Very Low Violence,1,0,0.0,0.0,1.0,0.0,0.0,-0.0,1.0,0.2,0.7558951071076286,0.799215312533312,High Resilience
20499,df_regime1,Very Low Violence,1,0,0.0,0.0,1.0,0.0,0.0,-0.0,1.0,0.2,0.7558951071076286,0.7694997107797451,High Resilience
20500,df_regime1,Very Low Violence,1,0,0.0,0.0,1.0,0.0,0.0,-0.0,1.0,0.2,0.7558951071076286,0.7475341091097194,Moderate Resilience
20501,df_regime1,Very Low Violence,1,0,0.0,0.0,1.0,0.0,0.0,-0.0,1.0,0.2,0.7558951071076286,0.7633149085606187,High Resilience
20502,df_regime1,Very Low Violence,1,0,0.0,0.0,1.0,0.0,0.0,-0.0,1.0,0.2,0.7558951071076286,0.7772887079791038,High Resilience
20503,df_regime1,Very Low Violence,1,0,0.0,0.0,1.0,0.0,0.0,-0.0,1.0,0.2,0.7558951071076286,0.799215312533312,High Resilience
20504,df_regime1,Very Low Violence,1,0,0.0,0.0,1.0,0.0,0.0,-0.0,1.0,0.2,0.7558951071076286,0.786386698341102,High Resilience
20506,df_regime1,Very Low Violence,1,0,0.0,0.0,1.0,0.0,0.0,-0.0,1.0,0.2,0.7558951071076286,0.7791700598390191,High Resilience
20508,df_regime1,Very Low Violence,1,0,0.0,0.0,1.0,0.0,0.0,-0.0,1.0,0.2,0.7558951071076286,0.754891331044745,High Resilience
20510,df_regime1,Very Low Violence,1,0,0.0,0.0,1.0,0.0,0.0,-0.0,1.0,0.2,0.7558951071076286,0.7620708103413534,High Resilience
20511,df_regime1,Very Low Violence,1,0,0.0,0.0,1.0,0.0,0.0,-0.0,1.0,0.2,0.7558951071076286,0.7267582035128146,Moderate Resilience
20512,df_regime1,Very Low Violence,1,0,0.0,0.0,1.0,0.0,0.0,-0.0,1.0,0.2,0.7558951071076286,0.799215312533312,High Resilience
20514,df_regime1,Very Low Violence,1,0,0.0,0.0,1.0,0.0,0.0,-0.0,1.0,0.2,0.7558951071076286,0.766578034832745,High Resilience
20517,df_regime1,Very Low Violence,1,0,0.0,0.0,1.0,0.0,0.0,-0.0,1.0,0.2,0.7558951071076286,0.7615595371005592,High Resilience
20518,df_regime1,Very Low Violence,1,0,0.0,0.0,1.0,0.0,0.0,-0.0,1.0,0.2,0.7558951071076286,0.799215312533312,High Resilience
20521,df_regime1,Very Low Violence,1,0,0.0,0.0,1.0,0.0,0.0,-0.0,1.0,0.2,0.7558951071076286,0.799215312533312,High Resilience
20522,df_regime1,Very Low Violence,1,0,0.0,0.0,1.0,0.0,0.0,-0.0,1.0,0.2,0.7558951071076286,0.799215312533312,High Resilience
20523,df_regime1,Very Low Violence,1,0,0.0,0.0,1.0,0.0,0.0,-0.0,1.0,0.2,0.7558951071076286,0.7501342271274325,High Resilience
20524,df_regime1,Very Low Violence,1,0,0.0,0.0,1.0,0.0,0.0,-0.0,1.0,0.2,0.7558951071076286,0.7603144363847434,High Resilience
20527,df_regime1,Very Low Violence,1,0,0.0,0.0,1.0,0.0,0.0,-0.0,1.0,0.2,0.7558951071076286,0.7955632175995621,High Resilience
20528,df_regime1,Very Low Violence,1,0,0.0,0.0,1.0,0.0,0.0,-0.0,1.0,0.2,0.7558951071076286,0.7481810201338065,Moderate Resilience
20529,df_regime1,Very Low Violence,1,0,0.0,0.0,1.0,0.0,0.0,-0.0,1.0,0.2,0.7558951071076286,0.755281235369816,High Resilience
20531,df_regime1,Very Low Violence,1,0,0.0,0.0,1.0,0.0,0.0,-0.0,1.0,0.2,0.7558951071076286,0.706120475357131,Moderate Resilience
20535,df_regime1,Very Low Violence,1,0,0.0,0.0,1.0,0.0,0.0,-0.0,1.0,0.2,0.7558951071076286,0.7644958494971978,High Resilience
20536,df_regime1,Very Low Violence,1,0,0.0,0.0,1.0,0.0,0.0,-0.0,1.0,0.2,0.7558951071076286,0.7620708103413534,High Resilience
20539,df_regime1,Very Low Violence,1,0,0.0,0.0,1.0,0.0,0.0,-0.0,1.0,0.2,0.7558951071076286,0.7567639946012218,High Resilience
20541,df_regime1,Very Low Violence,1,0,0.0,0.0,1.0,0.0,0.0,-0.0,1.0,0.2,0.7558951071076286,0.7744523110720062,High Resilience
20542,df_regime1,Very Low Violence,1,0,0.0,0.0,1.0,0.0,0.0,-0.0,1.0,0.2,0.7558951071076286,0.8011553438579876,High Resilience
20543,df_regime1,Very Low Violence,1,0,0.0,0.0,1.0,0.0,0.0,-0.0,1.0,0.2,0.7558951071076286,0.7146159652922326,Moderate Resilience
20544,df_regime1,Very Low Violence,1,0,0.0,0.0,1.0,0.0,0.0,-0.0,1.0,0.2,0.7558951071076286,0.7933638515561029,High Resilience
20548,df_regime1,Very Low Violence,1,0,0.0,0.0,1.0,0.0,0.0,-0.0,1.0,0.2,0.7558951071076286,0.7632662874779158,High Resilience
20549,df_regime1,Very Low Violence,1,0,0.0,0.0,1.0,0.0,0.0,-0.0,1.0,0.2,0.7558951071076286,0.7846924791706278,High Resilience
20552,df_regime1,Very Low Violence,1,0,0.0,0.0,1.0,0.0,0.0,-0.0,1.0,0.2,0.7558951071076286,0.799215312533312,High Resilience
20554,df_regime1,Very Low Violence,1,0,0.0,0.0,1.0,0.0,0.0,-0.0,1.0,0.2,0.7558951071076286,0.799215312533312,High Resilience
20556,df_regime1,Very Low Violence,1,0,0.0,0.0,1.0,0.0,0.0,-0.0,1.0,0.2,0.7558951071076286,0.7766262582584829,High Resilience
20558,df_regime1,Very Low Violence,1,0,0.0,0.0,1.0,0.0,0.0,-0.0,1.0,0.2,0.7558951071076286,0.7634231781880809,High Resilience
20560,df_regime1,Very Low Violence,1,0,0.0,0.0,1.0,0.0,0.0,-0.0,1.0,0.2,0.7558951071076286,0.770966296400135,High Resilience
20561,df_regime1,Very Low Violence,1,0,0.0,0.0,1.0,0.0,0.0,-0.0,1.0,0.2,0.7558951071076286,0.7453235039660433,Moderate Resilience
20562,df_regime1,Very Low Violence,1,0,0.0,0.0,1.0,0.0,0.0,-0.0,1.0,0.2,0.7558951071076286,0.799215312533312,High Resilience
20564,df_regime1,Very Low Violence,1,0,0.0,0.0,1.0,0.0,0.0,-0.0,1.0,0.2,0.7558951071076286,0.799215312533312,High Resilience
20568,df_regime1,Very Low Violence,1,0,0.0,0.0,1.0,0.0,0.0,-0.0,1.0,0.2,0.7558951071076286,0.7305603387636344,Moderate Resilience
20569,df_regime1,Very Low Violence,1,0,0.0,0.0,1.0,0.0,0.0,-0.0,1.0,0.2,0.7558951071076286,0.7886826827743356,High Resilience
21005,df_regime1,Very Low Violence,1,0,0.0,0.0,1.0,0.0,0.0,-0.0,1.0,0.2,0.7558951071076286,0.7529512997200695,High Resilience
21006,df_regime1,Very Low Violence,1,0,0.0,0.0,1.0,0.0,0.0,-0.0,1.0,0.2,0.7558951071076286,0.7218069844380232,Moderate Resilience
21009,df_regime1,Very Low Violence,1,0,0.0,0.0,1.0,0.0,0.0,-0.0,1.0,0.2,0.7558951071076286,0.7518509595061567,High Resilience
21011,df_regime1,Very Low Violence,1,0,0.0,0.0,1.0,0.0,0.0,-0.0,1.0,0.2,0.7558951071076286,0.7213544129396907,Moderate Resilience
21014,df_regime1,Very Low Violence,1,0,0.0,0.0,1.0,0.0,0.0,-0.0,1.0,0.2,0.7558951071076286,0.7816047897948524,High Resilience
21016,df_regime1,Very Low Violence,1,0,0.0,0.0,1.0,0.0,0.0,-0.0,1.0,0.2,0.7558951071076286,0.6657629717205747,Moderate Resilience
21018,df_regime1,Very Low Violence,1,0,0.0,0.0,1.0,0.0,0.0,-0.0,1.0,0.2,0.7558951071076286,0.7538342986818172,High Resilience
21020,df_regime1,Very Low Violence,1,0,0.0,0.0,1.0,0.0,0.0,-0.0,1.0,0.2,0.7558951071076286,0.7967805825774786,High Resilience
21024,df_regime1,Very Low Violence,1,0,0.0,0.0,1.0,0.0,0.0,-0.0,1.0,0.2,0.7558951071076286,0.7657399477164631,High Resilience
21028,df_regime1,Very Low Violence,1,0,0.0,0.0,1.0,0.0,0.0,-0.0,1.0,0.2,0.7558951071076286,0.7888214282969354,High Resilience
21029,df_regime1,Very Low Violence,1,0,0.0,0.0,1.0,0.0,0.0,-0.0,1.0,0.2,0.7558951071076286,0.7182825630094143,Moderate Resilience
21030,df_regime1,Very Low Violence,1,0,0.0,0.0,1.0,0.0,0.0,-0.0,1.0,0.2,0.7558951071076286,0.7455095673258303,Moderate Resilience
21031,df_regime1,Very Low Violence,1,0,0.0,0.0,1.0,0.0,0.0,-0.0,1.0,0.2,0.7558951071076286,0.7356196046888768,Moderate Resilience
21037,df_regime1,Very Low Violence,1,0,0.0,0.0,1.0,0.0,0.0,-0.0,1.0,0.2,0.7558951071076286,0.7502445590335131,High Resilience
21042,df_regime1,Very Low Violence,1,0,0.0,0.0,1.0,0.0,0.0,-0.0,1.0,0.2,0.7558951071076286,0.7027631144092503,Moderate Resilience
21052,df_regime1,Very Low Violence,1,0,0.0,0.0,1.0,0.0,0.0,-0.0,1.0,0.2,0.7558951071076286,0.7603144363847434,High Resilience
21057,df_regime1,Very Low Violence,1,0,0.0,0.0,1.0,0.0,0.0,-0.0,1.0,0.2,0.7558951071076286,0.6800635850145478,Moderate Resilience
21058,df_regime1,Very Low Violence,1,0,0.0,0.0,1.0,0.0,0.0,-0.0,1.0,0.2,0.7558951071076286,0.7548468201978994,High Resilience
21059,df_regime1,Very Low Violence,1,0,0.0,0.0,1.0,0.0,0.0,-0.0,1.0,0.2,0.7558951071076286,0.7633149085606187,High Resilience
21065,df_regime1,Very Low Violence,1,2,0.0,0.0,1.0,0.0,0.0,-0.0,1.0,0.2,0.7558951071076286,0.6829200986857604,Moderate Resilience
21070,df_regime1,Very Low Violence,1,0,0.0,0.0,1.0,0.0,0.0,-0.0,1.0,0.2,0.7558951071076286,0.7697396861762519,High Resilience
21077,df_regime1,Very Low Violence,1,0,0.0,0.0,1.0,0.0,0.0,-0.0,1.0,0.2,0.7558951071076286,0.724453931774763,Moderate Resilience
21079,df_regime1,Very Low Violence,1,0,0.0,0.0,1.0,0.0,0.0,-0.0,1.0,0.2,0.7558951071076286,0.7814497369950298,High Resilience
21080,df_regime1,Very Low Violence,1,0,0.0,0.0,1.0,0.0,0.0,-0.0,1.0,0.2,0.7558951071076286,0.7273114479425261,Moderate Resilience
21088,df_regime1,Very Low Violence,1,0,0.0,0.0,1.0,0.0,0.0,-0.0,1.0,0.2,0.7558951071076286,0.7154250468416513,Moderate Resilience
21092,df_regime1,Very Low Violence,1,0,0.0,0.0,1.0,0.0,0.0,-0.0,1.0,0.2,0.7558951071076286,0.7496492097486774,Moderate Resilience
21093,df_regime1,Very Low Violence,1,0,0.0,0.0,1.0,0.0,0.0,-0.0,1.0,0.2,0.7558951071076286,0.7363577763156179,Moderate Resilience
21095,df_regime1,Very Low Violence,1,0,0.0,0.0,1.0,0.0,0.0,-0.0,1.0,0.2,0.7558951071076286,0.799215312533312,High Resilience
21098,df_regime1,Very Low Violence,1,0,0.0,0.0,1.0,0.0,0.0,-0.0,1.0,0.2,0.7558951071076286,0.7655635083235617,High Resilience
21100,df_regime1,Very Low Violence,1,0,0.0,0.0,1.0,0.0,0.0,-0.0,1.0,0.2,0.7558951071076286,0.7173103418546652,Moderate Resilience
21101,df_regime1,Very Low Violence,1,0,0.0,0.0,1.0,0.0,0.0,-0.0,1.0,0.2,0.7558951071076286,0.6949386288320012,Moderate Resilience
21113,df_regime1,Very Low Violence,1,0,0.0,0.0,1.0,0.0,0.0,-0.0,1.0,0.2,0.7558951071076286,0.7592769956686897,High Resilience
21120,df_regime1,Very Low Violence,1,0,0.0,0.0,1.0,0.0,0.0,-0.0,1.0,0.2,0.7558951071076286,0.7703574468284182,High Resilience
21121,df_regime1,Very Low Violence,1,0,0.0,0.0,1.0,0.0,0.0,-0.0,1.0,0.2,0.7558951071076286,0.6924935397451452,Moderate Resilience
21123,df_regime1,Very Low Violence,1,0,0.0,0.0,1.0,0.0,0.0,-0.0,1.0,0.2,0.7558951071076286,0.7243769400396787,Moderate Resilience
21126,df_regime1,Very Low Violence,1,0,0.0,0.0,1.0,0.0,0.0,-0.0,1.0,0.2,0.7558951071076286,0.7116005511439606,Moderate Resilience
21127,df_regime1,Very Low Violence,1,0,0.0,0.0,1.0,0.0,0.0,-0.0,1.0,0.2,0.7558951071076286,0.7572307569951702,High Resilience
21131,df_regime1,Very Low Violence,1,0,0.0,0.0,1.0,0.0,0.0,-0.0,1.0,0.2,0.7558951071076286,0.799215312533312,High Resilience
21133,df_regime1,Very Low Violence,1,0,0.0,0.0,1.0,0.0,0.0,-0.0,1.0,0.2,0.7558951071076286,0.6735463549392503,Moderate Resilience
21135,df_regime1,Very Low Violence,1,0,0.0,0.0,1.0,0.0,0.0,-0.0,1.0,0.2,0.7558951071076286,0.7784275440605587,High Resilience
21139,df_regime1,Very Low Violence,1,0,0.0,0.0,1.0,0.0,0.0,-0.0,1.0,0.2,0.7558951071076286,0.7447580959115182,Moderate Resilience
21146,df_regime1,Very Low Violence,1,0,0.0,0.0,1.0,0.0,0.0,-0.0,1.0,0.2,0.7558951071076286,0.7700396554218855,High Resilience
21150,df_regime1,Very Low Violence,1,0,0.0,0.0,1.0,0.0,0.0,-0.0,1.0,0.2,0.7558951071076286,0.7505187084235441,High Resilience
21155,df_regime1,Very Low Violence,1,0,0.0,0.0,1.0,0.0,0.0,-0.0,1.0,0.2,0.7558951071076286,0.7138533995827608,Moderate Resilience
21161,df_regime1,Very Low Violence,1,2,0.0,0.0,1.0,0.0,0.0,-0.0,1.0,0.2,0.7558951071076286,0.7150971636365093,Moderate Resilience
21162,df_regime1,Very Low Violence,1,0,0.0,0.0,1.0,0.0,0.0,-0.0,1.0,0.2,0.7558951071076286,0.78674265144966,High Resilience
21165,df_regime1,Very Low Violence,1,0,0.0,0.0,1.0,0.0,0.0,-0.0,1.0,0.2,0.7558951071076286,0.7529512997200695,High Resilience
21171,df_regime1,Very Low Violence,1,0,0.0,0.0,1.0,0.0,0.0,-0.0,1.0,0.2,0.7558951071076286,0.7604507759156217,High Resilience
21178,df_regime1,Very Low Violence,1,0,0.0,0.0,1.0,0.0,0.0,-0.0,1.0,0.2,0.7558951071076286,0.7197895158242408,Moderate Resilience
21182,df_regime1,Very Low Violence,1,0,0.0,0.0,1.0,0.0,0.0,-0.0,1.0,0.2,0.7558951071076286,0.7667818757980289,High Resilience
21187,df_regime1,Very Low Violence,1,0,0.0,0.0,1.0,0.0,0.0,-0.0,1.0,0.2,0.7558951071076286,0.7496893096107005,Moderate Resilience
21190,df_regime1,Very Low Violence,1,0,0.0,0.0,1.0,0.0,0.0,-0.0,1.0,0.2,0.7558951071076286,0.7583381815180403,High Resilience
21192,df_regime1,Very Low Violence,1,0,0.0,0.0,1.0,0.0,0.0,-0.0,1.0,0.2,0.7558951071076286,0.7230416146343109,Moderate Resilience
21193,df_regime1,Very Low Violence,1,0,0.0,0.0,1.0,0.0,0.0,-0.0,1.0,0.2,0.7558951071076286,0.765487719584338,High Resilience
21195,df_regime1,Very Low Violence,1,1,0.0,0.0,1.0,0.0,0.0,-0.0,1.0,0.2,0.7558951071076286,0.7486582084918809,Moderate Resilience
21196,df_regime1,Very Low Violence,1,0,0.0,0.0,1.0,0.0,0.0,-0.0,1.0,0.2,0.7558951071076286,0.7563619266513373,High Resilience
21198,df_regime1,Very Low Violence,1,0,0.0,0.0,1.0,0.0,0.0,-0.0,1.0,0.2,0.7558951071076286,0.7266078290302282,Moderate Resilience
21199,df_regime1,Very Low Violence,1,0,0.0,0.0,1.0,0.0,0.0,-0.0,1.0,0.2,0.7558951071076286,0.6806400205311292,Moderate Resilience
21200,df_regime1,Very Low Violence,1,0,0.0,0.0,1.0,0.0,0.0,-0.0,1.0,0.2,0.7558951071076286,0.6685228447243117,Moderate Resilience
21204,df_regime1,Very Low Violence,1,0,0.0,0.0,1.0,0.0,0.0,-0.0,1.0,0.2,0.7558951071076286,0.6554172073186257,Moderate Resilience
21215,df_regime1,Very Low Violence,1,0,0.0,0.0,1.0,0.0,0.0,-0.0,1.0,0.2,0.7558951071076286,0.7416863319095176,Moderate Resilience
21216,df_regime1,Very Low Violence,1,0,0.0,0.0,1.0,0.0,0.0,-0.0,1.0,0.2,0.7558951071076286,0.7479981647629813,Moderate Resilience
24031,df_regime1,Very Low Violence,1,0,0.0,0.0,1.0,0.0,0.0,-0.0,1.0,0.2,0.7558951071076286,0.6851544629976851,Moderate Resilience
24038,df_regime1,Very Low Violence,1,0,0.0,0.0,1.0,0.0,0.0,-0.0,1.0,0.2,0.7558951071076286,0.7153288071727959,Moderate Resilience
25005,df_regime1,Very Low Violence,1,0,0.0,0.0,1.0,0.0,0.0,-0.0,1.0,0.2,0.7558951071076286,0.7668066040462765,High Resilience
26001,df_regime1,Very Low Violence,1,0,0.0,0.0,1.0,0.0,0.0,-0.0,1.0,0.2,0.7558951071076286,0.7480124670471029,Moderate Resilience
26005,df_regime1,Very Low Violence,1,0,0.0,0.0,1.0,0.0,0.0,-0.0,1.0,0.2,0.7558951071076286,0.804065390845001,High Resilience
26006,df_regime1,Very Low Violence,1,0,0.0,0.0,1.0,0.0,0.0,-0.0,1.0,0.2,0.7558951071076286,0.7632938561330566,High Resilience
26007,df_regime1,Very Low Violence,1,0,0.0,0.0,1.0,0.0,0.0,-0.0,1.0,0.2,0.7558951071076286,0.7321583182652531,Moderate Resilience
26008,df_regime1,Very Low Violence,1,0,0.0,0.0,1.0,0.0,0.0,-0.0,1.0,0.2,0.7558951071076286,0.782007793408184,High Resilience
26009,df_regime1,Very Low Violence,1,0,0.0,0.0,1.0,0.0,0.0,-0.0,1.0,0.2,0.7558951071076286,0.7609648561467575,High Resilience
26010,df_regime1,Very Low Violence,1,0,0.0,0.0,1.0,0.0,0.0,-0.0,1.0,0.2,0.7558951071076286,0.7581721012561614,High Resilience
26011,df_regime1,Very Low Violence,1,0,0.0,0.0,1.0,0.0,0.0,-0.0,1.0,0.2,0.7558951071076286,0.7292410533030756,Moderate Resilience
26013,df_regime1,Very Low Violence,1,0,0.0,0.0,1.0,0.0,0.0,-0.0,1.0,0.2,0.7558951071076286,0.7663875604881355,High Resilience
26024,df_regime1,Very Low Violence,1,0,0.0,0.0,1.0,0.0,0.0,-0.0,1.0,0.2,0.7558951071076286,0.7435045742246774,Moderate Resilience
26031,df_regime1,Very Low Violence,1,0,0.0,0.0,1.0,0.0,0.0,-0.0,1.0,0.2,0.7558951071076286,0.7918914737334207,High Resilience
26032,df_regime1,Very Low Violence,1,0,0.0,0.0,1.0,0.0,0.0,-0.0,1.0,0.2,0.7558951071076286,0.7675624864454111,High Resilience
26034,df_regime1,Very Low Violence,1,0,0.0,0.0,1.0,0.0,0.0,-0.0,1.0,0.2,0.7558951071076286,0.7715475534477454,High Resilience
26037,df_regime1,Very Low Violence,1,0,0.0,0.0,1.0,0.0,0.0,-0.0,1.0,0.2,0.7558951071076286,0.6810650790685737,Moderate Resilience
26040,df_regime1,Very Low Violence,1,0,0.0,0.0,1.0,0.0,0.0,-0.0,1.0,0.2,0.7558951071076286,0.765510710171898,High Resilience
26050,df_regime1,Very Low Violence,1,0,0.0,0.0,1.0,0.0,0.0,-0.0,1.0,0.2,0.7558951071076286,0.7450186304436337,Moderate Resilience
26053,df_regime1,Very Low Violence,1,0,0.0,0.0,1.0,0.0,0.0,-0.0,1.0,0.2,0.7558951071076286,0.799215312533312,High Resilience
26054,df_regime1,Very Low Violence,1,0,0.0,0.0,1.0,0.0,0.0,-0.0,1.0,0.2,0.7558951071076286,0.7184150930534007,Moderate Resilience
26057,df_regime1,Very Low Violence,1,0,0.0,0.0,1.0,0.0,0.0,-0.0,1.0,0.2,0.7558951071076286,0.72888072740004,Moderate Resilience
26059,df_regime1,Very Low Violence,1,0,0.0,0.0,1.0,0.0,0.0,-0.0,1.0,0.2,0.7558951071076286,0.7590923930895906,High Resilience
26062,df_regime1,Very Low Violence,1,0,0.0,0.0,1.0,0.0,0.0,-0.0,1.0,0.2,0.7558951071076286,0.7272512981494916,Moderate Resilience
26067,df_regime1,Very Low Violence,1,0,0.0,0.0,1.0,0.0,0.0,-0.0,1.0,0.2,0.7558951071076286,0.7177825177299869,Moderate Resilience
28005,df_regime1,Very Low Violence,1,0,0.0,0.0,1.0,0.0,0.0,-0.0,1.0,0.2,0.7558951071076286,0.7059931582952077,Moderate Resilience
28006,df_regime1,Very Low Violence,1,0,0.0,0.0,1.0,0.0,0.0,-0.0,1.0,0.2,0.7558951071076286,0.726774243457624,Moderate Resilience
28008,df_regime1,Very Low Violence,1,0,0.0,0.0,1.0,0.0,0.0,-0.0,1.0,0.2,0.7558951071076286,0.7177524428334695,Moderate Resilience
28014,df_regime1,Very Low Violence,1,0,0.0,0.0,1.0,0.0,0.0,-0.0,1.0,0.2,0.7558951071076286,0.7067634766446707,Moderate Resilience
28031,df_regime1,Very Low Violence,1,0,0.0,0.0,1.0,0.0,0.0,-0.0,1.0,0.2,0.7558951071076286,0.7106643912222738,Moderate Resilience
28036,df_regime1,Very Low Violence,1,0,0.0,0.0,1.0,0.0,0.0,-0.0,1.0,0.2,0.7558951071076286,0.7335999083049821,Moderate Resilience
29008,df_regime1,Very Low Violence,1,0,0.0,0.0,1.0,0.0,0.0,-0.0,1.0,0.2,0.7558951071076286,0.6666010588368566,Moderate Resilience
29009,df_regime1,Very Low Violence,1,0,0.0,0.0,1.0,0.0,0.0,-0.0,1.0,0.2,0.7558951071076286,0.7603144363847434,High Resilience
29012,df_regime1,Very Low Violence,1,0,0.0,0.0,1.0,0.0,0.0,-0.0,1.0,0.2,0.7558951071076286,0.7671971767023811,High Resilience
29014,df_regime1,Very Low Violence,1,0,0.0,0.0,1.0,0.0,0.0,-0.0,1.0,0.2,0.7558951071076286,0.7221866855759793,Moderate Resilience
29016,df_regime1,Very Low Violence,1,0,0.0,0.0,1.0,0.0,0.0,-0.0,1.0,0.2,0.7558951071076286,0.7400573227527618,Moderate Resilience
29022,df_regime1,Very Low Violence,1,0,0.0,0.0,1.0,0.0,0.0,-0.0,1.0,0.2,0.7558951071076286,0.7138533995827608,Moderate Resilience
29026,df_regime1,Very Low Violence,1,0,0.0,0.0,1.0,0.0,0.0,-0.0,1.0,0.2,0.7558951071076286,0.7064793691222373,Moderate Resilience
29037,df_regime1,Very Low Violence,1,0,0.0,0.0,1.0,0.0,0.0,-0.0,1.0,0.2,0.7558951071076286,0.7318505518242262,Moderate Resilience
29039,df_regime1,Very Low Violence,1,1,0.0,0.0,1.0,0.0,0.0,-0.0,1.0,0.2,0.7558951071076286,0.6827613032321491,Moderate Resilience
29040,df_regime1,Very Low Violence,1,0,0.0,0.0,1.0,0.0,0.0,-0.0,1.0,0.2,0.7558951071076286,0.6988461598868381,Moderate Resilience
29041,df_regime1,Very Low Violence,1,0,0.0,0.0,1.0,0.0,0.0,-0.0,1.0,0.2,0.7558951071076286,0.7074072512866924,Moderate Resilience
29046,df_regime1,Very Low Violence,1,0,0.0,0.0,1.0,0.0,0.0,-0.0,1.0,0.2,0.7558951071076286,0.7097057371875092,Moderate Resilience
29047,df_regime1,Very Low Violence,1,0,0.0,0.0,1.0,0.0,0.0,-0.0,1.0,0.2,0.7558951071076286,0.7056673469162704,Moderate Resilience
29050,df_regime1,Very Low Violence,1,0,0.0,0.0,1.0,0.0,0.0,-0.0,1.0,0.2,0.7558951071076286,0.6711724431074853,Moderate Resilience
29051,df_regime1,Very Low Violence,1,0,0.0,0.0,1.0,0.0,0.0,-0.0,1.0,0.2,0.7558951071076286,0.746383744317933,Moderate Resilience
29052,df_regime1,Very Low Violence,1,0,0.0,0.0,1.0,0.0,0.0,-0.0,1.0,0.2,0.7558951071076286,0.7554449764730766,High Resilience
29053,df_regime1,Very Low Violence,1,0,0.0,0.0,1.0,0.0,0.0,-0.0,1.0,0.2,0.7558951071076286,0.7779824355921028,High Resilience
29057,df_regime1,Very Low Violence,1,0,0.0,0.0,1.0,0.0,0.0,-0.0,1.0,0.2,0.7558951071076286,0.7280514240630582,Moderate Resilience
29059,df_regime1,Very Low Violence,1,0,0.0,0.0,1.0,0.0,0.0,-0.0,1.0,0.2,0.7558951071076286,0.791911122665812,High Resilience
29060,df_regime1,Very Low Violence,1,0,0.0,0.0,1.0,0.0,0.0,-0.0,1.0,0.2,0.7558951071076286,0.7546002060464576,High Resilience
30005,df_regime1,Very Low Violence,1,0,0.0,0.0,1.0,0.0,0.0,-0.0,1.0,0.2,0.7558951071076286,0.6831566878716964,Moderate Resilience
30008,df_regime1,Very Low Violence,1,0,0.0,0.0,1.0,0.0,0.0,-0.0,1.0,0.2,0.7558951071076286,0.6750888629650706,Moderate Resilience
30041,df_regime1,Very Low Violence,1,0,0.0,0.0,1.0,0.0,0.0,-0.0,1.0,0.2,0.7558951071076286,0.7681649868723076,High Resilience
30042,df_regime1,Very Low Violence,1,0,0.0,0.0,1.0,0.0,0.0,-0.0,1.0,0.2,0.7558951071076286,0.6937446554402646,Moderate Resilience
30050,df_regime1,Very Low Violence,1,0,0.0,0.0,1.0,0.0,0.0,-0.0,1.0,0.2,0.7558951071076286,0.7248815299701356,Moderate Resilience
30056,df_regime1,Very Low Violence,1,0,0.0,0.0,1.0,0.0,0.0,-0.0,1.0,0.2,0.7558951071076286,0.6793478024774362,Moderate Resilience
30064,df_regime1,Very Low Violence,1,0,0.0,0.0,1.0,0.0,0.0,-0.0,1.0,0.2,0.7558951071076286,0.7691474334918725,High Resilience
30070,df_regime1,Very Low Violence,1,0,0.0,0.0,1.0,0.0,0.0,-0.0,1.0,0.2,0.7558951071076286,0.6972237194693851,Moderate Resilience
30076,df_regime1,Very Low Violence,1,0,0.0,0.0,1.0,0.0,0.0,-0.0,1.0,0.2,0.7558951071076286,0.7677497528010588,High Resilience
30079,df_regime1,Very Low Violence,1,0,0.0,0.0,1.0,0.0,0.0,-0.0,1.0,0.2,0.7558951071076286,0.7418253925024619,Moderate Resilience
30096,df_regime1,Very Low Violence,1,0,0.0,0.0,1.0,0.0,0.0,-0.0,1.0,0.2,0.7558951071076286,0.7056833868610796,Moderate Resilience
30098,df_regime1,Very Low Violence,1,0,0.0,0.0,1.0,0.0,0.0,-0.0,1.0,0.2,0.7558951071076286,0.6935251086956884,Moderate Resilience
30103,df_regime1,Very Low Violence,1,0,0.0,0.0,1.0,0.0,0.0,-0.0,1.0,0.2,0.7558951071076286,0.7129364494045002,Moderate Resilience
30107,df_regime1,Very Low Violence,1,0,0.0,0.0,1.0,0.0,0.0,-0.0,1.0,0.2,0.7558951071076286,0.7416419356337064,Moderate Resilience
30110,df_regime1,Very Low Violence,1,0,0.0,0.0,1.0,0.0,0.0,-0.0,1.0,0.2,0.7558951071076286,0.7141304227962367,Moderate Resilience
30113,df_regime1,Very Low Violence,1,0,0.0,0.0,1.0,0.0,0.0,-0.0,1.0,0.2,0.7558951071076286,0.747263535290719,Moderate Resilience
30137,df_regime1,Very Low Violence,1,0,0.0,0.0,1.0,0.0,0.0,-0.0,1.0,0.2,0.7558951071076286,0.725671163086473,Moderate Resilience
30139,df_regime1,Very Low Violence,1,0,0.0,0.0,1.0,0.0,0.0,-0.0,1.0,0.2,0.7558951071076286,0.6587084034941683,Moderate Resilience
30140,df_regime1,Very Low Violence,1,0,0.0,0.0,1.0,0.0,0.0,-0.0,1.0,0.2,0.7558951071076286,0.7070076848043911,Moderate Resilience
30146,df_regime1,Very Low Violence,1,0,0.0,0.0,1.0,0.0,0.0,-0.0,1.0,0.2,0.7558951071076286,0.7346572080003234,Moderate Resilience
30147,df_regime1,Very Low Violence,1,0,0.0,0.0,1.0,0.0,0.0,-0.0,1.0,0.2,0.7558951071076286,0.7482383629364994,Moderate Resilience
30150,df_regime1,Very Low Violence,1,0,0.0,0.0,1.0,0.0,0.0,-0.0,1.0,0.2,0.7558951071076286,0.7596287287441491,High Resilience
30154,df_regime1,Very Low Violence,1,0,0.0,0.0,1.0,0.0,0.0,-0.0,1.0,0.2,0.7558951071076286,0.7288761445586659,Moderate Resilience
30162,df_regime1,Very Low Violence,1,0,0.0,0.0,1.0,0.0,0.0,-0.0,1.0,0.2,0.7558951071076286,0.6720238968444415,Moderate Resilience
30163,df_regime1,Very Low Violence,1,0,0.0,0.0,1.0,0.0,0.0,-0.0,1.0,0.2,0.7558951071076286,0.748007788729867,Moderate Resilience
30165,df_regime1,Very Low Violence,1,0,0.0,0.0,1.0,0.0,0.0,-0.0,1.0,0.2,0.7558951071076286,0.7094285134747231,Moderate Resilience
30166,df_regime1,Very Low Violence,1,0,0.0,0.0,1.0,0.0,0.0,-0.0,1.0,0.2,0.7558951071076286,0.7224842265521904,Moderate Resilience
30170,df_regime1,Very Low Violence,1,0,0.0,0.0,1.0,0.0,0.0,-0.0,1.0,0.2,0.7558951071076286,0.7424720027775836,Moderate Resilience
30171,df_regime1,Very Low Violence,1,0,0.0,0.0,1.0,0.0,0.0,-0.0,1.0,0.2,0.7558951071076286,0.732575356830293,Moderate Resilience
30187,df_regime1,Very Low Violence,1,0,0.0,0.0,1.0,0.0,0.0,-0.0,1.0,0.2,0.7558951071076286,0.7732883457436837,High Resilience
30198,df_regime1,Very Low Violence,1,0,0.0,0.0,1.0,0.0,0.0,-0.0,1.0,0.2,0.7558951071076286,0.7074884821500476,Moderate Resilience
31001,df_regime1,Very Low Violence,1,0,0.0,0.0,1.0,0.0,0.0,-0.0,1.0,0.2,0.7558951071076286,0.743623871314196,Moderate Resilience
31004,df_regime1,Very Low Violence,1,0,0.0,0.0,1.0,0.0,0.0,-0.0,1.0,0.2,0.7558951071076286,0.7888214282969354,High Resilience
31005,df_regime1,Very Low Violence,1,0,0.0,0.0,1.0,0.0,0.0,-0.0,1.0,0.2,0.7558951071076286,0.7720710475988702,High Resilience
31007,df_regime1,Very Low Violence,1,0,0.0,0.0,1.0,0.0,0.0,-0.0,1.0,0.2,0.7558951071076286,0.799215312533312,High Resilience
31008,df_regime1,Very Low Violence,1,0,0.0,0.0,1.0,0.0,0.0,-0.0,1.0,0.2,0.7558951071076286,0.799215312533312,High Resilience
31009,df_regime1,Very Low Violence,1,0,0.0,0.0,1.0,0.0,0.0,-0.0,1.0,0.2,0.7558951071076286,0.7903062689021321,High Resilience
31010,df_regime1,Very Low Violence,1,0,0.0,0.0,1.0,0.0,0.0,-0.0,1.0,0.2,0.7558951071076286,0.7656492217786359,High Resilience
31011,df_regime1,Very Low Violence,1,0,0.0,0.0,1.0,0.0,0.0,-0.0,1.0,0.2,0.7558951071076286,0.7639942670563926,High Resilience
31012,df_regime1,Very Low Violence,1,0,0.0,0.0,1.0,0.0,0.0,-0.0,1.0,0.2,0.7558951071076286,0.7858981483554544,High Resilience
31013,df_regime1,Very Low Violence,1,0,0.0,0.0,1.0,0.0,0.0,-0.0,1.0,0.2,0.7558951071076286,0.7784275440605587,High Resilience
31014,df_regime1,Very Low Violence,1,0,0.0,0.0,1.0,0.0,0.0,-0.0,1.0,0.2,0.7558951071076286,0.7805712826843114,High Resilience
31015,df_regime1,Very Low Violence,1,0,0.0,0.0,1.0,0.0,0.0,-0.0,1.0,0.2,0.7558951071076286,0.7351938778203986,Moderate Resilience
31016,df_regime1,Very Low Violence,1,0,0.0,0.0,1.0,0.0,0.0,-0.0,1.0,0.2,0.7558951071076286,0.7780826852471604,High Resilience
31017,df_regime1,Very Low Violence,1,0,0.0,0.0,1.0,0.0,0.0,-0.0,1.0,0.2,0.7558951071076286,0.799215312533312,High Resilience
31018,df_regime1,Very Low Violence,1,0,0.0,0.0,1.0,0.0,0.0,-0.0,1.0,0.2,0.7558951071076286,0.799215312533312,High Resilience
31019,df_regime1,Very Low Violence,1,2,0.0,0.0,1.0,0.0,0.0,-0.0,1.0,0.2,0.7558951071076286,0.7451015512297458,Moderate Resilience
31020,df_regime1,Very Low Violence,1,0,0.0,0.0,1.0,0.0,0.0,-0.0,1.0,0.2,0.7558951071076286,0.799215312533312,High Resilience
31021,df_regime1,Very Low Violence,1,0,0.0,0.0,1.0,0.0,0.0,-0.0,1.0,0.2,0.7558951071076286,0.7681419294516443,High Resilience
31022,df_regime1,Very Low Violence,1,0,0.0,0.0,1.0,0.0,0.0,-0.0,1.0,0.2,0.7558951071076286,0.800832005303875,High Resilience
31023,df_regime1,Very Low Violence,1,0,0.0,0.0,1.0,0.0,0.0,-0.0,1.0,0.2,0.7558951071076286,0.7791700598390191,High Resilience
31024,df_regime1,Very Low Violence,1,0,0.0,0.0,1.0,0.0,0.0,-0.0,1.0,0.2,0.7558951071076286,0.7759565905626978,High Resilience
31025,df_regime1,Very Low Violence,1,0,0.0,0.0,1.0,0.0,0.0,-0.0,1.0,0.2,0.7558951071076286,0.7759565905626978,High Resilience
31026,df_regime1,Very Low Violence,1,0,0.0,0.0,1.0,0.0,0.0,-0.0,1.0,0.2,0.7558951071076286,0.7464799839867883,Moderate Resilience
31027,df_regime1,Very Low Violence,1,0,0.0,0.0,1.0,0.0,0.0,-0.0,1.0,0.2,0.7558951071076286,0.799215312533312,High Resilience
31028,df_regime1,Very Low Violence,1,0,0.0,0.0,1.0,0.0,0.0,-0.0,1.0,0.2,0.7558951071076286,0.7759102752220612,High Resilience
31029,df_regime1,Very Low Violence,1,0,0.0,0.0,1.0,0.0,0.0,-0.0,1.0,0.2,0.7558951071076286,0.7805712826843114,High Resilience
31030,df_regime1,Very Low Violence,1,0,0.0,0.0,1.0,0.0,0.0,-0.0,1.0,0.2,0.7558951071076286,0.799215312533312,High Resilience
31031,df_regime1,Very Low Violence,1,0,0.0,0.0,1.0,0.0,0.0,-0.0,1.0,0.2,0.7558951071076286,0.799215312533312,High Resilience
31032,df_regime1,Very Low Violence,1,0,0.0,0.0,1.0,0.0,0.0,-0.0,1.0,0.2,0.7558951071076286,0.7784997238122001,High Resilience
31033,df_regime1,Very Low Violence,1,0,0.0,0.0,1.0,0.0,0.0,-0.0,1.0,0.2,0.7558951071076286,0.7390795544504329,Moderate Resilience
31034,df_regime1,Very Low Violence,1,0,0.0,0.0,1.0,0.0,0.0,-0.0,1.0,0.2,0.7558951071076286,0.775948799732362,High Resilience
31035,df_regime1,Very Low Violence,1,0,0.0,0.0,1.0,0.0,0.0,-0.0,1.0,0.2,0.7558951071076286,0.775948799732362,High Resilience
31036,df_regime1,Very Low Violence,1,0,0.0,0.0,1.0,0.0,0.0,-0.0,1.0,0.2,0.7558951071076286,0.7811191359103509,High Resilience
31037,df_regime1,Very Low Violence,1,0,0.0,0.0,1.0,0.0,0.0,-0.0,1.0,0.2,0.7558951071076286,0.799215312533312,High Resilience
31038,df_regime1,Very Low Violence,1,1,0.0,0.0,1.0,0.0,0.0,-0.0,1.0,0.2,0.7558951071076286,0.799215312533312,High Resilience
31039,df_regime1,Very Low Violence,1,0,0.0,0.0,1.0,0.0,0.0,-0.0,1.0,0.2,0.7558951071076286,0.7816047897948524,High Resilience
31042,df_regime1,Very Low Violence,1,0,0.0,0.0,1.0,0.0,0.0,-0.0,1.0,0.2,0.7558951071076286,0.7720710475988702,High Resilience
31043,df_regime1,Very Low Violence,1,0,0.0,0.0,1.0,0.0,0.0,-0.0,1.0,0.2,0.7558951071076286,0.799215312533312,High Resilience
31044,df_regime1,Very Low Violence,1,0,0.0,0.0,1.0,0.0,0.0,-0.0,1.0,0.2,0.7558951071076286,0.796293636586312,High Resilience
31045,df_regime1,Very Low Violence,1,0,0.0,0.0,1.0,0.0,0.0,-0.0,1.0,0.2,0.7558951071076286,0.7943458526216454,High Resilience
31046,df_regime1,Very Low Violence,1,0,0.0,0.0,1.0,0.0,0.0,-0.0,1.0,0.2,0.7558951071076286,0.779833044224467,High Resilience
31049,df_regime1,Very Low Violence,1,0,0.0,0.0,1.0,0.0,0.0,-0.0,1.0,0.2,0.7558951071076286,0.799215312533312,High Resilience
31051,df_regime1,Very Low Violence,1,0,0.0,0.0,1.0,0.0,0.0,-0.0,1.0,0.2,0.7558951071076286,0.78674265144966,High Resilience
31052,df_regime1,Very Low Violence,1,1,0.0,0.0,1.0,0.0,0.0,-0.0,1.0,0.2,0.7558951071076286,0.7857082208271452,High Resilience
31053,df_regime1,Very Low Violence,1,0,0.0,0.0,1.0,0.0,0.0,-0.0,1.0,0.2,0.7558951071076286,0.796293636586312,High Resilience
31054,df_regime1,Very Low Violence,1,0,0.0,0.0,1.0,0.0,0.0,-0.0,1.0,0.2,0.7558951071076286,0.799215312533312,High Resilience
31055,df_regime1,Very Low Violence,1,0,0.0,0.0,1.0,0.0,0.0,-0.0,1.0,0.2,0.7558951071076286,0.796293636586312,High Resilience
31056,df_regime1,Very Low Violence,1,1,0.0,0.0,1.0,0.0,0.0,-0.0,1.0,0.2,0.7558951071076286,0.7209741803194364,Moderate Resilience
31057,df_regime1,Very Low Violence,1,0,0.0,0.0,1.0,0.0,0.0,-0.0,1.0,0.2,0.7558951071076286,0.7692263442917822,High Resilience
31058,df_regime1,Very Low Violence,1,0,0.0,0.0,1.0,0.0,0.0,-0.0,1.0,0.2,0.7558951071076286,0.7832214825654152,High Resilience
31060,df_regime1,Very Low Violence,1,0,0.0,0.0,1.0,0.0,0.0,-0.0,1.0,0.2,0.7558951071076286,0.799215312533312,High Resilience
31061,df_regime1,Very Low Violence,1,0,0.0,0.0,1.0,0.0,0.0,-0.0,1.0,0.2,0.7558951071076286,0.7603144363847434,High Resilience
31062,df_regime1,Very Low Violence,1,0,0.0,0.0,1.0,0.0,0.0,-0.0,1.0,0.2,0.7558951071076286,0.799215312533312,High Resilience
31063,df_regime1,Very Low Violence,1,0,0.0,0.0,1.0,0.0,0.0,-0.0,1.0,0.2,0.7558951071076286,0.7780826852471604,High Resilience
31064,df_regime1,Very Low Violence,1,0,0.0,0.0,1.0,0.0,0.0,-0.0,1.0,0.2,0.7558951071076286,0.799215312533312,High Resilience
31066,df_regime1,Very Low Violence,1,0,0.0,0.0,1.0,0.0,0.0,-0.0,1.0,0.2,0.7558951071076286,0.7520257949045772,High Resilience
31068,df_regime1,Very Low Violence,1,0,0.0,0.0,1.0,0.0,0.0,-0.0,1.0,0.2,0.7558951071076286,0.7464799839867883,Moderate Resilience
31069,df_regime1,Very Low Violence,1,0,0.0,0.0,1.0,0.0,0.0,-0.0,1.0,0.2,0.7558951071076286,0.799215312533312,High Resilience
31070,df_regime1,Very Low Violence,1,0,0.0,0.0,1.0,0.0,0.0,-0.0,1.0,0.2,0.7558951071076286,0.7759102752220612,High Resilience
31071,df_regime1,Very Low Violence,1,0,0.0,0.0,1.0,0.0,0.0,-0.0,1.0,0.2,0.7558951071076286,0.7666421946119819,High Resilience
31072,df_regime1,Very Low Violence,1,0,0.0,0.0,1.0,0.0,0.0,-0.0,1.0,0.2,0.7558951071076286,0.78674265144966,High Resilience
31074,df_regime1,Very Low Violence,1,0,0.0,0.0,1.0,0.0,0.0,-0.0,1.0,0.2,0.7558951071076286,0.7666421946119819,High Resilience
31075,df_regime1,Very Low Violence,1,0,0.0,0.0,1.0,0.0,0.0,-0.0,1.0,0.2,0.7558951071076286,0.7255445143555834,Moderate Resilience
31076,df_regime1,Very Low Violence,1,0,0.0,0.0,1.0,0.0,0.0,-0.0,1.0,0.2,0.7558951071076286,0.7875627938776866,High Resilience
31077,df_regime1,Very Low Violence,1,0,0.0,0.0,1.0,0.0,0.0,-0.0,1.0,0.2,0.7558951071076286,0.7720710475988702,High Resilience
31078,df_regime1,Very Low Violence,1,0,0.0,0.0,1.0,0.0,0.0,-0.0,1.0,0.2,0.7558951071076286,0.7541695335283299,High Resilience
31080,df_regime1,Very Low Violence,1,0,0.0,0.0,1.0,0.0,0.0,-0.0,1.0,0.2,0.7558951071076286,0.799215312533312,High Resilience
31081,df_regime1,Very Low Violence,1,0,0.0,0.0,1.0,0.0,0.0,-0.0,1.0,0.2,0.7558951071076286,0.7858981483554545,High Resilience
31084,df_regime1,Very Low Violence,1,0,0.0,0.0,1.0,0.0,0.0,-0.0,1.0,0.2,0.7558951071076286,0.7875627938776866,High Resilience
31085,df_regime1,Very Low Violence,1,0,0.0,0.0,1.0,0.0,0.0,-0.0,1.0,0.2,0.7558951071076286,0.7805712826843114,High Resilience
31086,df_regime1,Very Low Violence,1,0,0.0,0.0,1.0,0.0,0.0,-0.0,1.0,0.2,0.7558951071076286,0.7616771633624937,High Resilience
31087,df_regime1,Very Low Violence,1,0,0.0,0.0,1.0,0.0,0.0,-0.0,1.0,0.2,0.7558951071076286,0.799215312533312,High Resilience
31089,df_regime1,Very Low Violence,1,2,0.0,0.0,1.0,0.0,0.0,-0.0,1.0,0.2,0.7558951071076286,0.799215312533312,High Resilience
31090,df_regime1,Very Low Violence,1,0,0.0,0.0,1.0,0.0,0.0,-0.0,1.0,0.2,0.7558951071076286,0.7351938778203986,Moderate Resilience
31091,df_regime1,Very Low Violence,1,0,0.0,0.0,1.0,0.0,0.0,-0.0,1.0,0.2,0.7558951071076286,0.799215312533312,High Resilience
31092,df_regime1,Very Low Violence,1,0,0.0,0.0,1.0,0.0,0.0,-0.0,1.0,0.2,0.7558951071076286,0.799215312533312,High Resilience
31093,df_regime1,Very Low Violence,1,0,0.0,0.0,1.0,0.0,0.0,-0.0,1.0,0.2,0.7558951071076286,0.767039756101182,High Resilience
31094,df_regime1,Very Low Violence,1,0,0.0,0.0,1.0,0.0,0.0,-0.0,1.0,0.2,0.7558951071076286,0.7455095673258303,Moderate Resilience
31095,df_regime1,Very Low Violence,1,0,0.0,0.0,1.0,0.0,0.0,-0.0,1.0,0.2,0.7558951071076286,0.694477480418736,Moderate Resilience
31096,df_regime1,Very Low Violence,1,2,0.0,0.0,1.0,0.0,0.0,-0.0,1.0,0.2,0.7558951071076286,0.799215312533312,High Resilience
31097,df_regime1,Very Low Violence,1,0,0.0,0.0,1.0,0.0,0.0,-0.0,1.0,0.2,0.7558951071076286,0.775948799732362,High Resilience
31098,df_regime1,Very Low Violence,1,0,0.0,0.0,1.0,0.0,0.0,-0.0,1.0,0.2,0.7558951071076286,0.7685822259366575,High Resilience
31099,df_regime1,Very Low Violence,1,0,0.0,0.0,1.0,0.0,0.0,-0.0,1.0,0.2,0.7558951071076286,0.7836786209924782,High Resilience
31100,df_regime1,Very Low Violence,1,0,0.0,0.0,1.0,0.0,0.0,-0.0,1.0,0.2,0.7558951071076286,0.7408639983104591,Moderate Resilience
31103,df_regime1,Very Low Violence,1,0,0.0,0.0,1.0,0.0,0.0,-0.0,1.0,0.2,0.7558951071076286,0.799215312533312,High Resilience
31104,df_regime1,Very Low Violence,1,0,0.0,0.0,1.0,0.0,0.0,-0.0,1.0,0.2,0.7558951071076286,0.7886489988902363,High Resilience
31106,df_regime1,Very Low Violence,1,0,0.0,0.0,1.0,0.0,0.0,-0.0,1.0,0.2,0.7558951071076286,0.799215312533312,High Resilience
32002,df_regime1,Very Low Violence,1,0,0.0,0.0,1.0,0.0,0.0,-0.0,1.0,0.2,0.7558951071076286,0.7356550262336639,Moderate Resilience
32003,df_regime1,Very Low Violence,1,0,0.0,0.0,1.0,0.0,0.0,-0.0,1.0,0.2,0.7558951071076286,0.7096923705668349,Moderate Resilience
32007,df_regime1,Very Low Violence,1,0,0.0,0.0,1.0,0.0,0.0,-0.0,1.0,0.2,0.7558951071076286,0.7541601100607546,High Resilience
32011,df_regime1,Very Low Violence,1,0,0.0,0.0,1.0,0.0,0.0,-0.0,1.0,0.2,0.7558951071076286,0.8016403516891565,High Resilience
32022,df_regime1,Very Low Violence,1,0,0.0,0.0,1.0,0.0,0.0,-0.0,1.0,0.2,0.7558951071076286,0.7568748707197155,High Resilience
32023,df_regime1,Very Low Violence,1,0,0.0,0.0,1.0,0.0,0.0,-0.0,1.0,0.2,0.7558951071076286,0.7460489104700405,Moderate Resilience
32026,df_regime1,Very Low Violence,1,0,0.0,0.0,1.0,0.0,0.0,-0.0,1.0,0.2,0.7558951071076286,0.729914730985063,Moderate Resilience
32027,df_regime1,Very Low Violence,1,0,0.0,0.0,1.0,0.0,0.0,-0.0,1.0,0.2,0.7558951071076286,0.7517300584221571,High Resilience
32028,df_regime1,Very Low Violence,1,0,0.0,0.0,1.0,0.0,0.0,-0.0,1.0,0.2,0.7558951071076286,0.7328951532299268,Moderate Resilience
32029,df_regime1,Very Low Violence,1,2,0.0,0.0,1.0,0.0,0.0,-0.0,1.0,0.2,0.7558951071076286,0.7538383086680195,High Resilience
32030,df_regime1,Very Low Violence,1,0,0.0,0.0,1.0,0.0,0.0,-0.0,1.0,0.2,0.7558951071076286,0.6879422054055282,Moderate Resilience
32041,df_regime1,Very Low Violence,1,0,0.0,0.0,1.0,0.0,0.0,-0.0,1.0,0.2,0.7558951071076286,0.7220200706492734,Moderate Resilience
32043,df_regime1,Very Low Violence,1,0,0.0,0.0,1.0,0.0,0.0,-0.0,1.0,0.2,0.7558951071076286,0.6971391087605165,Moderate Resilience
32047,df_regime1,Very Low Violence,1,0,0.0,0.0,1.0,0.0,0.0,-0.0,1.0,0.2,0.7558951071076286,0.7644958494971978,High Resilience
04001,df_regime2,Low Violence,3,6,0.2906,0.2526,0.4569,-0.0521,0.0245,0.0521,-0.4569,-0.0635,0.2654891961809756,0.37169330689861324,Moderate Vulnerability
04006,df_regime2,Low Violence,3,6,0.2906,0.2526,0.4569,-0.0521,0.0245,0.0521,-0.4569,-0.0635,0.2654891961809756,0.29880512436136797,Moderate Vulnerability
07001,df_regime2,Low Violence,2,5,0.2278,0.4012,0.371,0.1694,-0.1117,-0.1694,0.371,-0.032469999999999985,0.3232398429212187,0.284452381246765,Moderate Vulnerability
07003,df_regime2,Low Violence,2,5,0.2278,0.4012,0.371,0.1694,-0.1117,-0.1694,0.371,-0.032469999999999985,0.3232398429212187,0.3009288130541092,Moderate Vulnerability
07004,df_regime2,Low Violence,3,7,0.2906,0.2526,0.4569,-0.0521,0.0245,0.0521,-0.4569,-0.0635,0.2654891961809756,0.3358463694086173,Moderate Vulnerability
07005,df_regime2,Low Violence,1,3,0.0,0.5311,0.4689,0.4296,-0.3421,-0.4296,0.4689,-0.20615000000000003,0.0,0.03926919338125044,High Vulnerability
07008,df_regime2,Low Violence,5,10,0.6897,0.0,0.3103,-0.5704,0.4442,0.5704,-0.3103,0.33116,1.0,0.9033459659037557,High Resilience
07009,df_regime2,Low Violence,3,7,0.2906,0.2526,0.4569,-0.0521,0.0245,0.0521,-0.4569,-0.0635,0.2654891961809756,0.27524311376765276,Moderate Vulnerability
07010,df_regime2,Low Violence,3,6,0.2906,0.2526,0.4569,-0.0521,0.0245,0.0521,-0.4569,-0.0635,0.2654891961809756,0.32285702160279817,Moderate Vulnerability
07011,df_regime2,Low Violence,1,2,0.0,0.5311,0.4689,0.4296,-0.3421,-0.4296,0.4689,-0.20615000000000003,0.0,0.10056343647797565,High Vulnerability
07013,df_regime2,Low Violence,1,2,0.0,0.5311,0.4689,0.4296,-0.3421,-0.4296,0.4689,-0.20615000000000003,0.0,0.09428580307826591,High Vulnerability
07015,df_regime2,Low Violence,3,7,0.2906,0.2526,0.4569,-0.0521,0.0245,0.0521,-0.4569,-0.0635,0.2654891961809756,0.30624899541491496,Moderate Vulnerability
07017,df_regime2,Low Violence,3,6,0.2906,0.2526,0.4569,-0.0521,0.0245,0.0521,-0.4569,-0.0635,0.2654891961809756,0.3005450128191462,Moderate Vulnerability
07019,df_regime2,Low Violence,2,5,0.2278,0.4012,0.371,0.1694,-0.1117,-0.1694,0.371,-0.032469999999999985,0.3232398429212187,0.4059765168524683,Moderate Vulnerability
07021,df_regime2,Low Violence,4,8,0.5106,0.0526,0.4367,-0.3447,0.295,0.3447,-0.4367,0.16356999999999997,0.688094396158642,0.6563641369175417,Moderate Resilience
07026,df_regime2,Low Violence,1,4,0.0,0.5311,0.4689,0.4296,-0.3421,-0.4296,0.4689,-0.20615000000000003,0.0,0.13995754092942794,High Vulnerability
07027,df_regime2,Low Violence,5,10,0.6897,0.0,0.3103,-0.5704,0.4442,0.5704,-0.3103,0.33116,1.0,0.9015432340763524,High Resilience
07030,df_regime2,Low Violence,4,8,0.5106,0.0526,0.4367,-0.3447,0.295,0.3447,-0.4367,0.16356999999999997,0.688094396158642,0.6572703937992628,Moderate Resilience
07032,df_regime2,Low Violence,1,4,0.0,0.5311,0.4689,0.4296,-0.3421,-0.4296,0.4689,-0.20615000000000003,0.0,0.015219401382576409,High Vulnerability
07035,df_regime2,Low Violence,1,3,0.0,0.5311,0.4689,0.4296,-0.3421,-0.4296,0.4689,-0.20615000000000003,0.0,0.05505310057145646,High Vulnerability
07046,df_regime2,Low Violence,3,7,0.2906,0.2526,0.4569,-0.0521,0.0245,0.0521,-0.4569,-0.0635,0.2654891961809756,0.28293460146919214,Moderate Vulnerability
07047,df_regime2,Low Violence,1,3,0.0,0.5311,0.4689,0.4296,-0.3421,-0.4296,0.4689,-0.20615000000000003,0.0,0.026774878372105997,High Vulnerability
07048,df_regime2,Low Violence,4,9,0.5106,0.0526,0.4367,-0.3447,0.295,0.3447,-0.4367,0.16356999999999997,0.688094396158642,0.6239965594318384,Moderate Resilience
07053,df_regime2,Low Violence,3,6,0.2906,0.2526,0.4569,-0.0521,0.0245,0.0521,-0.4569,-0.0635,0.2654891961809756,0.3094305853009278,Moderate Vulnerability
07054,df_regime2,Low Violence,5,10,0.6897,0.0,0.3103,-0.5704,0.4442,0.5704,-0.3103,0.33116,1.0,0.9291188155570089,High Resilience
07057,df_regime2,Low Violence,1,2,0.0,0.5311,0.4689,0.4296,-0.3421,-0.4296,0.4689,-0.20615000000000003,0.0,0.043930974197982475,High Vulnerability
07059,df_regime2,Low Violence,1,2,0.0,0.5311,0.4689,0.4296,-0.3421,-0.4296,0.4689,-0.20615000000000003,0.0,0.1370378254201268,High Vulnerability
07060,df_regime2,Low Violence,1,3,0.0,0.5311,0.4689,0.4296,-0.3421,-0.4296,0.4689,-0.20615000000000003,0.0,0.15535027396559897,High Vulnerability
07061,df_regime2,Low Violence,4,9,0.5106,0.0526,0.4367,-0.3447,0.295,0.3447,-0.4367,0.16356999999999997,0.688094396158642,0.6065109143470289,Moderate Resilience
07062,df_regime2,Low Violence,2,5,0.2278,0.4012,0.371,0.1694,-0.1117,-0.1694,0.371,-0.032469999999999985,0.3232398429212187,0.34722971774041295,Moderate Vulnerability
07065,df_regime2,Low Violence,5,10,0.6897,0.0,0.3103,-0.5704,0.4442,0.5704,-0.3103,0.33116,1.0,0.918526437003618,High Resilience
07068,df_regime2,Low Violence,4,9,0.5106,0.0526,0.4367,-0.3447,0.295,0.3447,-0.4367,0.16356999999999997,0.688094396158642,0.6850407576111487,Moderate Resilience
07069,df_regime2,Low Violence,4,8,0.5106,0.0526,0.4367,-0.3447,0.295,0.3447,-0.4367,0.16356999999999997,0.688094396158642,0.6337672918123767,Moderate Resilience
07071,df_regime2,Low Violence,3,6,0.2906,0.2526,0.4569,-0.0521,0.0245,0.0521,-0.4569,-0.0635,0.2654891961809756,0.2522999777111601,Moderate Vulnerability
07073,df_regime2,Low Violence,1,4,0.0,0.5311,0.4689,0.4296,-0.3421,-0.4296,0.4689,-0.20615000000000003,0.0,0.03990437519569569,High Vulnerability
07079,df_regime2,Low Violence,4,8,0.5106,0.0526,0.4367,-0.3447,0.295,0.3447,-0.4367,0.16356999999999997,0.688094396158642,0.6254545904149967,Moderate Resilience
07080,df_regime2,Low Violence,1,4,0.0,0.5311,0.4689,0.4296,-0.3421,-0.4296,0.4689,-0.20615000000000003,0.0,0.05259999151219586,High Vulnerability
07081,df_regime2,Low Violence,2,5,0.2278,0.4012,0.371,0.1694,-0.1117,-0.1694,0.371,-0.032469999999999985,0.3232398429212187,0.3865285850195605,Moderate Vulnerability
07082,df_regime2,Low Violence,4,8,0.5106,0.0526,0.4367,-0.3447,0.295,0.3447,-0.4367,0.16356999999999997,0.688094396158642,0.6844745698370842,Moderate Resilience
07086,df_regime2,Low Violence,3,7,0.2906,0.2526,0.4569,-0.0521,0.0245,0.0521,-0.4569,-0.0635,0.2654891961809756,0.3117704122499732,Moderate Vulnerability
07090,df_regime2,Low Violence,5,10,0.6897,0.0,0.3103,-0.5704,0.4442,0.5704,-0.3103,0.33116,1.0,0.9688788312494215,High Resilience
07091,df_regime2,Low Violence,3,7,0.2906,0.2526,0.4569,-0.0521,0.0245,0.0521,-0.4569,-0.0635,0.2654891961809756,0.2292211704548227,High Vulnerability
07096,df_regime2,Low Violence,2,5,0.2278,0.4012,0.371,0.1694,-0.1117,-0.1694,0.371,-0.032469999999999985,0.3232398429212187,0.32403366612558915,Moderate Vulnerability
07097,df_regime2,Low Violence,4,8,0.5106,0.0526,0.4367,-0.3447,0.295,0.3447,-0.4367,0.16356999999999997,0.688094396158642,0.6404126409468379,Moderate Resilience
07100,df_regime2,Low Violence,1,2,0.0,0.5311,0.4689,0.4296,-0.3421,-0.4296,0.4689,-0.20615000000000003,0.0,0.08373151939379703,High Vulnerability
07104,df_regime2,Low Violence,1,2,0.0,0.5311,0.4689,0.4296,-0.3421,-0.4296,0.4689,-0.20615000000000003,0.0,0.11667957102504269,High Vulnerability
07109,df_regime2,Low Violence,1,4,0.0,0.5311,0.4689,0.4296,-0.3421,-0.4296,0.4689,-0.20615000000000003,0.0,0.07670669189839095,High Vulnerability
07110,df_regime2,Low Violence,3,6,0.2906,0.2526,0.4569,-0.0521,0.0245,0.0521,-0.4569,-0.0635,0.2654891961809756,0.3142740471353829,Moderate Vulnerability
07111,df_regime2,Low Violence,1,4,0.0,0.5311,0.4689,0.4296,-0.3421,-0.4296,0.4689,-0.20615000000000003,0.0,0.13713932262644737,High Vulnerability
07115,df_regime2,Low Violence,3,6,0.2906,0.2526,0.4569,-0.0521,0.0245,0.0521,-0.4569,-0.0635,0.2654891961809756,0.2951299720069547,Moderate Vulnerability
07116,df_regime2,Low Violence,5,10,0.6897,0.0,0.3103,-0.5704,0.4442,0.5704,-0.3103,0.33116,1.0,0.9330125121594478,High Resilience
08010,df_regime2,Low Violence,3,7,0.2906,0.2526,0.4569,-0.0521,0.0245,0.0521,-0.4569,-0.0635,0.2654891961809756,0.3143030527022462,Moderate Vulnerability
08023,df_regime2,Low Violence,3,7,0.2906,0.2526,0.4569,-0.0521,0.0245,0.0521,-0.4569,-0.0635,0.2654891961809756,0.3254013578481612,Moderate Vulnerability
08035,df_regime2,Low Violence,4,9,0.5106,0.0526,0.4367,-0.3447,0.295,0.3447,-0.4367,0.16356999999999997,0.688094396158642,0.6684971139795136,Moderate Resilience
08038,df_regime2,Low Violence,4,9,0.5106,0.0526,0.4367,-0.3447,0.295,0.3447,-0.4367,0.16356999999999997,0.688094396158642,0.6333525446680239,Moderate Resilience
08048,df_regime2,Low Violence,4,8,0.5106,0.0526,0.4367,-0.3447,0.295,0.3447,-0.4367,0.16356999999999997,0.688094396158642,0.6889852473721502,Moderate Resilience
08066,df_regime2,Low Violence,4,8,0.5106,0.0526,0.4367,-0.3447,0.295,0.3447,-0.4367,0.16356999999999997,0.688094396158642,0.6666251187540705,Moderate Resilience
10004,df_regime2,Low Violence,4,9,0.5106,0.0526,0.4367,-0.3447,0.295,0.3447,-0.4367,0.16356999999999997,0.688094396158642,0.6747551430022343,Moderate Resilience
10009,df_regime2,Low Violence,5,10,0.6897,0.0,0.3103,-0.5704,0.4442,0.5704,-0.3103,0.33116,1.0,0.937953617157929,High Resilience
10013,df_regime2,Low Violence,4,9,0.5106,0.0526,0.4367,-0.3447,0.295,0.3447,-0.4367,0.16356999999999997,0.688094396158642,0.687625416495546,Moderate Resilience
10015,df_regime2,Low Violence,3,7,0.2906,0.2526,0.4569,-0.0521,0.0245,0.0521,-0.4569,-0.0635,0.2654891961809756,0.3463785981689735,Moderate Vulnerability
10016,df_regime2,Low Violence,3,7,0.2906,0.2526,0.4569,-0.0521,0.0245,0.0521,-0.4569,-0.0635,0.2654891961809756,0.2854085624567047,Moderate Vulnerability
10017,df_regime2,Low Violence,3,6,0.2906,0.2526,0.4569,-0.0521,0.0245,0.0521,-0.4569,-0.0635,0.2654891961809756,0.31266764666273916,Moderate Vulnerability
10024,df_regime2,Low Violence,3,7,0.2906,0.2526,0.4569,-0.0521,0.0245,0.0521,-0.4569,-0.0635,0.2654891961809756,0.34485466019830435,Moderate Vulnerability
10026,df_regime2,Low Violence,4,9,0.5106,0.0526,0.4367,-0.3447,0.295,0.3447,-0.4367,0.16356999999999997,0.688094396158642,0.6966143018162898,Moderate Resilience
10033,df_regime2,Low Violence,3,7,0.2906,0.2526,0.4569,-0.0521,0.0245,0.0521,-0.4569,-0.0635,0.2654891961809756,0.27443911153409045,Moderate Vulnerability
10034,df_regime2,Low Violence,4,9,0.5106,0.0526,0.4367,-0.3447,0.295,0.3447,-0.4367,0.16356999999999997,0.688094396158642,0.6939700166648343,Moderate Resilience
10036,df_regime2,Low Violence,4,9,0.5106,0.0526,0.4367,-0.3447,0.295,0.3447,-0.4367,0.16356999999999997,0.688094396158642,0.6363409009570166,Moderate Resilience
10037,df_regime2,Low Violence,2,5,0.2278,0.4012,0.371,0.1694,-0.1117,-0.1694,0.371,-0.032469999999999985,0.3232398429212187,0.3825643794930643,Moderate Vulnerability
11008,df_regime2,Low Violence,1,4,0.0,0.5311,0.4689,0.4296,-0.3421,-0.4296,0.4689,-0.20615000000000003,0.0,0.09106511582678065,High Vulnerability
12004,df_regime2,Low Violence,3,6,0.2906,0.2526,0.4569,-0.0521,0.0245,0.0521,-0.4569,-0.0635,0.2654891961809756,0.2848944822255691,Moderate Vulnerability
12006,df_regime2,Low Violence,1,4,0.0,0.5311,0.4689,0.4296,-0.3421,-0.4296,0.4689,-0.20615000000000003,0.0,0.07191208506250067,High Vulnerability
12007,df_regime2,Low Violence,1,2,0.0,0.5311,0.4689,0.4296,-0.3421,-0.4296,0.4689,-0.20615000000000003,0.0,0.08908635471870115,High Vulnerability
12009,df_regime2,Low Violence,4,8,0.5106,0.0526,0.4367,-0.3447,0.295,0.3447,-0.4367,0.16356999999999997,0.688094396158642,0.636505109892001,Moderate Resilience
12010,df_regime2,Low Violence,2,5,0.2278,0.4012,0.371,0.1694,-0.1117,-0.1694,0.371,-0.032469999999999985,0.3232398429212187,0.36791623406155805,Moderate Vulnerability
12022,df_regime2,Low Violence,3,6,0.2906,0.2526,0.4569,-0.0521,0.0245,0.0521,-0.4569,-0.0635,0.2654891961809756,0.32025554305405235,Moderate Vulnerability
12028,df_regime2,Low Violence,4,9,0.5106,0.0526,0.4367,-0.3447,0.295,0.3447,-0.4367,0.16356999999999997,0.688094396158642,0.642452921926571,Moderate Resilience
12030,df_regime2,Low Violence,4,8,0.5106,0.0526,0.4367,-0.3447,0.295,0.3447,-0.4367,0.16356999999999997,0.688094396158642,0.5982027241841265,Moderate Resilience
12041,df_regime2,Low Violence,1,3,0.0,0.5311,0.4689,0.4296,-0.3421,-0.4296,0.4689,-0.20615000000000003,0.0,0.07064252343085065,High Vulnerability
12042,df_regime2,Low Violence,2,5,0.2278,0.4012,0.371,0.1694,-0.1117,-0.1694,0.371,-0.032469999999999985,0.3232398429212187,0.33888894643961687,Moderate Vulnerability
12043,df_regime2,Low Violence,3,7,0.2906,0.2526,0.4569,-0.0521,0.0245,0.0521,-0.4569,-0.0635,0.2654891961809756,0.25862506261426377,Moderate Vulnerability
12044,df_regime2,Low Violence,1,3,0.0,0.5311,0.4689,0.4296,-0.3421,-0.4296,0.4689,-0.20615000000000003,0.0,0.04298805458526885,High Vulnerability
12050,df_regime2,Low Violence,1,2,0.0,0.5311,0.4689,0.4296,-0.3421,-0.4296,0.4689,-0.20615000000000003,0.0,0.1301424313682507,High Vulnerability
12051,df_regime2,Low Violence,1,2,0.0,0.5311,0.4689,0.4296,-0.3421,-0.4296,0.4689,-0.20615000000000003,0.0,0.06565891257862498,High Vulnerability
12065,df_regime2,Low Violence,3,6,0.2906,0.2526,0.4569,-0.0521,0.0245,0.0521,-0.4569,-0.0635,0.2654891961809756,0.2804113176513912,Moderate Vulnerability
12071,df_regime2,Low Violence,1,4,0.0,0.5311,0.4689,0.4296,-0.3421,-0.4296,0.4689,-0.20615000000000003,0.0,0.040922911691081365,High Vulnerability
12074,df_regime2,Low Violence,1,4,0.0,0.5311,0.4689,0.4296,-0.3421,-0.4296,0.4689,-0.20615000000000003,0.0,0.07313112086800161,High Vulnerability
12079,df_regime2,Low Violence,2,5,0.2278,0.4012,0.371,0.1694,-0.1117,-0.1694,0.371,-0.032469999999999985,0.3232398429212187,0.3724204510632981,Moderate Vulnerability
13001,df_regime2,Low Violence,1,4,0.0,0.5311,0.4689,0.4296,-0.3421,-0.4296,0.4689,-0.20615000000000003,0.0,0.04916343333681979,High Vulnerability
13002,df_regime2,Low Violence,3,6,0.2906,0.2526,0.4569,-0.0521,0.0245,0.0521,-0.4569,-0.0635,0.2654891961809756,0.29489767923480686,Moderate Vulnerability
13011,df_regime2,Low Violence,2,5,0.2278,0.4012,0.371,0.1694,-0.1117,-0.1694,0.371,-0.032469999999999985,0.3232398429212187,0.35647353793396835,Moderate Vulnerability
13014,df_regime2,Low Violence,3,6,0.2906,0.2526,0.4569,-0.0521,0.0245,0.0521,-0.4569,-0.0635,0.2654891961809756,0.340573808975619,Moderate Vulnerability
13015,df_regime2,Low Violence,5,10,0.6897,0.0,0.3103,-0.5704,0.4442,0.5704,-0.3103,0.33116,1.0,0.946242793302922,High Resilience
13017,df_regime2,Low Violence,1,3,0.0,0.5311,0.4689,0.4296,-0.3421,-0.4296,0.4689,-0.20615000000000003,0.0,0.08860107478132567,High Vulnerability
13018,df_regime2,Low Violence,4,8,0.5106,0.0526,0.4367,-0.3447,0.295,0.3447,-0.4367,0.16356999999999997,0.688094396158642,0.6892404384385248,Moderate Resilience
13019,df_regime2,Low Violence,5,10,0.6897,0.0,0.3103,-0.5704,0.4442,0.5704,-0.3103,0.33116,1.0,0.9289189845779273,High Resilience
13025,df_regime2,Low Violence,2,5,0.2278,0.4012,0.371,0.1694,-0.1117,-0.1694,0.371,-0.032469999999999985,0.3232398429212187,0.34623189950707256,Moderate Vulnerability
13028,df_regime2,Low Violence,1,3,0.0,0.5311,0.4689,0.4296,-0.3421,-0.4296,0.4689,-0.20615000000000003,0.0,0.05566673984891487,High Vulnerability
13032,df_regime2,Low Violence,1,4,0.0,0.5311,0.4689,0.4296,-0.3421,-0.4296,0.4689,-0.20615000000000003,0.0,0.013488591088006163,High Vulnerability
13034,df_regime2,Low Violence,5,10,0.6897,0.0,0.3103,-0.5704,0.4442,0.5704,-0.3103,0.33116,1.0,0.9300223991145952,High Resilience
13037,df_regime2,Low Violence,4,9,0.5106,0.0526,0.4367,-0.3447,0.295,0.3447,-0.4367,0.16356999999999997,0.688094396158642,0.6842405425867774,Moderate Resilience
13038,df_regime2,Low Violence,2,5,0.2278,0.4012,0.371,0.1694,-0.1117,-0.1694,0.371,-0.032469999999999985,0.3232398429212187,0.33506943458192057,Moderate Vulnerability
13046,df_regime2,Low Violence,3,7,0.2906,0.2526,0.4569,-0.0521,0.0245,0.0521,-0.4569,-0.0635,0.2654891961809756,0.27139035244102905,Moderate Vulnerability
13049,df_regime2,Low Violence,2,5,0.2278,0.4012,0.371,0.1694,-0.1117,-0.1694,0.371,-0.032469999999999985,0.3232398429212187,0.3467926292443616,Moderate Vulnerability
13050,df_regime2,Low Violence,3,6,0.2906,0.2526,0.4569,-0.0521,0.0245,0.0521,-0.4569,-0.0635,0.2654891961809756,0.34303928215900337,Moderate Vulnerability
13054,df_regime2,Low Violence,1,2,0.0,0.5311,0.4689,0.4296,-0.3421,-0.4296,0.4689,-0.20615000000000003,0.0,0.10171330002148686,High Vulnerability
13055,df_regime2,Low Violence,2,5,0.2278,0.4012,0.371,0.1694,-0.1117,-0.1694,0.371,-0.032469999999999985,0.3232398429212187,0.3908262877318817,Moderate Vulnerability
13059,df_regime2,Low Violence,1,2,0.0,0.5311,0.4689,0.4296,-0.3421,-0.4296,0.4689,-0.20615000000000003,0.0,0.07942679920562175,High Vulnerability
13064,df_regime2,Low Violence,1,4,0.0,0.5311,0.4689,0.4296,-0.3421,-0.4296,0.4689,-0.20615000000000003,0.0,0.02315065284246201,High Vulnerability
13071,df_regime2,Low Violence,2,5,0.2278,0.4012,0.371,0.1694,-0.1117,-0.1694,0.371,-0.032469999999999985,0.3232398429212187,0.40494595039847575,Moderate Vulnerability
13072,df_regime2,Low Violence,1,4,0.0,0.5311,0.4689,0.4296,-0.3421,-0.4296,0.4689,-0.20615000000000003,0.0,0.0762316421996245,High Vulnerability
13073,df_regime2,Low Violence,1,2,0.0,0.5311,0.4689,0.4296,-0.3421,-0.4296,0.4689,-0.20615000000000003,0.0,0.07532926163789892,High Vulnerability
13078,df_regime2,Low Violence,2,5,0.2278,0.4012,0.371,0.1694,-0.1117,-0.1694,0.371,-0.032469999999999985,0.3232398429212187,0.3900323104638252,Moderate Vulnerability
13079,df_regime2,Low Violence,3,7,0.2906,0.2526,0.4569,-0.0521,0.0245,0.0521,-0.4569,-0.0635,0.2654891961809756,0.34744959865050595,Moderate Vulnerability
14004,df_regime2,Low Violence,4,8,0.5106,0.0526,0.4367,-0.3447,0.295,0.3447,-0.4367,0.16356999999999997,0.688094396158642,0.716786036158714,Moderate Resilience
14008,df_regime2,Low Violence,5,10,0.6897,0.0,0.3103,-0.5704,0.4442,0.5704,-0.3103,0.33116,1.0,0.9027126108608026,High Resilience
14013,df_regime2,Low Violence,2,5,0.2278,0.4012,0.371,0.1694,-0.1117,-0.1694,0.371,-0.032469999999999985,0.3232398429212187,0.33123254611734765,Moderate Vulnerability
14016,df_regime2,Low Violence,1,3,0.0,0.5311,0.4689,0.4296,-0.3421,-0.4296,0.4689,-0.20615000000000003,0.0,0.13136127622202778,High Vulnerability
14018,df_regime2,Low Violence,4,8,0.5106,0.0526,0.4367,-0.3447,0.295,0.3447,-0.4367,0.16356999999999997,0.688094396158642,0.6177393769617604,Moderate Resilience
14020,df_regime2,Low Violence,1,4,0.0,0.5311,0.4689,0.4296,-0.3421,-0.4296,0.4689,-0.20615000000000003,0.0,0.05901596943588516,High Vulnerability
14021,df_regime2,Low Violence,3,7,0.2906,0.2526,0.4569,-0.0521,0.0245,0.0521,-0.4569,-0.0635,0.2654891961809756,0.24719793859975964,High Vulnerability
14022,df_regime2,Low Violence,1,4,0.0,0.5311,0.4689,0.4296,-0.3421,-0.4296,0.4689,-0.20615000000000003,0.0,0.06887385218322026,High Vulnerability
14027,df_regime2,Low Violence,1,2,0.0,0.5311,0.4689,0.4296,-0.3421,-0.4296,0.4689,-0.20615000000000003,0.0,0.07327204324025408,High Vulnerability
14029,df_regime2,Low Violence,1,2,0.0,0.5311,0.4689,0.4296,-0.3421,-0.4296,0.4689,-0.20615000000000003,0.0,0.05939424480096935,High Vulnerability
14036,df_regime2,Low Violence,3,7,0.2906,0.2526,0.4569,-0.0521,0.0245,0.0521,-0.4569,-0.0635,0.2654891961809756,0.2806733034166085,Moderate Vulnerability
14043,df_regime2,Low Violence,4,8,0.5106,0.0526,0.4367,-0.3447,0.295,0.3447,-0.4367,0.16356999999999997,0.688094396158642,0.5779162039866614,Moderate Resilience
14048,df_regime2,Low Violence,5,10,0.6897,0.0,0.3103,-0.5704,0.4442,0.5704,-0.3103,0.33116,1.0,0.9365426366795444,High Resilience
14049,df_regime2,Low Violence,2,5,0.2278,0.4012,0.371,0.1694,-0.1117,-0.1694,0.371,-0.032469999999999985,0.3232398429212187,0.33128935425521366,Moderate Vulnerability
14058,df_regime2,Low Violence,5,10,0.6897,0.0,0.3103,-0.5704,0.4442,0.5704,-0.3103,0.33116,1.0,0.9525531749232841,High Resilience
14061,df_regime2,Low Violence,3,6,0.2906,0.2526,0.4569,-0.0521,0.0245,0.0521,-0.4569,-0.0635,0.2654891961809756,0.303351875859611,Moderate Vulnerability
14065,df_regime2,Low Violence,1,4,0.0,0.5311,0.4689,0.4296,-0.3421,-0.4296,0.4689,-0.20615000000000003,0.0,0.08326435600122842,High Vulnerability
14066,df_regime2,Low Violence,3,6,0.2906,0.2526,0.4569,-0.0521,0.0245,0.0521,-0.4569,-0.0635,0.2654891961809756,0.2703602872353117,Moderate Vulnerability
14068,df_regime2,Low Violence,1,4,0.0,0.5311,0.4689,0.4296,-0.3421,-0.4296,0.4689,-0.20615000000000003,0.0,0.04893727011500975,High Vulnerability
14074,df_regime2,Low Violence,2,5,0.2278,0.4012,0.371,0.1694,-0.1117,-0.1694,0.371,-0.032469999999999985,0.3232398429212187,0.36686261018690225,Moderate Vulnerability
14078,df_regime2,Low Violence,1,3,0.0,0.5311,0.4689,0.4296,-0.3421,-0.4296,0.4689,-0.20615000000000003,0.0,0.06732294228154753,High Vulnerability
14082,df_regime2,Low Violence,5,10,0.6897,0.0,0.3103,-0.5704,0.4442,0.5704,-0.3103,0.33116,1.0,0.9328714943113334,High Resilience
14084,df_regime2,Low Violence,4,9,0.5106,0.0526,0.4367,-0.3447,0.295,0.3447,-0.4367,0.16356999999999997,0.688094396158642,0.6861545535565402,Moderate Resilience
14085,df_regime2,Low Violence,1,2,0.0,0.5311,0.4689,0.4296,-0.3421,-0.4296,0.4689,-0.20615000000000003,0.0,0.04566405204427427,High Vulnerability
14087,df_regime2,Low Violence,1,2,0.0,0.5311,0.4689,0.4296,-0.3421,-0.4296,0.4689,-0.20615000000000003,0.0,0.044780518417699526,High Vulnerability
14090,df_regime2,Low Violence,3,6,0.2906,0.2526,0.4569,-0.0521,0.0245,0.0521,-0.4569,-0.0635,0.2654891961809756,0.2948793478693106,Moderate Vulnerability
14091,df_regime2,Low Violence,3,6,0.2906,0.2526,0.4569,-0.0521,0.0245,0.0521,-0.4569,-0.0635,0.2654891961809756,0.3254243038803189,Moderate Vulnerability
14092,df_regime2,Low Violence,4,8,0.5106,0.0526,0.4367,-0.3447,0.295,0.3447,-0.4367,0.16356999999999997,0.688094396158642,0.7091165365481839,Moderate Resilience
14095,df_regime2,Low Violence,5,10,0.6897,0.0,0.3103,-0.5704,0.4442,0.5704,-0.3103,0.33116,1.0,0.9130173842926836,High Resilience
14099,df_regime2,Low Violence,4,8,0.5106,0.0526,0.4367,-0.3447,0.295,0.3447,-0.4367,0.16356999999999997,0.688094396158642,0.6637355226966889,Moderate Resilience
14100,df_regime2,Low Violence,1,2,0.0,0.5311,0.4689,0.4296,-0.3421,-0.4296,0.4689,-0.20615000000000003,0.0,0.049969440563483264,High Vulnerability
14108,df_regime2,Low Violence,2,5,0.2278,0.4012,0.371,0.1694,-0.1117,-0.1694,0.371,-0.032469999999999985,0.3232398429212187,0.30716136275180156,Moderate Vulnerability
14110,df_regime2,Low Violence,1,3,0.0,0.5311,0.4689,0.4296,-0.3421,-0.4296,0.4689,-0.20615000000000003,0.0,0.0422438011461209,High Vulnerability
14115,df_regime2,Low Violence,4,9,0.5106,0.0526,0.4367,-0.3447,0.295,0.3447,-0.4367,0.16356999999999997,0.688094396158642,0.6665930388644521,Moderate Resilience
14119,df_regime2,Low Violence,3,7,0.2906,0.2526,0.4569,-0.0521,0.0245,0.0521,-0.4569,-0.0635,0.2654891961809756,0.3399859640935333,Moderate Vulnerability
14121,df_regime2,Low Violence,3,7,0.2906,0.2526,0.4569,-0.0521,0.0245,0.0521,-0.4569,-0.0635,0.2654891961809756,0.2346804325037452,High Vulnerability
14122,df_regime2,Low Violence,3,6,0.2906,0.2526,0.4569,-0.0521,0.0245,0.0521,-0.4569,-0.0635,0.2654891961809756,0.30578250035338006,Moderate Vulnerability
14125,df_regime2,Low Violence,1,2,0.0,0.5311,0.4689,0.4296,-0.3421,-0.4296,0.4689,-0.20615000000000003,0.0,0.061470080991696326,High Vulnerability
15004,df_regime2,Low Violence,1,3,0.0,0.5311,0.4689,0.4296,-0.3421,-0.4296,0.4689,-0.20615000000000003,0.0,0.08661269448015375,High Vulnerability
15026,df_regime2,Low Violence,4,8,0.5106,0.0526,0.4367,-0.3447,0.295,0.3447,-0.4367,0.16356999999999997,0.688094396158642,0.7011470899697212,Moderate Resilience
15032,df_regime2,Low Violence,2,5,0.2278,0.4012,0.371,0.1694,-0.1117,-0.1694,0.371,-0.032469999999999985,0.3232398429212187,0.3915009679104197,Moderate Vulnerability
15047,df_regime2,Low Violence,3,7,0.2906,0.2526,0.4569,-0.0521,0.0245,0.0521,-0.4569,-0.0635,0.2654891961809756,0.2645165343426915,Moderate Vulnerability
15056,df_regime2,Low Violence,4,8,0.5106,0.0526,0.4367,-0.3447,0.295,0.3447,-0.4367,0.16356999999999997,0.688094396158642,0.6753307987992764,Moderate Resilience
15066,df_regime2,Low Violence,5,10,0.6897,0.0,0.3103,-0.5704,0.4442,0.5704,-0.3103,0.33116,1.0,0.9534624392946568,High Resilience
15071,df_regime2,Low Violence,4,9,0.5106,0.0526,0.4367,-0.3447,0.295,0.3447,-0.4367,0.16356999999999997,0.688094396158642,0.6432799815807966,Moderate Resilience
15074,df_regime2,Low Violence,2,5,0.2278,0.4012,0.371,0.1694,-0.1117,-0.1694,0.371,-0.032469999999999985,0.3232398429212187,0.3361260659462282,Moderate Vulnerability
15082,df_regime2,Low Violence,3,7,0.2906,0.2526,0.4569,-0.0521,0.0245,0.0521,-0.4569,-0.0635,0.2654891961809756,0.38123841072216846,Moderate Vulnerability
15086,df_regime2,Low Violence,4,8,0.5106,0.0526,0.4367,-0.3447,0.295,0.3447,-0.4367,0.16356999999999997,0.688094396158642,0.6651689209074618,Moderate Resilience
15097,df_regime2,Low Violence,5,10,0.6897,0.0,0.3103,-0.5704,0.4442,0.5704,-0.3103,0.33116,1.0,0.9376427095610436,High Resilience
15102,df_regime2,Low Violence,4,8,0.5106,0.0526,0.4367,-0.3447,0.295,0.3447,-0.4367,0.16356999999999997,0.688094396158642,0.6707265326417888,Moderate Resilience
15105,df_regime2,Low Violence,1,4,0.0,0.5311,0.4689,0.4296,-0.3421,-0.4296,0.4689,-0.20615000000000003,0.0,0.08645951300722567,High Vulnerability
15111,df_regime2,Low Violence,4,8,0.5106,0.0526,0.4367,-0.3447,0.295,0.3447,-0.4367,0.16356999999999997,0.688094396158642,0.6718180508860565,Moderate Resilience
15114,df_regime2,Low Violence,4,8,0.5106,0.0526,0.4367,-0.3447,0.295,0.3447,-0.4367,0.16356999999999997,0.688094396158642,0.6655985622862802,Moderate Resilience
15116,df_regime2,Low Violence,4,9,0.5106,0.0526,0.4367,-0.3447,0.295,0.3447,-0.4367,0.16356999999999997,0.688094396158642,0.6983390971315566,Moderate Resilience
15124,df_regime2,Low Violence,3,7,0.2906,0.2526,0.4569,-0.0521,0.0245,0.0521,-0.4569,-0.0635,0.2654891961809756,0.3081278410334537,Moderate Vulnerability
16005,df_regime2,Low Violence,1,4,0.0,0.5311,0.4689,0.4296,-0.3421,-0.4296,0.4689,-0.20615000000000003,0.0,0.09438003775402008,High Vulnerability
16010,df_regime2,Low Violence,1,4,0.0,0.5311,0.4689,0.4296,-0.3421,-0.4296,0.4689,-0.20615000000000003,0.0,0.10153736187686067,High Vulnerability
16011,df_regime2,Low Violence,1,4,0.0,0.5311,0.4689,0.4296,-0.3421,-0.4296,0.4689,-0.20615000000000003,0.0,0.056418166707824714,High Vulnerability
16016,df_regime2,Low Violence,3,7,0.2906,0.2526,0.4569,-0.0521,0.0245,0.0521,-0.4569,-0.0635,0.2654891961809756,0.29986977569808015,Moderate Vulnerability
16017,df_regime2,Low Violence,4,9,0.5106,0.0526,0.4367,-0.3447,0.295,0.3447,-0.4367,0.16356999999999997,0.688094396158642,0.6628771183169819,Moderate Resilience
16021,df_regime2,Low Violence,3,7,0.2906,0.2526,0.4569,-0.0521,0.0245,0.0521,-0.4569,-0.0635,0.2654891961809756,0.2994042162999925,Moderate Vulnerability
16025,df_regime2,Low Violence,4,9,0.5106,0.0526,0.4367,-0.3447,0.295,0.3447,-0.4367,0.16356999999999997,0.688094396158642,0.6504120762071144,Moderate Resilience
16026,df_regime2,Low Violence,5,10,0.6897,0.0,0.3103,-0.5704,0.4442,0.5704,-0.3103,0.33116,1.0,0.92411234778343,High Resilience
16029,df_regime2,Low Violence,4,8,0.5106,0.0526,0.4367,-0.3447,0.295,0.3447,-0.4367,0.16356999999999997,0.688094396158642,0.6776485708242092,Moderate Resilience
16030,df_regime2,Low Violence,4,8,0.5106,0.0526,0.4367,-0.3447,0.295,0.3447,-0.4367,0.16356999999999997,0.688094396158642,0.6729568869675113,Moderate Resilience
16031,df_regime2,Low Violence,3,6,0.2906,0.2526,0.4569,-0.0521,0.0245,0.0521,-0.4569,-0.0635,0.2654891961809756,0.34178977045836484,Moderate Vulnerability
16035,df_regime2,Low Violence,3,6,0.2906,0.2526,0.4569,-0.0521,0.0245,0.0521,-0.4569,-0.0635,0.2654891961809756,0.32524296339317016,Moderate Vulnerability
16037,df_regime2,Low Violence,3,6,0.2906,0.2526,0.4569,-0.0521,0.0245,0.0521,-0.4569,-0.0635,0.2654891961809756,0.27886987895522486,Moderate Vulnerability
16038,df_regime2,Low Violence,1,3,0.0,0.5311,0.4689,0.4296,-0.3421,-0.4296,0.4689,-0.20615000000000003,0.0,0.12147150453679813,High Vulnerability
16039,df_regime2,Low Violence,5,10,0.6897,0.0,0.3103,-0.5704,0.4442,0.5704,-0.3103,0.33116,1.0,0.9049995505473799,High Resilience
16040,df_regime2,Low Violence,5,10,0.6897,0.0,0.3103,-0.5704,0.4442,0.5704,-0.3103,0.33116,1.0,0.9183632305651842,High Resilience
16042,df_regime2,Low Violence,1,3,0.0,0.5311,0.4689,0.4296,-0.3421,-0.4296,0.4689,-0.20615000000000003,0.0,0.08599595860223912,High Vulnerability
16044,df_regime2,Low Violence,3,7,0.2906,0.2526,0.4569,-0.0521,0.0245,0.0521,-0.4569,-0.0635,0.2654891961809756,0.2734406249697163,Moderate Vulnerability
16045,df_regime2,Low Violence,4,8,0.5106,0.0526,0.4367,-0.3447,0.295,0.3447,-0.4367,0.16356999999999997,0.688094396158642,0.6880564900122939,Moderate Resilience
16046,df_regime2,Low Violence,4,9,0.5106,0.0526,0.4367,-0.3447,0.295,0.3447,-0.4367,0.16356999999999997,0.688094396158642,0.6491506013809724,Moderate Resilience
16049,df_regime2,Low Violence,4,9,0.5106,0.0526,0.4367,-0.3447,0.295,0.3447,-0.4367,0.16356999999999997,0.688094396158642,0.6328106236755409,Moderate Resilience
16051,df_regime2,Low Violence,1,3,0.0,0.5311,0.4689,0.4296,-0.3421,-0.4296,0.4689,-0.20615000000000003,0.0,0.07840367986886199,High Vulnerability
16055,df_regime2,Low Violence,1,4,0.0,0.5311,0.4689,0.4296,-0.3421,-0.4296,0.4689,-0.20615000000000003,0.0,0.08300671438773025,High Vulnerability
16056,df_regime2,Low Violence,4,8,0.5106,0.0526,0.4367,-0.3447,0.295,0.3447,-0.4367,0.16356999999999997,0.688094396158642,0.6789177314572389,Moderate Resilience
16059,df_regime2,Low Violence,5,10,0.6897,0.0,0.3103,-0.5704,0.4442,0.5704,-0.3103,0.33116,1.0,0.9584310126986239,High Resilience
16061,df_regime2,Low Violence,2,5,0.2278,0.4012,0.371,0.1694,-0.1117,-0.1694,0.371,-0.032469999999999985,0.3232398429212187,0.36209634058684154,Moderate Vulnerability
16063,df_regime2,Low Violence,1,3,0.0,0.5311,0.4689,0.4296,-0.3421,-0.4296,0.4689,-0.20615000000000003,0.0,0.07236601550060169,High Vulnerability
16065,df_regime2,Low Violence,3,6,0.2906,0.2526,0.4569,-0.0521,0.0245,0.0521,-0.4569,-0.0635,0.2654891961809756,0.3300878287227961,Moderate Vulnerability
16068,df_regime2,Low Violence,3,6,0.2906,0.2526,0.4569,-0.0521,0.0245,0.0521,-0.4569,-0.0635,0.2654891961809756,0.3183892286423958,Moderate Vulnerability
16070,df_regime2,Low Violence,1,3,0.0,0.5311,0.4689,0.4296,-0.3421,-0.4296,0.4689,-0.20615000000000003,0.0,0.09844215377695587,High Vulnerability
16073,df_regime2,Low Violence,4,8,0.5106,0.0526,0.4367,-0.3447,0.295,0.3447,-0.4367,0.16356999999999997,0.688094396158642,0.6530503129627148,Moderate Resilience
16075,df_regime2,Low Violence,3,7,0.2906,0.2526,0.4569,-0.0521,0.0245,0.0521,-0.4569,-0.0635,0.2654891961809756,0.30088680844863996,Moderate Vulnerability
16078,df_regime2,Low Violence,3,7,0.2906,0.2526,0.4569,-0.0521,0.0245,0.0521,-0.4569,-0.0635,0.2654891961809756,0.2990571806369415,Moderate Vulnerability
16080,df_regime2,Low Violence,4,9,0.5106,0.0526,0.4367,-0.3447,0.295,0.3447,-0.4367,0.16356999999999997,0.688094396158642,0.6588791620732831,Moderate Resilience
16081,df_regime2,Low Violence,2,5,0.2278,0.4012,0.371,0.1694,-0.1117,-0.1694,0.371,-0.032469999999999985,0.3232398429212187,0.38495509507653425,Moderate Vulnerability
16086,df_regime2,Low Violence,4,9,0.5106,0.0526,0.4367,-0.3447,0.295,0.3447,-0.4367,0.16356999999999997,0.688094396158642,0.6382304064555431,Moderate Resilience
16094,df_regime2,Low Violence,4,8,0.5106,0.0526,0.4367,-0.3447,0.295,0.3447,-0.4367,0.16356999999999997,0.688094396158642,0.6728045074918237,Moderate Resilience
16095,df_regime2,Low Violence,3,7,0.2906,0.2526,0.4569,-0.0521,0.0245,0.0521,-0.4569,-0.0635,0.2654891961809756,0.35257202185843484,Moderate Vulnerability
16097,df_regime2,Low Violence,5,10,0.6897,0.0,0.3103,-0.5704,0.4442,0.5704,-0.3103,0.33116,1.0,0.9011737945683115,High Resilience
16104,df_regime2,Low Violence,4,9,0.5106,0.0526,0.4367,-0.3447,0.295,0.3447,-0.4367,0.16356999999999997,0.688094396158642,0.6723659152509466,Moderate Resilience
16105,df_regime2,Low Violence,1,4,0.0,0.5311,0.4689,0.4296,-0.3421,-0.4296,0.4689,-0.20615000000000003,0.0,0.07676336637005023,High Vulnerability
16107,df_regime2,Low Violence,3,7,0.2906,0.2526,0.4569,-0.0521,0.0245,0.0521,-0.4569,-0.0635,0.2654891961809756,0.31223817714047225,Moderate Vulnerability
17022,df_regime2,Low Violence,3,7,0.2906,0.2526,0.4569,-0.0521,0.0245,0.0521,-0.4569,-0.0635,0.2654891961809756,0.23501987783577039,High Vulnerability
18002,df_regime2,Low Violence,3,6,0.2906,0.2526,0.4569,-0.0521,0.0245,0.0521,-0.4569,-0.0635,0.2654891961809756,0.2676027533901928,Moderate Vulnerability
18003,df_regime2,Low Violence,1,4,0.0,0.5311,0.4689,0.4296,-0.3421,-0.4296,0.4689,-0.20615000000000003,0.0,0.06912514465189812,High Vulnerability
18006,df_regime2,Low Violence,3,6,0.2906,0.2526,0.4569,-0.0521,0.0245,0.0521,-0.4569,-0.0635,0.2654891961809756,0.2815913993052126,Moderate Vulnerability
18007,df_regime2,Low Violence,1,4,0.0,0.5311,0.4689,0.4296,-0.3421,-0.4296,0.4689,-0.20615000000000003,0.0,0.0949213858913314,High Vulnerability
18013,df_regime2,Low Violence,3,6,0.2906,0.2526,0.4569,-0.0521,0.0245,0.0521,-0.4569,-0.0635,0.2654891961809756,0.279033486392279,Moderate Vulnerability
18015,df_regime2,Low Violence,1,4,0.0,0.5311,0.4689,0.4296,-0.3421,-0.4296,0.4689,-0.20615000000000003,0.0,0.04870094826148719,High Vulnerability
18016,df_regime2,Low Violence,4,9,0.5106,0.0526,0.4367,-0.3447,0.295,0.3447,-0.4367,0.16356999999999997,0.688094396158642,0.6373171320979679,Moderate Resilience
20021,df_regime2,Low Violence,5,10,0.6897,0.0,0.3103,-0.5704,0.4442,0.5704,-0.3103,0.33116,1.0,0.9891252515848635,High Resilience
20031,df_regime2,Low Violence,3,7,0.2906,0.2526,0.4569,-0.0521,0.0245,0.0521,-0.4569,-0.0635,0.2654891961809756,0.3348846887890286,Moderate Vulnerability
20041,df_regime2,Low Violence,3,6,0.2906,0.2526,0.4569,-0.0521,0.0245,0.0521,-0.4569,-0.0635,0.2654891961809756,0.2979376306796025,Moderate Vulnerability
20044,df_regime2,Low Violence,4,9,0.5106,0.0526,0.4367,-0.3447,0.295,0.3447,-0.4367,0.16356999999999997,0.688094396158642,0.6242836744439234,Moderate Resilience
20051,df_regime2,Low Violence,5,10,0.6897,0.0,0.3103,-0.5704,0.4442,0.5704,-0.3103,0.33116,1.0,0.9459745061308155,High Resilience
20070,df_regime2,Low Violence,3,7,0.2906,0.2526,0.4569,-0.0521,0.0245,0.0521,-0.4569,-0.0635,0.2654891961809756,0.3682572833880641,Moderate Vulnerability
20077,df_regime2,Low Violence,5,10,0.6897,0.0,0.3103,-0.5704,0.4442,0.5704,-0.3103,0.33116,1.0,0.9390619773442463,High Resilience
20103,df_regime2,Low Violence,4,8,0.5106,0.0526,0.4367,-0.3447,0.295,0.3447,-0.4367,0.16356999999999997,0.688094396158642,0.659756814386761,Moderate Resilience
20125,df_regime2,Low Violence,4,8,0.5106,0.0526,0.4367,-0.3447,0.295,0.3447,-0.4367,0.16356999999999997,0.688094396158642,0.7261491629893739,Moderate Resilience
20130,df_regime2,Low Violence,4,9,0.5106,0.0526,0.4367,-0.3447,0.295,0.3447,-0.4367,0.16356999999999997,0.688094396158642,0.6808477378164087,Moderate Resilience
20131,df_regime2,Low Violence,4,8,0.5106,0.0526,0.4367,-0.3447,0.295,0.3447,-0.4367,0.16356999999999997,0.688094396158642,0.6613640168566453,Moderate Resilience
20150,df_regime2,Low Violence,1,3,0.0,0.5311,0.4689,0.4296,-0.3421,-0.4296,0.4689,-0.20615000000000003,0.0,0.14059245541145965,High Vulnerability
20166,df_regime2,Low Violence,1,4,0.0,0.5311,0.4689,0.4296,-0.3421,-0.4296,0.4689,-0.20615000000000003,0.0,0.04299607455767347,High Vulnerability
20171,df_regime2,Low Violence,4,8,0.5106,0.0526,0.4367,-0.3447,0.295,0.3447,-0.4367,0.16356999999999997,0.688094396158642,0.6550773609879803,Moderate Resilience
20177,df_regime2,Low Violence,4,9,0.5106,0.0526,0.4367,-0.3447,0.295,0.3447,-0.4367,0.16356999999999997,0.688094396158642,0.7275979614566809,Moderate Resilience
20190,df_regime2,Low Violence,4,8,0.5106,0.0526,0.4367,-0.3447,0.295,0.3447,-0.4367,0.16356999999999997,0.688094396158642,0.6846219368300189,Moderate Resilience
20205,df_regime2,Low Violence,2,5,0.2278,0.4012,0.371,0.1694,-0.1117,-0.1694,0.371,-0.032469999999999985,0.3232398429212187,0.36907344924644014,Moderate Vulnerability
20210,df_regime2,Low Violence,4,9,0.5106,0.0526,0.4367,-0.3447,0.295,0.3447,-0.4367,0.16356999999999997,0.688094396158642,0.7423984863638747,Moderate Resilience
20227,df_regime2,Low Violence,3,7,0.2906,0.2526,0.4569,-0.0521,0.0245,0.0521,-0.4569,-0.0635,0.2654891961809756,0.35098172816370365,Moderate Vulnerability
20232,df_regime2,Low Violence,1,4,0.0,0.5311,0.4689,0.4296,-0.3421,-0.4296,0.4689,-0.20615000000000003,0.0,0.04162967175923776,High Vulnerability
20278,df_regime2,Low Violence,3,7,0.2906,0.2526,0.4569,-0.0521,0.0245,0.0521,-0.4569,-0.0635,0.2654891961809756,0.28266849432926694,Moderate Vulnerability
20293,df_regime2,Low Violence,4,8,0.5106,0.0526,0.4367,-0.3447,0.295,0.3447,-0.4367,0.16356999999999997,0.688094396158642,0.679892826435433,Moderate Resilience
20295,df_regime2,Low Violence,4,9,0.5106,0.0526,0.4367,-0.3447,0.295,0.3447,-0.4367,0.16356999999999997,0.688094396158642,0.671873522361855,Moderate Resilience
20298,df_regime2,Low Violence,3,6,0.2906,0.2526,0.4569,-0.0521,0.0245,0.0521,-0.4569,-0.0635,0.2654891961809756,0.34449851613802246,Moderate Vulnerability
20307,df_regime2,Low Violence,5,10,0.6897,0.0,0.3103,-0.5704,0.4442,0.5704,-0.3103,0.33116,1.0,1.0,High Resilience
20309,df_regime2,Low Violence,1,4,0.0,0.5311,0.4689,0.4296,-0.3421,-0.4296,0.4689,-0.20615000000000003,0.0,0.03982417547164957,High Vulnerability
20312,df_regime2,Low Violence,4,8,0.5106,0.0526,0.4367,-0.3447,0.295,0.3447,-0.4367,0.16356999999999997,0.688094396158642,0.6808645797584584,Moderate Resilience
20337,df_regime2,Low Violence,4,8,0.5106,0.0526,0.4367,-0.3447,0.295,0.3447,-0.4367,0.16356999999999997,0.688094396158642,0.7105923260416667,Moderate Resilience
20348,df_regime2,Low Violence,3,6,0.2906,0.2526,0.4569,-0.0521,0.0245,0.0521,-0.4569,-0.0635,0.2654891961809756,0.31296705896584465,Moderate Vulnerability
20350,df_regime2,Low Violence,2,5,0.2278,0.4012,0.371,0.1694,-0.1117,-0.1694,0.371,-0.032469999999999985,0.3232398429212187,0.30976842663847215,Moderate Vulnerability
20406,df_regime2,Low Violence,1,4,0.0,0.5311,0.4689,0.4296,-0.3421,-0.4296,0.4689,-0.20615000000000003,0.0,0.09147279775734837,High Vulnerability
20415,df_regime2,Low Violence,5,10,0.6897,0.0,0.3103,-0.5704,0.4442,0.5704,-0.3103,0.33116,1.0,0.9456290744622454,High Resilience
20417,df_regime2,Low Violence,2,5,0.2278,0.4012,0.371,0.1694,-0.1117,-0.1694,0.371,-0.032469999999999985,0.3232398429212187,0.29799243382436735,Moderate Vulnerability
20426,df_regime2,Low Violence,2,5,0.2278,0.4012,0.371,0.1694,-0.1117,-0.1694,0.371,-0.032469999999999985,0.3232398429212187,0.39859012226782103,Moderate Vulnerability
20447,df_regime2,Low Violence,2,5,0.2278,0.4012,0.371,0.1694,-0.1117,-0.1694,0.371,-0.032469999999999985,0.3232398429212187,0.3432609771104737,Moderate Vulnerability
20460,df_regime2,Low Violence,4,9,0.5106,0.0526,0.4367,-0.3447,0.295,0.3447,-0.4367,0.16356999999999997,0.688094396158642,0.7097084105116441,Moderate Resilience
20462,df_regime2,Low Violence,5,10,0.6897,0.0,0.3103,-0.5704,0.4442,0.5704,-0.3103,0.33116,1.0,0.9629959809913288,High Resilience
20468,df_regime2,Low Violence,3,6,0.2906,0.2526,0.4569,-0.0521,0.0245,0.0521,-0.4569,-0.0635,0.2654891961809756,0.28341651588243355,Moderate Vulnerability
20475,df_regime2,Low Violence,1,4,0.0,0.5311,0.4689,0.4296,-0.3421,-0.4296,0.4689,-0.20615000000000003,0.0,0.109993141809709,High Vulnerability
20483,df_regime2,Low Violence,1,4,0.0,0.5311,0.4689,0.4296,-0.3421,-0.4296,0.4689,-0.20615000000000003,0.0,0.10026569500245446,High Vulnerability
20494,df_regime2,Low Violence,3,7,0.2906,0.2526,0.4569,-0.0521,0.0245,0.0521,-0.4569,-0.0635,0.2654891961809756,0.3532577294990291,Moderate Vulnerability
20516,df_regime2,Low Violence,4,9,0.5106,0.0526,0.4367,-0.3447,0.295,0.3447,-0.4367,0.16356999999999997,0.688094396158642,0.7029429909331824,Moderate Resilience
20557,df_regime2,Low Violence,5,10,0.6897,0.0,0.3103,-0.5704,0.4442,0.5704,-0.3103,0.33116,1.0,0.9074829350024679,High Resilience
20559,df_regime2,Low Violence,3,6,0.2906,0.2526,0.4569,-0.0521,0.0245,0.0521,-0.4569,-0.0635,0.2654891961809756,0.2949809341864357,Moderate Vulnerability
21003,df_regime2,Low Violence,2,5,0.2278,0.4012,0.371,0.1694,-0.1117,-0.1694,0.371,-0.032469999999999985,0.3232398429212187,0.42633471555329966,Moderate Vulnerability
21010,df_regime2,Low Violence,3,6,0.2906,0.2526,0.4569,-0.0521,0.0245,0.0521,-0.4569,-0.0635,0.2654891961809756,0.297750943544184,Moderate Vulnerability
21013,df_regime2,Low Violence,5,10,0.6897,0.0,0.3103,-0.5704,0.4442,0.5704,-0.3103,0.33116,1.0,0.9416179425495961,High Resilience
21017,df_regime2,Low Violence,1,3,0.0,0.5311,0.4689,0.4296,-0.3421,-0.4296,0.4689,-0.20615000000000003,0.0,0.05337391884924088,High Vulnerability
21023,df_regime2,Low Violence,5,10,0.6897,0.0,0.3103,-0.5704,0.4442,0.5704,-0.3103,0.33116,1.0,0.90628675611832,High Resilience
21036,df_regime2,Low Violence,3,6,0.2906,0.2526,0.4569,-0.0521,0.0245,0.0521,-0.4569,-0.0635,0.2654891961809756,0.3178415313602642,Moderate Vulnerability
21039,df_regime2,Low Violence,4,9,0.5106,0.0526,0.4367,-0.3447,0.295,0.3447,-0.4367,0.16356999999999997,0.688094396158642,0.632933214682297,Moderate Resilience
21043,df_regime2,Low Violence,1,3,0.0,0.5311,0.4689,0.4296,-0.3421,-0.4296,0.4689,-0.20615000000000003,0.0,0.08816627770596135,High Vulnerability
21048,df_regime2,Low Violence,4,8,0.5106,0.0526,0.4367,-0.3447,0.295,0.3447,-0.4367,0.16356999999999997,0.688094396158642,0.6693669468198971,Moderate Resilience
21049,df_regime2,Low Violence,1,2,0.0,0.5311,0.4689,0.4296,-0.3421,-0.4296,0.4689,-0.20615000000000003,0.0,0.05235939234005753,High Vulnerability
21050,df_regime2,Low Violence,2,5,0.2278,0.4012,0.371,0.1694,-0.1117,-0.1694,0.371,-0.032469999999999985,0.3232398429212187,0.33766590064791363,Moderate Vulnerability
21054,df_regime2,Low Violence,4,8,0.5106,0.0526,0.4367,-0.3447,0.295,0.3447,-0.4367,0.16356999999999997,0.688094396158642,0.6089966045441831,Moderate Resilience
21060,df_regime2,Low Violence,2,5,0.2278,0.4012,0.371,0.1694,-0.1117,-0.1694,0.371,-0.032469999999999985,0.3232398429212187,0.36397141013503975,Moderate Vulnerability
21061,df_regime2,Low Violence,1,3,0.0,0.5311,0.4689,0.4296,-0.3421,-0.4296,0.4689,-0.20615000000000003,0.0,0.04034146369174701,High Vulnerability
21063,df_regime2,Low Violence,1,3,0.0,0.5311,0.4689,0.4296,-0.3421,-0.4296,0.4689,-0.20615000000000003,0.0,0.08717877086571259,High Vulnerability
21064,df_regime2,Low Violence,2,5,0.2278,0.4012,0.371,0.1694,-0.1117,-0.1694,0.371,-0.032469999999999985,0.3232398429212187,0.3496223428411221,Moderate Vulnerability
21067,df_regime2,Low Violence,2,5,0.2278,0.4012,0.371,0.1694,-0.1117,-0.1694,0.371,-0.032469999999999985,0.3232398429212187,0.3591979225598149,Moderate Vulnerability
21068,df_regime2,Low Violence,3,7,0.2906,0.2526,0.4569,-0.0521,0.0245,0.0521,-0.4569,-0.0635,0.2654891961809756,0.31141653096761973,Moderate Vulnerability
21072,df_regime2,Low Violence,2,5,0.2278,0.4012,0.371,0.1694,-0.1117,-0.1694,0.371,-0.032469999999999985,0.3232398429212187,0.38561831815163705,Moderate Vulnerability
21075,df_regime2,Low Violence,1,3,0.0,0.5311,0.4689,0.4296,-0.3421,-0.4296,0.4689,-0.20615000000000003,0.0,0.05153677231341308,High Vulnerability
21076,df_regime2,Low Violence,2,5,0.2278,0.4012,0.371,0.1694,-0.1117,-0.1694,0.371,-0.032469999999999985,0.3232398429212187,0.3489789628326632,Moderate Vulnerability
21078,df_regime2,Low Violence,1,2,0.0,0.5311,0.4689,0.4296,-0.3421,-0.4296,0.4689,-0.20615000000000003,0.0,0.08151038803633984,High Vulnerability
21083,df_regime2,Low Violence,1,3,0.0,0.5311,0.4689,0.4296,-0.3421,-0.4296,0.4689,-0.20615000000000003,0.0,0.08346667803234473,High Vulnerability
21089,df_regime2,Low Violence,1,4,0.0,0.5311,0.4689,0.4296,-0.3421,-0.4296,0.4689,-0.20615000000000003,0.0,0.034022226685188346,High Vulnerability
21091,df_regime2,Low Violence,2,5,0.2278,0.4012,0.371,0.1694,-0.1117,-0.1694,0.371,-0.032469999999999985,0.3232398429212187,0.2902247563849842,Moderate Vulnerability
21094,df_regime2,Low Violence,5,10,0.6897,0.0,0.3103,-0.5704,0.4442,0.5704,-0.3103,0.33116,1.0,0.8883349644588717,High Resilience
21099,df_regime2,Low Violence,4,9,0.5106,0.0526,0.4367,-0.3447,0.295,0.3447,-0.4367,0.16356999999999997,0.688094396158642,0.6631862691580074,Moderate Resilience
21104,df_regime2,Low Violence,1,2,0.0,0.5311,0.4689,0.4296,-0.3421,-0.4296,0.4689,-0.20615000000000003,0.0,0.05308609095071984,High Vulnerability
21105,df_regime2,Low Violence,4,9,0.5106,0.0526,0.4367,-0.3447,0.295,0.3447,-0.4367,0.16356999999999997,0.688094396158642,0.6544989204782977,Moderate Resilience
21107,df_regime2,Low Violence,1,4,0.0,0.5311,0.4689,0.4296,-0.3421,-0.4296,0.4689,-0.20615000000000003,0.0,0.08217614599557767,High Vulnerability
21108,df_regime2,Low Violence,3,7,0.2906,0.2526,0.4569,-0.0521,0.0245,0.0521,-0.4569,-0.0635,0.2654891961809756,0.28228999618717154,Moderate Vulnerability
21109,df_regime2,Low Violence,3,7,0.2906,0.2526,0.4569,-0.0521,0.0245,0.0521,-0.4569,-0.0635,0.2654891961809756,0.32571453777056136,Moderate Vulnerability
21110,df_regime2,Low Violence,3,7,0.2906,0.2526,0.4569,-0.0521,0.0245,0.0521,-0.4569,-0.0635,0.2654891961809756,0.2603201410674956,Moderate Vulnerability
21111,df_regime2,Low Violence,4,8,0.5106,0.0526,0.4367,-0.3447,0.295,0.3447,-0.4367,0.16356999999999997,0.688094396158642,0.6662417640731301,Moderate Resilience
21112,df_regime2,Low Violence,2,5,0.2278,0.4012,0.371,0.1694,-0.1117,-0.1694,0.371,-0.032469999999999985,0.3232398429212187,0.40554694708054634,Moderate Vulnerability
21115,df_regime2,Low Violence,3,7,0.2906,0.2526,0.4569,-0.0521,0.0245,0.0521,-0.4569,-0.0635,0.2654891961809756,0.28496265199100834,Moderate Vulnerability
21116,df_regime2,Low Violence,1,4,0.0,0.5311,0.4689,0.4296,-0.3421,-0.4296,0.4689,-0.20615000000000003,0.0,0.09361413038937969,High Vulnerability
21124,df_regime2,Low Violence,4,9,0.5106,0.0526,0.4367,-0.3447,0.295,0.3447,-0.4367,0.16356999999999997,0.688094396158642,0.6743182772831943,Moderate Resilience
21129,df_regime2,Low Violence,1,3,0.0,0.5311,0.4689,0.4296,-0.3421,-0.4296,0.4689,-0.20615000000000003,0.0,0.10972797351575969,High Vulnerability
21137,df_regime2,Low Violence,4,9,0.5106,0.0526,0.4367,-0.3447,0.295,0.3447,-0.4367,0.16356999999999997,0.688094396158642,0.6285295815011316,Moderate Resilience
21138,df_regime2,Low Violence,4,8,0.5106,0.0526,0.4367,-0.3447,0.295,0.3447,-0.4367,0.16356999999999997,0.688094396158642,0.6494320164840984,Moderate Resilience
21145,df_regime2,Low Violence,3,7,0.2906,0.2526,0.4569,-0.0521,0.0245,0.0521,-0.4569,-0.0635,0.2654891961809756,0.29166849463160716,Moderate Vulnerability
21147,df_regime2,Low Violence,3,7,0.2906,0.2526,0.4569,-0.0521,0.0245,0.0521,-0.4569,-0.0635,0.2654891961809756,0.279346666314679,Moderate Vulnerability
21149,df_regime2,Low Violence,1,4,0.0,0.5311,0.4689,0.4296,-0.3421,-0.4296,0.4689,-0.20615000000000003,0.0,0.10551376444472219,High Vulnerability
21151,df_regime2,Low Violence,5,10,0.6897,0.0,0.3103,-0.5704,0.4442,0.5704,-0.3103,0.33116,1.0,0.9295632556944311,High Resilience
21153,df_regime2,Low Violence,4,8,0.5106,0.0526,0.4367,-0.3447,0.295,0.3447,-0.4367,0.16356999999999997,0.688094396158642,0.7061595727226034,Moderate Resilience
21167,df_regime2,Low Violence,1,4,0.0,0.5311,0.4689,0.4296,-0.3421,-0.4296,0.4689,-0.20615000000000003,0.0,0.09398304911999183,High Vulnerability
21170,df_regime2,Low Violence,1,2,0.0,0.5311,0.4689,0.4296,-0.3421,-0.4296,0.4689,-0.20615000000000003,0.0,0.0892923677598446,High Vulnerability
21172,df_regime2,Low Violence,3,7,0.2906,0.2526,0.4569,-0.0521,0.0245,0.0521,-0.4569,-0.0635,0.2654891961809756,0.2695375717328053,Moderate Vulnerability
21173,df_regime2,Low Violence,3,7,0.2906,0.2526,0.4569,-0.0521,0.0245,0.0521,-0.4569,-0.0635,0.2654891961809756,0.2679322405898155,Moderate Vulnerability
21179,df_regime2,Low Violence,4,9,0.5106,0.0526,0.4367,-0.3447,0.295,0.3447,-0.4367,0.16356999999999997,0.688094396158642,0.6534267504174562,Moderate Resilience
21180,df_regime2,Low Violence,5,10,0.6897,0.0,0.3103,-0.5704,0.4442,0.5704,-0.3103,0.33116,1.0,0.9305427616574476,High Resilience
21184,df_regime2,Low Violence,3,7,0.2906,0.2526,0.4569,-0.0521,0.0245,0.0521,-0.4569,-0.0635,0.2654891961809756,0.3066707122971908,Moderate Vulnerability
21186,df_regime2,Low Violence,1,4,0.0,0.5311,0.4689,0.4296,-0.3421,-0.4296,0.4689,-0.20615000000000003,0.0,0.026169443364397863,High Vulnerability
21188,df_regime2,Low Violence,1,4,0.0,0.5311,0.4689,0.4296,-0.3421,-0.4296,0.4689,-0.20615000000000003,0.0,0.06649631226870079,High Vulnerability
21191,df_regime2,Low Violence,1,4,0.0,0.5311,0.4689,0.4296,-0.3421,-0.4296,0.4689,-0.20615000000000003,0.0,0.14117006050735015,High Vulnerability
21194,df_regime2,Low Violence,4,8,0.5106,0.0526,0.4367,-0.3447,0.295,0.3447,-0.4367,0.16356999999999997,0.688094396158642,0.6635006711714406,Moderate Resilience
21207,df_regime2,Low Violence,3,6,0.2906,0.2526,0.4569,-0.0521,0.0245,0.0521,-0.4569,-0.0635,0.2654891961809756,0.26227128578250325,Moderate Vulnerability
21209,df_regime2,Low Violence,2,5,0.2278,0.4012,0.371,0.1694,-0.1117,-0.1694,0.371,-0.032469999999999985,0.3232398429212187,0.36649140003560304,Moderate Vulnerability
21211,df_regime2,Low Violence,1,2,0.0,0.5311,0.4689,0.4296,-0.3421,-0.4296,0.4689,-0.20615000000000003,0.0,0.0027598730037369733,High Vulnerability
21212,df_regime2,Low Violence,1,4,0.0,0.5311,0.4689,0.4296,-0.3421,-0.4296,0.4689,-0.20615000000000003,0.0,0.02653851832823865,High Vulnerability
21213,df_regime2,Low Violence,1,4,0.0,0.5311,0.4689,0.4296,-0.3421,-0.4296,0.4689,-0.20615000000000003,0.0,0.02824677245042094,High Vulnerability
21217,df_regime2,Low Violence,1,2,0.0,0.5311,0.4689,0.4296,-0.3421,-0.4296,0.4689,-0.20615000000000003,0.0,0.022066352573358528,High Vulnerability
22013,df_regime2,Low Violence,1,2,0.0,0.5311,0.4689,0.4296,-0.3421,-0.4296,0.4689,-0.20615000000000003,0.0,0.07531188503102226,High Vulnerability
24012,df_regime2,Low Violence,3,7,0.2906,0.2526,0.4569,-0.0521,0.0245,0.0521,-0.4569,-0.0635,0.2654891961809756,0.2757510453532782,Moderate Vulnerability
24029,df_regime2,Low Violence,1,2,0.0,0.5311,0.4689,0.4296,-0.3421,-0.4296,0.4689,-0.20615000000000003,0.0,0.10063962621581947,High Vulnerability
24033,df_regime2,Low Violence,4,9,0.5106,0.0526,0.4367,-0.3447,0.295,0.3447,-0.4367,0.16356999999999997,0.688094396158642,0.6655638090725269,Moderate Resilience
25010,df_regime2,Low Violence,1,4,0.0,0.5311,0.4689,0.4296,-0.3421,-0.4296,0.4689,-0.20615000000000003,0.0,0.0,High Vulnerability
25011,df_regime2,Low Violence,5,10,0.6897,0.0,0.3103,-0.5704,0.4442,0.5704,-0.3103,0.33116,1.0,0.8514921659907055,High Resilience
25017,df_regime2,Low Violence,1,4,0.0,0.5311,0.4689,0.4296,-0.3421,-0.4296,0.4689,-0.20615000000000003,0.0,0.04232440186878724,High Vulnerability
26002,df_regime2,Low Violence,2,5,0.2278,0.4012,0.371,0.1694,-0.1117,-0.1694,0.371,-0.032469999999999985,0.3232398429212187,0.3616185507308368,Moderate Vulnerability
26003,df_regime2,Low Violence,1,4,0.0,0.5311,0.4689,0.4296,-0.3421,-0.4296,0.4689,-0.20615000000000003,0.0,0.07984584276376269,High Vulnerability
26019,df_regime2,Low Violence,2,5,0.2278,0.4012,0.371,0.1694,-0.1117,-0.1694,0.371,-0.032469999999999985,0.3232398429212187,0.40606624029374494,Moderate Vulnerability
26023,df_regime2,Low Violence,4,8,0.5106,0.0526,0.4367,-0.3447,0.295,0.3447,-0.4367,0.16356999999999997,0.688094396158642,0.7283091325096599,Moderate Resilience
26026,df_regime2,Low Violence,2,5,0.2278,0.4012,0.371,0.1694,-0.1117,-0.1694,0.371,-0.032469999999999985,0.3232398429212187,0.3473099174644591,Moderate Vulnerability
26033,df_regime2,Low Violence,4,8,0.5106,0.0526,0.4367,-0.3447,0.295,0.3447,-0.4367,0.16356999999999997,0.688094396158642,0.605893877720149,Moderate Resilience
26039,df_regime2,Low Violence,4,9,0.5106,0.0526,0.4367,-0.3447,0.295,0.3447,-0.4367,0.16356999999999997,0.688094396158642,0.6649960618593839,Moderate Resilience
26041,df_regime2,Low Violence,1,3,0.0,0.5311,0.4689,0.4296,-0.3421,-0.4296,0.4689,-0.20615000000000003,0.0,0.07120365416675994,High Vulnerability
27001,df_regime2,Low Violence,2,5,0.2278,0.4012,0.371,0.1694,-0.1117,-0.1694,0.371,-0.032469999999999985,0.3232398429212187,0.2941264729598277,Moderate Vulnerability
27003,df_regime2,Low Violence,4,9,0.5106,0.0526,0.4367,-0.3447,0.295,0.3447,-0.4367,0.16356999999999997,0.688094396158642,0.6212383763508581,Moderate Resilience
27007,df_regime2,Low Violence,3,7,0.2906,0.2526,0.4569,-0.0521,0.0245,0.0521,-0.4569,-0.0635,0.2654891961809756,0.28282382560035346,Moderate Vulnerability
27011,df_regime2,Low Violence,3,6,0.2906,0.2526,0.4569,-0.0521,0.0245,0.0521,-0.4569,-0.0635,0.2654891961809756,0.25829490708360725,Moderate Vulnerability
27017,df_regime2,Low Violence,1,4,0.0,0.5311,0.4689,0.4296,-0.3421,-0.4296,0.4689,-0.20615000000000003,0.0,0.09899018522460433,High Vulnerability
28002,df_regime2,Low Violence,3,6,0.2906,0.2526,0.4569,-0.0521,0.0245,0.0521,-0.4569,-0.0635,0.2654891961809756,0.3401851744795122,Moderate Vulnerability
28003,df_regime2,Low Violence,4,8,0.5106,0.0526,0.4367,-0.3447,0.295,0.3447,-0.4367,0.16356999999999997,0.688094396158642,0.6922401086171596,Moderate Resilience
28007,df_regime2,Low Violence,4,8,0.5106,0.0526,0.4367,-0.3447,0.295,0.3447,-0.4367,0.16356999999999997,0.688094396158642,0.6630812934477827,Moderate Resilience
28009,df_regime2,Low Violence,2,5,0.2278,0.4012,0.371,0.1694,-0.1117,-0.1694,0.371,-0.032469999999999985,0.3232398429212187,0.36230726586108275,Moderate Vulnerability
28012,df_regime2,Low Violence,4,8,0.5106,0.0526,0.4367,-0.3447,0.295,0.3447,-0.4367,0.16356999999999997,0.688094396158642,0.6792605852775361,Moderate Resilience
28017,df_regime2,Low Violence,4,9,0.5106,0.0526,0.4367,-0.3447,0.295,0.3447,-0.4367,0.16356999999999997,0.688094396158642,0.6520257614880256,Moderate Resilience
28022,df_regime2,Low Violence,4,8,0.5106,0.0526,0.4367,-0.3447,0.295,0.3447,-0.4367,0.16356999999999997,0.688094396158642,0.6352469767210275,Moderate Resilience
28027,df_regime2,Low Violence,2,5,0.2278,0.4012,0.371,0.1694,-0.1117,-0.1694,0.371,-0.032469999999999985,0.3232398429212187,0.36205463673033755,Moderate Vulnerability
28029,df_regime2,Low Violence,1,3,0.0,0.5311,0.4689,0.4296,-0.3421,-0.4296,0.4689,-0.20615000000000003,0.0,0.0686324175972898,High Vulnerability
28038,df_regime2,Low Violence,4,8,0.5106,0.0526,0.4367,-0.3447,0.295,0.3447,-0.4367,0.16356999999999997,0.688094396158642,0.6694561690128984,Moderate Resilience
28040,df_regime2,Low Violence,3,6,0.2906,0.2526,0.4569,-0.0521,0.0245,0.0521,-0.4569,-0.0635,0.2654891961809756,0.29496957255886247,Moderate Vulnerability
28042,df_regime2,Low Violence,4,9,0.5106,0.0526,0.4367,-0.3447,0.295,0.3447,-0.4367,0.16356999999999997,0.688094396158642,0.6316885149651014,Moderate Resilience
29001,df_regime2,Low Violence,1,4,0.0,0.5311,0.4689,0.4296,-0.3421,-0.4296,0.4689,-0.20615000000000003,0.0,0.02063238150741397,High Vulnerability
29004,df_regime2,Low Violence,3,7,0.2906,0.2526,0.4569,-0.0521,0.0245,0.0521,-0.4569,-0.0635,0.2654891961809756,0.30366041565511986,Moderate Vulnerability
29010,df_regime2,Low Violence,1,3,0.0,0.5311,0.4689,0.4296,-0.3421,-0.4296,0.4689,-0.20615000000000003,0.0,0.08054057287331218,High Vulnerability
29013,df_regime2,Low Violence,4,9,0.5106,0.0526,0.4367,-0.3447,0.295,0.3447,-0.4367,0.16356999999999997,0.688094396158642,0.6776646107690184,Moderate Resilience
29017,df_regime2,Low Violence,1,4,0.0,0.5311,0.4689,0.4296,-0.3421,-0.4296,0.4689,-0.20615000000000003,0.0,0.09822695118409878,High Vulnerability
29018,df_regime2,Low Violence,3,6,0.2906,0.2526,0.4569,-0.0521,0.0245,0.0521,-0.4569,-0.0635,0.2654891961809756,0.2951299720069547,Moderate Vulnerability
29019,df_regime2,Low Violence,3,6,0.2906,0.2526,0.4569,-0.0521,0.0245,0.0521,-0.4569,-0.0635,0.2654891961809756,0.2952332291516641,Moderate Vulnerability
29021,df_regime2,Low Violence,5,10,0.6897,0.0,0.3103,-0.5704,0.4442,0.5704,-0.3103,0.33116,1.0,0.9564238141050597,High Resilience
29023,df_regime2,Low Violence,2,5,0.2278,0.4012,0.371,0.1694,-0.1117,-0.1694,0.371,-0.032469999999999985,0.3232398429212187,0.347767055891522,Moderate Vulnerability
29024,df_regime2,Low Violence,4,8,0.5106,0.0526,0.4367,-0.3447,0.295,0.3447,-0.4367,0.16356999999999997,0.688094396158642,0.6684683757450637,Moderate Resilience
29028,df_regime2,Low Violence,2,5,0.2278,0.4012,0.371,0.1694,-0.1117,-0.1694,0.371,-0.032469999999999985,0.3232398429212187,0.417129123894873,Moderate Vulnerability
29029,df_regime2,Low Violence,5,10,0.6897,0.0,0.3103,-0.5704,0.4442,0.5704,-0.3103,0.33116,1.0,0.9629851540285825,High Resilience
29030,df_regime2,Low Violence,3,6,0.2906,0.2526,0.4569,-0.0521,0.0245,0.0521,-0.4569,-0.0635,0.2654891961809756,0.31419745639891883,Moderate Vulnerability
29031,df_regime2,Low Violence,3,6,0.2906,0.2526,0.4569,-0.0521,0.0245,0.0521,-0.4569,-0.0635,0.2654891961809756,0.3130024805106317,Moderate Vulnerability
29032,df_regime2,Low Violence,3,7,0.2906,0.2526,0.4569,-0.0521,0.0245,0.0521,-0.4569,-0.0635,0.2654891961809756,0.32578660295116846,Moderate Vulnerability
29033,df_regime2,Low Violence,4,8,0.5106,0.0526,0.4367,-0.3447,0.295,0.3447,-0.4367,0.16356999999999997,0.688094396158642,0.6437588407664554,Moderate Resilience
29034,df_regime2,Low Violence,3,6,0.2906,0.2526,0.4569,-0.0521,0.0245,0.0521,-0.4569,-0.0635,0.2654891961809756,0.24392244820350953,High Vulnerability
29035,df_regime2,Low Violence,3,7,0.2906,0.2526,0.4569,-0.0521,0.0245,0.0521,-0.4569,-0.0635,0.2654891961809756,0.33279243075004455,Moderate Vulnerability
29036,df_regime2,Low Violence,1,4,0.0,0.5311,0.4689,0.4296,-0.3421,-0.4296,0.4689,-0.20615000000000003,0.0,0.13314457437171034,High Vulnerability
29042,df_regime2,Low Violence,3,6,0.2906,0.2526,0.4569,-0.0521,0.0245,0.0521,-0.4569,-0.0635,0.2654891961809756,0.3176632874735717,Moderate Vulnerability
29043,df_regime2,Low Violence,3,6,0.2906,0.2526,0.4569,-0.0521,0.0245,0.0521,-0.4569,-0.0635,0.2654891961809756,0.26155736502469995,Moderate Vulnerability
29044,df_regime2,Low Violence,4,9,0.5106,0.0526,0.4367,-0.3447,0.295,0.3447,-0.4367,0.16356999999999997,0.688094396158642,0.6502553525797076,Moderate Resilience
29045,df_regime2,Low Violence,3,7,0.2906,0.2526,0.4569,-0.0521,0.0245,0.0521,-0.4569,-0.0635,0.2654891961809756,0.30262062623286196,Moderate Vulnerability
29048,df_regime2,Low Violence,2,5,0.2278,0.4012,0.371,0.1694,-0.1117,-0.1694,0.371,-0.032469999999999985,0.3232398429212187,0.4125263280656596,Moderate Vulnerability
29049,df_regime2,Low Violence,4,8,0.5106,0.0526,0.4367,-0.3447,0.295,0.3447,-0.4367,0.16356999999999997,0.688094396158642,0.679439430662159,Moderate Resilience
29056,df_regime2,Low Violence,2,5,0.2278,0.4012,0.371,0.1694,-0.1117,-0.1694,0.371,-0.032469999999999985,0.3232398429212187,0.3651717326715966,Moderate Vulnerability
29058,df_regime2,Low Violence,4,9,0.5106,0.0526,0.4367,-0.3447,0.295,0.3447,-0.4367,0.16356999999999997,0.688094396158642,0.7042548292765082,Moderate Resilience
30001,df_regime2,Low Violence,1,4,0.0,0.5311,0.4689,0.4296,-0.3421,-0.4296,0.4689,-0.20615000000000003,0.0,0.07015871859554243,High Vulnerability
30006,df_regime2,Low Violence,5,10,0.6897,0.0,0.3103,-0.5704,0.4442,0.5704,-0.3103,0.33116,1.0,0.9541115558111551,High Resilience
30009,df_regime2,Low Violence,5,10,0.6897,0.0,0.3103,-0.5704,0.4442,0.5704,-0.3103,0.33116,1.0,0.905530071721945,High Resilience
30012,df_regime2,Low Violence,3,6,0.2906,0.2526,0.4569,-0.0521,0.0245,0.0521,-0.4569,-0.0635,0.2654891961809756,0.28849785582696114,Moderate Vulnerability
30019,df_regime2,Low Violence,3,6,0.2906,0.2526,0.4569,-0.0521,0.0245,0.0521,-0.4569,-0.0635,0.2654891961809756,0.3066707122971908,Moderate Vulnerability
30020,df_regime2,Low Violence,4,8,0.5106,0.0526,0.4367,-0.3447,0.295,0.3447,-0.4367,0.16356999999999997,0.688094396158642,0.6819464740358405,Moderate Resilience
30022,df_regime2,Low Violence,3,6,0.2906,0.2526,0.4569,-0.0521,0.0245,0.0521,-0.4569,-0.0635,0.2654891961809756,0.3077004194684258,Moderate Vulnerability
30025,df_regime2,Low Violence,5,10,0.6897,0.0,0.3103,-0.5704,0.4442,0.5704,-0.3103,0.33116,1.0,0.9409402548814064,High Resilience
30027,df_regime2,Low Violence,3,6,0.2906,0.2526,0.4569,-0.0521,0.0245,0.0521,-0.4569,-0.0635,0.2654891961809756,0.30322733714527084,Moderate Vulnerability
30029,df_regime2,Low Violence,1,3,0.0,0.5311,0.4689,0.4296,-0.3421,-0.4296,0.4689,-0.20615000000000003,0.0,0.07371027744664892,High Vulnerability
30031,df_regime2,Low Violence,5,10,0.6897,0.0,0.3103,-0.5704,0.4442,0.5704,-0.3103,0.33116,1.0,0.996340887590396,High Resilience
30035,df_regime2,Low Violence,1,4,0.0,0.5311,0.4689,0.4296,-0.3421,-0.4296,0.4689,-0.20615000000000003,0.0,0.11653320652865853,High Vulnerability
30037,df_regime2,Low Violence,2,5,0.2278,0.4012,0.371,0.1694,-0.1117,-0.1694,0.371,-0.032469999999999985,0.3232398429212187,0.2777697392406223,Moderate Vulnerability
30043,df_regime2,Low Violence,4,9,0.5106,0.0526,0.4367,-0.3447,0.295,0.3447,-0.4367,0.16356999999999997,0.688094396158642,0.6612281785740421,Moderate Resilience
30051,df_regime2,Low Violence,3,6,0.2906,0.2526,0.4569,-0.0521,0.0245,0.0521,-0.4569,-0.0635,0.2654891961809756,0.3126228077261134,Moderate Vulnerability
30058,df_regime2,Low Violence,4,8,0.5106,0.0526,0.4367,-0.3447,0.295,0.3447,-0.4367,0.16356999999999997,0.688094396158642,0.6374264042219807,Moderate Resilience
30059,df_regime2,Low Violence,1,3,0.0,0.5311,0.4689,0.4296,-0.3421,-0.4296,0.4689,-0.20615000000000003,0.0,0.006291868850727934,High Vulnerability
30063,df_regime2,Low Violence,1,3,0.0,0.5311,0.4689,0.4296,-0.3421,-0.4296,0.4689,-0.20615000000000003,0.0,0.060962817737104644,High Vulnerability
30066,df_regime2,Low Violence,4,9,0.5106,0.0526,0.4367,-0.3447,0.295,0.3447,-0.4367,0.16356999999999997,0.688094396158642,0.6950529134387669,Moderate Resilience
30067,df_regime2,Low Violence,1,4,0.0,0.5311,0.4689,0.4296,-0.3421,-0.4296,0.4689,-0.20615000000000003,0.0,0.04283006112889799,High Vulnerability
30075,df_regime2,Low Violence,1,3,0.0,0.5311,0.4689,0.4296,-0.3421,-0.4296,0.4689,-0.20615000000000003,0.0,0.09354997061014281,High Vulnerability
30078,df_regime2,Low Violence,1,4,0.0,0.5311,0.4689,0.4296,-0.3421,-0.4296,0.4689,-0.20615000000000003,0.0,0.04513540219660361,High Vulnerability
30081,df_regime2,Low Violence,2,5,0.2278,0.4012,0.371,0.1694,-0.1117,-0.1694,0.371,-0.032469999999999985,0.3232398429212187,0.3774401517913445,Moderate Vulnerability
30084,df_regime2,Low Violence,4,8,0.5106,0.0526,0.4367,-0.3447,0.295,0.3447,-0.4367,0.16356999999999997,0.688094396158642,0.6440706649316156,Moderate Resilience
30091,df_regime2,Low Violence,3,6,0.2906,0.2526,0.4569,-0.0521,0.0245,0.0521,-0.4569,-0.0635,0.2654891961809756,0.29256358083747896,Moderate Vulnerability
30101,df_regime2,Low Violence,3,7,0.2906,0.2526,0.4569,-0.0521,0.0245,0.0521,-0.4569,-0.0635,0.2654891961809756,0.3177769419396485,Moderate Vulnerability
30104,df_regime2,Low Violence,1,2,0.0,0.5311,0.4689,0.4296,-0.3421,-0.4296,0.4689,-0.20615000000000003,0.0,0.0004113577512532017,High Vulnerability
30105,df_regime2,Low Violence,4,9,0.5106,0.0526,0.4367,-0.3447,0.295,0.3447,-0.4367,0.16356999999999997,0.688094396158642,0.6307016573607139,Moderate Resilience
30106,df_regime2,Low Violence,4,9,0.5106,0.0526,0.4367,-0.3447,0.295,0.3447,-0.4367,0.16356999999999997,0.688094396158642,0.6952310236592527,Moderate Resilience
30119,df_regime2,Low Violence,4,8,0.5106,0.0526,0.4367,-0.3447,0.295,0.3447,-0.4367,0.16356999999999997,0.688094396158642,0.6189724477189694,Moderate Resilience
30121,df_regime2,Low Violence,5,10,0.6897,0.0,0.3103,-0.5704,0.4442,0.5704,-0.3103,0.33116,1.0,0.9488128602930832,High Resilience
30122,df_regime2,Low Violence,1,2,0.0,0.5311,0.4689,0.4296,-0.3421,-0.4296,0.4689,-0.20615000000000003,0.0,0.0004113577512532017,High Vulnerability
30123,df_regime2,Low Violence,4,9,0.5106,0.0526,0.4367,-0.3447,0.295,0.3447,-0.4367,0.16356999999999997,0.688094396158642,0.6852952803464895,Moderate Resilience
30126,df_regime2,Low Violence,4,8,0.5106,0.0526,0.4367,-0.3447,0.295,0.3447,-0.4367,0.16356999999999997,0.688094396158642,0.6838223455812792,Moderate Resilience
30127,df_regime2,Low Violence,4,9,0.5106,0.0526,0.4367,-0.3447,0.295,0.3447,-0.4367,0.16356999999999997,0.688094396158642,0.6482370405958113,Moderate Resilience
30133,df_regime2,Low Violence,1,3,0.0,0.5311,0.4689,0.4296,-0.3421,-0.4296,0.4689,-0.20615000000000003,0.0,0.11349163199420957,High Vulnerability
30148,df_regime2,Low Violence,4,8,0.5106,0.0526,0.4367,-0.3447,0.295,0.3447,-0.4367,0.16356999999999997,0.688094396158642,0.6638244298193459,Moderate Resilience
30149,df_regime2,Low Violence,1,4,0.0,0.5311,0.4689,0.4296,-0.3421,-0.4296,0.4689,-0.20615000000000003,0.0,0.025227825695256424,High Vulnerability
30152,df_regime2,Low Violence,4,8,0.5106,0.0526,0.4367,-0.3447,0.295,0.3447,-0.4367,0.16356999999999997,0.688094396158642,0.6991554634892426,Moderate Resilience
30153,df_regime2,Low Violence,4,8,0.5106,0.0526,0.4367,-0.3447,0.295,0.3447,-0.4367,0.16356999999999997,0.688094396158642,0.6175849924929716,Moderate Resilience
30156,df_regime2,Low Violence,4,8,0.5106,0.0526,0.4367,-0.3447,0.295,0.3447,-0.4367,0.16356999999999997,0.688094396158642,0.6947230920736274,Moderate Resilience
30159,df_regime2,Low Violence,1,4,0.0,0.5311,0.4689,0.4296,-0.3421,-0.4296,0.4689,-0.20615000000000003,0.0,0.0853876436953493,High Vulnerability
30161,df_regime2,Low Violence,4,8,0.5106,0.0526,0.4367,-0.3447,0.295,0.3447,-0.4367,0.16356999999999997,0.688094396158642,0.6748375704963928,Moderate Resilience
30164,df_regime2,Low Violence,4,8,0.5106,0.0526,0.4367,-0.3447,0.295,0.3447,-0.4367,0.16356999999999997,0.688094396158642,0.6945177807800693,Moderate Resilience
30168,df_regime2,Low Violence,1,2,0.0,0.5311,0.4689,0.4296,-0.3421,-0.4296,0.4689,-0.20615000000000003,0.0,0.12359479223091907,High Vulnerability
30173,df_regime2,Low Violence,4,8,0.5106,0.0526,0.4367,-0.3447,0.295,0.3447,-0.4367,0.16356999999999997,0.688094396158642,0.756677378899252,High Resilience
30174,df_regime2,Low Violence,4,9,0.5106,0.0526,0.4367,-0.3447,0.295,0.3447,-0.4367,0.16356999999999997,0.688094396158642,0.6770694619834928,Moderate Resilience
30177,df_regime2,Low Violence,4,8,0.5106,0.0526,0.4367,-0.3447,0.295,0.3447,-0.4367,0.16356999999999997,0.688094396158642,0.6848571893538876,Moderate Resilience
30180,df_regime2,Low Violence,1,4,0.0,0.5311,0.4689,0.4296,-0.3421,-0.4296,0.4689,-0.20615000000000003,0.0,0.0946948216709011,High Vulnerability
30181,df_regime2,Low Violence,2,5,0.2278,0.4012,0.371,0.1694,-0.1117,-0.1694,0.371,-0.032469999999999985,0.3232398429212187,0.3463699766986386,Moderate Vulnerability
30191,df_regime2,Low Violence,4,8,0.5106,0.0526,0.4367,-0.3447,0.295,0.3447,-0.4367,0.16356999999999997,0.688094396158642,0.6663497663681788,Moderate Resilience
30195,df_regime2,Low Violence,4,8,0.5106,0.0526,0.4367,-0.3447,0.295,0.3447,-0.4367,0.16356999999999997,0.688094396158642,0.7079540415481352,Moderate Resilience
30199,df_regime2,Low Violence,1,4,0.0,0.5311,0.4689,0.4296,-0.3421,-0.4296,0.4689,-0.20615000000000003,0.0,0.025227825695256424,High Vulnerability
30200,df_regime2,Low Violence,1,3,0.0,0.5311,0.4689,0.4296,-0.3421,-0.4296,0.4689,-0.20615000000000003,0.0,0.10934330126792421,High Vulnerability
30201,df_regime2,Low Violence,4,9,0.5106,0.0526,0.4367,-0.3447,0.295,0.3447,-0.4367,0.16356999999999997,0.688094396158642,0.7359123336816452,Moderate Resilience
30202,df_regime2,Low Violence,5,10,0.6897,0.0,0.3103,-0.5704,0.4442,0.5704,-0.3103,0.33116,1.0,0.9245732097691094,High Resilience
30203,df_regime2,Low Violence,1,3,0.0,0.5311,0.4689,0.4296,-0.3421,-0.4296,0.4689,-0.20615000000000003,0.0,0.1448312781597104,High Vulnerability
30207,df_regime2,Low Violence,3,6,0.2906,0.2526,0.4569,-0.0521,0.0245,0.0521,-0.4569,-0.0635,0.2654891961809756,0.31100951736808574,Moderate Vulnerability
30210,df_regime2,Low Violence,1,4,0.0,0.5311,0.4689,0.4296,-0.3421,-0.4296,0.4689,-0.20615000000000003,0.0,0.10167500465325481,High Vulnerability
31002,df_regime2,Low Violence,2,5,0.2278,0.4012,0.371,0.1694,-0.1117,-0.1694,0.371,-0.032469999999999985,0.3232398429212187,0.37204618568441616,Moderate Vulnerability
31003,df_regime2,Low Violence,1,3,0.0,0.5311,0.4689,0.4296,-0.3421,-0.4296,0.4689,-0.20615000000000003,0.0,0.07796315424178012,High Vulnerability
31006,df_regime2,Low Violence,2,5,0.2278,0.4012,0.371,0.1694,-0.1117,-0.1694,0.371,-0.032469999999999985,0.3232398429212187,0.42633471555329966,Moderate Vulnerability
31040,df_regime2,Low Violence,1,3,0.0,0.5311,0.4689,0.4296,-0.3421,-0.4296,0.4689,-0.20615000000000003,0.0,0.14082369794912594,High Vulnerability
31041,df_regime2,Low Violence,1,4,0.0,0.5311,0.4689,0.4296,-0.3421,-0.4296,0.4689,-0.20615000000000003,0.0,0.09527225968403315,High Vulnerability
31048,df_regime2,Low Violence,4,8,0.5106,0.0526,0.4367,-0.3447,0.295,0.3447,-0.4367,0.16356999999999997,0.688094396158642,0.7275739015394671,Moderate Resilience
31059,df_regime2,Low Violence,3,7,0.2906,0.2526,0.4569,-0.0521,0.0245,0.0521,-0.4569,-0.0635,0.2654891961809756,0.3765627668102799,Moderate Vulnerability
31067,df_regime2,Low Violence,1,4,0.0,0.5311,0.4689,0.4296,-0.3421,-0.4296,0.4689,-0.20615000000000003,0.0,0.1344357899288528,High Vulnerability
31073,df_regime2,Low Violence,3,7,0.2906,0.2526,0.4569,-0.0521,0.0245,0.0521,-0.4569,-0.0635,0.2654891961809756,0.3765627668102799,Moderate Vulnerability
31079,df_regime2,Low Violence,1,4,0.0,0.5311,0.4689,0.4296,-0.3421,-0.4296,0.4689,-0.20615000000000003,0.0,0.10607271196592136,High Vulnerability
31101,df_regime2,Low Violence,3,6,0.2906,0.2526,0.4569,-0.0521,0.0245,0.0521,-0.4569,-0.0635,0.2654891961809756,0.34738710969885345,Moderate Vulnerability
31102,df_regime2,Low Violence,2,5,0.2278,0.4012,0.371,0.1694,-0.1117,-0.1694,0.371,-0.032469999999999985,0.3232398429212187,0.42633471555329966,Moderate Vulnerability
32001,df_regime2,Low Violence,3,7,0.2906,0.2526,0.4569,-0.0521,0.0245,0.0521,-0.4569,-0.0635,0.2654891961809756,0.33027014942879424,Moderate Vulnerability
32005,df_regime2,Low Violence,4,9,0.5106,0.0526,0.4367,-0.3447,0.295,0.3447,-0.4367,0.16356999999999997,0.688094396158642,0.6496575304700472,Moderate Resilience
32009,df_regime2,Low Violence,2,5,0.2278,0.4012,0.371,0.1694,-0.1117,-0.1694,0.371,-0.032469999999999985,0.3232398429212187,0.2920616642311571,Moderate Vulnerability
32014,df_regime2,Low Violence,3,7,0.2906,0.2526,0.4569,-0.0521,0.0245,0.0521,-0.4569,-0.0635,0.2654891961809756,0.3441964496059544,Moderate Vulnerability
32018,df_regime2,Low Violence,5,10,0.6897,0.0,0.3103,-0.5704,0.4442,0.5704,-0.3103,0.33116,1.0,0.9169732356812582,High Resilience
32024,df_regime2,Low Violence,4,9,0.5106,0.0526,0.4367,-0.3447,0.295,0.3447,-0.4367,0.16356999999999997,0.688094396158642,0.6402714894325167,Moderate Resilience
32035,df_regime2,Low Violence,3,6,0.2906,0.2526,0.4569,-0.0521,0.0245,0.0521,-0.4569,-0.0635,0.2654891961809756,0.30350310962495514,Moderate Vulnerability
32037,df_regime2,Low Violence,2,5,0.2278,0.4012,0.371,0.1694,-0.1117,-0.1694,0.371,-0.032469999999999985,0.3232398429212187,0.31368274602709434,Moderate Vulnerability
32039,df_regime2,Low Violence,5,10,0.6897,0.0,0.3103,-0.5704,0.4442,0.5704,-0.3103,0.33116,1.0,0.9178813304733221,High Resilience
32040,df_regime2,Low Violence,3,6,0.2906,0.2526,0.4569,-0.0521,0.0245,0.0521,-0.4569,-0.0635,0.2654891961809756,0.32378065509139603,Moderate Vulnerability
32045,df_regime2,Low Violence,2,5,0.2278,0.4012,0.371,0.1694,-0.1117,-0.1694,0.371,-0.032469999999999985,0.3232398429212187,0.34558482140022717,Moderate Vulnerability
32051,df_regime2,Low Violence,1,4,0.0,0.5311,0.4689,0.4296,-0.3421,-0.4296,0.4689,-0.20615000000000003,0.0,0.08270095293980444,High Vulnerability
32053,df_regime2,Low Violence,3,7,0.2906,0.2526,0.4569,-0.0521,0.0245,0.0521,-0.4569,-0.0635,0.2654891961809756,0.2745984416525287,Moderate Vulnerability
32054,df_regime2,Low Violence,2,5,0.2278,0.4012,0.371,0.1694,-0.1117,-0.1694,0.371,-0.032469999999999985,0.3232398429212187,0.3735592871447529,Moderate Vulnerability
01007,df_regime3,Moderate Violence,5,36,0.6107,0.0,0.3893,-0.564,0.2657,0.564,-0.3893,0.22419,0.8009156725167966,0.7325843792992482,Moderate Resilience
03001,df_regime3,Moderate Violence,5,37,0.6107,0.0,0.3893,-0.564,0.2657,0.564,-0.3893,0.22419,0.8009156725167966,0.7350889498481051,Moderate Resilience
04004,df_regime3,Moderate Violence,5,34,0.6107,0.0,0.3893,-0.564,0.2657,0.564,-0.3893,0.22419,0.8009156725167966,0.7155496237463363,Moderate Resilience
04005,df_regime3,Moderate Violence,1,11,0.0,0.5741,0.4259,0.436,-0.2498,-0.436,0.4259,-0.17051999999999998,0.06631181254769136,0.09460593364341673,High Vulnerability
04007,df_regime3,Moderate Violence,1,11,0.0,0.5741,0.4259,0.436,-0.2498,-0.436,0.4259,-0.17051999999999998,0.06631181254769136,0.08659398121120973,High Vulnerability
04008,df_regime3,Moderate Violence,4,28,0.4563,0.2139,0.3298,-0.1923,0.1055,0.1923,-0.3298,0.04447999999999999,0.4664532578958143,0.417147837163817,Moderate Vulnerability
04009,df_regime3,Moderate Violence,4,24,0.4563,0.2139,0.3298,-0.1923,0.1055,0.1923,-0.3298,0.04447999999999999,0.4664532578958143,0.45793541182057057,Moderate Vulnerability
04010,df_regime3,Moderate Violence,3,20,0.3354,0.365,0.2996,0.0822,-0.0129,-0.0822,-0.2996,-0.09103,0.21425247994639968,0.2579000571088869,Moderate Vulnerability
04011,df_regime3,Moderate Violence,3,21,0.3354,0.365,0.2996,0.0822,-0.0129,-0.0822,-0.2996,-0.09103,0.21425247994639968,0.22843287400055276,High Vulnerability
05013,df_regime3,Moderate Violence,4,29,0.4563,0.2139,0.3298,-0.1923,0.1055,0.1923,-0.3298,0.04447999999999999,0.4664532578958143,0.46725796140989784,Moderate Vulnerability
05023,df_regime3,Moderate Violence,2,16,0.2313,0.5133,0.2554,0.2658,-0.1227,-0.2658,0.2554,-0.09000999999999998,0.21615082540805128,0.23853001925795883,High Vulnerability
05029,df_regime3,Moderate Violence,5,39,0.6107,0.0,0.3893,-0.564,0.2657,0.564,-0.3893,0.22419,0.8009156725167966,0.7593873275747703,High Resilience
05034,df_regime3,Moderate Violence,1,14,0.0,0.5741,0.4259,0.436,-0.2498,-0.436,0.4259,-0.17051999999999998,0.06631181254769136,0.1193072576978966,High Vulnerability
05036,df_regime3,Moderate Violence,3,22,0.3354,0.365,0.2996,0.0822,-0.0129,-0.0822,-0.2996,-0.09103,0.21425247994639968,0.3001569352655675,Moderate Vulnerability
06006,df_regime3,Moderate Violence,2,17,0.2313,0.5133,0.2554,0.2658,-0.1227,-0.2658,0.2554,-0.09000999999999998,0.21615082540805128,0.21621344354557642,High Vulnerability
06008,df_regime3,Moderate Violence,3,18,0.3354,0.365,0.2996,0.0822,-0.0129,-0.0822,-0.2996,-0.09103,0.21425247994639968,0.2610404109701193,Moderate Vulnerability
07012,df_regime3,Moderate Violence,1,12,0.0,0.5741,0.4259,0.436,-0.2498,-0.436,0.4259,-0.17051999999999998,0.06631181254769136,0.1367070461138389,High Vulnerability
07016,df_regime3,Moderate Violence,1,11,0.0,0.5741,0.4259,0.436,-0.2498,-0.436,0.4259,-0.17051999999999998,0.06631181254769136,0.1280759518119959,High Vulnerability
07020,df_regime3,Moderate Violence,1,11,0.0,0.5741,0.4259,0.436,-0.2498,-0.436,0.4259,-0.17051999999999998,0.06631181254769136,0.17040422045319248,High Vulnerability
07029,df_regime3,Moderate Violence,2,17,0.2313,0.5133,0.2554,0.2658,-0.1227,-0.2658,0.2554,-0.09000999999999998,0.21615082540805128,0.2525011453523091,Moderate Vulnerability
07037,df_regime3,Moderate Violence,4,23,0.4563,0.2139,0.3298,-0.1923,0.1055,0.1923,-0.3298,0.04447999999999999,0.4664532578958143,0.489070949688374,Moderate Vulnerability
07040,df_regime3,Moderate Violence,3,19,0.3354,0.365,0.2996,0.0822,-0.0129,-0.0822,-0.2996,-0.09103,0.21425247994639968,0.2394510271603527,High Vulnerability
07042,df_regime3,Moderate Violence,2,16,0.2313,0.5133,0.2554,0.2658,-0.1227,-0.2658,0.2554,-0.09000999999999998,0.21615082540805128,0.20069078695645065,High Vulnerability
07045,df_regime3,Moderate Violence,3,22,0.3354,0.365,0.2996,0.0822,-0.0129,-0.0822,-0.2996,-0.09103,0.21425247994639968,0.24148237159940644,High Vulnerability
07051,df_regime3,Moderate Violence,1,13,0.0,0.5741,0.4259,0.436,-0.2498,-0.436,0.4259,-0.17051999999999998,0.06631181254769136,0.1392036635233945,High Vulnerability
07055,df_regime3,Moderate Violence,4,24,0.4563,0.2139,0.3298,-0.1923,0.1055,0.1923,-0.3298,0.04447999999999999,0.4664532578958143,0.3940402916730298,Moderate Vulnerability
07063,df_regime3,Moderate Violence,1,12,0.0,0.5741,0.4259,0.436,-0.2498,-0.436,0.4259,-0.17051999999999998,0.06631181254769136,0.1298106718431134,High Vulnerability
07066,df_regime3,Moderate Violence,4,27,0.4563,0.2139,0.3298,-0.1923,0.1055,0.1923,-0.3298,0.04447999999999999,0.4664532578958143,0.48782498968980037,Moderate Vulnerability
07072,df_regime3,Moderate Violence,2,17,0.2313,0.5133,0.2554,0.2658,-0.1227,-0.2658,0.2554,-0.09000999999999998,0.21615082540805128,0.22353467585443626,High Vulnerability
07074,df_regime3,Moderate Violence,1,12,0.0,0.5741,0.4259,0.436,-0.2498,-0.436,0.4259,-0.17051999999999998,0.06631181254769136,0.10773248981045808,High Vulnerability
07078,df_regime3,Moderate Violence,1,12,0.0,0.5741,0.4259,0.436,-0.2498,-0.436,0.4259,-0.17051999999999998,0.06631181254769136,0.15207170924659386,High Vulnerability
07084,df_regime3,Moderate Violence,1,11,0.0,0.5741,0.4259,0.436,-0.2498,-0.436,0.4259,-0.17051999999999998,0.06631181254769136,0.12573091188088745,High Vulnerability
07085,df_regime3,Moderate Violence,1,13,0.0,0.5741,0.4259,0.436,-0.2498,-0.436,0.4259,-0.17051999999999998,0.06631181254769136,0.12987483162235028,High Vulnerability
07089,df_regime3,Moderate Violence,4,24,0.4563,0.2139,0.3298,-0.1923,0.1055,0.1923,-0.3298,0.04447999999999999,0.4664532578958143,0.4493209589614671,Moderate Vulnerability
07092,df_regime3,Moderate Violence,1,10,0.0,0.5741,0.4259,0.436,-0.2498,-0.436,0.4259,-0.17051999999999998,0.06631181254769136,0.1325898596137248,High Vulnerability
07101,df_regime3,Moderate Violence,1,12,0.0,0.5741,0.4259,0.436,-0.2498,-0.436,0.4259,-0.17051999999999998,0.06631181254769136,0.14166312172747536,High Vulnerability
07102,df_regime3,Moderate Violence,1,12,0.0,0.5741,0.4259,0.436,-0.2498,-0.436,0.4259,-0.17051999999999998,0.06631181254769136,0.1262522100871872,High Vulnerability
07103,df_regime3,Moderate Violence,2,16,0.2313,0.5133,0.2554,0.2658,-0.1227,-0.2658,0.2554,-0.09000999999999998,0.21615082540805128,0.2329671658988101,High Vulnerability
07107,df_regime3,Moderate Violence,2,17,0.2313,0.5133,0.2554,0.2658,-0.1227,-0.2658,0.2554,-0.09000999999999998,0.21615082540805128,0.2525011453523091,Moderate Vulnerability
07108,df_regime3,Moderate Violence,1,12,0.0,0.5741,0.4259,0.436,-0.2498,-0.436,0.4259,-0.17051999999999998,0.06631181254769136,0.1333069788129038,High Vulnerability
07114,df_regime3,Moderate Violence,5,36,0.6107,0.0,0.3893,-0.564,0.2657,0.564,-0.3893,0.22419,0.8009156725167966,0.7828806337382194,High Resilience
08001,df_regime3,Moderate Violence,4,24,0.4563,0.2139,0.3298,-0.1923,0.1055,0.1923,-0.3298,0.04447999999999999,0.4664532578958143,0.4252399893200702,Moderate Vulnerability
08004,df_regime3,Moderate Violence,5,31,0.6107,0.0,0.3893,-0.564,0.2657,0.564,-0.3893,0.22419,0.8009156725167966,0.7390414595815111,Moderate Resilience
08008,df_regime3,Moderate Violence,4,28,0.4563,0.2139,0.3298,-0.1923,0.1055,0.1923,-0.3298,0.04447999999999999,0.4664532578958143,0.47675928955074465,Moderate Vulnerability
08009,df_regime3,Moderate Violence,1,14,0.0,0.5741,0.4259,0.436,-0.2498,-0.436,0.4259,-0.17051999999999998,0.06631181254769136,0.12170408373653196,High Vulnerability
08011,df_regime3,Moderate Violence,5,33,0.6107,0.0,0.3893,-0.564,0.2657,0.564,-0.3893,0.22419,0.8009156725167966,0.7355322761004711,Moderate Resilience
08012,df_regime3,Moderate Violence,1,12,0.0,0.5741,0.4259,0.436,-0.2498,-0.436,0.4259,-0.17051999999999998,0.06631181254769136,0.12949548692761212,High Vulnerability
08021,df_regime3,Moderate Violence,3,22,0.3354,0.365,0.2996,0.0822,-0.0129,-0.0822,-0.2996,-0.09103,0.21425247994639968,0.23930294409845324,High Vulnerability
08022,df_regime3,Moderate Violence,3,21,0.3354,0.365,0.2996,0.0822,-0.0129,-0.0822,-0.2996,-0.09103,0.21425247994639968,0.2747211472303193,Moderate Vulnerability
08024,df_regime3,Moderate Violence,4,26,0.4563,0.2139,0.3298,-0.1923,0.1055,0.1923,-0.3298,0.04447999999999999,0.4664532578958143,0.4698831657103407,Moderate Vulnerability
08030,df_regime3,Moderate Violence,5,36,0.6107,0.0,0.3893,-0.564,0.2657,0.564,-0.3893,0.22419,0.8009156725167966,0.7766920220322008,High Resilience
08031,df_regime3,Moderate Violence,4,23,0.4563,0.2139,0.3298,-0.1923,0.1055,0.1923,-0.3298,0.04447999999999999,0.4664532578958143,0.48421886638358397,Moderate Vulnerability
08036,df_regime3,Moderate Violence,1,13,0.0,0.5741,0.4259,0.436,-0.2498,-0.436,0.4259,-0.17051999999999998,0.06631181254769136,0.1512010409924182,High Vulnerability
08039,df_regime3,Moderate Violence,1,11,0.0,0.5741,0.4259,0.436,-0.2498,-0.436,0.4259,-0.17051999999999998,0.06631181254769136,0.11772885074797947,High Vulnerability
08040,df_regime3,Moderate Violence,4,23,0.4563,0.2139,0.3298,-0.1923,0.1055,0.1923,-0.3298,0.04447999999999999,0.4664532578958143,0.5452755846309258,Moderate Resilience
08044,df_regime3,Moderate Violence,5,34,0.6107,0.0,0.3893,-0.564,0.2657,0.564,-0.3893,0.22419,0.8009156725167966,0.7462193348836386,Moderate Resilience
08050,df_regime3,Moderate Violence,4,28,0.4563,0.2139,0.3298,-0.1923,0.1055,0.1923,-0.3298,0.04447999999999999,0.4664532578958143,0.471539290011893,Moderate Vulnerability
08054,df_regime3,Moderate Violence,1,13,0.0,0.5741,0.4259,0.436,-0.2498,-0.436,0.4259,-0.17051999999999998,0.06631181254769136,0.17486126283153822,High Vulnerability
08055,df_regime3,Moderate Violence,3,20,0.3354,0.365,0.2996,0.0822,-0.0129,-0.0822,-0.2996,-0.09103,0.21425247994639968,0.24614713126303162,High Vulnerability
08059,df_regime3,Moderate Violence,3,19,0.3354,0.365,0.2996,0.0822,-0.0129,-0.0822,-0.2996,-0.09103,0.21425247994639968,0.24298010144596763,High Vulnerability
08060,df_regime3,Moderate Violence,1,12,0.0,0.5741,0.4259,0.436,-0.2498,-0.436,0.4259,-0.17051999999999998,0.06631181254769136,0.12587246439382885,High Vulnerability
08064,df_regime3,Moderate Violence,5,38,0.6107,0.0,0.3893,-0.564,0.2657,0.564,-0.3893,0.22419,0.8009156725167966,0.8003675152354413,High Resilience
08065,df_regime3,Moderate Violence,4,26,0.4563,0.2139,0.3298,-0.1923,0.1055,0.1923,-0.3298,0.04447999999999999,0.4664532578958143,0.4591230360674868,Moderate Vulnerability
09002,df_regime3,Moderate Violence,5,33,0.6107,0.0,0.3893,-0.564,0.2657,0.564,-0.3893,0.22419,0.8009156725167966,0.7352792905265079,Moderate Resilience
09003,df_regime3,Moderate Violence,5,33,0.6107,0.0,0.3893,-0.564,0.2657,0.564,-0.3893,0.22419,0.8009156725167966,0.7679975699483614,High Resilience
09004,df_regime3,Moderate Violence,4,24,0.4563,0.2139,0.3298,-0.1923,0.1055,0.1923,-0.3298,0.04447999999999999,0.4664532578958143,0.42679265597760296,Moderate Vulnerability
09006,df_regime3,Moderate Violence,5,34,0.6107,0.0,0.3893,-0.564,0.2657,0.564,-0.3893,0.22419,0.8009156725167966,0.7616350585073696,High Resilience
09008,df_regime3,Moderate Violence,3,21,0.3354,0.365,0.2996,0.0822,-0.0129,-0.0822,-0.2996,-0.09103,0.21425247994639968,0.24973191571410006,High Vulnerability
09009,df_regime3,Moderate Violence,3,20,0.3354,0.365,0.2996,0.0822,-0.0129,-0.0822,-0.2996,-0.09103,0.21425247994639968,0.2810545194382411,Moderate Vulnerability
09011,df_regime3,Moderate Violence,4,28,0.4563,0.2139,0.3298,-0.1923,0.1055,0.1923,-0.3298,0.04447999999999999,0.4664532578958143,0.47245958184532216,Moderate Vulnerability
09012,df_regime3,Moderate Violence,4,25,0.4563,0.2139,0.3298,-0.1923,0.1055,0.1923,-0.3298,0.04447999999999999,0.4664532578958143,0.46946211715909864,Moderate Vulnerability
09013,df_regime3,Moderate Violence,5,37,0.6107,0.0,0.3893,-0.564,0.2657,0.564,-0.3893,0.22419,0.8009156725167966,0.7690810682202245,High Resilience
10001,df_regime3,Moderate Violence,5,30,0.6107,0.0,0.3893,-0.564,0.2657,0.564,-0.3893,0.22419,0.8009156725167966,0.7707444104969409,High Resilience
10005,df_regime3,Moderate Violence,3,21,0.3354,0.365,0.2996,0.0822,-0.0129,-0.0822,-0.2996,-0.09103,0.21425247994639968,0.26028319190891724,Moderate Vulnerability
10008,df_regime3,Moderate Violence,3,18,0.3354,0.365,0.2996,0.0822,-0.0129,-0.0822,-0.2996,-0.09103,0.21425247994639968,0.2595433494545918,Moderate Vulnerability
10012,df_regime3,Moderate Violence,5,34,0.6107,0.0,0.3893,-0.564,0.2657,0.564,-0.3893,0.22419,0.8009156725167966,0.7711608762068088,High Resilience
10020,df_regime3,Moderate Violence,2,15,0.2313,0.5133,0.2554,0.2658,-0.1227,-0.2658,0.2554,-0.09000999999999998,0.21615082540805128,0.2660411310968082,Moderate Vulnerability
10022,df_regime3,Moderate Violence,3,21,0.3354,0.365,0.2996,0.0822,-0.0129,-0.0822,-0.2996,-0.09103,0.21425247994639968,0.22924523037203653,High Vulnerability
10023,df_regime3,Moderate Violence,3,20,0.3354,0.365,0.2996,0.0822,-0.0129,-0.0822,-0.2996,-0.09103,0.21425247994639968,0.2565692763545483,Moderate Vulnerability
10028,df_regime3,Moderate Violence,2,16,0.2313,0.5133,0.2554,0.2658,-0.1227,-0.2658,0.2554,-0.09000999999999998,0.21615082540805128,0.28105425210582763,Moderate Vulnerability
10031,df_regime3,Moderate Violence,2,15,0.2313,0.5133,0.2554,0.2658,-0.1227,-0.2658,0.2554,-0.09000999999999998,0.21615082540805128,0.30998656988787754,Moderate Vulnerability
10032,df_regime3,Moderate Violence,5,30,0.6107,0.0,0.3893,-0.564,0.2657,0.564,-0.3893,0.22419,0.8009156725167966,0.8099135101670416,High Resilience
10035,df_regime3,Moderate Violence,3,21,0.3354,0.365,0.2996,0.0822,-0.0129,-0.0822,-0.2996,-0.09103,0.21425247994639968,0.30753429146861594,Moderate Vulnerability
10038,df_regime3,Moderate Violence,3,22,0.3354,0.365,0.2996,0.0822,-0.0129,-0.0822,-0.2996,-0.09103,0.21425247994639968,0.21325307123172413,High Vulnerability
10039,df_regime3,Moderate Violence,3,20,0.3354,0.365,0.2996,0.0822,-0.0129,-0.0822,-0.2996,-0.09103,0.21425247994639968,0.33887156983274014,Moderate Vulnerability
11010,df_regime3,Moderate Violence,5,32,0.6107,0.0,0.3893,-0.564,0.2657,0.564,-0.3893,0.22419,0.8009156725167966,0.7540027181023141,High Resilience
11019,df_regime3,Moderate Violence,4,26,0.4563,0.2139,0.3298,-0.1923,0.1055,0.1923,-0.3298,0.04447999999999999,0.4664532578958143,0.4786760629554468,Moderate Vulnerability
11026,df_regime3,Moderate Violence,4,25,0.4563,0.2139,0.3298,-0.1923,0.1055,0.1923,-0.3298,0.04447999999999999,0.4664532578958143,0.46784895699542817,Moderate Vulnerability
11029,df_regime3,Moderate Violence,4,23,0.4563,0.2139,0.3298,-0.1923,0.1055,0.1923,-0.3298,0.04447999999999999,0.4664532578958143,0.44433053113269755,Moderate Vulnerability
11034,df_regime3,Moderate Violence,5,33,0.6107,0.0,0.3893,-0.564,0.2657,0.564,-0.3893,0.22419,0.8009156725167966,0.701803725210349,Moderate Resilience
11040,df_regime3,Moderate Violence,3,19,0.3354,0.365,0.2996,0.0822,-0.0129,-0.0822,-0.2996,-0.09103,0.21425247994639968,0.2390202400711907,High Vulnerability
11041,df_regime3,Moderate Violence,5,38,0.6107,0.0,0.3893,-0.564,0.2657,0.564,-0.3893,0.22419,0.8009156725167966,0.7459316183736232,Moderate Resilience
11043,df_regime3,Moderate Violence,1,13,0.0,0.5741,0.4259,0.436,-0.2498,-0.436,0.4259,-0.17051999999999998,0.06631181254769136,0.1120094408441824,High Vulnerability
11045,df_regime3,Moderate Violence,3,18,0.3354,0.365,0.2996,0.0822,-0.0129,-0.0822,-0.2996,-0.09103,0.21425247994639968,0.2359245307230106,High Vulnerability
12005,df_regime3,Moderate Violence,1,12,0.0,0.5741,0.4259,0.436,-0.2498,-0.436,0.4259,-0.17051999999999998,0.06631181254769136,0.10741449790461521,High Vulnerability
12008,df_regime3,Moderate Violence,5,31,0.6107,0.0,0.3893,-0.564,0.2657,0.564,-0.3893,0.22419,0.8009156725167966,0.7369763166873238,Moderate Resilience
12011,df_regime3,Moderate Violence,4,24,0.4563,0.2139,0.3298,-0.1923,0.1055,0.1923,-0.3298,0.04447999999999999,0.4664532578958143,0.5014762430038273,Moderate Resilience
12012,df_regime3,Moderate Violence,4,29,0.4563,0.2139,0.3298,-0.1923,0.1055,0.1923,-0.3298,0.04447999999999999,0.4664532578958143,0.41018249113041183,Moderate Vulnerability
12013,df_regime3,Moderate Violence,5,35,0.6107,0.0,0.3893,-0.564,0.2657,0.564,-0.3893,0.22419,0.8009156725167966,0.7251813432718613,Moderate Resilience
12014,df_regime3,Moderate Violence,3,22,0.3354,0.365,0.2996,0.0822,-0.0129,-0.0822,-0.2996,-0.09103,0.21425247994639968,0.27004149333222843,Moderate Vulnerability
12015,df_regime3,Moderate Violence,3,22,0.3354,0.365,0.2996,0.0822,-0.0129,-0.0822,-0.2996,-0.09103,0.21425247994639968,0.23247032860834438,High Vulnerability
12017,df_regime3,Moderate Violence,1,12,0.0,0.5741,0.4259,0.436,-0.2498,-0.436,0.4259,-0.17051999999999998,0.06631181254769136,0.1262240065175643,High Vulnerability
12018,df_regime3,Moderate Violence,4,23,0.4563,0.2139,0.3298,-0.1923,0.1055,0.1923,-0.3298,0.04447999999999999,0.4664532578958143,0.42368678799771037,Moderate Vulnerability
12019,df_regime3,Moderate Violence,1,12,0.0,0.5741,0.4259,0.436,-0.2498,-0.436,0.4259,-0.17051999999999998,0.06631181254769136,0.12756969105395477,High Vulnerability
12021,df_regime3,Moderate Violence,4,23,0.4563,0.2139,0.3298,-0.1923,0.1055,0.1923,-0.3298,0.04447999999999999,0.4664532578958143,0.47675928955074465,Moderate Vulnerability
12023,df_regime3,Moderate Violence,4,27,0.4563,0.2139,0.3298,-0.1923,0.1055,0.1923,-0.3298,0.04447999999999999,0.4664532578958143,0.4482388641847749,Moderate Vulnerability
12024,df_regime3,Moderate Violence,1,12,0.0,0.5741,0.4259,0.436,-0.2498,-0.436,0.4259,-0.17051999999999998,0.06631181254769136,0.12436537791279556,High Vulnerability
12025,df_regime3,Moderate Violence,1,11,0.0,0.5741,0.4259,0.436,-0.2498,-0.436,0.4259,-0.17051999999999998,0.06631181254769136,0.12495751920866938,High Vulnerability
12033,df_regime3,Moderate Violence,4,24,0.4563,0.2139,0.3298,-0.1923,0.1055,0.1923,-0.3298,0.04447999999999999,0.4664532578958143,0.4599978813906232,Moderate Vulnerability
12034,df_regime3,Moderate Violence,3,20,0.3354,0.365,0.2996,0.0822,-0.0129,-0.0822,-0.2996,-0.09103,0.21425247994639968,0.2546707706647678,Moderate Vulnerability
12037,df_regime3,Moderate Violence,5,33,0.6107,0.0,0.3893,-0.564,0.2657,0.564,-0.3893,0.22419,0.8009156725167966,0.7512478575813301,High Resilience
12039,df_regime3,Moderate Violence,3,20,0.3354,0.365,0.2996,0.0822,-0.0129,-0.0822,-0.2996,-0.09103,0.21425247994639968,0.20421021818000765,High Vulnerability
12040,df_regime3,Moderate Violence,3,20,0.3354,0.365,0.2996,0.0822,-0.0129,-0.0822,-0.2996,-0.09103,0.21425247994639968,0.29798976050023246,Moderate Vulnerability
12045,df_regime3,Moderate Violence,3,18,0.3354,0.365,0.2996,0.0822,-0.0129,-0.0822,-0.2996,-0.09103,0.21425247994639968,0.2477219101301943,High Vulnerability
12046,df_regime3,Moderate Violence,5,30,0.6107,0.0,0.3893,-0.564,0.2657,0.564,-0.3893,0.22419,0.8009156725167966,0.7025418968370899,Moderate Resilience
12048,df_regime3,Moderate Violence,4,24,0.4563,0.2139,0.3298,-0.1923,0.1055,0.1923,-0.3298,0.04447999999999999,0.4664532578958143,0.4458860716136753,Moderate Vulnerability
12049,df_regime3,Moderate Violence,1,11,0.0,0.5741,0.4259,0.436,-0.2498,-0.436,0.4259,-0.17051999999999998,0.06631181254769136,0.08965856542839097,High Vulnerability
12052,df_regime3,Moderate Violence,3,19,0.3354,0.365,0.2996,0.0822,-0.0129,-0.0822,-0.2996,-0.09103,0.21425247994639968,0.21884900697704188,High Vulnerability
12053,df_regime3,Moderate Violence,3,22,0.3354,0.365,0.2996,0.0822,-0.0129,-0.0822,-0.2996,-0.09103,0.21425247994639968,0.20906564313996626,High Vulnerability
12055,df_regime3,Moderate Violence,3,18,0.3354,0.365,0.2996,0.0822,-0.0129,-0.0822,-0.2996,-0.09103,0.21425247994639968,0.2351933765721235,High Vulnerability
12056,df_regime3,Moderate Violence,2,17,0.2313,0.5133,0.2554,0.2658,-0.1227,-0.2658,0.2554,-0.09000999999999998,0.21615082540805128,0.228022852911367,High Vulnerability
12057,df_regime3,Moderate Violence,4,24,0.4563,0.2139,0.3298,-0.1923,0.1055,0.1923,-0.3298,0.04447999999999999,0.4664532578958143,0.4919133615747751,Moderate Vulnerability
12059,df_regime3,Moderate Violence,4,25,0.4563,0.2139,0.3298,-0.1923,0.1055,0.1923,-0.3298,0.04447999999999999,0.4664532578958143,0.4574129106184101,Moderate Vulnerability
12060,df_regime3,Moderate Violence,1,10,0.0,0.5741,0.4259,0.436,-0.2498,-0.436,0.4259,-0.17051999999999998,0.06631181254769136,0.09879102257655656,High Vulnerability
12061,df_regime3,Moderate Violence,3,20,0.3354,0.365,0.2996,0.0822,-0.0129,-0.0822,-0.2996,-0.09103,0.21425247994639968,0.24293732825980974,High Vulnerability
12062,df_regime3,Moderate Violence,1,14,0.0,0.5741,0.4259,0.436,-0.2498,-0.436,0.4259,-0.17051999999999998,0.06631181254769136,0.0766291654984798,High Vulnerability
12066,df_regime3,Moderate Violence,4,25,0.4563,0.2139,0.3298,-0.1923,0.1055,0.1923,-0.3298,0.04447999999999999,0.4664532578958143,0.4594683404349076,Moderate Vulnerability
12068,df_regime3,Moderate Violence,4,24,0.4563,0.2139,0.3298,-0.1923,0.1055,0.1923,-0.3298,0.04447999999999999,0.4664532578958143,0.4575544631313515,Moderate Vulnerability
12069,df_regime3,Moderate Violence,1,12,0.0,0.5741,0.4259,0.436,-0.2498,-0.436,0.4259,-0.17051999999999998,0.06631181254769136,0.15924457206596837,High Vulnerability
12072,df_regime3,Moderate Violence,1,11,0.0,0.5741,0.4259,0.436,-0.2498,-0.436,0.4259,-0.17051999999999998,0.06631181254769136,0.1815982401507221,High Vulnerability
12075,df_regime3,Moderate Violence,5,34,0.6107,0.0,0.3893,-0.564,0.2657,0.564,-0.3893,0.22419,0.8009156725167966,0.7567019400647412,High Resilience
12078,df_regime3,Moderate Violence,2,17,0.2313,0.5133,0.2554,0.2658,-0.1227,-0.2658,0.2554,-0.09000999999999998,0.21615082540805128,0.20692030052173274,High Vulnerability
12081,df_regime3,Moderate Violence,1,12,0.0,0.5741,0.4259,0.436,-0.2498,-0.436,0.4259,-0.17051999999999998,0.06631181254769136,0.06787904143953166,High Vulnerability
13003,df_regime3,Moderate Violence,5,30,0.6107,0.0,0.3893,-0.564,0.2657,0.564,-0.3893,0.22419,0.8009156725167966,0.7437757495416084,Moderate Resilience
13004,df_regime3,Moderate Violence,4,27,0.4563,0.2139,0.3298,-0.1923,0.1055,0.1923,-0.3298,0.04447999999999999,0.4664532578958143,0.44716739587151877,Moderate Vulnerability
13005,df_regime3,Moderate Violence,4,25,0.4563,0.2139,0.3298,-0.1923,0.1055,0.1923,-0.3298,0.04447999999999999,0.4664532578958143,0.4706121812019199,Moderate Vulnerability
13007,df_regime3,Moderate Violence,4,26,0.4563,0.2139,0.3298,-0.1923,0.1055,0.1923,-0.3298,0.04447999999999999,0.4664532578958143,0.43673929308621573,Moderate Vulnerability
13008,df_regime3,Moderate Violence,3,19,0.3354,0.365,0.2996,0.0822,-0.0129,-0.0822,-0.2996,-0.09103,0.21425247994639968,0.2172408592961243,High Vulnerability
13009,df_regime3,Moderate Violence,4,28,0.4563,0.2139,0.3298,-0.1923,0.1055,0.1923,-0.3298,0.04447999999999999,0.4664532578958143,0.483021217171162,Moderate Vulnerability
13010,df_regime3,Moderate Violence,3,20,0.3354,0.365,0.2996,0.0822,-0.0129,-0.0822,-0.2996,-0.09103,0.21425247994639968,0.284454185740556,Moderate Vulnerability
13012,df_regime3,Moderate Violence,1,14,0.0,0.5741,0.4259,0.436,-0.2498,-0.436,0.4259,-0.17051999999999998,0.06631181254769136,0.1491690520912962,High Vulnerability
13013,df_regime3,Moderate Violence,4,24,0.4563,0.2139,0.3298,-0.1923,0.1055,0.1923,-0.3298,0.04447999999999999,0.4664532578958143,0.4907688924174647,Moderate Vulnerability
13016,df_regime3,Moderate Violence,2,15,0.2313,0.5133,0.2554,0.2658,-0.1227,-0.2658,0.2554,-0.09000999999999998,0.21615082540805128,0.21203436959174007,High Vulnerability
13020,df_regime3,Moderate Violence,3,19,0.3354,0.365,0.2996,0.0822,-0.0129,-0.0822,-0.2996,-0.09103,0.21425247994639968,0.3232981200850519,Moderate Vulnerability
13022,df_regime3,Moderate Violence,1,14,0.0,0.5741,0.4259,0.436,-0.2498,-0.436,0.4259,-0.17051999999999998,0.06631181254769136,0.11423267744439577,High Vulnerability
13023,df_regime3,Moderate Violence,3,20,0.3354,0.365,0.2996,0.0822,-0.0129,-0.0822,-0.2996,-0.09103,0.21425247994639968,0.2605618859499775,Moderate Vulnerability
13024,df_regime3,Moderate Violence,4,25,0.4563,0.2139,0.3298,-0.1923,0.1055,0.1923,-0.3298,0.04447999999999999,0.4664532578958143,0.4182032655322639,Moderate Vulnerability
13029,df_regime3,Moderate Violence,4,26,0.4563,0.2139,0.3298,-0.1923,0.1055,0.1923,-0.3298,0.04447999999999999,0.4664532578958143,0.45835365338147105,Moderate Vulnerability
13030,df_regime3,Moderate Violence,4,23,0.4563,0.2139,0.3298,-0.1923,0.1055,0.1923,-0.3298,0.04447999999999999,0.4664532578958143,0.5045324539879146,Moderate Resilience
13031,df_regime3,Moderate Violence,3,20,0.3354,0.365,0.2996,0.0822,-0.0129,-0.0822,-0.2996,-0.09103,0.21425247994639968,0.2870237848989935,Moderate Vulnerability
13035,df_regime3,Moderate Violence,3,21,0.3354,0.365,0.2996,0.0822,-0.0129,-0.0822,-0.2996,-0.09103,0.21425247994639968,0.2573285004088515,Moderate Vulnerability
13039,df_regime3,Moderate Violence,3,20,0.3354,0.365,0.2996,0.0822,-0.0129,-0.0822,-0.2996,-0.09103,0.21425247994639968,0.21240355565476565,High Vulnerability
13041,df_regime3,Moderate Violence,5,37,0.6107,0.0,0.3893,-0.564,0.2657,0.564,-0.3893,0.22419,0.8009156725167966,0.7590160028524369,High Resilience
13042,df_regime3,Moderate Violence,5,38,0.6107,0.0,0.3893,-0.564,0.2657,0.564,-0.3893,0.22419,0.8009156725167966,0.7983588940515339,High Resilience
13044,df_regime3,Moderate Violence,3,19,0.3354,0.365,0.2996,0.0822,-0.0129,-0.0822,-0.2996,-0.09103,0.21425247994639968,0.2568546537059458,Moderate Vulnerability
13051,df_regime3,Moderate Violence,3,22,0.3354,0.365,0.2996,0.0822,-0.0129,-0.0822,-0.2996,-0.09103,0.21425247994639968,0.23636963919146653,High Vulnerability
13052,df_regime3,Moderate Violence,3,19,0.3354,0.365,0.2996,0.0822,-0.0129,-0.0822,-0.2996,-0.09103,0.21425247994639968,0.24814467724695166,High Vulnerability
13053,df_regime3,Moderate Violence,3,19,0.3354,0.365,0.2996,0.0822,-0.0129,-0.0822,-0.2996,-0.09103,0.21425247994639968,0.24534064665705835,High Vulnerability
13056,df_regime3,Moderate Violence,3,21,0.3354,0.365,0.2996,0.0822,-0.0129,-0.0822,-0.2996,-0.09103,0.21425247994639968,0.21583850983566077,High Vulnerability
13057,df_regime3,Moderate Violence,3,19,0.3354,0.365,0.2996,0.0822,-0.0129,-0.0822,-0.2996,-0.09103,0.21425247994639968,0.20541388237173314,High Vulnerability
13058,df_regime3,Moderate Violence,1,14,0.0,0.5741,0.4259,0.436,-0.2498,-0.436,0.4259,-0.17051999999999998,0.06631181254769136,0.1330052273511803,High Vulnerability
13060,df_regime3,Moderate Violence,1,14,0.0,0.5741,0.4259,0.436,-0.2498,-0.436,0.4259,-0.17051999999999998,0.06631181254769136,0.16784231664922886,High Vulnerability
13063,df_regime3,Moderate Violence,5,30,0.6107,0.0,0.3893,-0.564,0.2657,0.564,-0.3893,0.22419,0.8009156725167966,0.7670076762115636,High Resilience
13065,df_regime3,Moderate Violence,5,33,0.6107,0.0,0.3893,-0.564,0.2657,0.564,-0.3893,0.22419,0.8009156725167966,0.7996737876224425,High Resilience
13066,df_regime3,Moderate Violence,4,25,0.4563,0.2139,0.3298,-0.1923,0.1055,0.1923,-0.3298,0.04447999999999999,0.4664532578958143,0.44882472316893174,Moderate Vulnerability
13067,df_regime3,Moderate Violence,1,13,0.0,0.5741,0.4259,0.436,-0.2498,-0.436,0.4259,-0.17051999999999998,0.06631181254769136,0.133060364661462,High Vulnerability
13069,df_regime3,Moderate Violence,4,27,0.4563,0.2139,0.3298,-0.1923,0.1055,0.1923,-0.3298,0.04447999999999999,0.4664532578958143,0.43070660301036356,Moderate Vulnerability
13070,df_regime3,Moderate Violence,5,30,0.6107,0.0,0.3893,-0.564,0.2657,0.564,-0.3893,0.22419,0.8009156725167966,0.7585299925247173,High Resilience
13074,df_regime3,Moderate Violence,4,27,0.4563,0.2139,0.3298,-0.1923,0.1055,0.1923,-0.3298,0.04447999999999999,0.4664532578958143,0.48829200986857607,Moderate Vulnerability
13075,df_regime3,Moderate Violence,1,12,0.0,0.5741,0.4259,0.436,-0.2498,-0.436,0.4259,-0.17051999999999998,0.06631181254769136,0.10106936307049999,High Vulnerability
13076,df_regime3,Moderate Violence,4,29,0.4563,0.2139,0.3298,-0.1923,0.1055,0.1923,-0.3298,0.04447999999999999,0.4664532578958143,0.4534531065291503,Moderate Vulnerability
13077,df_regime3,Moderate Violence,3,18,0.3354,0.365,0.2996,0.0822,-0.0129,-0.0822,-0.2996,-0.09103,0.21425247994639968,0.20875928019411014,High Vulnerability
13081,df_regime3,Moderate Violence,3,22,0.3354,0.365,0.2996,0.0822,-0.0129,-0.0822,-0.2996,-0.09103,0.21425247994639968,0.30606491795305674,Moderate Vulnerability
13082,df_regime3,Moderate Violence,2,15,0.2313,0.5133,0.2554,0.2658,-0.1227,-0.2658,0.2554,-0.09000999999999998,0.21615082540805128,0.24474008439015973,High Vulnerability
13083,df_regime3,Moderate Violence,5,30,0.6107,0.0,0.3893,-0.564,0.2657,0.564,-0.3893,0.22419,0.8009156725167966,0.7063988352326744,Moderate Resilience
13084,df_regime3,Moderate Violence,4,27,0.4563,0.2139,0.3298,-0.1923,0.1055,0.1923,-0.3298,0.04447999999999999,0.4664532578958143,0.4680105021538639,Moderate Vulnerability
14002,df_regime3,Moderate Violence,3,18,0.3354,0.365,0.2996,0.0822,-0.0129,-0.0822,-0.2996,-0.09103,0.21425247994639968,0.24114874074737463,High Vulnerability
14003,df_regime3,Moderate Violence,4,26,0.4563,0.2139,0.3298,-0.1923,0.1055,0.1923,-0.3298,0.04447999999999999,0.4664532578958143,0.47887021312074174,Moderate Vulnerability
14005,df_regime3,Moderate Violence,1,11,0.0,0.5741,0.4259,0.436,-0.2498,-0.436,0.4259,-0.17051999999999998,0.06631181254769136,0.1834891491444194,High Vulnerability
14006,df_regime3,Moderate Violence,3,22,0.3354,0.365,0.2996,0.0822,-0.0129,-0.0822,-0.2996,-0.09103,0.21425247994639968,0.2459364637736176,High Vulnerability
14007,df_regime3,Moderate Violence,3,20,0.3354,0.365,0.2996,0.0822,-0.0129,-0.0822,-0.2996,-0.09103,0.21425247994639968,0.2636475703326518,Moderate Vulnerability
14009,df_regime3,Moderate Violence,5,33,0.6107,0.0,0.3893,-0.564,0.2657,0.564,-0.3893,0.22419,0.8009156725167966,0.7566082066372624,High Resilience
14015,df_regime3,Moderate Violence,4,26,0.4563,0.2139,0.3298,-0.1923,0.1055,0.1923,-0.3298,0.04447999999999999,0.4664532578958143,0.42241695903364684,Moderate Vulnerability
14017,df_regime3,Moderate Violence,1,11,0.0,0.5741,0.4259,0.436,-0.2498,-0.436,0.4259,-0.17051999999999998,0.06631181254769136,0.1110999616521201,High Vulnerability
14023,df_regime3,Moderate Violence,1,11,0.0,0.5741,0.4259,0.436,-0.2498,-0.436,0.4259,-0.17051999999999998,0.06631181254769136,0.12861462662517228,High Vulnerability
14024,df_regime3,Moderate Violence,5,31,0.6107,0.0,0.3893,-0.564,0.2657,0.564,-0.3893,0.22419,0.8009156725167966,0.7562072080170318,High Resilience
14030,df_regime3,Moderate Violence,4,24,0.4563,0.2139,0.3298,-0.1923,0.1055,0.1923,-0.3298,0.04447999999999999,0.4664532578958143,0.47782360672193996,Moderate Vulnerability
14034,df_regime3,Moderate Violence,4,25,0.4563,0.2139,0.3298,-0.1923,0.1055,0.1923,-0.3298,0.04447999999999999,0.4664532578958143,0.4735036103958511,Moderate Vulnerability
14037,df_regime3,Moderate Violence,1,14,0.0,0.5741,0.4259,0.436,-0.2498,-0.436,0.4259,-0.17051999999999998,0.06631181254769136,0.12404431168419762,High Vulnerability
14040,df_regime3,Moderate Violence,3,18,0.3354,0.365,0.2996,0.0822,-0.0129,-0.0822,-0.2996,-0.09103,0.21425247994639968,0.2792383966872168,Moderate Vulnerability
14041,df_regime3,Moderate Violence,4,25,0.4563,0.2139,0.3298,-0.1923,0.1055,0.1923,-0.3298,0.04447999999999999,0.4664532578958143,0.41930520974065755,Moderate Vulnerability
14042,df_regime3,Moderate Violence,1,14,0.0,0.5741,0.4259,0.436,-0.2498,-0.436,0.4259,-0.17051999999999998,0.06631181254769136,0.09392490432005846,High Vulnerability
14044,df_regime3,Moderate Violence,4,29,0.4563,0.2139,0.3298,-0.1923,0.1055,0.1923,-0.3298,0.04447999999999999,0.4664532578958143,0.49455928413726324,Moderate Vulnerability
14045,df_regime3,Moderate Violence,1,14,0.0,0.5741,0.4259,0.436,-0.2498,-0.436,0.4259,-0.17051999999999998,0.06631181254769136,0.11554474492979022,High Vulnerability
14046,df_regime3,Moderate Violence,1,13,0.0,0.5741,0.4259,0.436,-0.2498,-0.436,0.4259,-0.17051999999999998,0.06631181254769136,0.115384345481698,High Vulnerability
14047,df_regime3,Moderate Violence,2,17,0.2313,0.5133,0.2554,0.2658,-0.1227,-0.2658,0.2554,-0.09000999999999998,0.21615082540805128,0.2261120944859683,High Vulnerability
14050,df_regime3,Moderate Violence,4,26,0.4563,0.2139,0.3298,-0.1923,0.1055,0.1923,-0.3298,0.04447999999999999,0.4664532578958143,0.4826649967301905,Moderate Vulnerability
14051,df_regime3,Moderate Violence,5,36,0.6107,0.0,0.3893,-0.564,0.2657,0.564,-0.3893,0.22419,0.8009156725167966,0.7691628719387514,High Resilience
14054,df_regime3,Moderate Violence,3,18,0.3354,0.365,0.2996,0.0822,-0.0129,-0.0822,-0.2996,-0.09103,0.21425247994639968,0.27966947020396465,Moderate Vulnerability
14055,df_regime3,Moderate Violence,3,18,0.3354,0.365,0.2996,0.0822,-0.0129,-0.0822,-0.2996,-0.09103,0.21425247994639968,0.2598995698955633,Moderate Vulnerability
14057,df_regime3,Moderate Violence,1,11,0.0,0.5741,0.4259,0.436,-0.2498,-0.436,0.4259,-0.17051999999999998,0.06631181254769136,0.1330772066035117,High Vulnerability
14062,df_regime3,Moderate Violence,1,13,0.0,0.5741,0.4259,0.436,-0.2498,-0.436,0.4259,-0.17051999999999998,0.06631181254769136,0.1748364009170839,High Vulnerability
14063,df_regime3,Moderate Violence,1,11,0.0,0.5741,0.4259,0.436,-0.2498,-0.436,0.4259,-0.17051999999999998,0.06631181254769136,0.10041306199538927,High Vulnerability
14064,df_regime3,Moderate Violence,2,17,0.2313,0.5133,0.2554,0.2658,-0.1227,-0.2658,0.2554,-0.09000999999999998,0.21615082540805128,0.24733935744649435,High Vulnerability
14067,df_regime3,Moderate Violence,4,27,0.4563,0.2139,0.3298,-0.1923,0.1055,0.1923,-0.3298,0.04447999999999999,0.4664532578958143,0.5017705759910766,Moderate Resilience
14070,df_regime3,Moderate Violence,4,23,0.4563,0.2139,0.3298,-0.1923,0.1055,0.1923,-0.3298,0.04447999999999999,0.4664532578958143,0.4981395334848886,Moderate Vulnerability
14072,df_regime3,Moderate Violence,4,24,0.4563,0.2139,0.3298,-0.1923,0.1055,0.1923,-0.3298,0.04447999999999999,0.4664532578958143,0.4918749325403364,Moderate Vulnerability
14073,df_regime3,Moderate Violence,4,25,0.4563,0.2139,0.3298,-0.1923,0.1055,0.1923,-0.3298,0.04447999999999999,0.4664532578958143,0.4422033766661672,Moderate Vulnerability
14077,df_regime3,Moderate Violence,1,12,0.0,0.5741,0.4259,0.436,-0.2498,-0.436,0.4259,-0.17051999999999998,0.06631181254769136,0.14723499755557934,High Vulnerability
14079,df_regime3,Moderate Violence,1,11,0.0,0.5741,0.4259,0.436,-0.2498,-0.436,0.4259,-0.17051999999999998,0.06631181254769136,0.15313355359296443,High Vulnerability
14080,df_regime3,Moderate Violence,3,20,0.3354,0.365,0.2996,0.0822,-0.0129,-0.0822,-0.2996,-0.09103,0.21425247994639968,0.2680854220627436,Moderate Vulnerability
14081,df_regime3,Moderate Violence,1,14,0.0,0.5741,0.4259,0.436,-0.2498,-0.436,0.4259,-0.17051999999999998,0.06631181254769136,0.10080203065701293,High Vulnerability
14086,df_regime3,Moderate Violence,1,13,0.0,0.5741,0.4259,0.436,-0.2498,-0.436,0.4259,-0.17051999999999998,0.06631181254769136,0.21032993450403617,High Vulnerability
14088,df_regime3,Moderate Violence,2,15,0.2313,0.5133,0.2554,0.2658,-0.1227,-0.2658,0.2554,-0.09000999999999998,0.21615082540805128,0.27739402581116734,Moderate Vulnerability
14093,df_regime3,Moderate Violence,1,14,0.0,0.5741,0.4259,0.436,-0.2498,-0.436,0.4259,-0.17051999999999998,0.06631181254769136,0.1254939216963312,High Vulnerability
14094,df_regime3,Moderate Violence,5,31,0.6107,0.0,0.3893,-0.564,0.2657,0.564,-0.3893,0.22419,0.8009156725167966,0.7702407562299313,High Resilience
14096,df_regime3,Moderate Violence,4,23,0.4563,0.2139,0.3298,-0.1923,0.1055,0.1923,-0.3298,0.04447999999999999,0.4664532578958143,0.47146711026025145,Moderate Vulnerability
14101,df_regime3,Moderate Violence,5,39,0.6107,0.0,0.3893,-0.564,0.2657,0.564,-0.3893,0.22419,0.8009156725167966,0.7590464787475744,High Resilience
14103,df_regime3,Moderate Violence,1,12,0.0,0.5741,0.4259,0.436,-0.2498,-0.436,0.4259,-0.17051999999999998,0.06631181254769136,0.09575546302141108,High Vulnerability
14104,df_regime3,Moderate Violence,1,12,0.0,0.5741,0.4259,0.436,-0.2498,-0.436,0.4259,-0.17051999999999998,0.06631181254769136,0.14901667261560858,High Vulnerability
14105,df_regime3,Moderate Violence,1,14,0.0,0.5741,0.4259,0.436,-0.2498,-0.436,0.4259,-0.17051999999999998,0.06631181254769136,0.07385372038165722,High Vulnerability
14107,df_regime3,Moderate Violence,5,36,0.6107,0.0,0.3893,-0.564,0.2657,0.564,-0.3893,0.22419,0.8009156725167966,0.779636554900554,High Resilience
14109,df_regime3,Moderate Violence,4,25,0.4563,0.2139,0.3298,-0.1923,0.1055,0.1923,-0.3298,0.04447999999999999,0.4664532578958143,0.4582167791857657,Moderate Vulnerability
14112,df_regime3,Moderate Violence,2,15,0.2313,0.5133,0.2554,0.2658,-0.1227,-0.2658,0.2554,-0.09000999999999998,0.21615082540805128,0.2401743141002143,High Vulnerability
14114,df_regime3,Moderate Violence,4,27,0.4563,0.2139,0.3298,-0.1923,0.1055,0.1923,-0.3298,0.04447999999999999,0.4664532578958143,0.4707306094610947,Moderate Vulnerability
14117,df_regime3,Moderate Violence,3,22,0.3354,0.365,0.2996,0.0822,-0.0129,-0.0822,-0.2996,-0.09103,0.21425247994639968,0.2815565697107698,Moderate Vulnerability
14120,df_regime3,Moderate Violence,3,20,0.3354,0.365,0.2996,0.0822,-0.0129,-0.0822,-0.2996,-0.09103,0.21425247994639968,0.2604553348880305,Moderate Vulnerability
14123,df_regime3,Moderate Violence,1,14,0.0,0.5741,0.4259,0.436,-0.2498,-0.436,0.4259,-0.17051999999999998,0.06631181254769136,0.08860806361442121,High Vulnerability
14124,df_regime3,Moderate Violence,2,16,0.2313,0.5133,0.2554,0.2658,-0.1227,-0.2658,0.2554,-0.09000999999999998,0.21615082540805128,0.2418187091921249,High Vulnerability
15001,df_regime3,Moderate Violence,4,24,0.4563,0.2139,0.3298,-0.1923,0.1055,0.1923,-0.3298,0.04447999999999999,0.4664532578958143,0.4516778283518723,Moderate Vulnerability
15002,df_regime3,Moderate Violence,1,13,0.0,0.5741,0.4259,0.436,-0.2498,-0.436,0.4259,-0.17051999999999998,0.06631181254769136,0.13945963430930836,High Vulnerability
15003,df_regime3,Moderate Violence,1,14,0.0,0.5741,0.4259,0.436,-0.2498,-0.436,0.4259,-0.17051999999999998,0.06631181254769136,0.15085588143005474,High Vulnerability
15005,df_regime3,Moderate Violence,4,24,0.4563,0.2139,0.3298,-0.1923,0.1055,0.1923,-0.3298,0.04447999999999999,0.4664532578958143,0.4426453344311785,Moderate Vulnerability
15006,df_regime3,Moderate Violence,5,33,0.6107,0.0,0.3893,-0.564,0.2657,0.564,-0.3893,0.22419,0.8009156725167966,0.748585226742999,Moderate Resilience
15007,df_regime3,Moderate Violence,1,12,0.0,0.5741,0.4259,0.436,-0.2498,-0.436,0.4259,-0.17051999999999998,0.06631181254769136,0.15077407771152768,High Vulnerability
15011,df_regime3,Moderate Violence,2,17,0.2313,0.5133,0.2554,0.2658,-0.1227,-0.2658,0.2554,-0.09000999999999998,0.21615082540805128,0.2699145104358221,Moderate Vulnerability
15012,df_regime3,Moderate Violence,3,21,0.3354,0.365,0.2996,0.0822,-0.0129,-0.0822,-0.2996,-0.09103,0.21425247994639968,0.26280026024810454,Moderate Vulnerability
15013,df_regime3,Moderate Violence,4,27,0.4563,0.2139,0.3298,-0.1923,0.1055,0.1923,-0.3298,0.04447999999999999,0.4664532578958143,0.45853009277437257,Moderate Vulnerability
15014,df_regime3,Moderate Violence,4,26,0.4563,0.2139,0.3298,-0.1923,0.1055,0.1923,-0.3298,0.04447999999999999,0.4664532578958143,0.464301264916731,Moderate Vulnerability
15015,df_regime3,Moderate Violence,3,22,0.3354,0.365,0.2996,0.0822,-0.0129,-0.0822,-0.2996,-0.09103,0.21425247994639968,0.21919085830078844,High Vulnerability
15016,df_regime3,Moderate Violence,5,31,0.6107,0.0,0.3893,-0.564,0.2657,0.564,-0.3893,0.22419,0.8009156725167966,0.712927856576924,Moderate Resilience
15017,df_regime3,Moderate Violence,4,23,0.4563,0.2139,0.3298,-0.1923,0.1055,0.1923,-0.3298,0.04447999999999999,0.4664532578958143,0.4522405630822626,Moderate Vulnerability
15018,df_regime3,Moderate Violence,3,22,0.3354,0.365,0.2996,0.0822,-0.0129,-0.0822,-0.2996,-0.09103,0.21425247994639968,0.24564250950728747,High Vulnerability
15019,df_regime3,Moderate Violence,3,22,0.3354,0.365,0.2996,0.0822,-0.0129,-0.0822,-0.2996,-0.09103,0.21425247994639968,0.2428718318185054,High Vulnerability
15020,df_regime3,Moderate Violence,4,28,0.4563,0.2139,0.3298,-0.1923,0.1055,0.1923,-0.3298,0.04447999999999999,0.4664532578958143,0.49276915946345057,Moderate Vulnerability
15021,df_regime3,Moderate Violence,1,11,0.0,0.5741,0.4259,0.436,-0.2498,-0.436,0.4259,-0.17051999999999998,0.06631181254769136,0.14411429262673822,High Vulnerability
15022,df_regime3,Moderate Violence,5,36,0.6107,0.0,0.3893,-0.564,0.2657,0.564,-0.3893,0.22419,0.8009156725167966,0.7214937599602209,Moderate Resilience
15024,df_regime3,Moderate Violence,3,19,0.3354,0.365,0.2996,0.0822,-0.0129,-0.0822,-0.2996,-0.09103,0.21425247994639968,0.25419689213657465,Moderate Vulnerability
15027,df_regime3,Moderate Violence,4,24,0.4563,0.2139,0.3298,-0.1923,0.1055,0.1923,-0.3298,0.04447999999999999,0.4664532578958143,0.45887909524017984,Moderate Vulnerability
15028,df_regime3,Moderate Violence,3,18,0.3354,0.365,0.2996,0.0822,-0.0129,-0.0822,-0.2996,-0.09103,0.21425247994639968,0.2427684314600031,High Vulnerability
15029,df_regime3,Moderate Violence,2,17,0.2313,0.5133,0.2554,0.2658,-0.1227,-0.2658,0.2554,-0.09000999999999998,0.21615082540805128,0.3077092987235881,Moderate Vulnerability
15030,df_regime3,Moderate Violence,1,11,0.0,0.5741,0.4259,0.436,-0.2498,-0.436,0.4259,-0.17051999999999998,0.06631181254769136,0.11990359993169664,High Vulnerability
15031,df_regime3,Moderate Violence,5,32,0.6107,0.0,0.3893,-0.564,0.2657,0.564,-0.3893,0.22419,0.8009156725167966,0.7982017885206794,High Resilience
15033,df_regime3,Moderate Violence,5,37,0.6107,0.0,0.3893,-0.564,0.2657,0.564,-0.3893,0.22419,0.8009156725167966,0.7617694885210088,High Resilience
15034,df_regime3,Moderate Violence,3,21,0.3354,0.365,0.2996,0.0822,-0.0129,-0.0822,-0.2996,-0.09103,0.21425247994639968,0.20690666656864484,High Vulnerability
15035,df_regime3,Moderate Violence,4,29,0.4563,0.2139,0.3298,-0.1923,0.1055,0.1923,-0.3298,0.04447999999999999,0.4664532578958143,0.49286840662195763,Moderate Vulnerability
15036,df_regime3,Moderate Violence,3,19,0.3354,0.365,0.2996,0.0822,-0.0129,-0.0822,-0.2996,-0.09103,0.21425247994639968,0.2475935905717205,High Vulnerability
15037,df_regime3,Moderate Violence,1,13,0.0,0.5741,0.4259,0.436,-0.2498,-0.436,0.4259,-0.17051999999999998,0.06631181254769136,0.09917678324921839,High Vulnerability
15039,df_regime3,Moderate Violence,4,25,0.4563,0.2139,0.3298,-0.1923,0.1055,0.1923,-0.3298,0.04447999999999999,0.4664532578958143,0.4832009027433701,Moderate Vulnerability
15040,df_regime3,Moderate Violence,4,28,0.4563,0.2139,0.3298,-0.1923,0.1055,0.1923,-0.3298,0.04447999999999999,0.4664532578958143,0.43125897860973117,Moderate Vulnerability
15042,df_regime3,Moderate Violence,1,13,0.0,0.5741,0.4259,0.436,-0.2498,-0.436,0.4259,-0.17051999999999998,0.06631181254769136,0.10605471158341333,High Vulnerability
15043,df_regime3,Moderate Violence,4,23,0.4563,0.2139,0.3298,-0.1923,0.1055,0.1923,-0.3298,0.04447999999999999,0.4664532578958143,0.4586605509921542,Moderate Vulnerability
15044,df_regime3,Moderate Violence,4,25,0.4563,0.2139,0.3298,-0.1923,0.1055,0.1923,-0.3298,0.04447999999999999,0.4664532578958143,0.44847251271416255,Moderate Vulnerability
15045,df_regime3,Moderate Violence,4,24,0.4563,0.2139,0.3298,-0.1923,0.1055,0.1923,-0.3298,0.04447999999999999,0.4664532578958143,0.47850240827518575,Moderate Vulnerability
15046,df_regime3,Moderate Violence,2,16,0.2313,0.5133,0.2554,0.2658,-0.1227,-0.2658,0.2554,-0.09000999999999998,0.21615082540805128,0.23554157704069043,High Vulnerability
15048,df_regime3,Moderate Violence,2,15,0.2313,0.5133,0.2554,0.2658,-0.1227,-0.2658,0.2554,-0.09000999999999998,0.21615082540805128,0.2425904644533103,High Vulnerability
15049,df_regime3,Moderate Violence,5,30,0.6107,0.0,0.3893,-0.564,0.2657,0.564,-0.3893,0.22419,0.8009156725167966,0.7270315509056052,Moderate Resilience
15050,df_regime3,Moderate Violence,3,20,0.3354,0.365,0.2996,0.0822,-0.0129,-0.0822,-0.2996,-0.09103,0.21425247994639968,0.24184377160588924,High Vulnerability
15051,df_regime3,Moderate Violence,3,21,0.3354,0.365,0.2996,0.0822,-0.0129,-0.0822,-0.2996,-0.09103,0.21425247994639968,0.2307504455261754,High Vulnerability
15052,df_regime3,Moderate Violence,5,34,0.6107,0.0,0.3893,-0.564,0.2657,0.564,-0.3893,0.22419,0.8009156725167966,0.7457461565117666,Moderate Resilience
15053,df_regime3,Moderate Violence,4,24,0.4563,0.2139,0.3298,-0.1923,0.1055,0.1923,-0.3298,0.04447999999999999,0.4664532578958143,0.4692856777661971,Moderate Vulnerability
15058,df_regime3,Moderate Violence,5,31,0.6107,0.0,0.3893,-0.564,0.2657,0.564,-0.3893,0.22419,0.8009156725167966,0.7907642666119526,High Resilience
15060,df_regime3,Moderate Violence,4,23,0.4563,0.2139,0.3298,-0.1923,0.1055,0.1923,-0.3298,0.04447999999999999,0.4664532578958143,0.4396091065449993,Moderate Vulnerability
15061,df_regime3,Moderate Violence,3,22,0.3354,0.365,0.2996,0.0822,-0.0129,-0.0822,-0.2996,-0.09103,0.21425247994639968,0.2845830399638567,Moderate Vulnerability
15062,df_regime3,Moderate Violence,4,26,0.4563,0.2139,0.3298,-0.1923,0.1055,0.1923,-0.3298,0.04447999999999999,0.4664532578958143,0.44608991257895925,Moderate Vulnerability
15063,df_regime3,Moderate Violence,1,14,0.0,0.5741,0.4259,0.436,-0.2498,-0.436,0.4259,-0.17051999999999998,0.06631181254769136,0.15981900258944864,High Vulnerability
15064,df_regime3,Moderate Violence,5,36,0.6107,0.0,0.3893,-0.564,0.2657,0.564,-0.3893,0.22419,0.8009156725167966,0.7389064567127002,Moderate Resilience
15067,df_regime3,Moderate Violence,3,18,0.3354,0.365,0.2996,0.0822,-0.0129,-0.0822,-0.2996,-0.09103,0.21425247994639968,0.2183674744672483,High Vulnerability
15069,df_regime3,Moderate Violence,3,19,0.3354,0.365,0.2996,0.0822,-0.0129,-0.0822,-0.2996,-0.09103,0.21425247994639968,0.23933402149152108,High Vulnerability
15070,df_regime3,Moderate Violence,4,26,0.4563,0.2139,0.3298,-0.1923,0.1055,0.1923,-0.3298,0.04447999999999999,0.4664532578958143,0.494001227724109,Moderate Vulnerability
15072,df_regime3,Moderate Violence,3,20,0.3354,0.365,0.2996,0.0822,-0.0129,-0.0822,-0.2996,-0.09103,0.21425247994639968,0.27721295265643214,Moderate Vulnerability
15073,df_regime3,Moderate Violence,4,23,0.4563,0.2139,0.3298,-0.1923,0.1055,0.1923,-0.3298,0.04447999999999999,0.4664532578958143,0.4667009552312251,Moderate Vulnerability
15075,df_regime3,Moderate Violence,5,35,0.6107,0.0,0.3893,-0.564,0.2657,0.564,-0.3893,0.22419,0.8009156725167966,0.7248487817494835,Moderate Resilience
15076,df_regime3,Moderate Violence,4,24,0.4563,0.2139,0.3298,-0.1923,0.1055,0.1923,-0.3298,0.04447999999999999,0.4664532578958143,0.44461925013926357,Moderate Vulnerability
15078,df_regime3,Moderate Violence,3,20,0.3354,0.365,0.2996,0.0822,-0.0129,-0.0822,-0.2996,-0.09103,0.21425247994639968,0.31859641126284827,Moderate Vulnerability
15079,df_regime3,Moderate Violence,3,22,0.3354,0.365,0.2996,0.0822,-0.0129,-0.0822,-0.2996,-0.09103,0.21425247994639968,0.29406264734610765,Moderate Vulnerability
15081,df_regime3,Moderate Violence,4,25,0.4563,0.2139,0.3298,-0.1923,0.1055,0.1923,-0.3298,0.04447999999999999,0.4664532578958143,0.4455585894071537,Moderate Vulnerability
15083,df_regime3,Moderate Violence,4,26,0.4563,0.2139,0.3298,-0.1923,0.1055,0.1923,-0.3298,0.04447999999999999,0.4664532578958143,0.472860981464173,Moderate Vulnerability
15084,df_regime3,Moderate Violence,1,13,0.0,0.5741,0.4259,0.436,-0.2498,-0.436,0.4259,-0.17051999999999998,0.06631181254769136,0.15219200883266304,High Vulnerability
15085,df_regime3,Moderate Violence,1,13,0.0,0.5741,0.4259,0.436,-0.2498,-0.436,0.4259,-0.17051999999999998,0.06631181254769136,0.14453293518625895,High Vulnerability
15087,df_regime3,Moderate Violence,3,19,0.3354,0.365,0.2996,0.0822,-0.0129,-0.0822,-0.2996,-0.09103,0.21425247994639968,0.2148266566506123,High Vulnerability
15088,df_regime3,Moderate Violence,4,26,0.4563,0.2139,0.3298,-0.1923,0.1055,0.1923,-0.3298,0.04447999999999999,0.4664532578958143,0.535441093469771,Moderate Resilience
15089,df_regime3,Moderate Violence,5,34,0.6107,0.0,0.3893,-0.564,0.2657,0.564,-0.3893,0.22419,0.8009156725167966,0.7322894448140687,Moderate Resilience
15090,df_regime3,Moderate Violence,5,32,0.6107,0.0,0.3893,-0.564,0.2657,0.564,-0.3893,0.22419,0.8009156725167966,0.7298914730650898,Moderate Resilience
15092,df_regime3,Moderate Violence,4,28,0.4563,0.2139,0.3298,-0.1923,0.1055,0.1923,-0.3298,0.04447999999999999,0.4664532578958143,0.44872246852077297,Moderate Vulnerability
15093,df_regime3,Moderate Violence,3,21,0.3354,0.365,0.2996,0.0822,-0.0129,-0.0822,-0.2996,-0.09103,0.21425247994639968,0.25000609852068273,Moderate Vulnerability
15094,df_regime3,Moderate Violence,4,23,0.4563,0.2139,0.3298,-0.1923,0.1055,0.1923,-0.3298,0.04447999999999999,0.4664532578958143,0.4307962262019851,Moderate Vulnerability
15095,df_regime3,Moderate Violence,4,28,0.4563,0.2139,0.3298,-0.1923,0.1055,0.1923,-0.3298,0.04447999999999999,0.4664532578958143,0.4764461764614479,Moderate Vulnerability
15096,df_regime3,Moderate Violence,5,31,0.6107,0.0,0.3893,-0.564,0.2657,0.564,-0.3893,0.22419,0.8009156725167966,0.7455185897947856,Moderate Resilience
15098,df_regime3,Moderate Violence,2,16,0.2313,0.5133,0.2554,0.2658,-0.1227,-0.2658,0.2554,-0.09000999999999998,0.21615082540805128,0.28703638771277223,Moderate Vulnerability
15099,df_regime3,Moderate Violence,5,32,0.6107,0.0,0.3893,-0.564,0.2657,0.564,-0.3893,0.22419,0.8009156725167966,0.7663060241020221,High Resilience
15100,df_regime3,Moderate Violence,5,31,0.6107,0.0,0.3893,-0.564,0.2657,0.564,-0.3893,0.22419,0.8009156725167966,0.7108245233379525,Moderate Resilience
15101,df_regime3,Moderate Violence,4,25,0.4563,0.2139,0.3298,-0.1923,0.1055,0.1923,-0.3298,0.04447999999999999,0.4664532578958143,0.459397051791311,Moderate Vulnerability
15104,df_regime3,Moderate Violence,5,31,0.6107,0.0,0.3893,-0.564,0.2657,0.564,-0.3893,0.22419,0.8009156725167966,0.7828131323038139,High Resilience
15107,df_regime3,Moderate Violence,3,18,0.3354,0.365,0.2996,0.0822,-0.0129,-0.0822,-0.2996,-0.09103,0.21425247994639968,0.21345156554873826,High Vulnerability
15108,df_regime3,Moderate Violence,4,27,0.4563,0.2139,0.3298,-0.1923,0.1055,0.1923,-0.3298,0.04447999999999999,0.4664532578958143,0.4664145276453462,Moderate Vulnerability
15109,df_regime3,Moderate Violence,4,26,0.4563,0.2139,0.3298,-0.1923,0.1055,0.1923,-0.3298,0.04447999999999999,0.4664532578958143,0.5234305164628313,Moderate Resilience
15110,df_regime3,Moderate Violence,4,29,0.4563,0.2139,0.3298,-0.1923,0.1055,0.1923,-0.3298,0.04447999999999999,0.4664532578958143,0.46429324494432644,Moderate Vulnerability
15112,df_regime3,Moderate Violence,2,15,0.2313,0.5133,0.2554,0.2658,-0.1227,-0.2658,0.2554,-0.09000999999999998,0.21615082540805128,0.2965322641819011,Moderate Vulnerability
15113,df_regime3,Moderate Violence,4,25,0.4563,0.2139,0.3298,-0.1923,0.1055,0.1923,-0.3298,0.04447999999999999,0.4664532578958143,0.4737824762934629,Moderate Vulnerability
15115,df_regime3,Moderate Violence,4,24,0.4563,0.2139,0.3298,-0.1923,0.1055,0.1923,-0.3298,0.04447999999999999,0.4664532578958143,0.42643697020145843,Moderate Vulnerability
15117,df_regime3,Moderate Violence,1,11,0.0,0.5741,0.4259,0.436,-0.2498,-0.436,0.4259,-0.17051999999999998,0.06631181254769136,0.11783912536854288,High Vulnerability
15118,df_regime3,Moderate Violence,3,21,0.3354,0.365,0.2996,0.0822,-0.0129,-0.0822,-0.2996,-0.09103,0.21425247994639968,0.22917305062039503,High Vulnerability
15119,df_regime3,Moderate Violence,2,17,0.2313,0.5133,0.2554,0.2658,-0.1227,-0.2658,0.2554,-0.09000999999999998,0.21615082540805128,0.25440722546047184,Moderate Vulnerability
15121,df_regime3,Moderate Violence,5,31,0.6107,0.0,0.3893,-0.564,0.2657,0.564,-0.3893,0.22419,0.8009156725167966,0.7620678028517017,High Resilience
15122,df_regime3,Moderate Violence,4,26,0.4563,0.2139,0.3298,-0.1923,0.1055,0.1923,-0.3298,0.04447999999999999,0.4664532578958143,0.4610347301563327,Moderate Vulnerability
16008,df_regime3,Moderate Violence,4,27,0.4563,0.2139,0.3298,-0.1923,0.1055,0.1923,-0.3298,0.04447999999999999,0.4664532578958143,0.4918947819720378,Moderate Vulnerability
16009,df_regime3,Moderate Violence,4,27,0.4563,0.2139,0.3298,-0.1923,0.1055,0.1923,-0.3298,0.04447999999999999,0.4664532578958143,0.5281536118781139,Moderate Resilience
16012,df_regime3,Moderate Violence,5,34,0.6107,0.0,0.3893,-0.564,0.2657,0.564,-0.3893,0.22419,0.8009156725167966,0.7487271802545606,Moderate Resilience
16013,df_regime3,Moderate Violence,2,16,0.2313,0.5133,0.2554,0.2658,-0.1227,-0.2658,0.2554,-0.09000999999999998,0.21615082540805128,0.2793494733050207,Moderate Vulnerability
16014,df_regime3,Moderate Violence,3,21,0.3354,0.365,0.2996,0.0822,-0.0129,-0.0822,-0.2996,-0.09103,0.21425247994639968,0.2903841533365258,Moderate Vulnerability
16019,df_regime3,Moderate Violence,5,36,0.6107,0.0,0.3893,-0.564,0.2657,0.564,-0.3893,0.22419,0.8009156725167966,0.8155359563766968,High Resilience
16023,df_regime3,Moderate Violence,3,18,0.3354,0.365,0.2996,0.0822,-0.0129,-0.0822,-0.2996,-0.09103,0.21425247994639968,0.2558962670035947,Moderate Vulnerability
16034,df_regime3,Moderate Violence,3,18,0.3354,0.365,0.2996,0.0822,-0.0129,-0.0822,-0.2996,-0.09103,0.21425247994639968,0.272805877570443,Moderate Vulnerability
16036,df_regime3,Moderate Violence,1,12,0.0,0.5741,0.4259,0.436,-0.2498,-0.436,0.4259,-0.17051999999999998,0.06631181254769136,0.13025805263708398,High Vulnerability
16041,df_regime3,Moderate Violence,2,15,0.2313,0.5133,0.2554,0.2658,-0.1227,-0.2658,0.2554,-0.09000999999999998,0.21615082540805128,0.311658734134239,Moderate Vulnerability
16047,df_regime3,Moderate Violence,4,25,0.4563,0.2139,0.3298,-0.1923,0.1055,0.1923,-0.3298,0.04447999999999999,0.4664532578958143,0.4832516577115878,Moderate Vulnerability
16050,df_regime3,Moderate Violence,5,30,0.6107,0.0,0.3893,-0.564,0.2657,0.564,-0.3893,0.22419,0.8009156725167966,0.7606083683733725,High Resilience
16052,df_regime3,Moderate Violence,4,25,0.4563,0.2139,0.3298,-0.1923,0.1055,0.1923,-0.3298,0.04447999999999999,0.4664532578958143,0.4538980240458823,Moderate Vulnerability
16054,df_regime3,Moderate Violence,1,12,0.0,0.5741,0.4259,0.436,-0.2498,-0.436,0.4259,-0.17051999999999998,0.06631181254769136,0.14043272429440126,High Vulnerability
16057,df_regime3,Moderate Violence,1,11,0.0,0.5741,0.4259,0.436,-0.2498,-0.436,0.4259,-0.17051999999999998,0.06631181254769136,0.1481820226303572,High Vulnerability
16058,df_regime3,Moderate Violence,1,13,0.0,0.5741,0.4259,0.436,-0.2498,-0.436,0.4259,-0.17051999999999998,0.06631181254769136,0.12497422748451237,High Vulnerability
16064,df_regime3,Moderate Violence,3,18,0.3354,0.365,0.2996,0.0822,-0.0129,-0.0822,-0.2996,-0.09103,0.21425247994639968,0.254903795418524,Moderate Vulnerability
16067,df_regime3,Moderate Violence,4,24,0.4563,0.2139,0.3298,-0.1923,0.1055,0.1923,-0.3298,0.04447999999999999,0.4664532578958143,0.4956743944670211,Moderate Vulnerability
16069,df_regime3,Moderate Violence,1,11,0.0,0.5741,0.4259,0.436,-0.2498,-0.436,0.4259,-0.17051999999999998,0.06631181254769136,0.18365722485181318,High Vulnerability
16071,df_regime3,Moderate Violence,5,30,0.6107,0.0,0.3893,-0.564,0.2657,0.564,-0.3893,0.22419,0.8009156725167966,0.7219096528149173,Moderate Resilience
16072,df_regime3,Moderate Violence,5,38,0.6107,0.0,0.3893,-0.564,0.2657,0.564,-0.3893,0.22419,0.8009156725167966,0.7607427029111498,High Resilience
16076,df_regime3,Moderate Violence,1,11,0.0,0.5741,0.4259,0.436,-0.2498,-0.436,0.4259,-0.17051999999999998,0.06631181254769136,0.16045458540251412,High Vulnerability
16079,df_regime3,Moderate Violence,5,33,0.6107,0.0,0.3893,-0.564,0.2657,0.564,-0.3893,0.22419,0.8009156725167966,0.7597543749784881,High Resilience
16082,df_regime3,Moderate Violence,1,12,0.0,0.5741,0.4259,0.436,-0.2498,-0.436,0.4259,-0.17051999999999998,0.06631181254769136,0.14713885336258595,High Vulnerability
16083,df_regime3,Moderate Violence,4,29,0.4563,0.2139,0.3298,-0.1923,0.1055,0.1923,-0.3298,0.04447999999999999,0.4664532578958143,0.4672024899340993,Moderate Vulnerability
16085,df_regime3,Moderate Violence,4,23,0.4563,0.2139,0.3298,-0.1923,0.1055,0.1923,-0.3298,0.04447999999999999,0.4664532578958143,0.45616156578122197,Moderate Vulnerability
16087,df_regime3,Moderate Violence,5,30,0.6107,0.0,0.3893,-0.564,0.2657,0.564,-0.3893,0.22419,0.8009156725167966,0.8113615607400965,High Resilience
16088,df_regime3,Moderate Violence,4,25,0.4563,0.2139,0.3298,-0.1923,0.1055,0.1923,-0.3298,0.04447999999999999,0.4664532578958143,0.43978661526755475,Moderate Vulnerability
16089,df_regime3,Moderate Violence,1,14,0.0,0.5741,0.4259,0.436,-0.2498,-0.436,0.4259,-0.17051999999999998,0.06631181254769136,0.1770632799214311,High Vulnerability
16090,df_regime3,Moderate Violence,4,23,0.4563,0.2139,0.3298,-0.1923,0.1055,0.1923,-0.3298,0.04447999999999999,0.4664532578958143,0.49836743436738634,Moderate Vulnerability
16093,df_regime3,Moderate Violence,2,15,0.2313,0.5133,0.2554,0.2658,-0.1227,-0.2658,0.2554,-0.09000999999999998,0.21615082540805128,0.31094495659022864,Moderate Vulnerability
16096,df_regime3,Moderate Violence,4,27,0.4563,0.2139,0.3298,-0.1923,0.1055,0.1923,-0.3298,0.04447999999999999,0.4664532578958143,0.4887325068528994,Moderate Vulnerability
16098,df_regime3,Moderate Violence,5,33,0.6107,0.0,0.3893,-0.564,0.2657,0.564,-0.3893,0.22419,0.8009156725167966,0.7628587726301066,High Resilience
16099,df_regime3,Moderate Violence,1,10,0.0,0.5741,0.4259,0.436,-0.2498,-0.436,0.4259,-0.17051999999999998,0.06631181254769136,0.14730498136239575,High Vulnerability
16100,df_regime3,Moderate Violence,3,19,0.3354,0.365,0.2996,0.0822,-0.0129,-0.0822,-0.2996,-0.09103,0.21425247994639968,0.2872724040435365,Moderate Vulnerability
16101,df_regime3,Moderate Violence,2,16,0.2313,0.5133,0.2554,0.2658,-0.1227,-0.2658,0.2554,-0.09000999999999998,0.21615082540805128,0.2728214162669769,Moderate Vulnerability
16103,df_regime3,Moderate Violence,1,14,0.0,0.5741,0.4259,0.436,-0.2498,-0.436,0.4259,-0.17051999999999998,0.06631181254769136,0.1329507583719323,High Vulnerability
16110,df_regime3,Moderate Violence,4,24,0.4563,0.2139,0.3298,-0.1923,0.1055,0.1923,-0.3298,0.04447999999999999,0.4664532578958143,0.5122740665169829,Moderate Resilience
16111,df_regime3,Moderate Violence,4,25,0.4563,0.2139,0.3298,-0.1923,0.1055,0.1923,-0.3298,0.04447999999999999,0.4664532578958143,0.5146476441832311,Moderate Resilience
16112,df_regime3,Moderate Violence,4,29,0.4563,0.2139,0.3298,-0.1923,0.1055,0.1923,-0.3298,0.04447999999999999,0.4664532578958143,0.49785059170131135,Moderate Vulnerability
16113,df_regime3,Moderate Violence,1,11,0.0,0.5741,0.4259,0.436,-0.2498,-0.436,0.4259,-0.17051999999999998,0.06631181254769136,0.12509252207748037,High Vulnerability
17001,df_regime3,Moderate Violence,3,22,0.3354,0.365,0.2996,0.0822,-0.0129,-0.0822,-0.2996,-0.09103,0.21425247994639968,0.2565191515270195,Moderate Vulnerability
17003,df_regime3,Moderate Violence,5,38,0.6107,0.0,0.3893,-0.564,0.2657,0.564,-0.3893,0.22419,0.8009156725167966,0.7440321738378667,Moderate Resilience
17004,df_regime3,Moderate Violence,5,38,0.6107,0.0,0.3893,-0.564,0.2657,0.564,-0.3893,0.22419,0.8009156725167966,0.7613302995559943,High Resilience
17011,df_regime3,Moderate Violence,5,36,0.6107,0.0,0.3893,-0.564,0.2657,0.564,-0.3893,0.22419,0.8009156725167966,0.748026836164328,Moderate Resilience
17016,df_regime3,Moderate Violence,1,14,0.0,0.5741,0.4259,0.436,-0.2498,-0.436,0.4259,-0.17051999999999998,0.06631181254769136,0.0803591209976579,High Vulnerability
17019,df_regime3,Moderate Violence,5,39,0.6107,0.0,0.3893,-0.564,0.2657,0.564,-0.3893,0.22419,0.8009156725167966,0.7894036782935103,High Resilience
17020,df_regime3,Moderate Violence,5,33,0.6107,0.0,0.3893,-0.564,0.2657,0.564,-0.3893,0.22419,0.8009156725167966,0.7578182199738082,High Resilience
17021,df_regime3,Moderate Violence,5,32,0.6107,0.0,0.3893,-0.564,0.2657,0.564,-0.3893,0.22419,0.8009156725167966,0.734118533187147,Moderate Resilience
17023,df_regime3,Moderate Violence,2,17,0.2313,0.5133,0.2554,0.2658,-0.1227,-0.2658,0.2554,-0.09000999999999998,0.21615082540805128,0.24108057098193544,High Vulnerability
17025,df_regime3,Moderate Violence,5,30,0.6107,0.0,0.3893,-0.564,0.2657,0.564,-0.3893,0.22419,0.8009156725167966,0.7597686327072074,High Resilience
17032,df_regime3,Moderate Violence,3,19,0.3354,0.365,0.2996,0.0822,-0.0129,-0.0822,-0.2996,-0.09103,0.21425247994639968,0.23409096453200623,High Vulnerability
17033,df_regime3,Moderate Violence,4,25,0.4563,0.2139,0.3298,-0.1923,0.1055,0.1923,-0.3298,0.04447999999999999,0.4664532578958143,0.4599524348803304,Moderate Vulnerability
18001,df_regime3,Moderate Violence,3,18,0.3354,0.365,0.2996,0.0822,-0.0129,-0.0822,-0.2996,-0.09103,0.21425247994639968,0.2422683288950584,High Vulnerability
18004,df_regime3,Moderate Violence,3,22,0.3354,0.365,0.2996,0.0822,-0.0129,-0.0822,-0.2996,-0.09103,0.21425247994639968,0.19813174742834577,High Vulnerability
18008,df_regime3,Moderate Violence,1,13,0.0,0.5741,0.4259,0.436,-0.2498,-0.436,0.4259,-0.17051999999999998,0.06631181254769136,0.12493813760869162,High Vulnerability
18009,df_regime3,Moderate Violence,2,17,0.2313,0.5133,0.2554,0.2658,-0.1227,-0.2658,0.2554,-0.09000999999999998,0.21615082540805128,0.2561036724010584,Moderate Vulnerability
18010,df_regime3,Moderate Violence,1,13,0.0,0.5741,0.4259,0.436,-0.2498,-0.436,0.4259,-0.17051999999999998,0.06631181254769136,0.117041138114284,High Vulnerability
18011,df_regime3,Moderate Violence,3,22,0.3354,0.365,0.2996,0.0822,-0.0129,-0.0822,-0.2996,-0.09103,0.21425247994639968,0.24411425921018645,High Vulnerability
18012,df_regime3,Moderate Violence,1,13,0.0,0.5741,0.4259,0.436,-0.2498,-0.436,0.4259,-0.17051999999999998,0.06631181254769136,0.04203768785532244,High Vulnerability
18020,df_regime3,Moderate Violence,1,11,0.0,0.5741,0.4259,0.436,-0.2498,-0.436,0.4259,-0.17051999999999998,0.06631181254769136,0.11537031052998993,High Vulnerability
19002,df_regime3,Moderate Violence,4,29,0.4563,0.2139,0.3298,-0.1923,0.1055,0.1923,-0.3298,0.04447999999999999,0.4664532578958143,0.47643605602008016,Moderate Vulnerability
19007,df_regime3,Moderate Violence,4,23,0.4563,0.2139,0.3298,-0.1923,0.1055,0.1923,-0.3298,0.04447999999999999,0.4664532578958143,0.4557651500023655,Moderate Vulnerability
19009,df_regime3,Moderate Violence,5,38,0.6107,0.0,0.3893,-0.564,0.2657,0.564,-0.3893,0.22419,0.8009156725167966,0.7676487011487609,High Resilience
19011,df_regime3,Moderate Violence,4,27,0.4563,0.2139,0.3298,-0.1923,0.1055,0.1923,-0.3298,0.04447999999999999,0.4664532578958143,0.4905724667441263,Moderate Vulnerability
19014,df_regime3,Moderate Violence,4,23,0.4563,0.2139,0.3298,-0.1923,0.1055,0.1923,-0.3298,0.04447999999999999,0.4664532578958143,0.46050198526214636,Moderate Vulnerability
19019,df_regime3,Moderate Violence,5,34,0.6107,0.0,0.3893,-0.564,0.2657,0.564,-0.3893,0.22419,0.8009156725167966,0.7554262632041326,High Resilience
19028,df_regime3,Moderate Violence,5,37,0.6107,0.0,0.3893,-0.564,0.2657,0.564,-0.3893,0.22419,0.8009156725167966,0.7382442743244927,Moderate Resilience
19036,df_regime3,Moderate Violence,3,19,0.3354,0.365,0.2996,0.0822,-0.0129,-0.0822,-0.2996,-0.09103,0.21425247994639968,0.2820945093598091,Moderate Vulnerability
19043,df_regime3,Moderate Violence,3,21,0.3354,0.365,0.2996,0.0822,-0.0129,-0.0822,-0.2996,-0.09103,0.21425247994639968,0.23449162898672,High Vulnerability
20002,df_regime3,Moderate Violence,4,25,0.4563,0.2139,0.3298,-0.1923,0.1055,0.1923,-0.3298,0.04447999999999999,0.4664532578958143,0.5036536655116793,Moderate Resilience
20005,df_regime3,Moderate Violence,2,16,0.2313,0.5133,0.2554,0.2658,-0.1227,-0.2658,0.2554,-0.09000999999999998,0.21615082540805128,0.3001532088137432,Moderate Vulnerability
20006,df_regime3,Moderate Violence,2,16,0.2313,0.5133,0.2554,0.2658,-0.1227,-0.2658,0.2554,-0.09000999999999998,0.21615082540805128,0.33404087312102915,Moderate Vulnerability
20007,df_regime3,Moderate Violence,3,21,0.3354,0.365,0.2996,0.0822,-0.0129,-0.0822,-0.2996,-0.09103,0.21425247994639968,0.28091356842323,Moderate Vulnerability
20009,df_regime3,Moderate Violence,3,21,0.3354,0.365,0.2996,0.0822,-0.0129,-0.0822,-0.2996,-0.09103,0.21425247994639968,0.2375017919625842,High Vulnerability
20010,df_regime3,Moderate Violence,5,37,0.6107,0.0,0.3893,-0.564,0.2657,0.564,-0.3893,0.22419,0.8009156725167966,0.7850934777908585,High Resilience
20012,df_regime3,Moderate Violence,4,25,0.4563,0.2139,0.3298,-0.1923,0.1055,0.1923,-0.3298,0.04447999999999999,0.4664532578958143,0.4922882952846907,Moderate Vulnerability
20014,df_regime3,Moderate Violence,5,31,0.6107,0.0,0.3893,-0.564,0.2657,0.564,-0.3893,0.22419,0.8009156725167966,0.7957767493648349,High Resilience
20015,df_regime3,Moderate Violence,5,35,0.6107,0.0,0.3893,-0.564,0.2657,0.564,-0.3893,0.22419,0.8009156725167966,0.7620016380793637,High Resilience
20020,df_regime3,Moderate Violence,3,19,0.3354,0.365,0.2996,0.0822,-0.0129,-0.0822,-0.2996,-0.09103,0.21425247994639968,0.20507704353073944,High Vulnerability
20023,df_regime3,Moderate Violence,1,13,0.0,0.5741,0.4259,0.436,-0.2498,-0.436,0.4259,-0.17051999999999998,0.06631181254769136,0.1305284593733261,High Vulnerability
20025,df_regime3,Moderate Violence,5,34,0.6107,0.0,0.3893,-0.564,0.2657,0.564,-0.3893,0.22419,0.8009156725167966,0.7213133105811171,Moderate Resilience
20026,df_regime3,Moderate Violence,1,10,0.0,0.5741,0.4259,0.436,-0.2498,-0.436,0.4259,-0.17051999999999998,0.06631181254769136,0.20490327746197287,High Vulnerability
20028,df_regime3,Moderate Violence,5,30,0.6107,0.0,0.3893,-0.564,0.2657,0.564,-0.3893,0.22419,0.8009156725167966,0.7945745555013837,High Resilience
20030,df_regime3,Moderate Violence,5,33,0.6107,0.0,0.3893,-0.564,0.2657,0.564,-0.3893,0.22419,0.8009156725167966,0.7343842616061532,Moderate Resilience
20033,df_regime3,Moderate Violence,5,31,0.6107,0.0,0.3893,-0.564,0.2657,0.564,-0.3893,0.22419,0.8009156725167966,0.8104873837479938,High Resilience
20037,df_regime3,Moderate Violence,3,22,0.3354,0.365,0.2996,0.0822,-0.0129,-0.0822,-0.2996,-0.09103,0.21425247994639968,0.21003204981472198,High Vulnerability
20040,df_regime3,Moderate Violence,2,15,0.2313,0.5133,0.2554,0.2658,-0.1227,-0.2658,0.2554,-0.09000999999999998,0.21615082540805128,0.2831926440813106,Moderate Vulnerability
20042,df_regime3,Moderate Violence,1,11,0.0,0.5741,0.4259,0.436,-0.2498,-0.436,0.4259,-0.17051999999999998,0.06631181254769136,0.18184051015044472,High Vulnerability
20045,df_regime3,Moderate Violence,1,12,0.0,0.5741,0.4259,0.436,-0.2498,-0.436,0.4259,-0.17051999999999998,0.06631181254769136,0.1599948691271784,High Vulnerability
20052,df_regime3,Moderate Violence,4,25,0.4563,0.2139,0.3298,-0.1923,0.1055,0.1923,-0.3298,0.04447999999999999,0.4664532578958143,0.5577098835132425,Moderate Resilience
20055,df_regime3,Moderate Violence,4,26,0.4563,0.2139,0.3298,-0.1923,0.1055,0.1923,-0.3298,0.04447999999999999,0.4664532578958143,0.5368443213081645,Moderate Resilience
20058,df_regime3,Moderate Violence,1,12,0.0,0.5741,0.4259,0.436,-0.2498,-0.436,0.4259,-0.17051999999999998,0.06631181254769136,0.15294939497662352,High Vulnerability
20066,df_regime3,Moderate Violence,3,18,0.3354,0.365,0.2996,0.0822,-0.0129,-0.0822,-0.2996,-0.09103,0.21425247994639968,0.28301265298634415,Moderate Vulnerability
20073,df_regime3,Moderate Violence,3,18,0.3354,0.365,0.2996,0.0822,-0.0129,-0.0822,-0.2996,-0.09103,0.21425247994639968,0.254603046453351,Moderate Vulnerability
20075,df_regime3,Moderate Violence,3,18,0.3354,0.365,0.2996,0.0822,-0.0129,-0.0822,-0.2996,-0.09103,0.21425247994639968,0.25797277152535536,Moderate Vulnerability
20076,df_regime3,Moderate Violence,1,14,0.0,0.5741,0.4259,0.436,-0.2498,-0.436,0.4259,-0.17051999999999998,0.06631181254769136,0.1786819776850952,High Vulnerability
20079,df_regime3,Moderate Violence,5,39,0.6107,0.0,0.3893,-0.564,0.2657,0.564,-0.3893,0.22419,0.8009156725167966,0.8204615560951958,High Resilience
20083,df_regime3,Moderate Violence,2,15,0.2313,0.5133,0.2554,0.2658,-0.1227,-0.2658,0.2554,-0.09000999999999998,0.21615082540805128,0.2969101194531926,Moderate Vulnerability
20084,df_regime3,Moderate Violence,4,23,0.4563,0.2139,0.3298,-0.1923,0.1055,0.1923,-0.3298,0.04447999999999999,0.4664532578958143,0.5273414560059402,Moderate Resilience
20085,df_regime3,Moderate Violence,1,10,0.0,0.5741,0.4259,0.436,-0.2498,-0.436,0.4259,-0.17051999999999998,0.06631181254769136,0.14350136623571577,High Vulnerability
20087,df_regime3,Moderate Violence,4,24,0.4563,0.2139,0.3298,-0.1923,0.1055,0.1923,-0.3298,0.04447999999999999,0.4664532578958143,0.45118379805174824,Moderate Vulnerability
20089,df_regime3,Moderate Violence,3,21,0.3354,0.365,0.2996,0.0822,-0.0129,-0.0822,-0.2996,-0.09103,0.21425247994639968,0.3217883602798837,Moderate Vulnerability
20090,df_regime3,Moderate Violence,5,31,0.6107,0.0,0.3893,-0.564,0.2657,0.564,-0.3893,0.22419,0.8009156725167966,0.7628961991679947,High Resilience
20094,df_regime3,Moderate Violence,4,27,0.4563,0.2139,0.3298,-0.1923,0.1055,0.1923,-0.3298,0.04447999999999999,0.4664532578958143,0.5066563431799659,Moderate Resilience
20102,df_regime3,Moderate Violence,2,17,0.2313,0.5133,0.2554,0.2658,-0.1227,-0.2658,0.2554,-0.09000999999999998,0.21615082540805128,0.29492212105546856,Moderate Vulnerability
20107,df_regime3,Moderate Violence,3,21,0.3354,0.365,0.2996,0.0822,-0.0129,-0.0822,-0.2996,-0.09103,0.21425247994639968,0.2214544955119901,High Vulnerability
20113,df_regime3,Moderate Violence,5,30,0.6107,0.0,0.3893,-0.564,0.2657,0.564,-0.3893,0.22419,0.8009156725167966,0.7867065615738394,High Resilience
20124,df_regime3,Moderate Violence,4,28,0.4563,0.2139,0.3298,-0.1923,0.1055,0.1923,-0.3298,0.04447999999999999,0.4664532578958143,0.4650190524469438,Moderate Vulnerability
20132,df_regime3,Moderate Violence,5,34,0.6107,0.0,0.3893,-0.564,0.2657,0.564,-0.3893,0.22419,0.8009156725167966,0.7865247086995649,High Resilience
20133,df_regime3,Moderate Violence,1,12,0.0,0.5741,0.4259,0.436,-0.2498,-0.436,0.4259,-0.17051999999999998,0.06631181254769136,0.15935250752791374,High Vulnerability
20134,df_regime3,Moderate Violence,1,13,0.0,0.5741,0.4259,0.436,-0.2498,-0.436,0.4259,-0.17051999999999998,0.06631181254769136,0.14118860669353586,High Vulnerability
20136,df_regime3,Moderate Violence,3,20,0.3354,0.365,0.2996,0.0822,-0.0129,-0.0822,-0.2996,-0.09103,0.21425247994639968,0.2773717481100434,Moderate Vulnerability
20137,df_regime3,Moderate Violence,1,14,0.0,0.5741,0.4259,0.436,-0.2498,-0.436,0.4259,-0.17051999999999998,0.06631181254769136,0.19198176525607613,High Vulnerability
20141,df_regime3,Moderate Violence,3,21,0.3354,0.365,0.2996,0.0822,-0.0129,-0.0822,-0.2996,-0.09103,0.21425247994639968,0.26456499789022214,Moderate Vulnerability
20143,df_regime3,Moderate Violence,5,31,0.6107,0.0,0.3893,-0.564,0.2657,0.564,-0.3893,0.22419,0.8009156725167966,0.7418139640417853,Moderate Resilience
20152,df_regime3,Moderate Violence,3,19,0.3354,0.365,0.2996,0.0822,-0.0129,-0.0822,-0.2996,-0.09103,0.21425247994639968,0.2777333151992846,Moderate Vulnerability
20156,df_regime3,Moderate Violence,1,13,0.0,0.5741,0.4259,0.436,-0.2498,-0.436,0.4259,-0.17051999999999998,0.06631181254769136,0.19327391647666584,High Vulnerability
20157,df_regime3,Moderate Violence,3,19,0.3354,0.365,0.2996,0.0822,-0.0129,-0.0822,-0.2996,-0.09103,0.21425247994639968,0.18631498642118427,High Vulnerability
20161,df_regime3,Moderate Violence,5,35,0.6107,0.0,0.3893,-0.564,0.2657,0.564,-0.3893,0.22419,0.8009156725167966,0.790083905619628,High Resilience
20164,df_regime3,Moderate Violence,5,36,0.6107,0.0,0.3893,-0.564,0.2657,0.564,-0.3893,0.22419,0.8009156725167966,0.8150106481841947,High Resilience
20174,df_regime3,Moderate Violence,5,30,0.6107,0.0,0.3893,-0.564,0.2657,0.564,-0.3893,0.22419,0.8009156725167966,0.7516328162567514,High Resilience
20176,df_regime3,Moderate Violence,3,18,0.3354,0.365,0.2996,0.0822,-0.0129,-0.0822,-0.2996,-0.09103,0.21425247994639968,0.3324047987504884,Moderate Vulnerability
20180,df_regime3,Moderate Violence,3,21,0.3354,0.365,0.2996,0.0822,-0.0129,-0.0822,-0.2996,-0.09103,0.21425247994639968,0.24503388271258195,High Vulnerability
20184,df_regime3,Moderate Violence,2,17,0.2313,0.5133,0.2554,0.2658,-0.1227,-0.2658,0.2554,-0.09000999999999998,0.21615082540805128,0.23726252945251333,High Vulnerability
20193,df_regime3,Moderate Violence,5,34,0.6107,0.0,0.3893,-0.564,0.2657,0.564,-0.3893,0.22419,0.8009156725167966,0.7787272905291812,High Resilience
20197,df_regime3,Moderate Violence,1,14,0.0,0.5741,0.4259,0.436,-0.2498,-0.436,0.4259,-0.17051999999999998,0.06631181254769136,0.20246119586476866,High Vulnerability
20198,df_regime3,Moderate Violence,1,13,0.0,0.5741,0.4259,0.436,-0.2498,-0.436,0.4259,-0.17051999999999998,0.06631181254769136,0.07414163739098277,High Vulnerability
20203,df_regime3,Moderate Violence,1,13,0.0,0.5741,0.4259,0.436,-0.2498,-0.436,0.4259,-0.17051999999999998,0.06631181254769136,0.18014081066549406,High Vulnerability
20207,df_regime3,Moderate Violence,1,12,0.0,0.5741,0.4259,0.436,-0.2498,-0.436,0.4259,-0.17051999999999998,0.06631181254769136,0.16377284898492217,High Vulnerability
20208,df_regime3,Moderate Violence,5,37,0.6107,0.0,0.3893,-0.564,0.2657,0.564,-0.3893,0.22419,0.8009156725167966,0.807180290841435,High Resilience
20213,df_regime3,Moderate Violence,1,11,0.0,0.5741,0.4259,0.436,-0.2498,-0.436,0.4259,-0.17051999999999998,0.06631181254769136,0.15905550121652967,High Vulnerability
20229,df_regime3,Moderate Violence,2,15,0.2313,0.5133,0.2554,0.2658,-0.1227,-0.2658,0.2554,-0.09000999999999998,0.21615082540805128,0.27964541028675083,Moderate Vulnerability
20234,df_regime3,Moderate Violence,3,21,0.3354,0.365,0.2996,0.0822,-0.0129,-0.0822,-0.2996,-0.09103,0.21425247994639968,0.257041118064353,Moderate Vulnerability
20237,df_regime3,Moderate Violence,5,31,0.6107,0.0,0.3893,-0.564,0.2657,0.564,-0.3893,0.22419,0.8009156725167966,0.805065381154201,High Resilience
20240,df_regime3,Moderate Violence,5,34,0.6107,0.0,0.3893,-0.564,0.2657,0.564,-0.3893,0.22419,0.8009156725167966,0.7505611474441852,High Resilience
20242,df_regime3,Moderate Violence,3,19,0.3354,0.365,0.2996,0.0822,-0.0129,-0.0822,-0.2996,-0.09103,0.21425247994639968,0.237083416735477,High Vulnerability
20244,df_regime3,Moderate Violence,4,24,0.4563,0.2139,0.3298,-0.1923,0.1055,0.1923,-0.3298,0.04447999999999999,0.4664532578958143,0.5139489040874792,Moderate Resilience
20249,df_regime3,Moderate Violence,1,12,0.0,0.5741,0.4259,0.436,-0.2498,-0.436,0.4259,-0.17051999999999998,0.06631181254769136,0.1337210098882919,High Vulnerability
20252,df_regime3,Moderate Violence,3,20,0.3354,0.365,0.2996,0.0822,-0.0129,-0.0822,-0.2996,-0.09103,0.21425247994639968,0.33240479875048834,Moderate Vulnerability
20254,df_regime3,Moderate Violence,2,15,0.2313,0.5133,0.2554,0.2658,-0.1227,-0.2658,0.2554,-0.09000999999999998,0.21615082540805128,0.3009319207934159,Moderate Vulnerability
20259,df_regime3,Moderate Violence,4,24,0.4563,0.2139,0.3298,-0.1923,0.1055,0.1923,-0.3298,0.04447999999999999,0.4664532578958143,0.49150100132697133,Moderate Vulnerability
20261,df_regime3,Moderate Violence,1,14,0.0,0.5741,0.4259,0.436,-0.2498,-0.436,0.4259,-0.17051999999999998,0.06631181254769136,0.18383699722025942,High Vulnerability
20263,df_regime3,Moderate Violence,2,16,0.2313,0.5133,0.2554,0.2658,-0.1227,-0.2658,0.2554,-0.09000999999999998,0.21615082540805128,0.24453530776142862,High Vulnerability
20266,df_regime3,Moderate Violence,5,34,0.6107,0.0,0.3893,-0.564,0.2657,0.564,-0.3893,0.22419,0.8009156725167966,0.8249647706003852,High Resilience
20277,df_regime3,Moderate Violence,1,12,0.0,0.5741,0.4259,0.436,-0.2498,-0.436,0.4259,-0.17051999999999998,0.06631181254769136,0.16705053532599737,High Vulnerability
20284,df_regime3,Moderate Violence,5,31,0.6107,0.0,0.3893,-0.564,0.2657,0.564,-0.3893,0.22419,0.8009156725167966,0.8220187674037579,High Resilience
20285,df_regime3,Moderate Violence,1,13,0.0,0.5741,0.4259,0.436,-0.2498,-0.436,0.4259,-0.17051999999999998,0.06631181254769136,0.15995634461687763,High Vulnerability
20286,df_regime3,Moderate Violence,2,16,0.2313,0.5133,0.2554,0.2658,-0.1227,-0.2658,0.2554,-0.09000999999999998,0.21615082540805128,0.2831926440813106,Moderate Vulnerability
20300,df_regime3,Moderate Violence,4,29,0.4563,0.2139,0.3298,-0.1923,0.1055,0.1923,-0.3298,0.04447999999999999,0.4664532578958143,0.4883531621581613,Moderate Vulnerability
20305,df_regime3,Moderate Violence,1,11,0.0,0.5741,0.4259,0.436,-0.2498,-0.436,0.4259,-0.17051999999999998,0.06631181254769136,0.14852287145755322,High Vulnerability
20308,df_regime3,Moderate Violence,4,28,0.4563,0.2139,0.3298,-0.1923,0.1055,0.1923,-0.3298,0.04447999999999999,0.4664532578958143,0.5044562642500708,Moderate Resilience
20310,df_regime3,Moderate Violence,3,19,0.3354,0.365,0.2996,0.0822,-0.0129,-0.0822,-0.2996,-0.09103,0.21425247994639968,0.24971487327274028,High Vulnerability
20314,df_regime3,Moderate Violence,4,28,0.4563,0.2139,0.3298,-0.1923,0.1055,0.1923,-0.3298,0.04447999999999999,0.4664532578958143,0.483544186205046,Moderate Vulnerability
20315,df_regime3,Moderate Violence,4,25,0.4563,0.2139,0.3298,-0.1923,0.1055,0.1923,-0.3298,0.04447999999999999,0.4664532578958143,0.5139615069012579,Moderate Resilience
20326,df_regime3,Moderate Violence,3,19,0.3354,0.365,0.2996,0.0822,-0.0129,-0.0822,-0.2996,-0.09103,0.21425247994639968,0.31781697019477506,Moderate Vulnerability
20327,df_regime3,Moderate Violence,3,18,0.3354,0.365,0.2996,0.0822,-0.0129,-0.0822,-0.2996,-0.09103,0.21425247994639968,0.24548032784310533,High Vulnerability
20328,df_regime3,Moderate Violence,5,32,0.6107,0.0,0.3893,-0.564,0.2657,0.564,-0.3893,0.22419,0.8009156725167966,0.8015421070272001,High Resilience
20334,df_regime3,Moderate Violence,1,11,0.0,0.5741,0.4259,0.436,-0.2498,-0.436,0.4259,-0.17051999999999998,0.06631181254769136,0.14843064177490017,High Vulnerability
20339,df_regime3,Moderate Violence,1,11,0.0,0.5741,0.4259,0.436,-0.2498,-0.436,0.4259,-0.17051999999999998,0.06631181254769136,0.20490327746197293,High Vulnerability
20342,df_regime3,Moderate Violence,5,30,0.6107,0.0,0.3893,-0.564,0.2657,0.564,-0.3893,0.22419,0.8009156725167966,0.7001993965639096,Moderate Resilience
20351,df_regime3,Moderate Violence,2,17,0.2313,0.5133,0.2554,0.2658,-0.1227,-0.2658,0.2554,-0.09000999999999998,0.21615082540805128,0.26929830922273446,Moderate Vulnerability
20358,df_regime3,Moderate Violence,4,25,0.4563,0.2139,0.3298,-0.1923,0.1055,0.1923,-0.3298,0.04447999999999999,0.4664532578958143,0.49326619725322635,Moderate Vulnerability
20360,df_regime3,Moderate Violence,1,12,0.0,0.5741,0.4259,0.436,-0.2498,-0.436,0.4259,-0.17051999999999998,0.06631181254769136,0.18120960565461527,High Vulnerability
20362,df_regime3,Moderate Violence,5,33,0.6107,0.0,0.3893,-0.564,0.2657,0.564,-0.3893,0.22419,0.8009156725167966,0.7575141293534666,High Resilience
20364,df_regime3,Moderate Violence,2,17,0.2313,0.5133,0.2554,0.2658,-0.1227,-0.2658,0.2554,-0.09000999999999998,0.21615082540805128,0.25471933605321795,Moderate Vulnerability
20367,df_regime3,Moderate Violence,1,10,0.0,0.5741,0.4259,0.436,-0.2498,-0.436,0.4259,-0.17051999999999998,0.06631181254769136,0.17987695357338235,High Vulnerability
20374,df_regime3,Moderate Violence,4,29,0.4563,0.2139,0.3298,-0.1923,0.1055,0.1923,-0.3298,0.04447999999999999,0.4664532578958143,0.4967059634175643,Moderate Vulnerability
20375,df_regime3,Moderate Violence,3,20,0.3354,0.365,0.2996,0.0822,-0.0129,-0.0822,-0.2996,-0.09103,0.21425247994639968,0.2352598755099784,High Vulnerability
20378,df_regime3,Moderate Violence,1,13,0.0,0.5741,0.4259,0.436,-0.2498,-0.436,0.4259,-0.17051999999999998,0.06631181254769136,0.18950894043132085,High Vulnerability
20385,df_regime3,Moderate Violence,2,15,0.2313,0.5133,0.2554,0.2658,-0.1227,-0.2658,0.2554,-0.09000999999999998,0.21615082540805128,0.24207745355182866,High Vulnerability
20387,df_regime3,Moderate Violence,2,17,0.2313,0.5133,0.2554,0.2658,-0.1227,-0.2658,0.2554,-0.09000999999999998,0.21615082540805128,0.2944883742145858,Moderate Vulnerability
20388,df_regime3,Moderate Violence,2,16,0.2313,0.5133,0.2554,0.2658,-0.1227,-0.2658,0.2554,-0.09000999999999998,0.21615082540805128,0.25975186873711176,Moderate Vulnerability
20390,df_regime3,Moderate Violence,2,16,0.2313,0.5133,0.2554,0.2658,-0.1227,-0.2658,0.2554,-0.09000999999999998,0.21615082540805128,0.24327884541803949,High Vulnerability
20397,df_regime3,Moderate Violence,4,23,0.4563,0.2139,0.3298,-0.1923,0.1055,0.1923,-0.3298,0.04447999999999999,0.4664532578958143,0.5266157821695296,Moderate Resilience
20399,df_regime3,Moderate Violence,1,12,0.0,0.5741,0.4259,0.436,-0.2498,-0.436,0.4259,-0.17051999999999998,0.06631181254769136,0.11725013477611372,High Vulnerability
20409,df_regime3,Moderate Violence,1,10,0.0,0.5741,0.4259,0.436,-0.2498,-0.436,0.4259,-0.17051999999999998,0.06631181254769136,0.12126458924875926,High Vulnerability
20413,df_regime3,Moderate Violence,2,15,0.2313,0.5133,0.2554,0.2658,-0.1227,-0.2658,0.2554,-0.09000999999999998,0.21615082540805128,0.2670901434873314,Moderate Vulnerability
20414,df_regime3,Moderate Violence,4,23,0.4563,0.2139,0.3298,-0.1923,0.1055,0.1923,-0.3298,0.04447999999999999,0.4664532578958143,0.4815141306901287,Moderate Vulnerability
20418,df_regime3,Moderate Violence,5,38,0.6107,0.0,0.3893,-0.564,0.2657,0.564,-0.3893,0.22419,0.8009156725167966,0.7828373831727518,High Resilience
20427,df_regime3,Moderate Violence,1,11,0.0,0.5741,0.4259,0.436,-0.2498,-0.436,0.4259,-0.17051999999999998,0.06631181254769136,0.13782289160773387,High Vulnerability
20429,df_regime3,Moderate Violence,5,33,0.6107,0.0,0.3893,-0.564,0.2657,0.564,-0.3893,0.22419,0.8009156725167966,0.7884899361042116,High Resilience
20431,df_regime3,Moderate Violence,4,26,0.4563,0.2139,0.3298,-0.1923,0.1055,0.1923,-0.3298,0.04447999999999999,0.4664532578958143,0.5175407060144017,Moderate Resilience
20433,df_regime3,Moderate Violence,3,18,0.3354,0.365,0.2996,0.0822,-0.0129,-0.0822,-0.2996,-0.09103,0.21425247994639968,0.2721497435780907,Moderate Vulnerability
20439,df_regime3,Moderate Violence,5,36,0.6107,0.0,0.3893,-0.564,0.2657,0.564,-0.3893,0.22419,0.8009156725167966,0.7497073545486109,Moderate Resilience
20441,df_regime3,Moderate Violence,4,25,0.4563,0.2139,0.3298,-0.1923,0.1055,0.1923,-0.3298,0.04447999999999999,0.4664532578958143,0.4893543220466703,Moderate Vulnerability
20449,df_regime3,Moderate Violence,2,15,0.2313,0.5133,0.2554,0.2658,-0.1227,-0.2658,0.2554,-0.09000999999999998,0.21615082540805128,0.31027769488616497,Moderate Vulnerability
20450,df_regime3,Moderate Violence,1,13,0.0,0.5741,0.4259,0.436,-0.2498,-0.436,0.4259,-0.17051999999999998,0.06631181254769136,0.15830402980221753,High Vulnerability
20453,df_regime3,Moderate Violence,5,38,0.6107,0.0,0.3893,-0.564,0.2657,0.564,-0.3893,0.22419,0.8009156725167966,0.8691635068532336,High Resilience
20454,df_regime3,Moderate Violence,1,13,0.0,0.5741,0.4259,0.436,-0.2498,-0.436,0.4259,-0.17051999999999998,0.06631181254769136,0.18377065017582125,High Vulnerability
20457,df_regime3,Moderate Violence,2,15,0.2313,0.5133,0.2554,0.2658,-0.1227,-0.2658,0.2554,-0.09000999999999998,0.21615082540805128,0.2763162306307921,Moderate Vulnerability
20459,df_regime3,Moderate Violence,3,19,0.3354,0.365,0.2996,0.0822,-0.0129,-0.0822,-0.2996,-0.09103,0.21425247994639968,0.31686810720965447,Moderate Vulnerability
20465,df_regime3,Moderate Violence,4,29,0.4563,0.2139,0.3298,-0.1923,0.1055,0.1923,-0.3298,0.04447999999999999,0.4664532578958143,0.471820991542605,Moderate Vulnerability
20466,df_regime3,Moderate Violence,3,20,0.3354,0.365,0.2996,0.0822,-0.0129,-0.0822,-0.2996,-0.09103,0.21425247994639968,0.28995393910253553,Moderate Vulnerability
20469,df_regime3,Moderate Violence,1,14,0.0,0.5741,0.4259,0.436,-0.2498,-0.436,0.4259,-0.17051999999999998,0.06631181254769136,0.13836691306918003,High Vulnerability
20470,df_regime3,Moderate Violence,1,11,0.0,0.5741,0.4259,0.436,-0.2498,-0.436,0.4259,-0.17051999999999998,0.06631181254769136,0.17136308453485335,High Vulnerability
20472,df_regime3,Moderate Violence,4,29,0.4563,0.2139,0.3298,-0.1923,0.1055,0.1923,-0.3298,0.04447999999999999,0.4664532578958143,0.5216026310856136,Moderate Resilience
20474,df_regime3,Moderate Violence,1,14,0.0,0.5741,0.4259,0.436,-0.2498,-0.436,0.4259,-0.17051999999999998,0.06631181254769136,0.13448734689431113,High Vulnerability
20481,df_regime3,Moderate Violence,4,26,0.4563,0.2139,0.3298,-0.1923,0.1055,0.1923,-0.3298,0.04447999999999999,0.4664532578958143,0.49033088735313846,Moderate Vulnerability
20487,df_regime3,Moderate Violence,4,25,0.4563,0.2139,0.3298,-0.1923,0.1055,0.1923,-0.3298,0.04447999999999999,0.4664532578958143,0.4740832252586358,Moderate Vulnerability
20490,df_regime3,Moderate Violence,5,34,0.6107,0.0,0.3893,-0.564,0.2657,0.564,-0.3893,0.22419,0.8009156725167966,0.7960093285645686,High Resilience
20497,df_regime3,Moderate Violence,4,23,0.4563,0.2139,0.3298,-0.1923,0.1055,0.1923,-0.3298,0.04447999999999999,0.4664532578958143,0.4759222049310132,Moderate Vulnerability
20498,df_regime3,Moderate Violence,5,30,0.6107,0.0,0.3893,-0.564,0.2657,0.564,-0.3893,0.22419,0.8009156725167966,0.7564488096857206,High Resilience
20505,df_regime3,Moderate Violence,1,12,0.0,0.5741,0.4259,0.436,-0.2498,-0.436,0.4259,-0.17051999999999998,0.06631181254769136,0.15673632569642607,High Vulnerability
20509,df_regime3,Moderate Violence,4,29,0.4563,0.2139,0.3298,-0.1923,0.1055,0.1923,-0.3298,0.04447999999999999,0.4664532578958143,0.4826817050060334,Moderate Vulnerability
20513,df_regime3,Moderate Violence,4,26,0.4563,0.2139,0.3298,-0.1923,0.1055,0.1923,-0.3298,0.04447999999999999,0.4664532578958143,0.5072472146468757,Moderate Resilience
20515,df_regime3,Moderate Violence,5,34,0.6107,0.0,0.3893,-0.564,0.2657,0.564,-0.3893,0.22419,0.8009156725167966,0.844482710109075,High Resilience
20519,df_regime3,Moderate Violence,1,13,0.0,0.5741,0.4259,0.436,-0.2498,-0.436,0.4259,-0.17051999999999998,0.06631181254769136,0.10154087061478778,High Vulnerability
20520,df_regime3,Moderate Violence,4,26,0.4563,0.2139,0.3298,-0.1923,0.1055,0.1923,-0.3298,0.04447999999999999,0.4664532578958143,0.5536421535096234,Moderate Resilience
20525,df_regime3,Moderate Violence,2,15,0.2313,0.5133,0.2554,0.2658,-0.1227,-0.2658,0.2554,-0.09000999999999998,0.21615082540805128,0.253644659751,Moderate Vulnerability
20526,df_regime3,Moderate Violence,4,23,0.4563,0.2139,0.3298,-0.1923,0.1055,0.1923,-0.3298,0.04447999999999999,0.4664532578958143,0.4628596748770021,Moderate Vulnerability
20530,df_regime3,Moderate Violence,1,12,0.0,0.5741,0.4259,0.436,-0.2498,-0.436,0.4259,-0.17051999999999998,0.06631181254769136,0.1554751850358009,High Vulnerability
20532,df_regime3,Moderate Violence,1,12,0.0,0.5741,0.4259,0.436,-0.2498,-0.436,0.4259,-0.17051999999999998,0.06631181254769136,0.16096920029847672,High Vulnerability
20533,df_regime3,Moderate Violence,5,33,0.6107,0.0,0.3893,-0.564,0.2657,0.564,-0.3893,0.22419,0.8009156725167966,0.7951625531448484,High Resilience
20534,df_regime3,Moderate Violence,2,15,0.2313,0.5133,0.2554,0.2658,-0.1227,-0.2658,0.2554,-0.09000999999999998,0.21615082540805128,0.24453530776142862,High Vulnerability
20540,df_regime3,Moderate Violence,2,16,0.2313,0.5133,0.2554,0.2658,-0.1227,-0.2658,0.2554,-0.09000999999999998,0.21615082540805128,0.3119092580222281,Moderate Vulnerability
20545,df_regime3,Moderate Violence,4,28,0.4563,0.2139,0.3298,-0.1923,0.1055,0.1923,-0.3298,0.04447999999999999,0.4664532578958143,0.5087323575923018,Moderate Resilience
20546,df_regime3,Moderate Violence,1,14,0.0,0.5741,0.4259,0.436,-0.2498,-0.436,0.4259,-0.17051999999999998,0.06631181254769136,0.16399891195707716,High Vulnerability
20550,df_regime3,Moderate Violence,4,24,0.4563,0.2139,0.3298,-0.1923,0.1055,0.1923,-0.3298,0.04447999999999999,0.4664532578958143,0.49033088735313846,Moderate Vulnerability
20553,df_regime3,Moderate Violence,2,15,0.2313,0.5133,0.2554,0.2658,-0.1227,-0.2658,0.2554,-0.09000999999999998,0.21615082540805128,0.2605498559913706,Moderate Vulnerability
20555,df_regime3,Moderate Violence,1,13,0.0,0.5741,0.4259,0.436,-0.2498,-0.436,0.4259,-0.17051999999999998,0.06631181254769136,0.11661273792167101,High Vulnerability
20565,df_regime3,Moderate Violence,1,14,0.0,0.5741,0.4259,0.436,-0.2498,-0.436,0.4259,-0.17051999999999998,0.06631181254769136,0.12674664138593153,High Vulnerability
20566,df_regime3,Moderate Violence,2,15,0.2313,0.5133,0.2554,0.2658,-0.1227,-0.2658,0.2554,-0.09000999999999998,0.21615082540805128,0.28451487019841754,Moderate Vulnerability
20567,df_regime3,Moderate Violence,4,28,0.4563,0.2139,0.3298,-0.1923,0.1055,0.1923,-0.3298,0.04447999999999999,0.4664532578958143,0.48534299918229706,Moderate Vulnerability
20570,df_regime3,Moderate Violence,4,27,0.4563,0.2139,0.3298,-0.1923,0.1055,0.1923,-0.3298,0.04447999999999999,0.4664532578958143,0.5497620908602723,Moderate Resilience
21001,df_regime3,Moderate Violence,2,16,0.2313,0.5133,0.2554,0.2658,-0.1227,-0.2658,0.2554,-0.09000999999999998,0.21615082540805128,0.2592867103376443,Moderate Vulnerability
21002,df_regime3,Moderate Violence,5,32,0.6107,0.0,0.3893,-0.564,0.2657,0.564,-0.3893,0.22419,0.8009156725167966,0.783660576054568,High Resilience
21004,df_regime3,Moderate Violence,2,15,0.2313,0.5133,0.2554,0.2658,-0.1227,-0.2658,0.2554,-0.09000999999999998,0.21615082540805128,0.22540232692816017,High Vulnerability
21007,df_regime3,Moderate Violence,2,16,0.2313,0.5133,0.2554,0.2658,-0.1227,-0.2658,0.2554,-0.09000999999999998,0.21615082540805128,0.2516050805188522,Moderate Vulnerability
21008,df_regime3,Moderate Violence,3,21,0.3354,0.365,0.2996,0.0822,-0.0129,-0.0822,-0.2996,-0.09103,0.21425247994639968,0.21069770752430475,High Vulnerability
21012,df_regime3,Moderate Violence,1,14,0.0,0.5741,0.4259,0.436,-0.2498,-0.436,0.4259,-0.17051999999999998,0.06631181254769136,0.13353113704161274,High Vulnerability
21015,df_regime3,Moderate Violence,3,18,0.3354,0.365,0.2996,0.0822,-0.0129,-0.0822,-0.2996,-0.09103,0.21425247994639968,0.25426520511580675,Moderate Vulnerability
21019,df_regime3,Moderate Violence,4,24,0.4563,0.2139,0.3298,-0.1923,0.1055,0.1923,-0.3298,0.04447999999999999,0.4664532578958143,0.452567544040509,Moderate Vulnerability
21021,df_regime3,Moderate Violence,5,30,0.6107,0.0,0.3893,-0.564,0.2657,0.564,-0.3893,0.22419,0.8009156725167966,0.7725943507982713,High Resilience
21022,df_regime3,Moderate Violence,2,15,0.2313,0.5133,0.2554,0.2658,-0.1227,-0.2658,0.2554,-0.09000999999999998,0.21615082540805128,0.27571495547745745,Moderate Vulnerability
21025,df_regime3,Moderate Violence,1,12,0.0,0.5741,0.4259,0.436,-0.2498,-0.436,0.4259,-0.17051999999999998,0.06631181254769136,0.06519936815984081,High Vulnerability
21026,df_regime3,Moderate Violence,4,25,0.4563,0.2139,0.3298,-0.1923,0.1055,0.1923,-0.3298,0.04447999999999999,0.4664532578958143,0.4825640787440991,Moderate Vulnerability
21027,df_regime3,Moderate Violence,4,24,0.4563,0.2139,0.3298,-0.1923,0.1055,0.1923,-0.3298,0.04447999999999999,0.4664532578958143,0.5031520162377708,Moderate Resilience
21032,df_regime3,Moderate Violence,5,35,0.6107,0.0,0.3893,-0.564,0.2657,0.564,-0.3893,0.22419,0.8009156725167966,0.7508091650907978,High Resilience
21033,df_regime3,Moderate Violence,4,26,0.4563,0.2139,0.3298,-0.1923,0.1055,0.1923,-0.3298,0.04447999999999999,0.4664532578958143,0.4928185682220147,Moderate Vulnerability
21034,df_regime3,Moderate Violence,3,21,0.3354,0.365,0.2996,0.0822,-0.0129,-0.0822,-0.2996,-0.09103,0.21425247994639968,0.24081442246913665,High Vulnerability
21035,df_regime3,Moderate Violence,1,14,0.0,0.5741,0.4259,0.436,-0.2498,-0.436,0.4259,-0.17051999999999998,0.06631181254769136,0.1103626970460676,High Vulnerability
21038,df_regime3,Moderate Violence,3,22,0.3354,0.365,0.2996,0.0822,-0.0129,-0.0822,-0.2996,-0.09103,0.21425247994639968,0.2497252992368663,High Vulnerability
21040,df_regime3,Moderate Violence,4,29,0.4563,0.2139,0.3298,-0.1923,0.1055,0.1923,-0.3298,0.04447999999999999,0.4664532578958143,0.46517878356400233,Moderate Vulnerability
21041,df_regime3,Moderate Violence,1,13,0.0,0.5741,0.4259,0.436,-0.2498,-0.436,0.4259,-0.17051999999999998,0.06631181254769136,0.12495446398108669,High Vulnerability
21044,df_regime3,Moderate Violence,1,11,0.0,0.5741,0.4259,0.436,-0.2498,-0.436,0.4259,-0.17051999999999998,0.06631181254769136,0.10603456140274671,High Vulnerability
21045,df_regime3,Moderate Violence,3,19,0.3354,0.365,0.2996,0.0822,-0.0129,-0.0822,-0.2996,-0.09103,0.21425247994639968,0.25189140467254734,Moderate Vulnerability
21046,df_regime3,Moderate Violence,2,17,0.2313,0.5133,0.2554,0.2658,-0.1227,-0.2658,0.2554,-0.09000999999999998,0.21615082540805128,0.3110051063832632,Moderate Vulnerability
21053,df_regime3,Moderate Violence,3,18,0.3354,0.365,0.2996,0.0822,-0.0129,-0.0822,-0.2996,-0.09103,0.21425247994639968,0.2312709417352347,High Vulnerability
21055,df_regime3,Moderate Violence,4,28,0.4563,0.2139,0.3298,-0.1923,0.1055,0.1923,-0.3298,0.04447999999999999,0.4664532578958143,0.5311180610112717,Moderate Resilience
21056,df_regime3,Moderate Violence,5,37,0.6107,0.0,0.3893,-0.564,0.2657,0.564,-0.3893,0.22419,0.8009156725167966,0.7837274091579397,High Resilience
21062,df_regime3,Moderate Violence,3,19,0.3354,0.365,0.2996,0.0822,-0.0129,-0.0822,-0.2996,-0.09103,0.21425247994639968,0.2590252592372539,Moderate Vulnerability
21066,df_regime3,Moderate Violence,3,22,0.3354,0.365,0.2996,0.0822,-0.0129,-0.0822,-0.2996,-0.09103,0.21425247994639968,0.2902165359132694,Moderate Vulnerability
21069,df_regime3,Moderate Violence,4,24,0.4563,0.2139,0.3298,-0.1923,0.1055,0.1923,-0.3298,0.04447999999999999,0.4664532578958143,0.4995179662419312,Moderate Vulnerability
21071,df_regime3,Moderate Violence,2,16,0.2313,0.5133,0.2554,0.2658,-0.1227,-0.2658,0.2554,-0.09000999999999998,0.21615082540805128,0.2285232991894148,High Vulnerability
21073,df_regime3,Moderate Violence,1,14,0.0,0.5741,0.4259,0.436,-0.2498,-0.436,0.4259,-0.17051999999999998,0.06631181254769136,0.11741607182419962,High Vulnerability
21074,df_regime3,Moderate Violence,4,25,0.4563,0.2139,0.3298,-0.1923,0.1055,0.1923,-0.3298,0.04447999999999999,0.4664532578958143,0.4736983334163178,Moderate Vulnerability
21081,df_regime3,Moderate Violence,1,11,0.0,0.5741,0.4259,0.436,-0.2498,-0.436,0.4259,-0.17051999999999998,0.06631181254769136,0.16230653069694573,High Vulnerability
21082,df_regime3,Moderate Violence,2,16,0.2313,0.5133,0.2554,0.2658,-0.1227,-0.2658,0.2554,-0.09000999999999998,0.21615082540805128,0.2911874872390544,Moderate Vulnerability
21084,df_regime3,Moderate Violence,1,14,0.0,0.5741,0.4259,0.436,-0.2498,-0.436,0.4259,-0.17051999999999998,0.06631181254769136,0.1893124511074079,High Vulnerability
21085,df_regime3,Moderate Violence,5,35,0.6107,0.0,0.3893,-0.564,0.2657,0.564,-0.3893,0.22419,0.8009156725167966,0.7395066179809787,Moderate Resilience
21086,df_regime3,Moderate Violence,2,16,0.2313,0.5133,0.2554,0.2658,-0.1227,-0.2658,0.2554,-0.09000999999999998,0.21615082540805128,0.28679788900959696,Moderate Vulnerability
21087,df_regime3,Moderate Violence,1,14,0.0,0.5741,0.4259,0.436,-0.2498,-0.436,0.4259,-0.17051999999999998,0.06631181254769136,0.16167081421767351,High Vulnerability
21090,df_regime3,Moderate Violence,5,36,0.6107,0.0,0.3893,-0.564,0.2657,0.564,-0.3893,0.22419,0.8009156725167966,0.7269292962574465,Moderate Resilience
21096,df_regime3,Moderate Violence,1,14,0.0,0.5741,0.4259,0.436,-0.2498,-0.436,0.4259,-0.17051999999999998,0.06631181254769136,0.09928625587254133,High Vulnerability
21097,df_regime3,Moderate Violence,2,17,0.2313,0.5133,0.2554,0.2658,-0.1227,-0.2658,0.2554,-0.09000999999999998,0.21615082540805128,0.31446412048137223,Moderate Vulnerability
21102,df_regime3,Moderate Violence,2,16,0.2313,0.5133,0.2554,0.2658,-0.1227,-0.2658,0.2554,-0.09000999999999998,0.21615082540805128,0.31722299098855855,Moderate Vulnerability
21103,df_regime3,Moderate Violence,5,36,0.6107,0.0,0.3893,-0.564,0.2657,0.564,-0.3893,0.22419,0.8009156725167966,0.7802304338571155,High Resilience
21106,df_regime3,Moderate Violence,1,13,0.0,0.5741,0.4259,0.436,-0.2498,-0.436,0.4259,-0.17051999999999998,0.06631181254769136,0.09120546534386142,High Vulnerability
21117,df_regime3,Moderate Violence,1,14,0.0,0.5741,0.4259,0.436,-0.2498,-0.436,0.4259,-0.17051999999999998,0.06631181254769136,0.05166967471326101,High Vulnerability
21118,df_regime3,Moderate Violence,3,22,0.3354,0.365,0.2996,0.0822,-0.0129,-0.0822,-0.2996,-0.09103,0.21425247994639968,0.2159066796011,High Vulnerability
21119,df_regime3,Moderate Violence,4,27,0.4563,0.2139,0.3298,-0.1923,0.1055,0.1923,-0.3298,0.04447999999999999,0.4664532578958143,0.4446451145502684,Moderate Vulnerability
21122,df_regime3,Moderate Violence,2,17,0.2313,0.5133,0.2554,0.2658,-0.1227,-0.2658,0.2554,-0.09000999999999998,0.21615082540805128,0.2935039226019197,Moderate Vulnerability
21125,df_regime3,Moderate Violence,3,19,0.3354,0.365,0.2996,0.0822,-0.0129,-0.0822,-0.2996,-0.09103,0.21425247994639968,0.24252496801200593,High Vulnerability
21130,df_regime3,Moderate Violence,4,27,0.4563,0.2139,0.3298,-0.1923,0.1055,0.1923,-0.3298,0.04447999999999999,0.4664532578958143,0.4458577343778457,Moderate Vulnerability
21132,df_regime3,Moderate Violence,5,38,0.6107,0.0,0.3893,-0.564,0.2657,0.564,-0.3893,0.22419,0.8009156725167966,0.741688941583078,Moderate Resilience
21134,df_regime3,Moderate Violence,2,16,0.2313,0.5133,0.2554,0.2658,-0.1227,-0.2658,0.2554,-0.09000999999999998,0.21615082540805128,0.2832944977308492,Moderate Vulnerability
21136,df_regime3,Moderate Violence,3,19,0.3354,0.365,0.2996,0.0822,-0.0129,-0.0822,-0.2996,-0.09103,0.21425247994639968,0.23665033822562795,High Vulnerability
21140,df_regime3,Moderate Violence,3,21,0.3354,0.365,0.2996,0.0822,-0.0129,-0.0822,-0.2996,-0.09103,0.21425247994639968,0.2591207971585239,Moderate Vulnerability
21141,df_regime3,Moderate Violence,4,28,0.4563,0.2139,0.3298,-0.1923,0.1055,0.1923,-0.3298,0.04447999999999999,0.4664532578958143,0.4900119597838484,Moderate Vulnerability
21142,df_regime3,Moderate Violence,1,14,0.0,0.5741,0.4259,0.436,-0.2498,-0.436,0.4259,-0.17051999999999998,0.06631181254769136,0.11584721246047844,High Vulnerability
21143,df_regime3,Moderate Violence,3,20,0.3354,0.365,0.2996,0.0822,-0.0129,-0.0822,-0.2996,-0.09103,0.21425247994639968,0.2649743745173397,Moderate Vulnerability
21144,df_regime3,Moderate Violence,3,22,0.3354,0.365,0.2996,0.0822,-0.0129,-0.0822,-0.2996,-0.09103,0.21425247994639968,0.2094907016774107,High Vulnerability
21148,df_regime3,Moderate Violence,1,11,0.0,0.5741,0.4259,0.436,-0.2498,-0.436,0.4259,-0.17051999999999998,0.06631181254769136,0.1413145202602883,High Vulnerability
21152,df_regime3,Moderate Violence,4,23,0.4563,0.2139,0.3298,-0.1923,0.1055,0.1923,-0.3298,0.04447999999999999,0.4664532578958143,0.4069273848306901,Moderate Vulnerability
21154,df_regime3,Moderate Violence,1,14,0.0,0.5741,0.4259,0.436,-0.2498,-0.436,0.4259,-0.17051999999999998,0.06631181254769136,0.10952919277115977,High Vulnerability
21156,df_regime3,Moderate Violence,4,29,0.4563,0.2139,0.3298,-0.1923,0.1055,0.1923,-0.3298,0.04447999999999999,0.4664532578958143,0.5212109890998551,Moderate Resilience
21158,df_regime3,Moderate Violence,3,22,0.3354,0.365,0.2996,0.0822,-0.0129,-0.0822,-0.2996,-0.09103,0.21425247994639968,0.2830635225255963,Moderate Vulnerability
21159,df_regime3,Moderate Violence,1,13,0.0,0.5741,0.4259,0.436,-0.2498,-0.436,0.4259,-0.17051999999999998,0.06631181254769136,0.13663237125967154,High Vulnerability
21163,df_regime3,Moderate Violence,5,30,0.6107,0.0,0.3893,-0.564,0.2657,0.564,-0.3893,0.22419,0.8009156725167966,0.7438664754794356,Moderate Resilience
21164,df_regime3,Moderate Violence,2,17,0.2313,0.5133,0.2554,0.2658,-0.1227,-0.2658,0.2554,-0.09000999999999998,0.21615082540805128,0.2485377195453523,High Vulnerability
21166,df_regime3,Moderate Violence,3,21,0.3354,0.365,0.2996,0.0822,-0.0129,-0.0822,-0.2996,-0.09103,0.21425247994639968,0.2709517602001518,Moderate Vulnerability
21168,df_regime3,Moderate Violence,5,37,0.6107,0.0,0.3893,-0.564,0.2657,0.564,-0.3893,0.22419,0.8009156725167966,0.7768792438324463,High Resilience
21174,df_regime3,Moderate Violence,1,11,0.0,0.5741,0.4259,0.436,-0.2498,-0.436,0.4259,-0.17051999999999998,0.06631181254769136,0.11741406683109845,High Vulnerability
21175,df_regime3,Moderate Violence,5,30,0.6107,0.0,0.3893,-0.564,0.2657,0.564,-0.3893,0.22419,0.8009156725167966,0.7538977901300205,High Resilience
21176,df_regime3,Moderate Violence,4,24,0.4563,0.2139,0.3298,-0.1923,0.1055,0.1923,-0.3298,0.04447999999999999,0.4664532578958143,0.49184586014036963,Moderate Vulnerability
21177,df_regime3,Moderate Violence,1,11,0.0,0.5741,0.4259,0.436,-0.2498,-0.436,0.4259,-0.17051999999999998,0.06631181254769136,0.16702427946395848,High Vulnerability
21181,df_regime3,Moderate Violence,1,12,0.0,0.5741,0.4259,0.436,-0.2498,-0.436,0.4259,-0.17051999999999998,0.06631181254769136,0.12904556647571347,High Vulnerability
21183,df_regime3,Moderate Violence,3,19,0.3354,0.365,0.2996,0.0822,-0.0129,-0.0822,-0.2996,-0.09103,0.21425247994639968,0.21757998955780503,High Vulnerability
21185,df_regime3,Moderate Violence,2,17,0.2313,0.5133,0.2554,0.2658,-0.1227,-0.2658,0.2554,-0.09000999999999998,0.21615082540805128,0.27610860245631713,Moderate Vulnerability
21189,df_regime3,Moderate Violence,2,16,0.2313,0.5133,0.2554,0.2658,-0.1227,-0.2658,0.2554,-0.09000999999999998,0.21615082540805128,0.2940798568702259,Moderate Vulnerability
21197,df_regime3,Moderate Violence,1,10,0.0,0.5741,0.4259,0.436,-0.2498,-0.436,0.4259,-0.17051999999999998,0.06631181254769136,0.10584726163054736,High Vulnerability
21202,df_regime3,Moderate Violence,1,14,0.0,0.5741,0.4259,0.436,-0.2498,-0.436,0.4259,-0.17051999999999998,0.06631181254769136,0.14253825347819765,High Vulnerability
21203,df_regime3,Moderate Violence,5,32,0.6107,0.0,0.3893,-0.564,0.2657,0.564,-0.3893,0.22419,0.8009156725167966,0.7622799024790451,High Resilience
21205,df_regime3,Moderate Violence,3,21,0.3354,0.365,0.2996,0.0822,-0.0129,-0.0822,-0.2996,-0.09103,0.21425247994639968,0.23412504941472587,High Vulnerability
21206,df_regime3,Moderate Violence,3,20,0.3354,0.365,0.2996,0.0822,-0.0129,-0.0822,-0.2996,-0.09103,0.21425247994639968,0.29735310835751305,Moderate Vulnerability
21208,df_regime3,Moderate Violence,1,12,0.0,0.5741,0.4259,0.436,-0.2498,-0.436,0.4259,-0.17051999999999998,0.06631181254769136,0.10519363387957151,High Vulnerability
21210,df_regime3,Moderate Violence,4,26,0.4563,0.2139,0.3298,-0.1923,0.1055,0.1923,-0.3298,0.04447999999999999,0.4664532578958143,0.4922593899674824,Moderate Vulnerability
21214,df_regime3,Moderate Violence,4,23,0.4563,0.2139,0.3298,-0.1923,0.1055,0.1923,-0.3298,0.04447999999999999,0.4664532578958143,0.45863415191632234,Moderate Vulnerability
22001,df_regime3,Moderate Violence,2,16,0.2313,0.5133,0.2554,0.2658,-0.1227,-0.2658,0.2554,-0.09000999999999998,0.21615082540805128,0.2556924260383108,Moderate Vulnerability
22002,df_regime3,Moderate Violence,1,10,0.0,0.5741,0.4259,0.436,-0.2498,-0.436,0.4259,-0.17051999999999998,0.06631181254769136,0.08417863285535421,High Vulnerability
22003,df_regime3,Moderate Violence,1,11,0.0,0.5741,0.4259,0.436,-0.2498,-0.436,0.4259,-0.17051999999999998,0.06631181254769136,0.10976005340537821,High Vulnerability
22004,df_regime3,Moderate Violence,4,25,0.4563,0.2139,0.3298,-0.1923,0.1055,0.1923,-0.3298,0.04447999999999999,0.4664532578958143,0.4586605509921542,Moderate Vulnerability
22005,df_regime3,Moderate Violence,5,36,0.6107,0.0,0.3893,-0.564,0.2657,0.564,-0.3893,0.22419,0.8009156725167966,0.7722529673062484,High Resilience
22006,df_regime3,Moderate Violence,2,16,0.2313,0.5133,0.2554,0.2658,-0.1227,-0.2658,0.2554,-0.09000999999999998,0.21615082540805128,0.2565607217173168,Moderate Vulnerability
22007,df_regime3,Moderate Violence,4,27,0.4563,0.2139,0.3298,-0.1923,0.1055,0.1923,-0.3298,0.04447999999999999,0.4664532578958143,0.4919320748437192,Moderate Vulnerability
22008,df_regime3,Moderate Violence,4,29,0.4563,0.2139,0.3298,-0.1923,0.1055,0.1923,-0.3298,0.04447999999999999,0.4664532578958143,0.5011650680745283,Moderate Resilience
22010,df_regime3,Moderate Violence,3,19,0.3354,0.365,0.2996,0.0822,-0.0129,-0.0822,-0.2996,-0.09103,0.21425247994639968,0.25410179817806283,Moderate Vulnerability
22012,df_regime3,Moderate Violence,5,30,0.6107,0.0,0.3893,-0.564,0.2657,0.564,-0.3893,0.22419,0.8009156725167966,0.7866656597145758,High Resilience
22015,df_regime3,Moderate Violence,1,12,0.0,0.5741,0.4259,0.436,-0.2498,-0.436,0.4259,-0.17051999999999998,0.06631181254769136,0.11626754494275586,High Vulnerability
22016,df_regime3,Moderate Violence,5,32,0.6107,0.0,0.3893,-0.564,0.2657,0.564,-0.3893,0.22419,0.8009156725167966,0.7667033469015673,High Resilience
22017,df_regime3,Moderate Violence,2,17,0.2313,0.5133,0.2554,0.2658,-0.1227,-0.2658,0.2554,-0.09000999999999998,0.21615082540805128,0.3257251642339975,Moderate Vulnerability
22018,df_regime3,Moderate Violence,4,27,0.4563,0.2139,0.3298,-0.1923,0.1055,0.1923,-0.3298,0.04447999999999999,0.4664532578958143,0.4802890799053243,Moderate Vulnerability
23006,df_regime3,Moderate Violence,5,35,0.6107,0.0,0.3893,-0.564,0.2657,0.564,-0.3893,0.22419,0.8009156725167966,0.7711568662206066,High Resilience
23007,df_regime3,Moderate Violence,3,22,0.3354,0.365,0.2996,0.0822,-0.0129,-0.0822,-0.2996,-0.09103,0.21425247994639968,0.2282614470904042,High Vulnerability
24001,df_regime3,Moderate Violence,3,20,0.3354,0.365,0.2996,0.0822,-0.0129,-0.0822,-0.2996,-0.09103,0.21425247994639968,0.2339516175114761,High Vulnerability
24002,df_regime3,Moderate Violence,5,39,0.6107,0.0,0.3893,-0.564,0.2657,0.564,-0.3893,0.22419,0.8009156725167966,0.7414049454491503,Moderate Resilience
24003,df_regime3,Moderate Violence,3,19,0.3354,0.365,0.2996,0.0822,-0.0129,-0.0822,-0.2996,-0.09103,0.21425247994639968,0.20921515833979512,High Vulnerability
24009,df_regime3,Moderate Violence,4,27,0.4563,0.2139,0.3298,-0.1923,0.1055,0.1923,-0.3298,0.04447999999999999,0.4664532578958143,0.4257693074987745,Moderate Vulnerability
24014,df_regime3,Moderate Violence,3,19,0.3354,0.365,0.2996,0.0822,-0.0129,-0.0822,-0.2996,-0.09103,0.21425247994639968,0.27018585283551144,Moderate Vulnerability
24017,df_regime3,Moderate Violence,5,32,0.6107,0.0,0.3893,-0.564,0.2657,0.564,-0.3893,0.22419,0.8009156725167966,0.7642983576767344,High Resilience
24018,df_regime3,Moderate Violence,2,16,0.2313,0.5133,0.2554,0.2658,-0.1227,-0.2658,0.2554,-0.09000999999999998,0.21615082540805128,0.23564463368608968,High Vulnerability
24021,df_regime3,Moderate Violence,2,17,0.2313,0.5133,0.2554,0.2658,-0.1227,-0.2658,0.2554,-0.09000999999999998,0.21615082540805128,0.23516263334457252,High Vulnerability
24022,df_regime3,Moderate Violence,3,21,0.3354,0.365,0.2996,0.0822,-0.0129,-0.0822,-0.2996,-0.09103,0.21425247994639968,0.25023055749835676,Moderate Vulnerability
24025,df_regime3,Moderate Violence,5,33,0.6107,0.0,0.3893,-0.564,0.2657,0.564,-0.3893,0.22419,0.8009156725167966,0.7477961505691897,Moderate Resilience
24026,df_regime3,Moderate Violence,2,15,0.2313,0.5133,0.2554,0.2658,-0.1227,-0.2658,0.2554,-0.09000999999999998,0.21615082540805128,0.2581147918700204,Moderate Vulnerability
24034,df_regime3,Moderate Violence,4,23,0.4563,0.2139,0.3298,-0.1923,0.1055,0.1923,-0.3298,0.04447999999999999,0.4664532578958143,0.4836260567566764,Moderate Vulnerability
24039,df_regime3,Moderate Violence,5,37,0.6107,0.0,0.3893,-0.564,0.2657,0.564,-0.3893,0.22419,0.8009156725167966,0.7526862969176144,High Resilience
24041,df_regime3,Moderate Violence,1,11,0.0,0.5741,0.4259,0.436,-0.2498,-0.436,0.4259,-0.17051999999999998,0.06631181254769136,0.10824141434504783,High Vulnerability
24043,df_regime3,Moderate Violence,1,13,0.0,0.5741,0.4259,0.436,-0.2498,-0.436,0.4259,-0.17051999999999998,0.06631181254769136,0.13012104477517186,High Vulnerability
24047,df_regime3,Moderate Violence,4,27,0.4563,0.2139,0.3298,-0.1923,0.1055,0.1923,-0.3298,0.04447999999999999,0.4664532578958143,0.4767803419783067,Moderate Vulnerability
24049,df_regime3,Moderate Violence,1,11,0.0,0.5741,0.4259,0.436,-0.2498,-0.436,0.4259,-0.17051999999999998,0.06631181254769136,0.11516322338539944,High Vulnerability
24050,df_regime3,Moderate Violence,4,27,0.4563,0.2139,0.3298,-0.1923,0.1055,0.1923,-0.3298,0.04447999999999999,0.4664532578958143,0.42053527300821486,Moderate Vulnerability
24054,df_regime3,Moderate Violence,2,15,0.2313,0.5133,0.2554,0.2658,-0.1227,-0.2658,0.2554,-0.09000999999999998,0.21615082540805128,0.2283490939316832,High Vulnerability
24055,df_regime3,Moderate Violence,3,19,0.3354,0.365,0.2996,0.0822,-0.0129,-0.0822,-0.2996,-0.09103,0.21425247994639968,0.21225919615148262,High Vulnerability
24057,df_regime3,Moderate Violence,3,19,0.3354,0.365,0.2996,0.0822,-0.0129,-0.0822,-0.2996,-0.09103,0.21425247994639968,0.26058915385615317,Moderate Vulnerability
25001,df_regime3,Moderate Violence,1,13,0.0,0.5741,0.4259,0.436,-0.2498,-0.436,0.4259,-0.17051999999999998,0.06631181254769136,0.04203768785532244,High Vulnerability
25002,df_regime3,Moderate Violence,3,20,0.3354,0.365,0.2996,0.0822,-0.0129,-0.0822,-0.2996,-0.09103,0.21425247994639968,0.22693414165744094,High Vulnerability
25003,df_regime3,Moderate Violence,4,27,0.4563,0.2139,0.3298,-0.1923,0.1055,0.1923,-0.3298,0.04447999999999999,0.4664532578958143,0.4812514765938777,Moderate Vulnerability
25004,df_regime3,Moderate Violence,4,27,0.4563,0.2139,0.3298,-0.1923,0.1055,0.1923,-0.3298,0.04447999999999999,0.4664532578958143,0.45061417951171073,Moderate Vulnerability
25006,df_regime3,Moderate Violence,5,32,0.6107,0.0,0.3893,-0.564,0.2657,0.564,-0.3893,0.22419,0.8009156725167966,0.734201406235328,Moderate Resilience
25007,df_regime3,Moderate Violence,3,21,0.3354,0.365,0.2996,0.0822,-0.0129,-0.0822,-0.2996,-0.09103,0.21425247994639968,0.26943942254671077,Moderate Vulnerability
25008,df_regime3,Moderate Violence,4,24,0.4563,0.2139,0.3298,-0.1923,0.1055,0.1923,-0.3298,0.04447999999999999,0.4664532578958143,0.5185804381511425,Moderate Resilience
25009,df_regime3,Moderate Violence,1,12,0.0,0.5741,0.4259,0.436,-0.2498,-0.436,0.4259,-0.17051999999999998,0.06631181254769136,0.10674082022262783,High Vulnerability
25012,df_regime3,Moderate Violence,3,19,0.3354,0.365,0.2996,0.0822,-0.0129,-0.0822,-0.2996,-0.09103,0.21425247994639968,0.27004149333222843,Moderate Vulnerability
25013,df_regime3,Moderate Violence,4,24,0.4563,0.2139,0.3298,-0.1923,0.1055,0.1923,-0.3298,0.04447999999999999,0.4664532578958143,0.43070660301036356,Moderate Vulnerability
25014,df_regime3,Moderate Violence,1,12,0.0,0.5741,0.4259,0.436,-0.2498,-0.436,0.4259,-0.17051999999999998,0.06631181254769136,0.09480208880181286,High Vulnerability
25015,df_regime3,Moderate Violence,1,13,0.0,0.5741,0.4259,0.436,-0.2498,-0.436,0.4259,-0.17051999999999998,0.06631181254769136,0.13256914135167955,High Vulnerability
25016,df_regime3,Moderate Violence,4,29,0.4563,0.2139,0.3298,-0.1923,0.1055,0.1923,-0.3298,0.04447999999999999,0.4664532578958143,0.5081055521934792,Moderate Resilience
25018,df_regime3,Moderate Violence,1,13,0.0,0.5741,0.4259,0.436,-0.2498,-0.436,0.4259,-0.17051999999999998,0.06631181254769136,0.133060364661462,High Vulnerability
26012,df_regime3,Moderate Violence,5,33,0.6107,0.0,0.3893,-0.564,0.2657,0.564,-0.3893,0.22419,0.8009156725167966,0.7965446617225765,High Resilience
26014,df_regime3,Moderate Violence,2,16,0.2313,0.5133,0.2554,0.2658,-0.1227,-0.2658,0.2554,-0.09000999999999998,0.21615082540805128,0.27326712623336324,Moderate Vulnerability
26025,df_regime3,Moderate Violence,3,20,0.3354,0.365,0.2996,0.0822,-0.0129,-0.0822,-0.2996,-0.09103,0.21425247994639968,0.2349100042138272,High Vulnerability
26027,df_regime3,Moderate Violence,3,21,0.3354,0.365,0.2996,0.0822,-0.0129,-0.0822,-0.2996,-0.09103,0.21425247994639968,0.259621945184157,Moderate Vulnerability
26035,df_regime3,Moderate Violence,5,30,0.6107,0.0,0.3893,-0.564,0.2657,0.564,-0.3893,0.22419,0.8009156725167966,0.8075988570202661,High Resilience
26036,df_regime3,Moderate Violence,5,37,0.6107,0.0,0.3893,-0.564,0.2657,0.564,-0.3893,0.22419,0.8009156725167966,0.7811615526532909,High Resilience
26038,df_regime3,Moderate Violence,4,27,0.4563,0.2139,0.3298,-0.1923,0.1055,0.1923,-0.3298,0.04447999999999999,0.4664532578958143,0.5101184761562323,Moderate Resilience
26042,df_regime3,Moderate Violence,1,11,0.0,0.5741,0.4259,0.436,-0.2498,-0.436,0.4259,-0.17051999999999998,0.06631181254769136,0.11547791182641846,High Vulnerability
26043,df_regime3,Moderate Violence,4,26,0.4563,0.2139,0.3298,-0.1923,0.1055,0.1923,-0.3298,0.04447999999999999,0.4664532578958143,0.5268193558024,Moderate Resilience
26045,df_regime3,Moderate Violence,3,20,0.3354,0.365,0.2996,0.0822,-0.0129,-0.0822,-0.2996,-0.09103,0.21425247994639968,0.2988763016164589,Moderate Vulnerability
26048,df_regime3,Moderate Violence,4,26,0.4563,0.2139,0.3298,-0.1923,0.1055,0.1923,-0.3298,0.04447999999999999,0.4664532578958143,0.5056281827176947,Moderate Resilience
26051,df_regime3,Moderate Violence,3,21,0.3354,0.365,0.2996,0.0822,-0.0129,-0.0822,-0.2996,-0.09103,0.21425247994639968,0.25275711613822294,Moderate Vulnerability
26052,df_regime3,Moderate Violence,5,30,0.6107,0.0,0.3893,-0.564,0.2657,0.564,-0.3893,0.22419,0.8009156725167966,0.8101393169456337,High Resilience
26064,df_regime3,Moderate Violence,5,38,0.6107,0.0,0.3893,-0.564,0.2657,0.564,-0.3893,0.22419,0.8009156725167966,0.7530603713447723,High Resilience
26071,df_regime3,Moderate Violence,2,16,0.2313,0.5133,0.2554,0.2658,-0.1227,-0.2658,0.2554,-0.09000999999999998,0.21615082540805128,0.24123508911693098,High Vulnerability
26072,df_regime3,Moderate Violence,5,34,0.6107,0.0,0.3893,-0.564,0.2657,0.564,-0.3893,0.22419,0.8009156725167966,0.7941186200701814,High Resilience
27002,df_regime3,Moderate Violence,4,28,0.4563,0.2139,0.3298,-0.1923,0.1055,0.1923,-0.3298,0.04447999999999999,0.4664532578958143,0.4616145741611861,Moderate Vulnerability
27005,df_regime3,Moderate Violence,5,38,0.6107,0.0,0.3893,-0.564,0.2657,0.564,-0.3893,0.22419,0.8009156725167966,0.748585226742999,Moderate Resilience
27006,df_regime3,Moderate Violence,3,20,0.3354,0.365,0.2996,0.0822,-0.0129,-0.0822,-0.2996,-0.09103,0.21425247994639968,0.23609829679177718,High Vulnerability
27008,df_regime3,Moderate Violence,1,12,0.0,0.5741,0.4259,0.436,-0.2498,-0.436,0.4259,-0.17051999999999998,0.06631181254769136,0.12728197454393936,High Vulnerability
27009,df_regime3,Moderate Violence,5,33,0.6107,0.0,0.3893,-0.564,0.2657,0.564,-0.3893,0.22419,0.8009156725167966,0.6956864912587314,Moderate Resilience
27010,df_regime3,Moderate Violence,2,15,0.2313,0.5133,0.2554,0.2658,-0.1227,-0.2658,0.2554,-0.09000999999999998,0.21615082540805128,0.2739055160367703,Moderate Vulnerability
27012,df_regime3,Moderate Violence,1,13,0.0,0.5741,0.4259,0.436,-0.2498,-0.436,0.4259,-0.17051999999999998,0.06631181254769136,0.13913059266370806,High Vulnerability
27013,df_regime3,Moderate Violence,3,21,0.3354,0.365,0.2996,0.0822,-0.0129,-0.0822,-0.2996,-0.09103,0.21425247994639968,0.23460324026935084,High Vulnerability
27014,df_regime3,Moderate Violence,4,24,0.4563,0.2139,0.3298,-0.1923,0.1055,0.1923,-0.3298,0.04447999999999999,0.4664532578958143,0.5038708062645342,Moderate Resilience
27015,df_regime3,Moderate Violence,1,14,0.0,0.5741,0.4259,0.436,-0.2498,-0.436,0.4259,-0.17051999999999998,0.06631181254769136,0.13011417051311075,High Vulnerability
28001,df_regime3,Moderate Violence,1,11,0.0,0.5741,0.4259,0.436,-0.2498,-0.436,0.4259,-0.17051999999999998,0.06631181254769136,0.1453998942031975,High Vulnerability
28004,df_regime3,Moderate Violence,1,11,0.0,0.5741,0.4259,0.436,-0.2498,-0.436,0.4259,-0.17051999999999998,0.06631181254769136,0.07598462704956252,High Vulnerability
28011,df_regime3,Moderate Violence,5,30,0.6107,0.0,0.3893,-0.564,0.2657,0.564,-0.3893,0.22419,0.8009156725167966,0.7433674326965587,Moderate Resilience
28013,df_regime3,Moderate Violence,4,23,0.4563,0.2139,0.3298,-0.1923,0.1055,0.1923,-0.3298,0.04447999999999999,0.4664532578958143,0.4739639950022206,Moderate Vulnerability
28015,df_regime3,Moderate Violence,1,12,0.0,0.5741,0.4259,0.436,-0.2498,-0.436,0.4259,-0.17051999999999998,0.06631181254769136,0.12368234359633616,High Vulnerability
28016,df_regime3,Moderate Violence,1,13,0.0,0.5741,0.4259,0.436,-0.2498,-0.436,0.4259,-0.17051999999999998,0.06631181254769136,0.12852908025285648,High Vulnerability
28018,df_regime3,Moderate Violence,5,35,0.6107,0.0,0.3893,-0.564,0.2657,0.564,-0.3893,0.22419,0.8009156725167966,0.7574987577396911,High Resilience
28019,df_regime3,Moderate Violence,3,18,0.3354,0.365,0.2996,0.0822,-0.0129,-0.0822,-0.2996,-0.09103,0.21425247994639968,0.29937587906416285,Moderate Vulnerability
28020,df_regime3,Moderate Violence,4,26,0.4563,0.2139,0.3298,-0.1923,0.1055,0.1923,-0.3298,0.04447999999999999,0.4664532578958143,0.46623909074899533,Moderate Vulnerability
28021,df_regime3,Moderate Violence,3,21,0.3354,0.365,0.2996,0.0822,-0.0129,-0.0822,-0.2996,-0.09103,0.21425247994639968,0.26228789858248425,Moderate Vulnerability
28023,df_regime3,Moderate Violence,1,11,0.0,0.5741,0.4259,0.436,-0.2498,-0.436,0.4259,-0.17051999999999998,0.06631181254769136,0.11995733374680756,High Vulnerability
28024,df_regime3,Moderate Violence,4,28,0.4563,0.2139,0.3298,-0.1923,0.1055,0.1923,-0.3298,0.04447999999999999,0.4664532578958143,0.5049103951874819,Moderate Resilience
28025,df_regime3,Moderate Violence,5,38,0.6107,0.0,0.3893,-0.564,0.2657,0.564,-0.3893,0.22419,0.8009156725167966,0.7796084849971379,High Resilience
28026,df_regime3,Moderate Violence,1,13,0.0,0.5741,0.4259,0.436,-0.2498,-0.436,0.4259,-0.17051999999999998,0.06631181254769136,0.15380001329978762,High Vulnerability
28028,df_regime3,Moderate Violence,1,12,0.0,0.5741,0.4259,0.436,-0.2498,-0.436,0.4259,-0.17051999999999998,0.06631181254769136,0.0729306215578864,High Vulnerability
28030,df_regime3,Moderate Violence,4,25,0.4563,0.2139,0.3298,-0.1923,0.1055,0.1923,-0.3298,0.04447999999999999,0.4664532578958143,0.4807935361695744,Moderate Vulnerability
28032,df_regime3,Moderate Violence,2,15,0.2313,0.5133,0.2554,0.2658,-0.1227,-0.2658,0.2554,-0.09000999999999998,0.21615082540805128,0.2028429465512282,High Vulnerability
28033,df_regime3,Moderate Violence,1,14,0.0,0.5741,0.4259,0.436,-0.2498,-0.436,0.4259,-0.17051999999999998,0.06631181254769136,0.11540198942098817,High Vulnerability
28035,df_regime3,Moderate Violence,4,27,0.4563,0.2139,0.3298,-0.1923,0.1055,0.1923,-0.3298,0.04447999999999999,0.4664532578958143,0.44901978035491535,Moderate Vulnerability
28037,df_regime3,Moderate Violence,2,16,0.2313,0.5133,0.2554,0.2658,-0.1227,-0.2658,0.2554,-0.09000999999999998,0.21615082540805128,0.25488976046681594,Moderate Vulnerability
28039,df_regime3,Moderate Violence,3,19,0.3354,0.365,0.2996,0.0822,-0.0129,-0.0822,-0.2996,-0.09103,0.21425247994639968,0.27437896174105586,Moderate Vulnerability
28041,df_regime3,Moderate Violence,2,17,0.2313,0.5133,0.2554,0.2658,-0.1227,-0.2658,0.2554,-0.09000999999999998,0.21615082540805128,0.2856222947212877,Moderate Vulnerability
28043,df_regime3,Moderate Violence,4,29,0.4563,0.2139,0.3298,-0.1923,0.1055,0.1923,-0.3298,0.04447999999999999,0.4664532578958143,0.4901837208595139,Moderate Vulnerability
29002,df_regime3,Moderate Violence,1,14,0.0,0.5741,0.4259,0.436,-0.2498,-0.436,0.4259,-0.17051999999999998,0.06631181254769136,0.11570273838616109,High Vulnerability
29003,df_regime3,Moderate Violence,1,13,0.0,0.5741,0.4259,0.436,-0.2498,-0.436,0.4259,-0.17051999999999998,0.06631181254769136,0.09372039502374088,High Vulnerability
29005,df_regime3,Moderate Violence,1,11,0.0,0.5741,0.4259,0.436,-0.2498,-0.436,0.4259,-0.17051999999999998,0.06631181254769136,0.13929749720052848,High Vulnerability
29006,df_regime3,Moderate Violence,1,12,0.0,0.5741,0.4259,0.436,-0.2498,-0.436,0.4259,-0.17051999999999998,0.06631181254769136,0.1663265418647573,High Vulnerability
29007,df_regime3,Moderate Violence,1,11,0.0,0.5741,0.4259,0.436,-0.2498,-0.436,0.4259,-0.17051999999999998,0.06631181254769136,0.1444366955174036,High Vulnerability
29011,df_regime3,Moderate Violence,3,20,0.3354,0.365,0.2996,0.0822,-0.0129,-0.0822,-0.2996,-0.09103,0.21425247994639968,0.23977110998757245,High Vulnerability
29015,df_regime3,Moderate Violence,1,11,0.0,0.5741,0.4259,0.436,-0.2498,-0.436,0.4259,-0.17051999999999998,0.06631181254769136,0.15716198573180085,High Vulnerability
29020,df_regime3,Moderate Violence,3,20,0.3354,0.365,0.2996,0.0822,-0.0129,-0.0822,-0.2996,-0.09103,0.21425247994639968,0.31471541295004996,Moderate Vulnerability
29025,df_regime3,Moderate Violence,1,13,0.0,0.5741,0.4259,0.436,-0.2498,-0.436,0.4259,-0.17051999999999998,0.06631181254769136,0.11269564973305196,High Vulnerability
29027,df_regime3,Moderate Violence,4,26,0.4563,0.2139,0.3298,-0.1923,0.1055,0.1923,-0.3298,0.04447999999999999,0.4664532578958143,0.4586888882279838,Moderate Vulnerability
29038,df_regime3,Moderate Violence,3,18,0.3354,0.365,0.2996,0.0822,-0.0129,-0.0822,-0.2996,-0.09103,0.21425247994639968,0.29399772375997507,Moderate Vulnerability
29054,df_regime3,Moderate Violence,2,16,0.2313,0.5133,0.2554,0.2658,-0.1227,-0.2658,0.2554,-0.09000999999999998,0.21615082540805128,0.2939503677324431,Moderate Vulnerability
29055,df_regime3,Moderate Violence,2,15,0.2313,0.5133,0.2554,0.2658,-0.1227,-0.2658,0.2554,-0.09000999999999998,0.21615082540805128,0.29513999697246046,Moderate Vulnerability
30002,df_regime3,Moderate Violence,1,13,0.0,0.5741,0.4259,0.436,-0.2498,-0.436,0.4259,-0.17051999999999998,0.06631181254769136,0.1597933386777539,High Vulnerability
30003,df_regime3,Moderate Violence,5,31,0.6107,0.0,0.3893,-0.564,0.2657,0.564,-0.3893,0.22419,0.8009156725167966,0.7034675353187889,Moderate Resilience
30004,df_regime3,Moderate Violence,2,17,0.2313,0.5133,0.2554,0.2658,-0.1227,-0.2658,0.2554,-0.09000999999999998,0.21615082540805128,0.2771046830289699,Moderate Vulnerability
30007,df_regime3,Moderate Violence,1,14,0.0,0.5741,0.4259,0.436,-0.2498,-0.436,0.4259,-0.17051999999999998,0.06631181254769136,0.14897867322254862,High Vulnerability
30010,df_regime3,Moderate Violence,4,29,0.4563,0.2139,0.3298,-0.1923,0.1055,0.1923,-0.3298,0.04447999999999999,0.4664532578958143,0.4840321155975909,Moderate Vulnerability
30011,df_regime3,Moderate Violence,1,12,0.0,0.5741,0.4259,0.436,-0.2498,-0.436,0.4259,-0.17051999999999998,0.06631181254769136,0.12833609966687046,High Vulnerability
30013,df_regime3,Moderate Violence,1,11,0.0,0.5741,0.4259,0.436,-0.2498,-0.436,0.4259,-0.17051999999999998,0.06631181254769136,0.14851585398169917,High Vulnerability
30014,df_regime3,Moderate Violence,5,33,0.6107,0.0,0.3893,-0.564,0.2657,0.564,-0.3893,0.22419,0.8009156725167966,0.7731646599470438,High Resilience
30015,df_regime3,Moderate Violence,1,11,0.0,0.5741,0.4259,0.436,-0.2498,-0.436,0.4259,-0.17051999999999998,0.06631181254769136,0.1096119703434788,High Vulnerability
30016,df_regime3,Moderate Violence,5,30,0.6107,0.0,0.3893,-0.564,0.2657,0.564,-0.3893,0.22419,0.8009156725167966,0.7893761430549211,High Resilience
30018,df_regime3,Moderate Violence,4,24,0.4563,0.2139,0.3298,-0.1923,0.1055,0.1923,-0.3298,0.04447999999999999,0.4664532578958143,0.4893666861707941,Moderate Vulnerability
30021,df_regime3,Moderate Violence,3,18,0.3354,0.365,0.2996,0.0822,-0.0129,-0.0822,-0.2996,-0.09103,0.21425247994639968,0.30155530656511603,Moderate Vulnerability
30023,df_regime3,Moderate Violence,3,19,0.3354,0.365,0.2996,0.0822,-0.0129,-0.0822,-0.2996,-0.09103,0.21425247994639968,0.26453711893852994,Moderate Vulnerability
30024,df_regime3,Moderate Violence,2,17,0.2313,0.5133,0.2554,0.2658,-0.1227,-0.2658,0.2554,-0.09000999999999998,0.21615082540805128,0.2835642604390043,Moderate Vulnerability
30026,df_regime3,Moderate Violence,4,25,0.4563,0.2139,0.3298,-0.1923,0.1055,0.1923,-0.3298,0.04447999999999999,0.4664532578958143,0.4650310824055507,Moderate Vulnerability
30028,df_regime3,Moderate Violence,4,28,0.4563,0.2139,0.3298,-0.1923,0.1055,0.1923,-0.3298,0.04447999999999999,0.4664532578958143,0.49860001356712,Moderate Vulnerability
30030,df_regime3,Moderate Violence,4,26,0.4563,0.2139,0.3298,-0.1923,0.1055,0.1923,-0.3298,0.04447999999999999,0.4664532578958143,0.47389716189884884,Moderate Vulnerability
30032,df_regime3,Moderate Violence,4,27,0.4563,0.2139,0.3298,-0.1923,0.1055,0.1923,-0.3298,0.04447999999999999,0.4664532578958143,0.4179444877560084,Moderate Vulnerability
30033,df_regime3,Moderate Violence,3,20,0.3354,0.365,0.2996,0.0822,-0.0129,-0.0822,-0.2996,-0.09103,0.21425247994639968,0.2399037736977654,High Vulnerability
30034,df_regime3,Moderate Violence,1,14,0.0,0.5741,0.4259,0.436,-0.2498,-0.436,0.4259,-0.17051999999999998,0.06631181254769136,0.16450266647374187,High Vulnerability
30036,df_regime3,Moderate Violence,5,34,0.6107,0.0,0.3893,-0.564,0.2657,0.564,-0.3893,0.22419,0.8009156725167966,0.8031821913839431,High Resilience
30038,df_regime3,Moderate Violence,5,32,0.6107,0.0,0.3893,-0.564,0.2657,0.564,-0.3893,0.22419,0.8009156725167966,0.7530100237402323,High Resilience
30040,df_regime3,Moderate Violence,5,30,0.6107,0.0,0.3893,-0.564,0.2657,0.564,-0.3893,0.22419,0.8009156725167966,0.7717923535578102,High Resilience
30045,df_regime3,Moderate Violence,3,20,0.3354,0.365,0.2996,0.0822,-0.0129,-0.0822,-0.2996,-0.09103,0.21425247994639968,0.24614643110671058,High Vulnerability
30046,df_regime3,Moderate Violence,4,27,0.4563,0.2139,0.3298,-0.1923,0.1055,0.1923,-0.3298,0.04447999999999999,0.4664532578958143,0.5194616326190992,Moderate Resilience
30047,df_regime3,Moderate Violence,2,16,0.2313,0.5133,0.2554,0.2658,-0.1227,-0.2658,0.2554,-0.09000999999999998,0.21615082540805128,0.2393098501858017,High Vulnerability
30048,df_regime3,Moderate Violence,1,13,0.0,0.5741,0.4259,0.436,-0.2498,-0.436,0.4259,-0.17051999999999998,0.06631181254769136,0.05756168110651566,High Vulnerability
30053,df_regime3,Moderate Violence,5,32,0.6107,0.0,0.3893,-0.564,0.2657,0.564,-0.3893,0.22419,0.8009156725167966,0.7930690061817279,High Resilience
30054,df_regime3,Moderate Violence,3,21,0.3354,0.365,0.2996,0.0822,-0.0129,-0.0822,-0.2996,-0.09103,0.21425247994639968,0.2005805123358872,High Vulnerability
30055,df_regime3,Moderate Violence,1,14,0.0,0.5741,0.4259,0.436,-0.2498,-0.436,0.4259,-0.17051999999999998,0.06631181254769136,0.12982697912033608,High Vulnerability
30057,df_regime3,Moderate Violence,1,14,0.0,0.5741,0.4259,0.436,-0.2498,-0.436,0.4259,-0.17051999999999998,0.06631181254769136,0.1521478989844377,High Vulnerability
30060,df_regime3,Moderate Violence,1,11,0.0,0.5741,0.4259,0.436,-0.2498,-0.436,0.4259,-0.17051999999999998,0.06631181254769136,0.1521679489154492,High Vulnerability
30061,df_regime3,Moderate Violence,4,28,0.4563,0.2139,0.3298,-0.1923,0.1055,0.1923,-0.3298,0.04447999999999999,0.4664532578958143,0.4431024728582414,Moderate Vulnerability
30062,df_regime3,Moderate Violence,1,11,0.0,0.5741,0.4259,0.436,-0.2498,-0.436,0.4259,-0.17051999999999998,0.06631181254769136,0.10702432624713086,High Vulnerability
30068,df_regime3,Moderate Violence,5,34,0.6107,0.0,0.3893,-0.564,0.2657,0.564,-0.3893,0.22419,0.8009156725167966,0.7564501463477882,High Resilience
30071,df_regime3,Moderate Violence,4,23,0.4563,0.2139,0.3298,-0.1923,0.1055,0.1923,-0.3298,0.04447999999999999,0.4664532578958143,0.4679080247286938,Moderate Vulnerability
30072,df_regime3,Moderate Violence,3,22,0.3354,0.365,0.2996,0.0822,-0.0129,-0.0822,-0.2996,-0.09103,0.21425247994639968,0.27681837001412524,Moderate Vulnerability
30073,df_regime3,Moderate Violence,1,13,0.0,0.5741,0.4259,0.436,-0.2498,-0.436,0.4259,-0.17051999999999998,0.06631181254769136,0.10882320605748526,High Vulnerability
30077,df_regime3,Moderate Violence,4,24,0.4563,0.2139,0.3298,-0.1923,0.1055,0.1923,-0.3298,0.04447999999999999,0.4664532578958143,0.4104081960680845,Moderate Vulnerability
30080,df_regime3,Moderate Violence,3,20,0.3354,0.365,0.2996,0.0822,-0.0129,-0.0822,-0.2996,-0.09103,0.21425247994639968,0.25200514824942866,Moderate Vulnerability
30082,df_regime3,Moderate Violence,4,24,0.4563,0.2139,0.3298,-0.1923,0.1055,0.1923,-0.3298,0.04447999999999999,0.4664532578958143,0.4712154836260568,Moderate Vulnerability
30083,df_regime3,Moderate Violence,1,14,0.0,0.5741,0.4259,0.436,-0.2498,-0.436,0.4259,-0.17051999999999998,0.06631181254769136,0.14265726414013039,High Vulnerability
30085,df_regime3,Moderate Violence,2,16,0.2313,0.5133,0.2554,0.2658,-0.1227,-0.2658,0.2554,-0.09000999999999998,0.21615082540805128,0.27715420635856836,Moderate Vulnerability
30086,df_regime3,Moderate Violence,1,14,0.0,0.5741,0.4259,0.436,-0.2498,-0.436,0.4259,-0.17051999999999998,0.06631181254769136,0.1256510558699444,High Vulnerability
30088,df_regime3,Moderate Violence,4,29,0.4563,0.2139,0.3298,-0.1923,0.1055,0.1923,-0.3298,0.04447999999999999,0.4664532578958143,0.4780585250802917,Moderate Vulnerability
30089,df_regime3,Moderate Violence,4,23,0.4563,0.2139,0.3298,-0.1923,0.1055,0.1923,-0.3298,0.04447999999999999,0.4664532578958143,0.458035260477008,Moderate Vulnerability
30090,df_regime3,Moderate Violence,1,13,0.0,0.5741,0.4259,0.436,-0.2498,-0.436,0.4259,-0.17051999999999998,0.06631181254769136,0.13078670248475457,High Vulnerability
30092,df_regime3,Moderate Violence,4,24,0.4563,0.2139,0.3298,-0.1923,0.1055,0.1923,-0.3298,0.04447999999999999,0.4664532578958143,0.5233823966284036,Moderate Resilience
30093,df_regime3,Moderate Violence,4,26,0.4563,0.2139,0.3298,-0.1923,0.1055,0.1923,-0.3298,0.04447999999999999,0.4664532578958143,0.48391731542117056,Moderate Vulnerability
30094,df_regime3,Moderate Violence,1,14,0.0,0.5741,0.4259,0.436,-0.2498,-0.436,0.4259,-0.17051999999999998,0.06631181254769136,0.11168072222524837,High Vulnerability
30095,df_regime3,Moderate Violence,1,13,0.0,0.5741,0.4259,0.436,-0.2498,-0.436,0.4259,-0.17051999999999998,0.06631181254769136,0.14351840867707558,High Vulnerability
30097,df_regime3,Moderate Violence,2,15,0.2313,0.5133,0.2554,0.2658,-0.1227,-0.2658,0.2554,-0.09000999999999998,0.21615082540805128,0.22260736654515303,High Vulnerability
30099,df_regime3,Moderate Violence,3,18,0.3354,0.365,0.2996,0.0822,-0.0129,-0.0822,-0.2996,-0.09103,0.21425247994639968,0.27085418386922905,Moderate Vulnerability
30100,df_regime3,Moderate Violence,1,14,0.0,0.5741,0.4259,0.436,-0.2498,-0.436,0.4259,-0.17051999999999998,0.06631181254769136,0.16459222283226,High Vulnerability
30108,df_regime3,Moderate Violence,4,25,0.4563,0.2139,0.3298,-0.1923,0.1055,0.1923,-0.3298,0.04447999999999999,0.4664532578958143,0.4666731717553949,Moderate Vulnerability
30109,df_regime3,Moderate Violence,4,25,0.4563,0.2139,0.3298,-0.1923,0.1055,0.1923,-0.3298,0.04447999999999999,0.4664532578958143,0.4819706007861579,Moderate Vulnerability
30111,df_regime3,Moderate Violence,1,14,0.0,0.5741,0.4259,0.436,-0.2498,-0.436,0.4259,-0.17051999999999998,0.06631181254769136,0.14612022139133835,High Vulnerability
30112,df_regime3,Moderate Violence,4,27,0.4563,0.2139,0.3298,-0.1923,0.1055,0.1923,-0.3298,0.04447999999999999,0.4664532578958143,0.4976976330053945,Moderate Vulnerability
30114,df_regime3,Moderate Violence,3,19,0.3354,0.365,0.2996,0.0822,-0.0129,-0.0822,-0.2996,-0.09103,0.21425247994639968,0.23584232600586333,High Vulnerability
30117,df_regime3,Moderate Violence,5,35,0.6107,0.0,0.3893,-0.564,0.2657,0.564,-0.3893,0.22419,0.8009156725167966,0.8236126414433125,High Resilience
30118,df_regime3,Moderate Violence,5,33,0.6107,0.0,0.3893,-0.564,0.2657,0.564,-0.3893,0.22419,0.8009156725167966,0.7564447996995184,High Resilience
30120,df_regime3,Moderate Violence,2,17,0.2313,0.5133,0.2554,0.2658,-0.1227,-0.2658,0.2554,-0.09000999999999998,0.21615082540805128,0.1759378104606506,High Vulnerability
30124,df_regime3,Moderate Violence,5,35,0.6107,0.0,0.3893,-0.564,0.2657,0.564,-0.3893,0.22419,0.8009156725167966,0.7490066398384414,Moderate Resilience
30125,df_regime3,Moderate Violence,5,34,0.6107,0.0,0.3893,-0.564,0.2657,0.564,-0.3893,0.22419,0.8009156725167966,0.7830630881104244,High Resilience
30129,df_regime3,Moderate Violence,4,27,0.4563,0.2139,0.3298,-0.1923,0.1055,0.1923,-0.3298,0.04447999999999999,0.4664532578958143,0.45835913369594755,Moderate Vulnerability
30130,df_regime3,Moderate Violence,2,16,0.2313,0.5133,0.2554,0.2658,-0.1227,-0.2658,0.2554,-0.09000999999999998,0.21615082540805128,0.23067679544625977,High Vulnerability
30132,df_regime3,Moderate Violence,3,18,0.3354,0.365,0.2996,0.0822,-0.0129,-0.0822,-0.2996,-0.09103,0.21425247994639968,0.26086584290411224,Moderate Vulnerability
30134,df_regime3,Moderate Violence,3,18,0.3354,0.365,0.2996,0.0822,-0.0129,-0.0822,-0.2996,-0.09103,0.21425247994639968,0.2611834338113349,Moderate Vulnerability
30135,df_regime3,Moderate Violence,4,23,0.4563,0.2139,0.3298,-0.1923,0.1055,0.1923,-0.3298,0.04447999999999999,0.4664532578958143,0.4781472460250177,Moderate Vulnerability
30136,df_regime3,Moderate Violence,3,22,0.3354,0.365,0.2996,0.0822,-0.0129,-0.0822,-0.2996,-0.09103,0.21425247994639968,0.2449159222851308,High Vulnerability
30138,df_regime3,Moderate Violence,5,35,0.6107,0.0,0.3893,-0.564,0.2657,0.564,-0.3893,0.22419,0.8009156725167966,0.7568618382645582,High Resilience
30141,df_regime3,Moderate Violence,2,16,0.2313,0.5133,0.2554,0.2658,-0.1227,-0.2658,0.2554,-0.09000999999999998,0.21615082540805128,0.2199487456930243,High Vulnerability
30142,df_regime3,Moderate Violence,1,13,0.0,0.5741,0.4259,0.436,-0.2498,-0.436,0.4259,-0.17051999999999998,0.06631181254769136,0.13604093012011875,High Vulnerability
30143,df_regime3,Moderate Violence,1,14,0.0,0.5741,0.4259,0.436,-0.2498,-0.436,0.4259,-0.17051999999999998,0.06631181254769136,0.10974069090057281,High Vulnerability
30144,df_regime3,Moderate Violence,2,16,0.2313,0.5133,0.2554,0.2658,-0.1227,-0.2658,0.2554,-0.09000999999999998,0.21615082540805128,0.2360801181876601,High Vulnerability
30145,df_regime3,Moderate Violence,3,19,0.3354,0.365,0.2996,0.0822,-0.0129,-0.0822,-0.2996,-0.09103,0.21425247994639968,0.2402464938518558,High Vulnerability
30151,df_regime3,Moderate Violence,4,25,0.4563,0.2139,0.3298,-0.1923,0.1055,0.1923,-0.3298,0.04447999999999999,0.4664532578958143,0.4507100850150492,Moderate Vulnerability
30155,df_regime3,Moderate Violence,3,22,0.3354,0.365,0.2996,0.0822,-0.0129,-0.0822,-0.2996,-0.09103,0.21425247994639968,0.2669853109908996,Moderate Vulnerability
30157,df_regime3,Moderate Violence,1,14,0.0,0.5741,0.4259,0.436,-0.2498,-0.436,0.4259,-0.17051999999999998,0.06631181254769136,0.12919607462450666,High Vulnerability
30160,df_regime3,Moderate Violence,5,31,0.6107,0.0,0.3893,-0.564,0.2657,0.564,-0.3893,0.22419,0.8009156725167966,0.7183835144120575,Moderate Resilience
30167,df_regime3,Moderate Violence,2,16,0.2313,0.5133,0.2554,0.2658,-0.1227,-0.2658,0.2554,-0.09000999999999998,0.21615082540805128,0.25173657464973614,Moderate Vulnerability
30169,df_regime3,Moderate Violence,1,13,0.0,0.5741,0.4259,0.436,-0.2498,-0.436,0.4259,-0.17051999999999998,0.06631181254769136,0.09187646970171391,High Vulnerability
30172,df_regime3,Moderate Violence,3,22,0.3354,0.365,0.2996,0.0822,-0.0129,-0.0822,-0.2996,-0.09103,0.21425247994639968,0.24414099245153517,High Vulnerability
30176,df_regime3,Moderate Violence,1,11,0.0,0.5741,0.4259,0.436,-0.2498,-0.436,0.4259,-0.17051999999999998,0.06631181254769136,0.10870130247693516,High Vulnerability
30178,df_regime3,Moderate Violence,1,11,0.0,0.5741,0.4259,0.436,-0.2498,-0.436,0.4259,-0.17051999999999998,0.06631181254769136,0.11364651771127372,High Vulnerability
30179,df_regime3,Moderate Violence,1,11,0.0,0.5741,0.4259,0.436,-0.2498,-0.436,0.4259,-0.17051999999999998,0.06631181254769136,0.14289986830536988,High Vulnerability
30182,df_regime3,Moderate Violence,4,28,0.4563,0.2139,0.3298,-0.1923,0.1055,0.1923,-0.3298,0.04447999999999999,0.4664532578958143,0.46774717972657914,Moderate Vulnerability
30183,df_regime3,Moderate Violence,5,33,0.6107,0.0,0.3893,-0.564,0.2657,0.564,-0.3893,0.22419,0.8009156725167966,0.7395354898816352,Moderate Resilience
30184,df_regime3,Moderate Violence,3,18,0.3354,0.365,0.2996,0.0822,-0.0129,-0.0822,-0.2996,-0.09103,0.21425247994639968,0.30992481610036193,Moderate Vulnerability
30186,df_regime3,Moderate Violence,1,13,0.0,0.5741,0.4259,0.436,-0.2498,-0.436,0.4259,-0.17051999999999998,0.06631181254769136,0.07736967628383894,High Vulnerability
30188,df_regime3,Moderate Violence,3,22,0.3354,0.365,0.2996,0.0822,-0.0129,-0.0822,-0.2996,-0.09103,0.21425247994639968,0.26689823700479237,Moderate Vulnerability
30190,df_regime3,Moderate Violence,3,21,0.3354,0.365,0.2996,0.0822,-0.0129,-0.0822,-0.2996,-0.09103,0.21425247994639968,0.23325688740192665,High Vulnerability
30192,df_regime3,Moderate Violence,1,14,0.0,0.5741,0.4259,0.436,-0.2498,-0.436,0.4259,-0.17051999999999998,0.06631181254769136,0.14989348474150135,High Vulnerability
30193,df_regime3,Moderate Violence,5,30,0.6107,0.0,0.3893,-0.564,0.2657,0.564,-0.3893,0.22419,0.8009156725167966,0.7325452819337758,Moderate Resilience
30197,df_regime3,Moderate Violence,4,26,0.4563,0.2139,0.3298,-0.1923,0.1055,0.1923,-0.3298,0.04447999999999999,0.4664532578958143,0.45988226012179,Moderate Vulnerability
30204,df_regime3,Moderate Violence,4,23,0.4563,0.2139,0.3298,-0.1923,0.1055,0.1923,-0.3298,0.04447999999999999,0.4664532578958143,0.44279651091100547,Moderate Vulnerability
30205,df_regime3,Moderate Violence,4,28,0.4563,0.2139,0.3298,-0.1923,0.1055,0.1923,-0.3298,0.04447999999999999,0.4664532578958143,0.5192354025641858,Moderate Resilience
30206,df_regime3,Moderate Violence,5,33,0.6107,0.0,0.3893,-0.564,0.2657,0.564,-0.3893,0.22419,0.8009156725167966,0.7300537438400765,Moderate Resilience
30209,df_regime3,Moderate Violence,2,16,0.2313,0.5133,0.2554,0.2658,-0.1227,-0.2658,0.2554,-0.09000999999999998,0.21615082540805128,0.19630085456147633,High Vulnerability
30211,df_regime3,Moderate Violence,4,24,0.4563,0.2139,0.3298,-0.1923,0.1055,0.1923,-0.3298,0.04447999999999999,0.4664532578958143,0.4408588855780513,Moderate Vulnerability
30212,df_regime3,Moderate Violence,3,18,0.3354,0.365,0.2996,0.0822,-0.0129,-0.0822,-0.2996,-0.09103,0.21425247994639968,0.2658002645922563,Moderate Vulnerability
31047,df_regime3,Moderate Violence,2,15,0.2313,0.5133,0.2554,0.2658,-0.1227,-0.2658,0.2554,-0.09000999999999998,0.21615082540805128,0.287507847519129,Moderate Vulnerability
31050,df_regime3,Moderate Violence,3,20,0.3354,0.365,0.2996,0.0822,-0.0129,-0.0822,-0.2996,-0.09103,0.21425247994639968,0.2652726172411362,Moderate Vulnerability
31065,df_regime3,Moderate Violence,3,22,0.3354,0.365,0.2996,0.0822,-0.0129,-0.0822,-0.2996,-0.09103,0.21425247994639968,0.33240479875048834,Moderate Vulnerability
31082,df_regime3,Moderate Violence,1,14,0.0,0.5741,0.4259,0.436,-0.2498,-0.436,0.4259,-0.17051999999999998,0.06631181254769136,0.1893124511074079,High Vulnerability
31083,df_regime3,Moderate Violence,4,25,0.4563,0.2139,0.3298,-0.1923,0.1055,0.1923,-0.3298,0.04447999999999999,0.4664532578958143,0.5002360879376608,Moderate Resilience
31088,df_regime3,Moderate Violence,4,26,0.4563,0.2139,0.3298,-0.1923,0.1055,0.1923,-0.3298,0.04447999999999999,0.4664532578958143,0.5171889729389424,Moderate Resilience
31105,df_regime3,Moderate Violence,4,28,0.4563,0.2139,0.3298,-0.1923,0.1055,0.1923,-0.3298,0.04447999999999999,0.4664532578958143,0.5497620908602723,Moderate Resilience
32004,df_regime3,Moderate Violence,1,10,0.0,0.5741,0.4259,0.436,-0.2498,-0.436,0.4259,-0.17051999999999998,0.06631181254769136,0.1840232793065665,High Vulnerability
32006,df_regime3,Moderate Violence,1,12,0.0,0.5741,0.4259,0.436,-0.2498,-0.436,0.4259,-0.17051999999999998,0.06631181254769136,0.1473586387968171,High Vulnerability
32008,df_regime3,Moderate Violence,5,35,0.6107,0.0,0.3893,-0.564,0.2657,0.564,-0.3893,0.22419,0.8009156725167966,0.738369786892625,Moderate Resilience
32010,df_regime3,Moderate Violence,4,29,0.4563,0.2139,0.3298,-0.1923,0.1055,0.1923,-0.3298,0.04447999999999999,0.4664532578958143,0.45494676910399207,Moderate Vulnerability
32012,df_regime3,Moderate Violence,3,18,0.3354,0.365,0.2996,0.0822,-0.0129,-0.0822,-0.2996,-0.09103,0.21425247994639968,0.26159245240397005,Moderate Vulnerability
32013,df_regime3,Moderate Violence,1,14,0.0,0.5741,0.4259,0.436,-0.2498,-0.436,0.4259,-0.17051999999999998,0.06631181254769136,0.16641743488534289,High Vulnerability
32016,df_regime3,Moderate Violence,1,14,0.0,0.5741,0.4259,0.436,-0.2498,-0.436,0.4259,-0.17051999999999998,0.06631181254769136,0.07840986670471707,High Vulnerability
32019,df_regime3,Moderate Violence,1,11,0.0,0.5741,0.4259,0.436,-0.2498,-0.436,0.4259,-0.17051999999999998,0.06631181254769136,0.1707562399562378,High Vulnerability
32020,df_regime3,Moderate Violence,4,27,0.4563,0.2139,0.3298,-0.1923,0.1055,0.1923,-0.3298,0.04447999999999999,0.4664532578958143,0.4868585830150447,Moderate Vulnerability
32021,df_regime3,Moderate Violence,1,11,0.0,0.5741,0.4259,0.436,-0.2498,-0.436,0.4259,-0.17051999999999998,0.06631181254769136,0.11215229660263953,High Vulnerability
32031,df_regime3,Moderate Violence,3,22,0.3354,0.365,0.2996,0.0822,-0.0129,-0.0822,-0.2996,-0.09103,0.21425247994639968,0.24439813281675804,High Vulnerability
32033,df_regime3,Moderate Violence,3,21,0.3354,0.365,0.2996,0.0822,-0.0129,-0.0822,-0.2996,-0.09103,0.21425247994639968,0.255734530893435,Moderate Vulnerability
32034,df_regime3,Moderate Violence,1,14,0.0,0.5741,0.4259,0.436,-0.2498,-0.436,0.4259,-0.17051999999999998,0.06631181254769136,0.16043012448668006,High Vulnerability
32036,df_regime3,Moderate Violence,3,20,0.3354,0.365,0.2996,0.0822,-0.0129,-0.0822,-0.2996,-0.09103,0.21425247994639968,0.22528102484554038,High Vulnerability
32038,df_regime3,Moderate Violence,4,27,0.4563,0.2139,0.3298,-0.1923,0.1055,0.1923,-0.3298,0.04447999999999999,0.4664532578958143,0.47101106546578925,Moderate Vulnerability
32042,df_regime3,Moderate Violence,1,12,0.0,0.5741,0.4259,0.436,-0.2498,-0.436,0.4259,-0.17051999999999998,0.06631181254769136,0.12970327712173163,High Vulnerability
32044,df_regime3,Moderate Violence,1,14,0.0,0.5741,0.4259,0.436,-0.2498,-0.436,0.4259,-0.17051999999999998,0.06631181254769136,0.14584179468269157,High Vulnerability
32048,df_regime3,Moderate Violence,2,17,0.2313,0.5133,0.2554,0.2658,-0.1227,-0.2658,0.2554,-0.09000999999999998,0.21615082540805128,0.28055510429950253,Moderate Vulnerability
32049,df_regime3,Moderate Violence,2,17,0.2313,0.5133,0.2554,0.2658,-0.1227,-0.2658,0.2554,-0.09000999999999998,0.21615082540805128,0.24312887193407326,High Vulnerability
32052,df_regime3,Moderate Violence,4,24,0.4563,0.2139,0.3298,-0.1923,0.1055,0.1923,-0.3298,0.04447999999999999,0.4664532578958143,0.47707206847452444,Moderate Vulnerability
32057,df_regime3,Moderate Violence,1,11,0.0,0.5741,0.4259,0.436,-0.2498,-0.436,0.4259,-0.17051999999999998,0.06631181254769136,0.07444639634235801,High Vulnerability
32058,df_regime3,Moderate Violence,5,36,0.6107,0.0,0.3893,-0.564,0.2657,0.564,-0.3893,0.22419,0.8009156725167966,0.755342721824918,High Resilience
01001,df_regime4,High Violence,5,90,0.466,0.0,0.534,-0.5431,0.1051,0.5431,-0.534,0.10868,0.5859373545997655,0.580503981749216,Moderate Resilience
01002,df_regime4,High Violence,4,79,0.3866,0.3067,0.3067,-0.0307,0.018,0.0307,-0.3067,-0.04313,0.3034002717239582,0.3224513446653316,Moderate Vulnerability
01003,df_regime4,High Violence,4,75,0.3866,0.3067,0.3067,-0.0307,0.018,0.0307,-0.3067,-0.04313,0.3034002717239582,0.32164199578349956,Moderate Vulnerability
01004,df_regime4,High Violence,5,106,0.466,0.0,0.534,-0.5431,0.1051,0.5431,-0.534,0.10868,0.5859373545997655,0.5895481714630001,Moderate Resilience
01005,df_regime4,High Violence,5,130,0.466,0.0,0.534,-0.5431,0.1051,0.5431,-0.534,0.10868,0.5859373545997655,0.5702908142243567,Moderate Resilience
01006,df_regime4,High Violence,2,49,0.1692,0.5139,0.3169,0.3538,-0.0778,-0.3538,0.3169,-0.08166,0.23169120247157138,0.2895155903251064,Moderate Vulnerability
01008,df_regime4,High Violence,3,54,0.334,0.4114,0.2546,0.2031,-0.0175,-0.2031,-0.2546,-0.12059999999999998,0.15921907278852065,0.22563490612789389,High Vulnerability
01009,df_regime4,High Violence,1,42,0.0,0.7067,0.2933,0.4569,-0.1594,-0.4569,0.2933,-0.15810999999999997,0.08940834899778535,0.17129237511148607,High Vulnerability
01010,df_regime4,High Violence,3,56,0.334,0.4114,0.2546,0.2031,-0.0175,-0.2031,-0.2546,-0.12059999999999998,0.15921907278852065,0.21321798385245397,High Vulnerability
01011,df_regime4,High Violence,5,87,0.466,0.0,0.534,-0.5431,0.1051,0.5431,-0.534,0.10868,0.5859373545997655,0.5702908142243567,Moderate Resilience
02002,df_regime4,High Violence,4,80,0.3866,0.3067,0.3067,-0.0307,0.018,0.0307,-0.3067,-0.04313,0.3034002717239582,0.3026918034879529,Moderate Vulnerability
03002,df_regime4,High Violence,1,42,0.0,0.7067,0.2933,0.4569,-0.1594,-0.4569,0.2933,-0.15810999999999997,0.08940834899778535,0.21134933028217948,High Vulnerability
03003,df_regime4,High Violence,3,54,0.334,0.4114,0.2546,0.2031,-0.0175,-0.2031,-0.2546,-0.12059999999999998,0.15921907278852065,0.2715151632615758,Moderate Vulnerability
03008,df_regime4,High Violence,5,109,0.466,0.0,0.534,-0.5431,0.1051,0.5431,-0.534,0.10868,0.5859373545997655,0.5241783788895613,Moderate Resilience
03009,df_regime4,High Violence,5,85,0.466,0.0,0.534,-0.5431,0.1051,0.5431,-0.534,0.10868,0.5859373545997655,0.5857878069017878,Moderate Resilience
04002,df_regime4,High Violence,1,43,0.0,0.7067,0.2933,0.4569,-0.1594,-0.4569,0.2933,-0.15810999999999997,0.08940834899778535,0.14451088026214626,High Vulnerability
04003,df_regime4,High Violence,1,42,0.0,0.7067,0.2933,0.4569,-0.1594,-0.4569,0.2933,-0.15810999999999997,0.08940834899778535,0.14517152548897613,High Vulnerability
05002,df_regime4,High Violence,5,135,0.466,0.0,0.534,-0.5431,0.1051,0.5431,-0.534,0.10868,0.5859373545997655,0.537424365812328,Moderate Resilience
05004,df_regime4,High Violence,5,93,0.466,0.0,0.534,-0.5431,0.1051,0.5431,-0.534,0.10868,0.5859373545997655,0.5721251155794982,Moderate Resilience
05006,df_regime4,High Violence,4,80,0.3866,0.3067,0.3067,-0.0307,0.018,0.0307,-0.3067,-0.04313,0.3034002717239582,0.35248967392749464,Moderate Vulnerability
05009,df_regime4,High Violence,4,67,0.3866,0.3067,0.3067,-0.0307,0.018,0.0307,-0.3067,-0.04313,0.3034002717239582,0.32004267961981325,Moderate Vulnerability
05010,df_regime4,High Violence,5,96,0.466,0.0,0.534,-0.5431,0.1051,0.5431,-0.534,0.10868,0.5859373545997655,0.5898632895453978,Moderate Resilience
05011,df_regime4,High Violence,2,49,0.1692,0.5139,0.3169,0.3538,-0.0778,-0.3538,0.3169,-0.08166,0.23169120247157138,0.31081503303727387,Moderate Vulnerability
05014,df_regime4,High Violence,2,46,0.1692,0.5139,0.3169,0.3538,-0.0778,-0.3538,0.3169,-0.08166,0.23169120247157138,0.25272369958653707,Moderate Vulnerability
05018,df_regime4,High Violence,5,120,0.466,0.0,0.534,-0.5431,0.1051,0.5431,-0.534,0.10868,0.5859373545997655,0.5762290022920413,Moderate Resilience
05021,df_regime4,High Violence,5,112,0.466,0.0,0.534,-0.5431,0.1051,0.5431,-0.534,0.10868,0.5859373545997655,0.5827129494818597,Moderate Resilience
05024,df_regime4,High Violence,5,85,0.466,0.0,0.534,-0.5431,0.1051,0.5431,-0.534,0.10868,0.5859373545997655,0.5872445776035683,Moderate Resilience
05027,df_regime4,High Violence,5,85,0.466,0.0,0.534,-0.5431,0.1051,0.5431,-0.534,0.10868,0.5859373545997655,0.562147156023105,Moderate Resilience
05030,df_regime4,High Violence,5,102,0.466,0.0,0.534,-0.5431,0.1051,0.5431,-0.534,0.10868,0.5859373545997655,0.6136982019778812,Moderate Resilience
05032,df_regime4,High Violence,2,51,0.1692,0.5139,0.3169,0.3538,-0.0778,-0.3538,0.3169,-0.08166,0.23169120247157138,0.2521489348975399,Moderate Vulnerability
05033,df_regime4,High Violence,5,117,0.466,0.0,0.534,-0.5431,0.1051,0.5431,-0.534,0.10868,0.5859373545997655,0.5580932381941829,Moderate Resilience
05037,df_regime4,High Violence,4,72,0.3866,0.3067,0.3067,-0.0307,0.018,0.0307,-0.3067,-0.04313,0.3034002717239582,0.3319075604614024,Moderate Vulnerability
05038,df_regime4,High Violence,3,62,0.334,0.4114,0.2546,0.2031,-0.0175,-0.2031,-0.2546,-0.12059999999999998,0.15921907278852065,0.19587546185851507,High Vulnerability
06001,df_regime4,High Violence,4,76,0.3866,0.3067,0.3067,-0.0307,0.018,0.0307,-0.3067,-0.04313,0.3034002717239582,0.3613448691725294,Moderate Vulnerability
06003,df_regime4,High Violence,4,74,0.3866,0.3067,0.3067,-0.0307,0.018,0.0307,-0.3067,-0.04313,0.3034002717239582,0.31895530502795466,Moderate Vulnerability
06004,df_regime4,High Violence,5,111,0.466,0.0,0.534,-0.5431,0.1051,0.5431,-0.534,0.10868,0.5859373545997655,0.5683831301217132,Moderate Resilience
06005,df_regime4,High Violence,3,63,0.334,0.4114,0.2546,0.2031,-0.0175,-0.2031,-0.2546,-0.12059999999999998,0.15921907278852065,0.18456362494732723,High Vulnerability
06010,df_regime4,High Violence,5,107,0.466,0.0,0.534,-0.5431,0.1051,0.5431,-0.534,0.10868,0.5859373545997655,0.5530727354688961,Moderate Resilience
07087,df_regime4,High Violence,4,74,0.3866,0.3067,0.3067,-0.0307,0.018,0.0307,-0.3067,-0.04313,0.3034002717239582,0.2966216868742124,Moderate Vulnerability
08002,df_regime4,High Violence,1,39,0.0,0.7067,0.2933,0.4569,-0.1594,-0.4569,0.2933,-0.15810999999999997,0.08940834899778535,0.15664595779308127,High Vulnerability
08003,df_regime4,High Violence,2,52,0.1692,0.5139,0.3169,0.3538,-0.0778,-0.3538,0.3169,-0.08166,0.23169120247157138,0.2875957091810974,Moderate Vulnerability
08005,df_regime4,High Violence,3,60,0.334,0.4114,0.2546,0.2031,-0.0175,-0.2031,-0.2546,-0.12059999999999998,0.15921907278852065,0.2134228941473918,High Vulnerability
08006,df_regime4,High Violence,2,51,0.1692,0.5139,0.3169,0.3538,-0.0778,-0.3538,0.3169,-0.08166,0.23169120247157138,0.30957060065249165,Moderate Vulnerability
08007,df_regime4,High Violence,2,45,0.1692,0.5139,0.3169,0.3538,-0.0778,-0.3538,0.3169,-0.08166,0.23169120247157138,0.31756584480885575,Moderate Vulnerability
08013,df_regime4,High Violence,5,100,0.466,0.0,0.534,-0.5431,0.1051,0.5431,-0.534,0.10868,0.5859373545997655,0.6221137706602008,Moderate Resilience
08015,df_regime4,High Violence,2,47,0.1692,0.5139,0.3169,0.3538,-0.0778,-0.3538,0.3169,-0.08166,0.23169120247157138,0.22414218876408556,High Vulnerability
08016,df_regime4,High Violence,1,41,0.0,0.7067,0.2933,0.4569,-0.1594,-0.4569,0.2933,-0.15810999999999997,0.08940834899778535,0.19554396966579116,High Vulnerability
08017,df_regime4,High Violence,5,116,0.466,0.0,0.534,-0.5431,0.1051,0.5431,-0.534,0.10868,0.5859373545997655,0.5771073324841391,Moderate Resilience
08018,df_regime4,High Violence,3,59,0.334,0.4114,0.2546,0.2031,-0.0175,-0.2031,-0.2546,-0.12059999999999998,0.15921907278852065,0.22426415917773904,High Vulnerability
08019,df_regime4,High Violence,5,101,0.466,0.0,0.534,-0.5431,0.1051,0.5431,-0.534,0.10868,0.5859373545997655,0.5585787138570754,Moderate Resilience
08027,df_regime4,High Violence,2,51,0.1692,0.5139,0.3169,0.3538,-0.0778,-0.3538,0.3169,-0.08166,0.23169120247157138,0.26451071986269814,Moderate Vulnerability
08028,df_regime4,High Violence,1,44,0.0,0.7067,0.2933,0.4569,-0.1594,-0.4569,0.2933,-0.15810999999999997,0.08940834899778535,0.13847464803181533,High Vulnerability
08029,df_regime4,High Violence,3,63,0.334,0.4114,0.2546,0.2031,-0.0175,-0.2031,-0.2546,-0.12059999999999998,0.15921907278852065,0.23255041376135616,High Vulnerability
08041,df_regime4,High Violence,2,45,0.1692,0.5139,0.3169,0.3538,-0.0778,-0.3538,0.3169,-0.08166,0.23169120247157138,0.30426431957718714,Moderate Vulnerability
08042,df_regime4,High Violence,2,46,0.1692,0.5139,0.3169,0.3538,-0.0778,-0.3538,0.3169,-0.08166,0.23169120247157138,0.24774095756465525,High Vulnerability
08045,df_regime4,High Violence,1,40,0.0,0.7067,0.2933,0.4569,-0.1594,-0.4569,0.2933,-0.15810999999999997,0.08940834899778535,0.13843174117945062,High Vulnerability
08047,df_regime4,High Violence,4,83,0.3866,0.3067,0.3067,-0.0307,0.018,0.0307,-0.3067,-0.04313,0.3034002717239582,0.3622824039466284,Moderate Vulnerability
08052,df_regime4,High Violence,1,39,0.0,0.7067,0.2933,0.4569,-0.1594,-0.4569,0.2933,-0.15810999999999997,0.08940834899778535,0.13847518269664227,High Vulnerability
08061,df_regime4,High Violence,4,72,0.3866,0.3067,0.3067,-0.0307,0.018,0.0307,-0.3067,-0.04313,0.3034002717239582,0.3478913654637934,Moderate Vulnerability
08062,df_regime4,High Violence,4,68,0.3866,0.3067,0.3067,-0.0307,0.018,0.0307,-0.3067,-0.04313,0.3034002717239582,0.32917987873578947,Moderate Vulnerability
08067,df_regime4,High Violence,4,74,0.3866,0.3067,0.3067,-0.0307,0.018,0.0307,-0.3067,-0.04313,0.3034002717239582,0.3504657766056737,Moderate Vulnerability
09005,df_regime4,High Violence,2,46,0.1692,0.5139,0.3169,0.3538,-0.0778,-0.3538,0.3169,-0.08166,0.23169120247157138,0.3080974081024541,Moderate Vulnerability
09007,df_regime4,High Violence,2,49,0.1692,0.5139,0.3169,0.3538,-0.0778,-0.3538,0.3169,-0.08166,0.23169120247157138,0.3147799068948038,Moderate Vulnerability
09010,df_regime4,High Violence,1,42,0.0,0.7067,0.2933,0.4569,-0.1594,-0.4569,0.2933,-0.15810999999999997,0.08940834899778535,0.14342952064959114,High Vulnerability
09014,df_regime4,High Violence,2,45,0.1692,0.5139,0.3169,0.3538,-0.0778,-0.3538,0.3169,-0.08166,0.23169120247157138,0.2634370460570307,Moderate Vulnerability
09016,df_regime4,High Violence,1,42,0.0,0.7067,0.2933,0.4569,-0.1594,-0.4569,0.2933,-0.15810999999999997,0.08940834899778535,0.12129105515769448,High Vulnerability
09017,df_regime4,High Violence,3,64,0.334,0.4114,0.2546,0.2031,-0.0175,-0.2031,-0.2546,-0.12059999999999998,0.15921907278852065,0.23077971842545228,High Vulnerability
10007,df_regime4,High Violence,2,47,0.1692,0.5139,0.3169,0.3538,-0.0778,-0.3538,0.3169,-0.08166,0.23169120247157138,0.3033404187561759,Moderate Vulnerability
11001,df_regime4,High Violence,2,52,0.1692,0.5139,0.3169,0.3538,-0.0778,-0.3538,0.3169,-0.08166,0.23169120247157138,0.25346671661327264,Moderate Vulnerability
11002,df_regime4,High Violence,5,130,0.466,0.0,0.534,-0.5431,0.1051,0.5431,-0.534,0.10868,0.5859373545997655,0.5633308816723247,Moderate Resilience
11003,df_regime4,High Violence,5,123,0.466,0.0,0.534,-0.5431,0.1051,0.5431,-0.534,0.10868,0.5859373545997655,0.5767160724018285,Moderate Resilience
11004,df_regime4,High Violence,4,77,0.3866,0.3067,0.3067,-0.0307,0.018,0.0307,-0.3067,-0.04313,0.3034002717239582,0.3295526960640983,Moderate Vulnerability
11005,df_regime4,High Violence,5,85,0.466,0.0,0.534,-0.5431,0.1051,0.5431,-0.534,0.10868,0.5859373545997655,0.5509076102520644,Moderate Resilience
11009,df_regime4,High Violence,3,64,0.334,0.4114,0.2546,0.2031,-0.0175,-0.2031,-0.2546,-0.12059999999999998,0.15921907278852065,0.2483554879501586,High Vulnerability
11011,df_regime4,High Violence,5,107,0.466,0.0,0.534,-0.5431,0.1051,0.5431,-0.534,0.10868,0.5859373545997655,0.5827001175260124,Moderate Resilience
11012,df_regime4,High Violence,3,54,0.334,0.4114,0.2546,0.2031,-0.0175,-0.2031,-0.2546,-0.12059999999999998,0.15921907278852065,0.19127634184998715,High Vulnerability
11013,df_regime4,High Violence,3,53,0.334,0.4114,0.2546,0.2031,-0.0175,-0.2031,-0.2546,-0.12059999999999998,0.15921907278852065,0.20034492564650172,High Vulnerability
11014,df_regime4,High Violence,3,58,0.334,0.4114,0.2546,0.2031,-0.0175,-0.2031,-0.2546,-0.12059999999999998,0.15921907278852065,0.22181018128813462,High Vulnerability
11015,df_regime4,High Violence,5,112,0.466,0.0,0.534,-0.5431,0.1051,0.5431,-0.534,0.10868,0.5859373545997655,0.5718258369425994,Moderate Resilience
11016,df_regime4,High Violence,3,53,0.334,0.4114,0.2546,0.2031,-0.0175,-0.2031,-0.2546,-0.12059999999999998,0.15921907278852065,0.16530199039006815,High Vulnerability
11017,df_regime4,High Violence,5,106,0.466,0.0,0.534,-0.5431,0.1051,0.5431,-0.534,0.10868,0.5859373545997655,0.5863866315079987,Moderate Resilience
11018,df_regime4,High Violence,5,88,0.466,0.0,0.534,-0.5431,0.1051,0.5431,-0.534,0.10868,0.5859373545997655,0.580317183225292,Moderate Resilience
11021,df_regime4,High Violence,3,59,0.334,0.4114,0.2546,0.2031,-0.0175,-0.2031,-0.2546,-0.12059999999999998,0.15921907278852065,0.21672672177947155,High Vulnerability
11022,df_regime4,High Violence,5,99,0.466,0.0,0.534,-0.5431,0.1051,0.5431,-0.534,0.10868,0.5859373545997655,0.5400675482175777,Moderate Resilience
11023,df_regime4,High Violence,5,103,0.466,0.0,0.534,-0.5431,0.1051,0.5431,-0.534,0.10868,0.5859373545997655,0.5703144731429504,Moderate Resilience
11024,df_regime4,High Violence,2,50,0.1692,0.5139,0.3169,0.3538,-0.0778,-0.3538,0.3169,-0.08166,0.23169120247157138,0.26508114039997616,Moderate Vulnerability
11025,df_regime4,High Violence,3,61,0.334,0.4114,0.2546,0.2031,-0.0175,-0.2031,-0.2546,-0.12059999999999998,0.15921907278852065,0.24523400011924942,High Vulnerability
11027,df_regime4,High Violence,5,106,0.466,0.0,0.534,-0.5431,0.1051,0.5431,-0.534,0.10868,0.5859373545997655,0.5994097300310205,Moderate Resilience
11030,df_regime4,High Violence,1,44,0.0,0.7067,0.2933,0.4569,-0.1594,-0.4569,0.2933,-0.15810999999999997,0.08940834899778535,0.14261660733557924,High Vulnerability
11031,df_regime4,High Violence,5,89,0.466,0.0,0.534,-0.5431,0.1051,0.5431,-0.534,0.10868,0.5859373545997655,0.5495004392605718,Moderate Resilience
11032,df_regime4,High Violence,5,109,0.466,0.0,0.534,-0.5431,0.1051,0.5431,-0.534,0.10868,0.5859373545997655,0.5633262701881919,Moderate Resilience
11033,df_regime4,High Violence,5,88,0.466,0.0,0.534,-0.5431,0.1051,0.5431,-0.534,0.10868,0.5859373545997655,0.552385624333131,Moderate Resilience
11035,df_regime4,High Violence,5,112,0.466,0.0,0.534,-0.5431,0.1051,0.5431,-0.534,0.10868,0.5859373545997655,0.5764244891194037,Moderate Resilience
11037,df_regime4,High Violence,5,94,0.466,0.0,0.534,-0.5431,0.1051,0.5431,-0.534,0.10868,0.5859373545997655,0.6040472790739873,Moderate Resilience
11038,df_regime4,High Violence,3,53,0.334,0.4114,0.2546,0.2031,-0.0175,-0.2031,-0.2546,-0.12059999999999998,0.15921907278852065,0.255213901018169,Moderate Vulnerability
11042,df_regime4,High Violence,4,70,0.3866,0.3067,0.3067,-0.0307,0.018,0.0307,-0.3067,-0.04313,0.3034002717239582,0.32829800002415543,Moderate Vulnerability
11046,df_regime4,High Violence,5,85,0.466,0.0,0.534,-0.5431,0.1051,0.5431,-0.534,0.10868,0.5859373545997655,0.5643387917042743,Moderate Resilience
12001,df_regime4,High Violence,4,78,0.3866,0.3067,0.3067,-0.0307,0.018,0.0307,-0.3067,-0.04313,0.3034002717239582,0.29253350594096167,Moderate Vulnerability
12029,df_regime4,High Violence,2,47,0.1692,0.5139,0.3169,0.3538,-0.0778,-0.3538,0.3169,-0.08166,0.23169120247157138,0.2666289950740662,Moderate Vulnerability
12035,df_regime4,High Violence,2,46,0.1692,0.5139,0.3169,0.3538,-0.0778,-0.3538,0.3169,-0.08166,0.23169120247157138,0.22999242446773288,High Vulnerability
12036,df_regime4,High Violence,1,41,0.0,0.7067,0.2933,0.4569,-0.1594,-0.4569,0.2933,-0.15810999999999997,0.08940834899778535,0.23450900559359666,High Vulnerability
12038,df_regime4,High Violence,1,44,0.0,0.7067,0.2933,0.4569,-0.1594,-0.4569,0.2933,-0.15810999999999997,0.08940834899778535,0.162445543551959,High Vulnerability
12058,df_regime4,High Violence,1,43,0.0,0.7067,0.2933,0.4569,-0.1594,-0.4569,0.2933,-0.15810999999999997,0.08940834899778535,0.13909659689179296,High Vulnerability
12077,df_regime4,High Violence,2,50,0.1692,0.5139,0.3169,0.3538,-0.0778,-0.3538,0.3169,-0.08166,0.23169120247157138,0.2753763789757761,Moderate Vulnerability
12080,df_regime4,High Violence,3,58,0.334,0.4114,0.2546,0.2031,-0.0175,-0.2031,-0.2546,-0.12059999999999998,0.15921907278852065,0.22977187522660605,High Vulnerability
13021,df_regime4,High Violence,2,47,0.1692,0.5139,0.3169,0.3538,-0.0778,-0.3538,0.3169,-0.08166,0.23169120247157138,0.24188577621135846,High Vulnerability
13045,df_regime4,High Violence,2,47,0.1692,0.5139,0.3169,0.3538,-0.0778,-0.3538,0.3169,-0.08166,0.23169120247157138,0.23307677218833978,High Vulnerability
13048,df_regime4,High Violence,3,53,0.334,0.4114,0.2546,0.2031,-0.0175,-0.2031,-0.2546,-0.12059999999999998,0.15921907278852065,0.19997500441933902,High Vulnerability
13061,df_regime4,High Violence,1,44,0.0,0.7067,0.2933,0.4569,-0.1594,-0.4569,0.2933,-0.15810999999999997,0.08940834899778535,0.12217392045323545,High Vulnerability
14025,df_regime4,High Violence,1,41,0.0,0.7067,0.2933,0.4569,-0.1594,-0.4569,0.2933,-0.15810999999999997,0.08940834899778535,0.13761800040796845,High Vulnerability
14035,df_regime4,High Violence,5,85,0.466,0.0,0.534,-0.5431,0.1051,0.5431,-0.534,0.10868,0.5859373545997655,0.5656767236006734,Moderate Resilience
14039,df_regime4,High Violence,2,49,0.1692,0.5139,0.3169,0.3538,-0.0778,-0.3538,0.3169,-0.08166,0.23169120247157138,0.25530278904565346,Moderate Vulnerability
14053,df_regime4,High Violence,1,40,0.0,0.7067,0.2933,0.4569,-0.1594,-0.4569,0.2933,-0.15810999999999997,0.08940834899778535,0.1509483402547765,High Vulnerability
14059,df_regime4,High Violence,1,41,0.0,0.7067,0.2933,0.4569,-0.1594,-0.4569,0.2933,-0.15810999999999997,0.08940834899778535,0.10668828940337764,High Vulnerability
14083,df_regime4,High Violence,2,47,0.1692,0.5139,0.3169,0.3538,-0.0778,-0.3538,0.3169,-0.08166,0.23169120247157138,0.2837589877992829,Moderate Vulnerability
14097,df_regime4,High Violence,2,49,0.1692,0.5139,0.3169,0.3538,-0.0778,-0.3538,0.3169,-0.08166,0.23169120247157138,0.2795946171281883,Moderate Vulnerability
14098,df_regime4,High Violence,2,45,0.1692,0.5139,0.3169,0.3538,-0.0778,-0.3538,0.3169,-0.08166,0.23169120247157138,0.2777958041509373,Moderate Vulnerability
15009,df_regime4,High Violence,3,57,0.334,0.4114,0.2546,0.2031,-0.0175,-0.2031,-0.2546,-0.12059999999999998,0.15921907278852065,0.19443454014981984,High Vulnerability
15010,df_regime4,High Violence,3,53,0.334,0.4114,0.2546,0.2031,-0.0175,-0.2031,-0.2546,-0.12059999999999998,0.15921907278852065,0.22704241128490324,High Vulnerability
15023,df_regime4,High Violence,2,52,0.1692,0.5139,0.3169,0.3538,-0.0778,-0.3538,0.3169,-0.08166,0.23169120247157138,0.2630053042092491,Moderate Vulnerability
15025,df_regime4,High Violence,1,43,0.0,0.7067,0.2933,0.4569,-0.1594,-0.4569,0.2933,-0.15810999999999997,0.08940834899778535,0.1635142048748735,High Vulnerability
15038,df_regime4,High Violence,1,43,0.0,0.7067,0.2933,0.4569,-0.1594,-0.4569,0.2933,-0.15810999999999997,0.08940834899778535,0.12992375345401844,High Vulnerability
15054,df_regime4,High Violence,2,46,0.1692,0.5139,0.3169,0.3538,-0.0778,-0.3538,0.3169,-0.08166,0.23169120247157138,0.2506320144027248,Moderate Vulnerability
15055,df_regime4,High Violence,3,61,0.334,0.4114,0.2546,0.2031,-0.0175,-0.2031,-0.2546,-0.12059999999999998,0.15921907278852065,0.17983184122860638,High Vulnerability
15057,df_regime4,High Violence,1,40,0.0,0.7067,0.2933,0.4569,-0.1594,-0.4569,0.2933,-0.15810999999999997,0.08940834899778535,0.13335137508871506,High Vulnerability
15059,df_regime4,High Violence,3,56,0.334,0.4114,0.2546,0.2031,-0.0175,-0.2031,-0.2546,-0.12059999999999998,0.15921907278852065,0.19151072554351195,High Vulnerability
15065,df_regime4,High Violence,3,54,0.334,0.4114,0.2546,0.2031,-0.0175,-0.2031,-0.2546,-0.12059999999999998,0.15921907278852065,0.2324127853063413,High Vulnerability
15068,df_regime4,High Violence,1,41,0.0,0.7067,0.2933,0.4569,-0.1594,-0.4569,0.2933,-0.15810999999999997,0.08940834899778535,0.11919633861526499,High Vulnerability
15091,df_regime4,High Violence,3,59,0.334,0.4114,0.2546,0.2031,-0.0175,-0.2031,-0.2546,-0.12059999999999998,0.15921907278852065,0.18763761353691147,High Vulnerability
15103,df_regime4,High Violence,1,43,0.0,0.7067,0.2933,0.4569,-0.1594,-0.4569,0.2933,-0.15810999999999997,0.08940834899778535,0.16817661583229448,High Vulnerability
15106,df_regime4,High Violence,3,55,0.334,0.4114,0.2546,0.2031,-0.0175,-0.2031,-0.2546,-0.12059999999999998,0.15921907278852065,0.18745449083367285,High Vulnerability
15120,df_regime4,High Violence,2,50,0.1692,0.5139,0.3169,0.3538,-0.0778,-0.3538,0.3169,-0.08166,0.23169120247157138,0.254936877804693,Moderate Vulnerability
15125,df_regime4,High Violence,2,50,0.1692,0.5139,0.3169,0.3538,-0.0778,-0.3538,0.3169,-0.08166,0.23169120247157138,0.286537574071964,Moderate Vulnerability
16001,df_regime4,High Violence,4,69,0.3866,0.3067,0.3067,-0.0307,0.018,0.0307,-0.3067,-0.04313,0.3034002717239582,0.33934073821840993,Moderate Vulnerability
16003,df_regime4,High Violence,1,41,0.0,0.7067,0.2933,0.4569,-0.1594,-0.4569,0.2933,-0.15810999999999997,0.08940834899778535,0.15973593858954377,High Vulnerability
16004,df_regime4,High Violence,2,46,0.1692,0.5139,0.3169,0.3538,-0.0778,-0.3538,0.3169,-0.08166,0.23169120247157138,0.26728903880296573,Moderate Vulnerability
16006,df_regime4,High Violence,5,85,0.466,0.0,0.534,-0.5431,0.1051,0.5431,-0.534,0.10868,0.5859373545997655,0.5693622350861094,Moderate Resilience
16018,df_regime4,High Violence,5,108,0.466,0.0,0.534,-0.5431,0.1051,0.5431,-0.534,0.10868,0.5859373545997655,0.5653392832617494,Moderate Resilience
16020,df_regime4,High Violence,4,65,0.3866,0.3067,0.3067,-0.0307,0.018,0.0307,-0.3067,-0.04313,0.3034002717239582,0.321281097025292,Moderate Vulnerability
16022,df_regime4,High Violence,1,40,0.0,0.7067,0.2933,0.4569,-0.1594,-0.4569,0.2933,-0.15810999999999997,0.08940834899778535,0.160054923444351,High Vulnerability
16048,df_regime4,High Violence,5,111,0.466,0.0,0.534,-0.5431,0.1051,0.5431,-0.534,0.10868,0.5859373545997655,0.5801978861357735,Moderate Resilience
16053,df_regime4,High Violence,3,64,0.334,0.4114,0.2546,0.2031,-0.0175,-0.2031,-0.2546,-0.12059999999999998,0.15921907278852065,0.2177429668541702,High Vulnerability
16066,df_regime4,High Violence,1,41,0.0,0.7067,0.2933,0.4569,-0.1594,-0.4569,0.2933,-0.15810999999999997,0.08940834899778535,0.16338337907502326,High Vulnerability
16084,df_regime4,High Violence,3,54,0.334,0.4114,0.2546,0.2031,-0.0175,-0.2031,-0.2546,-0.12059999999999998,0.15921907278852065,0.2145459576164509,High Vulnerability
16102,df_regime4,High Violence,4,66,0.3866,0.3067,0.3067,-0.0307,0.018,0.0307,-0.3067,-0.04313,0.3034002717239582,0.34559487721178056,Moderate Vulnerability
16106,df_regime4,High Violence,4,70,0.3866,0.3067,0.3067,-0.0307,0.018,0.0307,-0.3067,-0.04313,0.3034002717239582,0.34110406281777056,Moderate Vulnerability
16108,df_regime4,High Violence,5,124,0.466,0.0,0.534,-0.5431,0.1051,0.5431,-0.534,0.10868,0.5859373545997655,0.5838168986833545,Moderate Resilience
17002,df_regime4,High Violence,3,64,0.334,0.4114,0.2546,0.2031,-0.0175,-0.2031,-0.2546,-0.12059999999999998,0.15921907278852065,0.1858145974286537,High Vulnerability
17005,df_regime4,High Violence,4,69,0.3866,0.3067,0.3067,-0.0307,0.018,0.0307,-0.3067,-0.04313,0.3034002717239582,0.3326123155364577,Moderate Vulnerability
17006,df_regime4,High Violence,5,110,0.466,0.0,0.534,-0.5431,0.1051,0.5431,-0.534,0.10868,0.5859373545997655,0.5704135198021473,Moderate Resilience
17007,df_regime4,High Violence,3,63,0.334,0.4114,0.2546,0.2031,-0.0175,-0.2031,-0.2546,-0.12059999999999998,0.15921907278852065,0.196718227292033,High Vulnerability
17008,df_regime4,High Violence,1,44,0.0,0.7067,0.2933,0.4569,-0.1594,-0.4569,0.2933,-0.15810999999999997,0.08940834899778535,0.12456520889187718,High Vulnerability
17009,df_regime4,High Violence,4,65,0.3866,0.3067,0.3067,-0.0307,0.018,0.0307,-0.3067,-0.04313,0.3034002717239582,0.3347546506650395,Moderate Vulnerability
17010,df_regime4,High Violence,2,46,0.1692,0.5139,0.3169,0.3538,-0.0778,-0.3538,0.3169,-0.08166,0.23169120247157138,0.3075629342272039,Moderate Vulnerability
17012,df_regime4,High Violence,5,126,0.466,0.0,0.534,-0.5431,0.1051,0.5431,-0.534,0.10868,0.5859373545997655,0.5770560619462669,Moderate Resilience
17013,df_regime4,High Violence,1,39,0.0,0.7067,0.2933,0.4569,-0.1594,-0.4569,0.2933,-0.15810999999999997,0.08940834899778535,0.1955672275857645,High Vulnerability
17014,df_regime4,High Violence,4,66,0.3866,0.3067,0.3067,-0.0307,0.018,0.0307,-0.3067,-0.04313,0.3034002717239582,0.3358025937259088,Moderate Vulnerability
17015,df_regime4,High Violence,5,131,0.466,0.0,0.534,-0.5431,0.1051,0.5431,-0.534,0.10868,0.5859373545997655,0.5472758994148427,Moderate Resilience
17017,df_regime4,High Violence,5,111,0.466,0.0,0.534,-0.5431,0.1051,0.5431,-0.534,0.10868,0.5859373545997655,0.5527069244775906,Moderate Resilience
17018,df_regime4,High Violence,2,47,0.1692,0.5139,0.3169,0.3538,-0.0778,-0.3538,0.3169,-0.08166,0.23169120247157138,0.22739288407898475,High Vulnerability
17024,df_regime4,High Violence,1,40,0.0,0.7067,0.2933,0.4569,-0.1594,-0.4569,0.2933,-0.15810999999999997,0.08940834899778535,0.13537068956916193,High Vulnerability
17026,df_regime4,High Violence,4,77,0.3866,0.3067,0.3067,-0.0307,0.018,0.0307,-0.3067,-0.04313,0.3034002717239582,0.2877485899050603,Moderate Vulnerability
17027,df_regime4,High Violence,1,40,0.0,0.7067,0.2933,0.4569,-0.1594,-0.4569,0.2933,-0.15810999999999997,0.08940834899778535,0.12052594979029456,High Vulnerability
17028,df_regime4,High Violence,3,61,0.334,0.4114,0.2546,0.2031,-0.0175,-0.2031,-0.2546,-0.12059999999999998,0.15921907278852065,0.13979874547581667,High Vulnerability
17029,df_regime4,High Violence,4,73,0.3866,0.3067,0.3067,-0.0307,0.018,0.0307,-0.3067,-0.04313,0.3034002717239582,0.33345369656997714,Moderate Vulnerability
17030,df_regime4,High Violence,2,48,0.1692,0.5139,0.3169,0.3538,-0.0778,-0.3538,0.3169,-0.08166,0.23169120247157138,0.2545058042879451,Moderate Vulnerability
17031,df_regime4,High Violence,2,49,0.1692,0.5139,0.3169,0.3538,-0.0778,-0.3538,0.3169,-0.08166,0.23169120247157138,0.2640876663183549,Moderate Vulnerability
18017,df_regime4,High Violence,4,67,0.3866,0.3067,0.3067,-0.0307,0.018,0.0307,-0.3067,-0.04313,0.3034002717239582,0.32094559484636576,Moderate Vulnerability
19003,df_regime4,High Violence,4,70,0.3866,0.3067,0.3067,-0.0307,0.018,0.0307,-0.3067,-0.04313,0.3034002717239582,0.3631980556531664,Moderate Vulnerability
19004,df_regime4,High Violence,4,67,0.3866,0.3067,0.3067,-0.0307,0.018,0.0307,-0.3067,-0.04313,0.3034002717239582,0.3574097360459999,Moderate Vulnerability
19005,df_regime4,High Violence,3,63,0.334,0.4114,0.2546,0.2031,-0.0175,-0.2031,-0.2546,-0.12059999999999998,0.15921907278852065,0.21056470964859497,High Vulnerability
19006,df_regime4,High Violence,4,66,0.3866,0.3067,0.3067,-0.0307,0.018,0.0307,-0.3067,-0.04313,0.3034002717239582,0.2942337400907393,Moderate Vulnerability
19010,df_regime4,High Violence,4,69,0.3866,0.3067,0.3067,-0.0307,0.018,0.0307,-0.3067,-0.04313,0.3034002717239582,0.3174615851675957,Moderate Vulnerability
19012,df_regime4,High Violence,4,82,0.3866,0.3067,0.3067,-0.0307,0.018,0.0307,-0.3067,-0.04313,0.3034002717239582,0.3371178692002651,Moderate Vulnerability
19013,df_regime4,High Violence,4,76,0.3866,0.3067,0.3067,-0.0307,0.018,0.0307,-0.3067,-0.04313,0.3034002717239582,0.3266785384535957,Moderate Vulnerability
19016,df_regime4,High Violence,4,75,0.3866,0.3067,0.3067,-0.0307,0.018,0.0307,-0.3067,-0.04313,0.3034002717239582,0.34146335758149715,Moderate Vulnerability
19017,df_regime4,High Violence,3,54,0.334,0.4114,0.2546,0.2031,-0.0175,-0.2031,-0.2546,-0.12059999999999998,0.15921907278852065,0.2116210068473857,High Vulnerability
19018,df_regime4,High Violence,3,56,0.334,0.4114,0.2546,0.2031,-0.0175,-0.2031,-0.2546,-0.12059999999999998,0.15921907278852065,0.1926855178345808,High Vulnerability
19021,df_regime4,High Violence,4,67,0.3866,0.3067,0.3067,-0.0307,0.018,0.0307,-0.3067,-0.04313,0.3034002717239582,0.31037727621018885,Moderate Vulnerability
19022,df_regime4,High Violence,5,137,0.466,0.0,0.534,-0.5431,0.1051,0.5431,-0.534,0.10868,0.5859373545997655,0.5853921549298269,Moderate Resilience
19024,df_regime4,High Violence,2,46,0.1692,0.5139,0.3169,0.3538,-0.0778,-0.3538,0.3169,-0.08166,0.23169120247157138,0.26429184144915563,Moderate Vulnerability
19025,df_regime4,High Violence,3,62,0.334,0.4114,0.2546,0.2031,-0.0175,-0.2031,-0.2546,-0.12059999999999998,0.15921907278852065,0.2129165665562473,High Vulnerability
19027,df_regime4,High Violence,2,51,0.1692,0.5139,0.3169,0.3538,-0.0778,-0.3538,0.3169,-0.08166,0.23169120247157138,0.29468152188333013,Moderate Vulnerability
19029,df_regime4,High Violence,5,98,0.466,0.0,0.534,-0.5431,0.1051,0.5431,-0.534,0.10868,0.5859373545997655,0.5241783788895613,Moderate Resilience
19030,df_regime4,High Violence,3,61,0.334,0.4114,0.2546,0.2031,-0.0175,-0.2031,-0.2546,-0.12059999999999998,0.15921907278852065,0.1852647710348004,High Vulnerability
19031,df_regime4,High Violence,4,71,0.3866,0.3067,0.3067,-0.0307,0.018,0.0307,-0.3067,-0.04313,0.3034002717239582,0.3654142031706293,Moderate Vulnerability
19033,df_regime4,High Violence,3,59,0.334,0.4114,0.2546,0.2031,-0.0175,-0.2031,-0.2546,-0.12059999999999998,0.15921907278852065,0.21079305608511517,High Vulnerability
19034,df_regime4,High Violence,2,50,0.1692,0.5139,0.3169,0.3538,-0.0778,-0.3538,0.3169,-0.08166,0.23169120247157138,0.2843667680413457,Moderate Vulnerability
19038,df_regime4,High Violence,3,61,0.334,0.4114,0.2546,0.2031,-0.0175,-0.2031,-0.2546,-0.12059999999999998,0.15921907278852065,0.2217011096634319,High Vulnerability
19039,df_regime4,High Violence,5,112,0.466,0.0,0.534,-0.5431,0.1051,0.5431,-0.534,0.10868,0.5859373545997655,0.5661781723752719,Moderate Resilience
19041,df_regime4,High Violence,5,90,0.466,0.0,0.534,-0.5431,0.1051,0.5431,-0.534,0.10868,0.5859373545997655,0.5717455035523465,Moderate Resilience
19044,df_regime4,High Violence,2,50,0.1692,0.5139,0.3169,0.3538,-0.0778,-0.3538,0.3169,-0.08166,0.23169120247157138,0.25852561495644655,Moderate Vulnerability
19045,df_regime4,High Violence,4,83,0.3866,0.3067,0.3067,-0.0307,0.018,0.0307,-0.3067,-0.04313,0.3034002717239582,0.31890208157472405,Moderate Vulnerability
19046,df_regime4,High Violence,4,81,0.3866,0.3067,0.3067,-0.0307,0.018,0.0307,-0.3067,-0.04313,0.3034002717239582,0.321595880942173,Moderate Vulnerability
19047,df_regime4,High Violence,2,50,0.1692,0.5139,0.3169,0.3538,-0.0778,-0.3538,0.3169,-0.08166,0.23169120247157138,0.24757420897174268,High Vulnerability
19048,df_regime4,High Violence,3,55,0.334,0.4114,0.2546,0.2031,-0.0175,-0.2031,-0.2546,-0.12059999999999998,0.15921907278852065,0.24075188577955306,High Vulnerability
19049,df_regime4,High Violence,5,97,0.466,0.0,0.534,-0.5431,0.1051,0.5431,-0.534,0.10868,0.5859373545997655,0.5676340265087776,Moderate Resilience
20039,df_regime4,High Violence,1,39,0.0,0.7067,0.2933,0.4569,-0.1594,-0.4569,0.2933,-0.15810999999999997,0.08940834899778535,0.22480884897021894,High Vulnerability
20043,df_regime4,High Violence,3,62,0.334,0.4114,0.2546,0.2031,-0.0175,-0.2031,-0.2546,-0.12059999999999998,0.15921907278852065,0.23761309945838158,High Vulnerability
20056,df_regime4,High Violence,4,69,0.3866,0.3067,0.3067,-0.0307,0.018,0.0307,-0.3067,-0.04313,0.3034002717239582,0.30647622796637897,Moderate Vulnerability
20057,df_regime4,High Violence,2,49,0.1692,0.5139,0.3169,0.3538,-0.0778,-0.3538,0.3169,-0.08166,0.23169120247157138,0.2203136544374341,High Vulnerability
20059,df_regime4,High Violence,3,63,0.334,0.4114,0.2546,0.2031,-0.0175,-0.2031,-0.2546,-0.12059999999999998,0.15921907278852065,0.2412437774203693,High Vulnerability
20061,df_regime4,High Violence,2,49,0.1692,0.5139,0.3169,0.3538,-0.0778,-0.3538,0.3169,-0.08166,0.23169120247157138,0.3078142266958817,Moderate Vulnerability
20067,df_regime4,High Violence,1,43,0.0,0.7067,0.2933,0.4569,-0.1594,-0.4569,0.2933,-0.15810999999999997,0.08940834899778535,0.1426304831608507,High Vulnerability
20068,df_regime4,High Violence,1,40,0.0,0.7067,0.2933,0.4569,-0.1594,-0.4569,0.2933,-0.15810999999999997,0.08940834899778535,0.18640546173487382,High Vulnerability
20078,df_regime4,High Violence,5,108,0.466,0.0,0.534,-0.5431,0.1051,0.5431,-0.534,0.10868,0.5859373545997655,0.5816145569755309,Moderate Resilience
20115,df_regime4,High Violence,2,45,0.1692,0.5139,0.3169,0.3538,-0.0778,-0.3538,0.3169,-0.08166,0.23169120247157138,0.3522843053484194,Moderate Vulnerability
20118,df_regime4,High Violence,1,42,0.0,0.7067,0.2933,0.4569,-0.1594,-0.4569,0.2933,-0.15810999999999997,0.08940834899778535,0.18805197877781646,High Vulnerability
20153,df_regime4,High Violence,4,80,0.3866,0.3067,0.3067,-0.0307,0.018,0.0307,-0.3067,-0.04313,0.3034002717239582,0.3710514417738308,Moderate Vulnerability
20167,df_regime4,High Violence,4,69,0.3866,0.3067,0.3067,-0.0307,0.018,0.0307,-0.3067,-0.04313,0.3034002717239582,0.3609719404557149,Moderate Vulnerability
20185,df_regime4,High Violence,1,44,0.0,0.7067,0.2933,0.4569,-0.1594,-0.4569,0.2933,-0.15810999999999997,0.08940834899778535,0.1645327413702592,High Vulnerability
20200,df_regime4,High Violence,3,55,0.334,0.4114,0.2546,0.2031,-0.0175,-0.2031,-0.2546,-0.12059999999999998,0.15921907278852065,0.26994074242889543,Moderate Vulnerability
20224,df_regime4,High Violence,4,79,0.3866,0.3067,0.3067,-0.0307,0.018,0.0307,-0.3067,-0.04313,0.3034002717239582,0.3767378695411139,Moderate Vulnerability
20235,df_regime4,High Violence,5,89,0.466,0.0,0.534,-0.5431,0.1051,0.5431,-0.534,0.10868,0.5859373545997655,0.5986505059767173,Moderate Resilience
20238,df_regime4,High Violence,2,46,0.1692,0.5139,0.3169,0.3538,-0.0778,-0.3538,0.3169,-0.08166,0.23169120247157138,0.35066761257785645,Moderate Vulnerability
20243,df_regime4,High Violence,2,48,0.1692,0.5139,0.3169,0.3538,-0.0778,-0.3538,0.3169,-0.08166,0.23169120247157138,0.26115650961826226,Moderate Vulnerability
20251,df_regime4,High Violence,1,40,0.0,0.7067,0.2933,0.4569,-0.1594,-0.4569,0.2933,-0.15810999999999997,0.08940834899778535,0.16164755629770014,High Vulnerability
20253,df_regime4,High Violence,4,76,0.3866,0.3067,0.3067,-0.0307,0.018,0.0307,-0.3067,-0.04313,0.3034002717239582,0.3805158112085129,Moderate Vulnerability
20272,df_regime4,High Violence,2,47,0.1692,0.5139,0.3169,0.3538,-0.0778,-0.3538,0.3169,-0.08166,0.23169120247157138,0.24407182018954543,High Vulnerability
20296,df_regime4,High Violence,2,51,0.1692,0.5139,0.3169,0.3538,-0.0778,-0.3538,0.3169,-0.08166,0.23169120247157138,0.3226712255754247,Moderate Vulnerability
20318,df_regime4,High Violence,3,64,0.334,0.4114,0.2546,0.2031,-0.0175,-0.2031,-0.2546,-0.12059999999999998,0.15921907278852065,0.21677383911734865,High Vulnerability
20324,df_regime4,High Violence,1,41,0.0,0.7067,0.2933,0.4569,-0.1594,-0.4569,0.2933,-0.15810999999999997,0.08940834899778535,0.1715185383332961,High Vulnerability
20338,df_regime4,High Violence,4,69,0.3866,0.3067,0.3067,-0.0307,0.018,0.0307,-0.3067,-0.04313,0.3034002717239582,0.3820270413419553,Moderate Vulnerability
20345,df_regime4,High Violence,3,58,0.334,0.4114,0.2546,0.2031,-0.0175,-0.2031,-0.2546,-0.12059999999999998,0.15921907278852065,0.200763253135678,High Vulnerability
20366,df_regime4,High Violence,1,42,0.0,0.7067,0.2933,0.4569,-0.1594,-0.4569,0.2933,-0.15810999999999997,0.08940834899778535,0.17377455657071336,High Vulnerability
20401,df_regime4,High Violence,2,46,0.1692,0.5139,0.3169,0.3538,-0.0778,-0.3538,0.3169,-0.08166,0.23169120247157138,0.32560225815689675,Moderate Vulnerability
20404,df_regime4,High Violence,4,66,0.3866,0.3067,0.3067,-0.0307,0.018,0.0307,-0.3067,-0.04313,0.3034002717239582,0.38486243575250234,Moderate Vulnerability
20421,df_regime4,High Violence,2,52,0.1692,0.5139,0.3169,0.3538,-0.0778,-0.3538,0.3169,-0.08166,0.23169120247157138,0.3011416096552449,Moderate Vulnerability
20436,df_regime4,High Violence,3,61,0.334,0.4114,0.2546,0.2031,-0.0175,-0.2031,-0.2546,-0.12059999999999998,0.15921907278852065,0.2849746819496152,Moderate Vulnerability
20467,df_regime4,High Violence,4,84,0.3866,0.3067,0.3067,-0.0307,0.018,0.0307,-0.3067,-0.04313,0.3034002717239582,0.37569594145954816,Moderate Vulnerability
20482,df_regime4,High Violence,5,86,0.466,0.0,0.534,-0.5431,0.1051,0.5431,-0.534,0.10868,0.5859373545997655,0.5753890215711638,Moderate Resilience
20484,df_regime4,High Violence,1,43,0.0,0.7067,0.2933,0.4569,-0.1594,-0.4569,0.2933,-0.15810999999999997,0.08940834899778535,0.21701343579293642,High Vulnerability
20485,df_regime4,High Violence,2,47,0.1692,0.5139,0.3169,0.3538,-0.0778,-0.3538,0.3169,-0.08166,0.23169120247157138,0.23985966384954005,High Vulnerability
20507,df_regime4,High Violence,4,79,0.3866,0.3067,0.3067,-0.0307,0.018,0.0307,-0.3067,-0.04313,0.3034002717239582,0.3410362940509516,Moderate Vulnerability
20537,df_regime4,High Violence,2,52,0.1692,0.5139,0.3169,0.3538,-0.0778,-0.3538,0.3169,-0.08166,0.23169120247157138,0.34743422703673055,Moderate Vulnerability
20547,df_regime4,High Violence,2,48,0.1692,0.5139,0.3169,0.3538,-0.0778,-0.3538,0.3169,-0.08166,0.23169120247157138,0.32417550506611637,Moderate Vulnerability
20551,df_regime4,High Violence,3,53,0.334,0.4114,0.2546,0.2031,-0.0175,-0.2031,-0.2546,-0.12059999999999998,0.15921907278852065,0.21419040550651314,High Vulnerability
20563,df_regime4,High Violence,1,40,0.0,0.7067,0.2933,0.4569,-0.1594,-0.4569,0.2933,-0.15810999999999997,0.08940834899778535,0.15337667332785854,High Vulnerability
21047,df_regime4,High Violence,1,43,0.0,0.7067,0.2933,0.4569,-0.1594,-0.4569,0.2933,-0.15810999999999997,0.08940834899778535,0.15051984458630152,High Vulnerability
21051,df_regime4,High Violence,1,43,0.0,0.7067,0.2933,0.4569,-0.1594,-0.4569,0.2933,-0.15810999999999997,0.08940834899778535,0.22009631318526912,High Vulnerability
21114,df_regime4,High Violence,1,42,0.0,0.7067,0.2933,0.4569,-0.1594,-0.4569,0.2933,-0.15810999999999997,0.08940834899778535,0.14104992800403948,High Vulnerability
21128,df_regime4,High Violence,1,39,0.0,0.7067,0.2933,0.4569,-0.1594,-0.4569,0.2933,-0.15810999999999997,0.08940834899778535,0.10915834065434296,High Vulnerability
21157,df_regime4,High Violence,1,41,0.0,0.7067,0.2933,0.4569,-0.1594,-0.4569,0.2933,-0.15810999999999997,0.08940834899778535,0.19448647901872593,High Vulnerability
21160,df_regime4,High Violence,3,63,0.334,0.4114,0.2546,0.2031,-0.0175,-0.2031,-0.2546,-0.12059999999999998,0.15921907278852065,0.231363572416508,High Vulnerability
21169,df_regime4,High Violence,3,60,0.334,0.4114,0.2546,0.2031,-0.0175,-0.2031,-0.2546,-0.12059999999999998,0.15921907278852065,0.2426422601084234,High Vulnerability
21201,df_regime4,High Violence,1,43,0.0,0.7067,0.2933,0.4569,-0.1594,-0.4569,0.2933,-0.15810999999999997,0.08940834899778535,0.14176270305149935,High Vulnerability
22009,df_regime4,High Violence,1,44,0.0,0.7067,0.2933,0.4569,-0.1594,-0.4569,0.2933,-0.15810999999999997,0.08940834899778535,0.12387794181220421,High Vulnerability
22011,df_regime4,High Violence,4,76,0.3866,0.3067,0.3067,-0.0307,0.018,0.0307,-0.3067,-0.04313,0.3034002717239582,0.3663553469323105,Moderate Vulnerability
22014,df_regime4,High Violence,3,55,0.334,0.4114,0.2546,0.2031,-0.0175,-0.2031,-0.2546,-0.12059999999999998,0.15921907278852065,0.2202454846719949,High Vulnerability
23001,df_regime4,High Violence,5,102,0.466,0.0,0.534,-0.5431,0.1051,0.5431,-0.534,0.10868,0.5859373545997655,0.6161193425360288,Moderate Resilience
23002,df_regime4,High Violence,5,87,0.466,0.0,0.534,-0.5431,0.1051,0.5431,-0.534,0.10868,0.5859373545997655,0.5959711668625434,Moderate Resilience
23003,df_regime4,High Violence,2,45,0.1692,0.5139,0.3169,0.3538,-0.0778,-0.3538,0.3169,-0.08166,0.23169120247157138,0.27077331581414926,Moderate Vulnerability
23004,df_regime4,High Violence,4,81,0.3866,0.3067,0.3067,-0.0307,0.018,0.0307,-0.3067,-0.04313,0.3034002717239582,0.26945202536048946,Moderate Vulnerability
23005,df_regime4,High Violence,5,89,0.466,0.0,0.534,-0.5431,0.1051,0.5431,-0.534,0.10868,0.5859373545997655,0.5219007067266517,Moderate Resilience
23008,df_regime4,High Violence,5,115,0.466,0.0,0.534,-0.5431,0.1051,0.5431,-0.534,0.10868,0.5859373545997655,0.5451653100103625,Moderate Resilience
24004,df_regime4,High Violence,2,51,0.1692,0.5139,0.3169,0.3538,-0.0778,-0.3538,0.3169,-0.08166,0.23169120247157138,0.2624144995754428,Moderate Vulnerability
24006,df_regime4,High Violence,2,46,0.1692,0.5139,0.3169,0.3538,-0.0778,-0.3538,0.3169,-0.08166,0.23169120247157138,0.29153330081107226,Moderate Vulnerability
24007,df_regime4,High Violence,4,78,0.3866,0.3067,0.3067,-0.0307,0.018,0.0307,-0.3067,-0.04313,0.3034002717239582,0.3143398109091007,Moderate Vulnerability
24008,df_regime4,High Violence,5,111,0.466,0.0,0.534,-0.5431,0.1051,0.5431,-0.534,0.10868,0.5859373545997655,0.5628500174935648,Moderate Resilience
24010,df_regime4,High Violence,4,83,0.3866,0.3067,0.3067,-0.0307,0.018,0.0307,-0.3067,-0.04313,0.3034002717239582,0.3399089866798284,Moderate Vulnerability
24011,df_regime4,High Violence,5,117,0.466,0.0,0.534,-0.5431,0.1051,0.5431,-0.534,0.10868,0.5859373545997655,0.5360379130828807,Moderate Resilience
24015,df_regime4,High Violence,5,85,0.466,0.0,0.534,-0.5431,0.1051,0.5431,-0.534,0.10868,0.5859373545997655,0.5909831450254951,Moderate Resilience
24016,df_regime4,High Violence,1,41,0.0,0.7067,0.2933,0.4569,-0.1594,-0.4569,0.2933,-0.15810999999999997,0.08940834899778535,0.16875726183438836,High Vulnerability
24019,df_regime4,High Violence,3,55,0.334,0.4114,0.2546,0.2031,-0.0175,-0.2031,-0.2546,-0.12059999999999998,0.15921907278852065,0.20653534184631137,High Vulnerability
24023,df_regime4,High Violence,5,125,0.466,0.0,0.534,-0.5431,0.1051,0.5431,-0.534,0.10868,0.5859373545997655,0.5675440882468117,Moderate Resilience
24027,df_regime4,High Violence,3,53,0.334,0.4114,0.2546,0.2031,-0.0175,-0.2031,-0.2546,-0.12059999999999998,0.15921907278852065,0.1696748803436826,High Vulnerability
24030,df_regime4,High Violence,1,44,0.0,0.7067,0.2933,0.4569,-0.1594,-0.4569,0.2933,-0.15810999999999997,0.08940834899778535,0.13928519990950808,High Vulnerability
24032,df_regime4,High Violence,2,46,0.1692,0.5139,0.3169,0.3538,-0.0778,-0.3538,0.3169,-0.08166,0.23169120247157138,0.25096910784601706,Moderate Vulnerability
24036,df_regime4,High Violence,2,52,0.1692,0.5139,0.3169,0.3538,-0.0778,-0.3538,0.3169,-0.08166,0.23169120247157138,0.2722885893503455,Moderate Vulnerability
24037,df_regime4,High Violence,2,52,0.1692,0.5139,0.3169,0.3538,-0.0778,-0.3538,0.3169,-0.08166,0.23169120247157138,0.2803975054766944,Moderate Vulnerability
24040,df_regime4,High Violence,4,76,0.3866,0.3067,0.3067,-0.0307,0.018,0.0307,-0.3067,-0.04313,0.3034002717239582,0.30160982328229496,Moderate Vulnerability
24044,df_regime4,High Violence,1,40,0.0,0.7067,0.2933,0.4569,-0.1594,-0.4569,0.2933,-0.15810999999999997,0.08940834899778535,0.1674712019737917,High Vulnerability
24045,df_regime4,High Violence,3,56,0.334,0.4114,0.2546,0.2031,-0.0175,-0.2031,-0.2546,-0.12059999999999998,0.15921907278852065,0.21557050909114003,High Vulnerability
24046,df_regime4,High Violence,4,78,0.3866,0.3067,0.3067,-0.0307,0.018,0.0307,-0.3067,-0.04313,0.3034002717239582,0.3249879282707035,Moderate Vulnerability
24048,df_regime4,High Violence,5,85,0.466,0.0,0.534,-0.5431,0.1051,0.5431,-0.534,0.10868,0.5859373545997655,0.5547996360269191,Moderate Resilience
24051,df_regime4,High Violence,4,66,0.3866,0.3067,0.3067,-0.0307,0.018,0.0307,-0.3067,-0.04313,0.3034002717239582,0.3352806271885754,Moderate Vulnerability
24052,df_regime4,High Violence,4,81,0.3866,0.3067,0.3067,-0.0307,0.018,0.0307,-0.3067,-0.04313,0.3034002717239582,0.3238170122996302,Moderate Vulnerability
24053,df_regime4,High Violence,5,132,0.466,0.0,0.534,-0.5431,0.1051,0.5431,-0.534,0.10868,0.5859373545997655,0.5766898165397896,Moderate Resilience
24056,df_regime4,High Violence,2,47,0.1692,0.5139,0.3169,0.3538,-0.0778,-0.3538,0.3169,-0.08166,0.23169120247157138,0.23318170016063344,High Vulnerability
24058,df_regime4,High Violence,4,70,0.3866,0.3067,0.3067,-0.0307,0.018,0.0307,-0.3067,-0.04313,0.3034002717239582,0.2829797138139681,Moderate Vulnerability
26004,df_regime4,High Violence,3,61,0.334,0.4114,0.2546,0.2031,-0.0175,-0.2031,-0.2546,-0.12059999999999998,0.15921907278852065,0.23320843340198213,High Vulnerability
26015,df_regime4,High Violence,2,47,0.1692,0.5139,0.3169,0.3538,-0.0778,-0.3538,0.3169,-0.08166,0.23169120247157138,0.2797606973900671,Moderate Vulnerability
26016,df_regime4,High Violence,5,112,0.466,0.0,0.534,-0.5431,0.1051,0.5431,-0.534,0.10868,0.5859373545997655,0.5697510700815264,Moderate Resilience
26017,df_regime4,High Violence,5,121,0.466,0.0,0.534,-0.5431,0.1051,0.5431,-0.534,0.10868,0.5859373545997655,0.5619805188186983,Moderate Resilience
26018,df_regime4,High Violence,5,107,0.466,0.0,0.534,-0.5431,0.1051,0.5431,-0.534,0.10868,0.5859373545997655,0.5663884961515828,Moderate Resilience
26020,df_regime4,High Violence,4,71,0.3866,0.3067,0.3067,-0.0307,0.018,0.0307,-0.3067,-0.04313,0.3034002717239582,0.3399616177487336,Moderate Vulnerability
26021,df_regime4,High Violence,2,49,0.1692,0.5139,0.3169,0.3538,-0.0778,-0.3538,0.3169,-0.08166,0.23169120247157138,0.3053462138545692,Moderate Vulnerability
26022,df_regime4,High Violence,5,111,0.466,0.0,0.534,-0.5431,0.1051,0.5431,-0.534,0.10868,0.5859373545997655,0.6137791145883633,Moderate Resilience
26028,df_regime4,High Violence,2,52,0.1692,0.5139,0.3169,0.3538,-0.0778,-0.3538,0.3169,-0.08166,0.23169120247157138,0.3349615659530785,Moderate Vulnerability
26029,df_regime4,High Violence,4,66,0.3866,0.3067,0.3067,-0.0307,0.018,0.0307,-0.3067,-0.04313,0.3034002717239582,0.3567203525847202,Moderate Vulnerability
26046,df_regime4,High Violence,5,95,0.466,0.0,0.534,-0.5431,0.1051,0.5431,-0.534,0.10868,0.5859373545997655,0.5986498376456837,Moderate Resilience
26047,df_regime4,High Violence,2,49,0.1692,0.5139,0.3169,0.3538,-0.0778,-0.3538,0.3169,-0.08166,0.23169120247157138,0.2895155903251064,Moderate Vulnerability
26049,df_regime4,High Violence,2,48,0.1692,0.5139,0.3169,0.3538,-0.0778,-0.3538,0.3169,-0.08166,0.23169120247157138,0.25155946692580095,Moderate Vulnerability
26055,df_regime4,High Violence,5,132,0.466,0.0,0.534,-0.5431,0.1051,0.5431,-0.534,0.10868,0.5859373545997655,0.572809486558025,Moderate Resilience
26056,df_regime4,High Violence,5,85,0.466,0.0,0.534,-0.5431,0.1051,0.5431,-0.534,0.10868,0.5859373545997655,0.5680345954876294,Moderate Resilience
26058,df_regime4,High Violence,4,73,0.3866,0.3067,0.3067,-0.0307,0.018,0.0307,-0.3067,-0.04313,0.3034002717239582,0.3645635514309135,Moderate Vulnerability
26060,df_regime4,High Violence,5,135,0.466,0.0,0.534,-0.5431,0.1051,0.5431,-0.534,0.10868,0.5859373545997655,0.5565991173352037,Moderate Resilience
26061,df_regime4,High Violence,4,69,0.3866,0.3067,0.3067,-0.0307,0.018,0.0307,-0.3067,-0.04313,0.3034002717239582,0.35397250953959014,Moderate Vulnerability
26063,df_regime4,High Violence,2,45,0.1692,0.5139,0.3169,0.3538,-0.0778,-0.3538,0.3169,-0.08166,0.23169120247157138,0.33426843983800997,Moderate Vulnerability
26065,df_regime4,High Violence,4,71,0.3866,0.3067,0.3067,-0.0307,0.018,0.0307,-0.3067,-0.04313,0.3034002717239582,0.36645409284254227,Moderate Vulnerability
26066,df_regime4,High Violence,3,64,0.334,0.4114,0.2546,0.2031,-0.0175,-0.2031,-0.2546,-0.12059999999999998,0.15921907278852065,0.2406650027451698,High Vulnerability
26068,df_regime4,High Violence,2,50,0.1692,0.5139,0.3169,0.3538,-0.0778,-0.3538,0.3169,-0.08166,0.23169120247157138,0.2715519214684302,Moderate Vulnerability
27004,df_regime4,High Violence,1,44,0.0,0.7067,0.2933,0.4569,-0.1594,-0.4569,0.2933,-0.15810999999999997,0.08940834899778535,0.13997909460526542,High Vulnerability
27016,df_regime4,High Violence,3,63,0.334,0.4114,0.2546,0.2031,-0.0175,-0.2031,-0.2546,-0.12059999999999998,0.15921907278852065,0.2005083325842457,High Vulnerability
28010,df_regime4,High Violence,3,63,0.334,0.4114,0.2546,0.2031,-0.0175,-0.2031,-0.2546,-0.12059999999999998,0.15921907278852065,0.22750088637403354,High Vulnerability
28034,df_regime4,High Violence,1,44,0.0,0.7067,0.2933,0.4569,-0.1594,-0.4569,0.2933,-0.15810999999999997,0.08940834899778535,0.16568761739652324,High Vulnerability
30017,df_regime4,High Violence,5,100,0.466,0.0,0.534,-0.5431,0.1051,0.5431,-0.534,0.10868,0.5859373545997655,0.5429982466335331,Moderate Resilience
30039,df_regime4,High Violence,2,51,0.1692,0.5139,0.3169,0.3538,-0.0778,-0.3538,0.3169,-0.08166,0.23169120247157138,0.2815331112914863,Moderate Vulnerability
30044,df_regime4,High Violence,3,63,0.334,0.4114,0.2546,0.2031,-0.0175,-0.2031,-0.2546,-0.12059999999999998,0.15921907278852065,0.20608301540269128,High Vulnerability
30052,df_regime4,High Violence,1,41,0.0,0.7067,0.2933,0.4569,-0.1594,-0.4569,0.2933,-0.15810999999999997,0.08940834899778535,0.21112998403691338,High Vulnerability
30065,df_regime4,High Violence,1,43,0.0,0.7067,0.2933,0.4569,-0.1594,-0.4569,0.2933,-0.15810999999999997,0.08940834899778535,0.15593218024907082,High Vulnerability
30069,df_regime4,High Violence,3,54,0.334,0.4114,0.2546,0.2031,-0.0175,-0.2031,-0.2546,-0.12059999999999998,0.15921907278852065,0.23335212457423143,High Vulnerability
30074,df_regime4,High Violence,4,73,0.3866,0.3067,0.3067,-0.0307,0.018,0.0307,-0.3067,-0.04313,0.3034002717239582,0.35945055169056006,Moderate Vulnerability
30087,df_regime4,High Violence,4,67,0.3866,0.3067,0.3067,-0.0307,0.018,0.0307,-0.3067,-0.04313,0.3034002717239582,0.3453436875632618,Moderate Vulnerability
30102,df_regime4,High Violence,1,41,0.0,0.7067,0.2933,0.4569,-0.1594,-0.4569,0.2933,-0.15810999999999997,0.08940834899778535,0.17834112885789924,High Vulnerability
30115,df_regime4,High Violence,1,43,0.0,0.7067,0.2933,0.4569,-0.1594,-0.4569,0.2933,-0.15810999999999997,0.08940834899778535,0.173165239167273,High Vulnerability
30116,df_regime4,High Violence,3,55,0.334,0.4114,0.2546,0.2031,-0.0175,-0.2031,-0.2546,-0.12059999999999998,0.15921907278852065,0.19997500441933902,High Vulnerability
30128,df_regime4,High Violence,1,41,0.0,0.7067,0.2933,0.4569,-0.1594,-0.4569,0.2933,-0.15810999999999997,0.08940834899778535,0.1684072994021871,High Vulnerability
30131,df_regime4,High Violence,3,62,0.334,0.4114,0.2546,0.2031,-0.0175,-0.2031,-0.2546,-0.12059999999999998,0.15921907278852065,0.24357424773494268,High Vulnerability
30158,df_regime4,High Violence,2,46,0.1692,0.5139,0.3169,0.3538,-0.0778,-0.3538,0.3169,-0.08166,0.23169120247157138,0.2591287168812734,Moderate Vulnerability
30175,df_regime4,High Violence,1,39,0.0,0.7067,0.2933,0.4569,-0.1594,-0.4569,0.2933,-0.15810999999999997,0.08940834899778535,0.15634546343020692,High Vulnerability
30185,df_regime4,High Violence,1,42,0.0,0.7067,0.2933,0.4569,-0.1594,-0.4569,0.2933,-0.15810999999999997,0.08940834899778535,0.18014462015238622,High Vulnerability
30189,df_regime4,High Violence,1,42,0.0,0.7067,0.2933,0.4569,-0.1594,-0.4569,0.2933,-0.15810999999999997,0.08940834899778535,0.14127415306585175,High Vulnerability
30194,df_regime4,High Violence,5,129,0.466,0.0,0.534,-0.5431,0.1051,0.5431,-0.534,0.10868,0.5859373545997655,0.5852833506375377,Moderate Resilience
30196,df_regime4,High Violence,4,80,0.3866,0.3067,0.3067,-0.0307,0.018,0.0307,-0.3067,-0.04313,0.3034002717239582,0.3490101516142367,Moderate Vulnerability
30208,df_regime4,High Violence,3,53,0.334,0.4114,0.2546,0.2031,-0.0175,-0.2031,-0.2546,-0.12059999999999998,0.15921907278852065,0.1845237255846143,High Vulnerability
32015,df_regime4,High Violence,5,95,0.466,0.0,0.534,-0.5431,0.1051,0.5431,-0.534,0.10868,0.5859373545997655,0.5771763615323361,Moderate Resilience
32017,df_regime4,High Violence,2,52,0.1692,0.5139,0.3169,0.3538,-0.0778,-0.3538,0.3169,-0.08166,0.23169120247157138,0.22836169674546186,High Vulnerability
32025,df_regime4,High Violence,3,54,0.334,0.4114,0.2546,0.2031,-0.0175,-0.2031,-0.2546,-0.12059999999999998,0.15921907278852065,0.2170588823032292,High Vulnerability
32032,df_regime4,High Violence,1,43,0.0,0.7067,0.2933,0.4569,-0.1594,-0.4569,0.2933,-0.15810999999999997,0.08940834899778535,0.15279651425266064,High Vulnerability
32046,df_regime4,High Violence,2,48,0.1692,0.5139,0.3169,0.3538,-0.0778,-0.3538,0.3169,-0.08166,0.23169120247157138,0.26618388660561026,Moderate Vulnerability
32050,df_regime4,High Violence,1,42,0.0,0.7067,0.2933,0.4569,-0.1594,-0.4569,0.2933,-0.15810999999999997,0.08940834899778535,0.11781600111477626,High Vulnerability
32055,df_regime4,High Violence,4,65,0.3866,0.3067,0.3067,-0.0307,0.018,0.0307,-0.3067,-0.04313,0.3034002717239582,0.3084852310537342,Moderate Vulnerability
32056,df_regime4,High Violence,5,95,0.466,0.0,0.534,-0.5431,0.1051,0.5431,-0.534,0.10868,0.5859373545997655,0.5539788777795828,Moderate Resilience
02001,df_regime5,Very High Violence,3,180,0.3571,0.4821,0.1607,0.2506,-0.0,-0.2506,-0.1607,-0.10732,0.1839347862500233,0.18024747629847535,High Vulnerability
02003,df_regime5,Very High Violence,2,155,0.2045,0.5455,0.25,0.36,-0.0,-0.36,0.25,-0.057999999999999996,0.2757253726898811,0.2773222916135484,Moderate Vulnerability
02004,df_regime5,Very High Violence,2,157,0.2045,0.5455,0.25,0.36,-0.0,-0.36,0.25,-0.057999999999999996,0.2757253726898811,0.2900994443161621,Moderate Vulnerability
02005,df_regime5,Very High Violence,5,291,0.4127,0.0,0.5873,-0.5664,0.0,0.5664,-0.5873,0.05245999999999998,0.4813050194487353,0.45910432279854263,Moderate Vulnerability
05001,df_regime5,Very High Violence,1,146,0.0,0.7556,0.2444,0.4336,-0.0,-0.4336,0.2444,-0.0812,0.2325473190523162,0.274376288416921,Moderate Vulnerability
05003,df_regime5,Very High Violence,5,337,0.4127,0.0,0.5873,-0.5664,0.0,0.5664,-0.5873,0.05245999999999998,0.4813050194487353,0.4667242990794742,Moderate Vulnerability
05007,df_regime5,Very High Violence,4,212,0.4,0.2167,0.3833,0.0666,0.0,-0.0666,-0.3833,-0.09664,0.2038115799073161,0.2496868033693241,High Vulnerability
05008,df_regime5,Very High Violence,2,160,0.2045,0.5455,0.25,0.36,-0.0,-0.36,0.25,-0.057999999999999996,0.2757253726898811,0.29067487733619296,Moderate Vulnerability
05015,df_regime5,Very High Violence,4,248,0.4,0.2167,0.3833,0.0666,0.0,-0.0666,-0.3833,-0.09664,0.2038115799073161,0.23371044548416603,High Vulnerability
05016,df_regime5,Very High Violence,2,172,0.2045,0.5455,0.25,0.36,-0.0,-0.36,0.25,-0.057999999999999996,0.2757253726898811,0.3198435169717655,Moderate Vulnerability
05017,df_regime5,Very High Violence,2,170,0.2045,0.5455,0.25,0.36,-0.0,-0.36,0.25,-0.057999999999999996,0.2757253726898811,0.3058352985050438,Moderate Vulnerability
05019,df_regime5,Very High Violence,5,373,0.4127,0.0,0.5873,-0.5664,0.0,0.5664,-0.5873,0.05245999999999998,0.4813050194487353,0.45851714624749074,Moderate Vulnerability
05020,df_regime5,Very High Violence,2,172,0.2045,0.5455,0.25,0.36,-0.0,-0.36,0.25,-0.057999999999999996,0.2757253726898811,0.2874182672916454,Moderate Vulnerability
05022,df_regime5,Very High Violence,2,175,0.2045,0.5455,0.25,0.36,-0.0,-0.36,0.25,-0.057999999999999996,0.2757253726898811,0.3081624271644486,Moderate Vulnerability
05025,df_regime5,Very High Violence,4,233,0.4,0.2167,0.3833,0.0666,0.0,-0.0666,-0.3833,-0.09664,0.2038115799073161,0.20841869869932764,High Vulnerability
05026,df_regime5,Very High Violence,2,158,0.2045,0.5455,0.25,0.36,-0.0,-0.36,0.25,-0.057999999999999996,0.2757253726898811,0.280729109057924,Moderate Vulnerability
05028,df_regime5,Very High Violence,3,185,0.3571,0.4821,0.1607,0.2506,-0.0,-0.2506,-0.1607,-0.10732,0.1839347862500233,0.21275654901160287,High Vulnerability
05031,df_regime5,Very High Violence,2,154,0.2045,0.5455,0.25,0.36,-0.0,-0.36,0.25,-0.057999999999999996,0.2757253726898811,0.2978610590383109,Moderate Vulnerability
05035,df_regime5,Very High Violence,3,178,0.3571,0.4821,0.1607,0.2506,-0.0,-0.2506,-0.1607,-0.10732,0.1839347862500233,0.23288897116786508,High Vulnerability
06002,df_regime5,Very High Violence,4,211,0.4,0.2167,0.3833,0.0666,0.0,-0.0666,-0.3833,-0.09664,0.2038115799073161,0.2272148406916024,High Vulnerability
06007,df_regime5,Very High Violence,5,297,0.4127,0.0,0.5873,-0.5664,0.0,0.5664,-0.5873,0.05245999999999998,0.4813050194487353,0.42148664223471183,Moderate Vulnerability
06009,df_regime5,Very High Violence,2,151,0.2045,0.5455,0.25,0.36,-0.0,-0.36,0.25,-0.057999999999999996,0.2757253726898811,0.22251914684870228,High Vulnerability
08032,df_regime5,Very High Violence,2,156,0.2045,0.5455,0.25,0.36,-0.0,-0.36,0.25,-0.057999999999999996,0.2757253726898811,0.26645456067426593,Moderate Vulnerability
08037,df_regime5,Very High Violence,1,145,0.0,0.7556,0.2444,0.4336,-0.0,-0.4336,0.2444,-0.0812,0.2325473190523162,0.23666370484630234,High Vulnerability
09015,df_regime5,Very High Violence,3,180,0.3571,0.4821,0.1607,0.2506,-0.0,-0.2506,-0.1607,-0.10732,0.1839347862500233,0.2265003948165582,High Vulnerability
11007,df_regime5,Very High Violence,2,151,0.2045,0.5455,0.25,0.36,-0.0,-0.36,0.25,-0.057999999999999996,0.2757253726898811,0.32648605911588496,Moderate Vulnerability
11020,df_regime5,Very High Violence,5,442,0.4127,0.0,0.5873,-0.5664,0.0,0.5664,-0.5873,0.05245999999999998,0.4813050194487353,0.4812685190352375,Moderate Vulnerability
11028,df_regime5,Very High Violence,4,214,0.4,0.2167,0.3833,0.0666,0.0,-0.0666,-0.3833,-0.09664,0.2038115799073161,0.25041795752021123,Moderate Vulnerability
11036,df_regime5,Very High Violence,4,215,0.4,0.2167,0.3833,0.0666,0.0,-0.0666,-0.3833,-0.09664,0.2038115799073161,0.23632820266737603,High Vulnerability
11039,df_regime5,Very High Violence,2,158,0.2045,0.5455,0.25,0.36,-0.0,-0.36,0.25,-0.057999999999999996,0.2757253726898811,0.30652735529045844,Moderate Vulnerability
11044,df_regime5,Very High Violence,2,160,0.2045,0.5455,0.25,0.36,-0.0,-0.36,0.25,-0.057999999999999996,0.2757253726898811,0.3320559299508878,Moderate Vulnerability
16043,df_regime5,Very High Violence,3,178,0.3571,0.4821,0.1607,0.2506,-0.0,-0.2506,-0.1607,-0.10732,0.1839347862500233,0.23042817630171675,High Vulnerability
18005,df_regime5,Very High Violence,1,140,0.0,0.7556,0.2444,0.4336,-0.0,-0.4336,0.2444,-0.0812,0.2325473190523162,0.2420598096125385,High Vulnerability
19001,df_regime5,Very High Violence,5,325,0.4127,0.0,0.5873,-0.5664,0.0,0.5664,-0.5873,0.05245999999999998,0.4813050194487353,0.45343821229468456,Moderate Vulnerability
19008,df_regime5,Very High Violence,1,149,0.0,0.7556,0.2444,0.4336,-0.0,-0.4336,0.2444,-0.0812,0.2325473190523162,0.24726276671003028,High Vulnerability
19020,df_regime5,Very High Violence,1,143,0.0,0.7556,0.2444,0.4336,-0.0,-0.4336,0.2444,-0.0812,0.2325473190523162,0.26094443863367744,Moderate Vulnerability
19026,df_regime5,Very High Violence,4,248,0.4,0.2167,0.3833,0.0666,0.0,-0.0666,-0.3833,-0.09664,0.2038115799073161,0.2411304953101541,High Vulnerability
19032,df_regime5,Very High Violence,1,139,0.0,0.7556,0.2444,0.4336,-0.0,-0.4336,0.2444,-0.0812,0.2325473190523162,0.2472016144204451,High Vulnerability
19037,df_regime5,Very High Violence,4,252,0.4,0.2167,0.3833,0.0666,0.0,-0.0666,-0.3833,-0.09664,0.2038115799073161,0.22868149314509573,High Vulnerability
19040,df_regime5,Very High Violence,4,228,0.4,0.2167,0.3833,0.0666,0.0,-0.0666,-0.3833,-0.09664,0.2038115799073161,0.2774339028961792,Moderate Vulnerability
19042,df_regime5,Very High Violence,5,325,0.4127,0.0,0.5873,-0.5664,0.0,0.5664,-0.5873,0.05245999999999998,0.4813050194487353,0.5005853386407092,Moderate Resilience
19050,df_regime5,Very High Violence,5,280,0.4127,0.0,0.5873,-0.5664,0.0,0.5664,-0.5873,0.05245999999999998,0.4813050194487353,0.47329833729263776,Moderate Vulnerability
19051,df_regime5,Very High Violence,1,148,0.0,0.7556,0.2444,0.4336,-0.0,-0.4336,0.2444,-0.0812,0.2325473190523162,0.2371892803712179,High Vulnerability
20402,df_regime5,Very High Violence,3,187,0.3571,0.4821,0.1607,0.2506,-0.0,-0.2506,-0.1607,-0.10732,0.1839347862500233,0.21558187071871318,High Vulnerability
20538,df_regime5,Very High Violence,1,139,0.0,0.7556,0.2444,0.4336,-0.0,-0.4336,0.2444,-0.0812,0.2325473190523162,0.26061401577060744,Moderate Vulnerability
23009,df_regime5,Very High Violence,3,203,0.3571,0.4821,0.1607,0.2506,-0.0,-0.2506,-0.1607,-0.10732,0.1839347862500233,0.28186293265662593,Moderate Vulnerability
24005,df_regime5,Very High Violence,3,185,0.3571,0.4821,0.1607,0.2506,-0.0,-0.2506,-0.1607,-0.10732,0.1839347862500233,0.25971577886129094,Moderate Vulnerability
24013,df_regime5,Very High Violence,4,210,0.4,0.2167,0.3833,0.0666,0.0,-0.0666,-0.3833,-0.09664,0.2038115799073161,0.19906760182727437,High Vulnerability
24020,df_regime5,Very High Violence,4,214,0.4,0.2167,0.3833,0.0666,0.0,-0.0666,-0.3833,-0.09664,0.2038115799073161,0.2586962398693547,Moderate Vulnerability
24024,df_regime5,Very High Violence,1,138,0.0,0.7556,0.2444,0.4336,-0.0,-0.4336,0.2444,-0.0812,0.2325473190523162,0.256627287488275,Moderate Vulnerability
24028,df_regime5,Very High Violence,4,218,0.4,0.2167,0.3833,0.0666,0.0,-0.0666,-0.3833,-0.09664,0.2038115799073161,0.19857652173128487,High Vulnerability
24035,df_regime5,Very High Violence,2,162,0.2045,0.5455,0.25,0.36,-0.0,-0.36,0.25,-0.057999999999999996,0.2757253726898811,0.2706576945453161,Moderate Vulnerability
24042,df_regime5,Very High Violence,5,273,0.4127,0.0,0.5873,-0.5664,0.0,0.5664,-0.5873,0.05245999999999998,0.4813050194487353,0.4800605106917928,Moderate Vulnerability
26030,df_regime5,Very High Violence,1,140,0.0,0.7556,0.2444,0.4336,-0.0,-0.4336,0.2444,-0.0812,0.2325473190523162,0.2709691368070285,Moderate Vulnerability
26044,df_regime5,Very High Violence,1,140,0.0,0.7556,0.2444,0.4336,-0.0,-0.4336,0.2444,-0.0812,0.2325473190523162,0.28912635433106915,Moderate Vulnerability
26069,df_regime5,Very High Violence,2,161,0.2045,0.5455,0.25,0.36,-0.0,-0.36,0.25,-0.057999999999999996,0.2757253726898811,0.32613432604042564,Moderate Vulnerability
26070,df_regime5,Very High Violence,5,314,0.4127,0.0,0.5873,-0.5664,0.0,0.5664,-0.5873,0.05245999999999998,0.4813050194487353,0.5130707171091742,Moderate Resilience
30049,df_regime5,Very High Violence,5,341,0.4127,0.0,0.5873,-0.5664,0.0,0.5664,-0.5873,0.05245999999999998,0.4813050194487353,0.5223168541836464,Moderate Resilience
05005,df_regime5,Very High Violence,5,919,0.4127,0.0,0.5873,-0.5664,0.0,0.5664,-0.5873,0.05245999999999998,0.4813050194487353,0.46277897390468065,Moderate Vulnerability
19015,df_regime5,Very High Violence,5,851,0.4127,0.0,0.5873,-0.5664,0.0,0.5664,-0.5873,0.05245999999999998,0.4813050194487353,0.5000302419792757,Moderate Resilience
