CVEGEO,markov,hybrid,markov_fuzzy,ols,ma,rd,persistence,observed
05012,0.08,0.08,0.08,40.91,25.3,103.07,0.0,0.0
07002,0.08,0.08,0.08,10.4,5.97,9.14,0.0,0.0
07006,0.08,3.61,0.08,6.5,3.61,8.56,1.53,18.27
07007,0.08,0.08,0.08,0.0,0.0,12.01,0.0,0.0
07014,0.08,0.08,0.08,1.26,1.31,17.17,0.0,3.68
07018,0.08,0.08,0.08,3.71,3.24,21.54,0.0,4.7
07022,0.08,0.08,0.08,1.09,1.37,15.59,0.0,9.67
07023,0.08,0.08,0.08,0.82,0.83,9.59,0.89,4.37
07024,0.08,0.08,0.08,2.21,1.17,9.81,0.0,6.62
07025,0.08,0.08,0.08,2.2,2.22,20.8,0.0,6.62
07028,0.08,0.08,0.08,5.23,3.93,5.01,0.0,0.0
07031,0.08,2.24,0.08,2.22,2.24,13.67,1.35,3.99
07033,0.08,0.08,0.08,5.04,1.14,20.05,0.0,6.78
07034,0.08,0.08,0.08,4.64,3.24,12.71,1.15,35.76
07036,0.08,0.08,0.08,0.43,0.0,6.96,0.0,6.31
07038,0.08,0.08,0.08,0.0,0.71,7.94,0.0,0.0
07039,0.08,0.08,0.08,4.53,3.7,15.45,0.0,6.53
07041,0.08,0.08,0.08,0.26,0.18,11.41,0.0,0.0
07043,0.08,0.08,0.08,17.84,10.44,28.79,0.0,4.39
07044,0.08,0.08,0.08,2.71,2.48,14.77,0.0,3.2
07049,0.08,0.08,0.08,0.34,0.7,14.45,1.4,1.36
07050,0.08,0.08,0.08,13.07,7.76,20.3,0.0,9.2
07052,0.08,0.08,0.08,1.24,1.61,9.05,1.63,0.64
07056,0.08,0.08,0.08,1.2,0.0,6.79,0.0,0.0
07058,0.08,0.08,0.08,6.15,5.12,6.46,0.0,0.0
07064,0.08,0.08,0.08,1.57,1.86,7.48,0.84,1.65
07067,0.08,0.08,0.08,2.28,1.98,19.16,0.0,3.85
07070,0.08,0.08,0.08,1.09,0.0,8.37,0.0,0.0
07075,0.08,2.51,0.08,2.1,2.51,12.54,1.65,3.27
07076,0.08,0.08,0.08,0.0,1.06,14.38,0.0,3.1
07077,0.08,0.08,0.08,8.23,3.02,14.01,1.49,5.89
07083,0.08,0.08,0.08,4.41,1.27,12.13,0.0,0.0
07088,0.08,0.08,0.08,0.0,0.0,35.87,0.0,21.27
07093,0.08,0.08,0.08,0.0,0.0,7.02,0.0,1.92
07094,0.08,0.08,0.08,1.43,1.42,9.72,0.92,2.7
07098,0.08,0.08,0.08,4.07,2.23,5.96,0.0,0.0
07099,0.08,0.08,0.08,0.59,0.58,12.22,0.57,1.69
07105,0.08,0.08,0.08,1.73,1.51,22.91,0.0,5.88
07106,0.08,0.08,0.08,3.28,2.05,11.13,0.0,2.12
07112,0.08,0.08,0.08,0.51,0.81,10.26,1.2,4.72
07113,0.08,0.08,0.08,0.0,0.91,14.47,0.0,4.91
07117,0.08,0.08,0.08,0.15,0.0,13.58,0.0,5.43
07118,0.08,0.08,0.08,0.0,0.0,37.27,0.0,7.35
07119,0.08,0.08,0.08,0.0,3.14,16.28,0.0,0.0
08014,0.08,0.08,0.08,30.04,24.6,34.85,0.0,0.0
08020,0.08,0.08,0.08,0.0,4.36,84.66,0.0,0.0
08025,0.08,0.08,0.08,4.22,2.55,30.72,0.0,8.03
08026,0.08,0.08,0.08,7.21,3.61,38.33,0.0,48.05
08033,0.08,0.08,0.08,0.0,0.0,60.92,0.0,0.0
08034,0.08,0.08,0.08,56.52,31.78,27.61,0.0,23.09
08043,0.08,0.08,0.08,9.81,3.1,39.16,0.0,19.35
08046,0.08,0.08,0.08,0.12,6.77,82.87,0.0,0.0
08049,0.08,0.08,0.08,13.18,2.98,53.54,0.0,36.15
08051,0.08,0.08,0.08,0.0,7.95,89.18,0.0,0.0
08053,0.08,0.08,0.08,0.0,6.36,132.22,0.0,9.4
08056,0.08,0.08,0.08,0.0,4.02,55.09,0.0,0.0
08057,0.08,0.08,0.08,22.66,15.15,38.79,0.0,0.0
08058,0.08,0.08,0.08,0.3,3.06,30.83,0.0,19.0
08063,0.08,0.08,0.08,35.66,22.84,55.75,0.0,60.95
10002,0.08,0.08,0.08,10.8,7.41,60.5,0.0,10.97
10003,0.08,0.08,0.08,0.0,0.0,32.2,0.0,12.89
10006,0.08,0.08,0.08,4.06,3.36,19.96,0.0,0.0
10010,0.08,0.08,0.08,3.67,4.43,23.09,0.0,0.0
10011,0.08,0.08,0.08,10.9,7.21,25.25,0.0,0.0
10014,0.08,4.61,0.08,0.49,4.61,35.73,1.79,3.48
10018,0.08,0.08,0.08,4.5,12.31,48.93,0.0,0.0
10019,0.08,0.08,0.08,0.0,0.0,64.05,0.0,0.0
10021,0.08,0.08,0.08,2.28,2.21,20.14,0.0,0.0
10025,0.08,0.08,0.08,2.66,3.03,48.68,0.0,0.0
10027,0.08,0.08,0.08,1.26,0.0,15.07,0.0,0.0
10029,0.08,0.08,0.08,0.0,0.0,15.57,0.0,0.0
10030,0.08,0.08,0.08,0.0,0.0,16.74,0.0,0.0
11006,0.08,0.08,0.08,5.15,4.8,8.57,0.0,0.0
12002,0.08,0.08,0.08,1.84,0.66,20.08,0.0,1.97
12003,0.08,0.08,0.08,0.0,0.22,53.54,0.0,0.0
12016,0.08,0.08,0.08,0.0,1.36,47.14,0.0,0.0
12020,0.08,4.46,0.08,3.27,4.46,19.18,2.19,6.5
12026,0.08,0.08,0.08,10.09,9.34,34.68,0.0,0.0
12027,0.08,0.08,0.08,0.0,2.04,35.11,0.0,2.48
12031,0.08,0.08,0.08,0.02,2.65,46.7,0.0,0.0
12032,0.08,0.08,0.08,0.0,1.33,49.12,1.33,0.0
12047,0.08,0.08,0.08,0.0,0.0,43.6,0.0,0.0
12054,0.08,3.27,0.08,0.0,3.27,58.57,2.21,2.25
12063,0.08,0.08,0.08,0.0,0.0,16.45,0.0,4.92
12064,0.08,0.08,0.08,0.0,1.42,48.39,0.0,0.0
12067,0.08,2.61,0.08,3.13,2.61,47.39,0.0,2.23
12070,0.08,0.08,0.08,1.78,3.09,24.43,0.0,12.1
12073,0.08,0.08,0.08,0.33,0.93,40.97,0.0,0.0
12076,0.08,0.08,0.08,5.48,2.98,18.05,0.0,1.14
13006,0.08,0.08,0.08,11.27,3.03,6.08,0.0,2.59
13026,0.08,0.08,0.08,0.0,0.65,6.41,0.0,11.76
13027,0.08,1.1,0.08,2.36,1.1,13.78,0.0,4.44
13033,0.08,0.08,0.08,3.48,0.0,6.55,0.0,0.0
13036,0.08,0.08,0.08,9.85,5.28,7.97,0.0,5.27
13040,0.08,0.08,0.08,6.62,6.05,8.68,0.0,5.26
13043,0.08,0.08,0.08,1.06,0.0,6.0,0.0,0.0
13047,0.08,0.0,0.08,0.7,0.0,8.39,0.0,10.87
13062,0.08,0.08,0.08,4.84,2.62,6.43,0.0,6.19
13068,0.08,0.08,0.08,4.12,4.62,8.63,0.0,6.9
13080,0.08,0.08,0.08,5.59,4.67,6.98,0.0,3.97
14001,0.08,0.08,0.08,11.37,4.21,43.6,0.0,8.26
14010,0.08,0.08,0.08,1.19,0.0,34.69,0.0,12.01
14011,0.08,0.08,0.08,1.06,0.0,39.15,0.0,8.76
14012,0.08,0.08,0.08,9.4,7.89,41.18,0.0,23.57
14014,0.08,0.08,0.08,0.0,0.95,29.41,0.0,5.61
14019,0.08,0.08,0.08,4.53,5.71,17.82,0.0,0.0
14026,0.08,0.08,0.08,10.24,9.04,26.64,0.0,15.3
14028,0.08,0.08,0.08,0.04,0.0,38.0,0.0,0.0
14031,0.08,0.08,0.08,0.0,0.0,23.41,0.0,16.34
14032,0.08,0.08,0.08,4.42,2.75,25.71,0.0,16.42
14033,0.08,3.52,0.08,0.77,3.52,50.03,2.35,11.74
14038,0.08,0.08,0.08,4.94,9.93,45.53,0.0,0.0
14052,0.08,0.08,0.08,3.0,0.0,30.39,0.0,0.0
14056,0.08,0.08,0.08,25.53,24.62,32.12,0.0,65.48
14060,0.08,0.0,0.08,3.85,0.0,19.12,0.0,0.0
14069,0.08,0.08,0.08,7.87,5.54,29.14,0.0,6.84
14071,0.08,0.08,0.08,76.04,82.59,45.36,0.0,17.39
14075,0.08,0.08,0.08,4.36,4.36,25.14,0.0,65.45
14076,0.08,0.08,0.08,0.0,0.0,20.03,0.0,0.0
14089,0.08,0.08,0.08,9.27,5.9,22.63,0.0,22.9
14102,0.08,0.08,0.08,10.6,5.58,24.43,0.0,8.36
14106,0.08,0.08,0.08,2.99,0.0,27.22,0.0,7.95
14111,0.08,0.08,0.08,8.59,5.0,51.51,0.0,30.13
14113,0.08,0.08,0.08,2.33,1.98,30.01,0.0,0.0
14116,0.08,6.08,0.08,12.22,6.08,11.02,2.42,96.06
14118,0.08,0.08,0.08,0.0,2.59,32.7,0.0,0.0
15008,0.08,0.08,0.08,1.07,3.34,32.17,2.01,0.0
15041,0.08,0.08,0.08,10.86,3.89,20.51,0.0,0.0
15077,0.08,0.08,0.08,9.08,11.02,22.62,0.0,7.24
15080,0.08,0.08,0.08,1.94,1.76,24.61,0.0,6.43
15123,0.08,0.08,0.08,0.0,2.0,23.14,0.0,0.0
16002,0.08,0.08,0.08,3.14,7.47,51.5,0.0,0.0
16007,0.08,0.08,0.08,20.34,13.83,8.88,0.0,0.0
16015,0.08,0.08,0.08,22.26,4.04,44.99,0.0,11.84
16024,0.08,0.08,0.08,6.31,4.29,25.93,2.32,13.75
16027,0.08,0.08,0.08,17.7,10.23,24.79,0.0,0.0
16028,0.08,0.08,0.08,0.0,8.06,56.38,0.0,29.59
16032,0.08,0.08,0.08,22.84,10.93,22.01,0.0,30.68
16033,0.08,3.48,0.08,0.0,3.48,43.48,2.32,11.59
16060,0.08,5.32,0.08,0.0,5.32,49.06,0.0,48.11
16062,0.08,1.17,0.08,0.0,1.17,38.1,0.0,2.29
16074,0.08,0.08,0.08,26.38,17.16,34.75,0.0,0.0
16077,0.08,0.08,0.08,6.27,5.71,40.06,0.0,14.43
16091,0.08,0.08,0.08,18.94,6.54,34.69,0.0,22.35
16092,0.08,0.08,0.08,8.09,7.96,31.22,0.0,12.28
16109,0.08,0.08,0.08,0.0,2.58,48.67,0.0,0.0
18014,0.08,4.21,0.08,8.7,4.21,21.31,1.92,3.8
18018,0.08,0.08,0.08,1.33,1.94,14.48,0.0,13.29
18019,0.08,0.08,0.08,3.04,1.17,16.63,0.0,3.51
19023,0.08,0.08,0.08,120.74,38.59,97.71,0.0,47.86
19035,0.08,20.25,0.08,46.06,20.25,71.86,0.0,83.22
20001,0.08,0.08,0.08,0.0,0.0,0.03,0.0,0.0
20003,0.08,0.08,0.08,5.59,3.26,0.08,0.0,0.0
20004,0.08,0.08,0.08,10.74,14.68,4.11,0.0,0.0
20008,0.08,0.08,0.08,0.0,0.0,0.22,0.0,0.0
20011,0.08,0.0,0.08,6.15,0.0,1.59,0.0,0.0
20013,0.08,0.08,0.08,10.41,2.69,0.0,0.0,15.73
20016,0.08,0.08,0.08,3.83,1.69,8.26,0.0,0.0
20017,0.08,0.08,0.08,13.92,13.52,0.0,0.0,0.0
20018,0.08,0.08,0.08,0.0,0.0,0.6,0.0,0.0
20019,0.08,0.08,0.08,0.0,0.0,0.04,0.0,0.0
20022,0.08,0.08,0.08,0.0,0.0,6.96,0.0,64.54
20024,0.08,0.08,0.08,13.44,9.3,0.01,0.0,28.23
20027,0.08,0.08,0.08,9.37,7.95,0.2,0.0,0.0
20029,0.08,0.08,0.08,4.27,5.95,1.81,0.0,0.0
20032,0.08,0.08,0.08,78.69,53.54,5.56,0.0,45.5
20034,0.08,0.08,0.08,18.28,0.0,0.25,0.0,41.0
20035,0.08,0.08,0.08,0.0,0.0,0.01,0.0,0.0
20036,0.08,0.08,0.08,7.13,3.17,0.65,0.0,0.0
20038,0.08,0.08,0.08,0.0,0.0,0.0,0.0,0.0
20046,0.08,0.08,0.08,14.95,8.77,0.0,0.0,0.0
20047,0.08,0.08,0.08,0.0,0.0,0.04,0.0,0.0
20048,0.08,0.0,0.08,0.0,0.0,0.0,0.0,33.36
20049,0.08,0.08,0.08,0.0,0.0,0.0,0.0,0.0
20050,0.08,0.08,0.08,0.0,0.0,2.25,0.0,0.0
20053,0.08,12.59,0.08,21.65,12.59,0.81,0.0,0.0
20054,0.08,0.08,0.08,0.0,0.0,0.0,0.0,0.0
20060,0.08,0.08,0.08,8.18,6.94,0.01,0.0,0.0
20062,0.08,0.08,0.08,0.0,0.0,0.0,0.0,0.0
20063,0.08,0.08,0.08,6.55,1.9,0.0,0.0,11.11
20064,0.08,0.08,0.08,2.46,0.95,0.01,0.0,5.52
20065,0.08,0.08,0.08,5.75,15.88,1.02,0.0,0.0
20069,0.08,0.08,0.08,0.0,0.0,0.0,0.0,0.0
20071,0.08,0.08,0.08,26.61,17.04,2.79,0.0,57.76
20072,0.08,0.08,0.08,8.9,5.91,0.0,0.0,0.0
20074,0.08,0.08,0.08,0.0,0.0,0.01,0.0,0.0
20080,0.08,0.08,0.08,5.92,9.93,0.0,0.0,28.82
20081,0.08,0.08,0.08,0.0,0.0,0.22,0.0,0.0
20082,0.08,0.08,0.08,14.28,11.86,0.39,0.0,23.41
20086,0.08,0.08,0.08,0.0,0.0,0.85,0.0,44.79
20088,0.08,0.08,0.08,7.97,5.72,0.42,0.0,0.0
20091,0.08,0.08,0.08,7.32,6.24,0.22,0.0,7.16
20092,0.08,0.08,0.08,6.95,0.0,0.04,0.0,0.0
20093,0.08,0.08,0.08,27.41,15.99,0.0,0.0,95.19
20095,0.08,0.08,0.08,1.14,0.0,0.01,0.0,10.31
20096,0.08,0.08,0.08,0.0,0.0,0.0,0.0,0.0
20097,0.08,0.08,0.08,0.0,0.0,0.0,0.0,0.0
20098,0.08,0.08,0.08,2.58,1.98,1.46,0.0,0.0
20099,0.08,23.01,0.08,0.0,23.01,3.4,0.0,0.0
20100,0.08,22.14,0.08,37.95,22.14,0.02,0.0,0.0
20101,0.08,0.08,0.08,18.99,11.08,0.0,0.0,0.0
20104,0.08,0.08,0.08,11.7,6.03,0.0,0.0,0.0
20105,0.08,0.08,0.08,0.0,0.0,0.13,0.0,0.0
20106,0.08,0.08,0.08,0.0,0.0,0.0,0.0,0.0
20108,0.08,0.08,0.08,0.0,0.0,0.0,0.0,0.0
20109,0.08,0.08,0.08,0.0,0.0,5.7,0.0,81.2
20110,0.08,0.08,0.08,0.0,0.0,2.14,0.0,0.0
20111,0.08,10.0,0.08,15.71,10.0,2.51,0.0,0.0
20112,0.08,0.08,0.08,8.88,3.2,0.0,0.0,0.0
20114,0.08,0.08,0.08,0.0,0.0,0.0,0.0,0.0
20116,0.08,0.08,0.08,7.28,6.02,0.82,0.0,11.99
20117,0.08,0.08,0.08,0.0,0.0,1.11,0.0,23.7
20119,0.08,20.59,0.08,35.3,20.59,0.33,0.0,0.0
20120,0.08,0.08,0.08,0.0,0.0,0.0,0.0,0.0
20121,0.08,0.08,0.08,0.0,0.0,0.0,0.0,0.0
20122,0.08,0.08,0.08,0.0,0.0,0.02,0.0,0.0
20123,0.08,0.08,0.08,0.0,0.0,0.0,0.0,0.0
20126,0.08,0.08,0.08,2.61,1.52,0.0,0.0,17.91
20127,0.08,0.08,0.08,7.15,0.0,3.99,0.0,0.0
20128,0.08,6.11,0.08,10.47,6.11,0.01,0.0,0.0
20129,0.08,0.0,0.08,0.0,0.0,0.01,0.0,133.78
20135,0.08,0.08,0.08,0.0,0.99,0.01,0.0,11.41
20138,0.08,0.08,0.08,0.0,0.0,0.0,0.0,0.0
20139,0.08,0.08,0.08,6.38,7.54,0.23,0.0,22.43
20140,0.08,0.08,0.08,13.28,0.0,0.0,0.0,0.0
20142,0.08,0.08,0.08,4.24,0.0,3.57,0.0,0.0
20144,0.08,0.08,0.08,0.0,0.0,0.0,0.0,0.0
20145,0.08,0.08,0.08,7.87,5.9,0.0,0.0,8.22
20146,0.08,0.08,0.08,4.33,5.86,0.0,0.0,0.0
20147,0.08,0.08,0.08,0.0,0.0,0.01,0.0,0.0
20148,0.08,0.08,0.08,0.0,0.0,0.38,0.0,0.0
20149,0.08,0.08,0.08,6.73,3.92,0.0,0.0,0.0
20151,0.08,0.08,0.08,0.0,0.0,0.67,0.0,0.0
20154,0.08,0.08,0.08,44.06,36.08,0.0,0.0,0.0
20155,0.08,0.08,0.08,0.0,0.0,0.0,0.0,44.47
20158,0.08,0.08,0.08,15.19,14.92,0.03,0.0,0.0
20159,0.08,0.08,0.08,14.73,10.46,0.88,0.0,0.0
20160,0.08,17.56,0.08,23.83,17.56,4.21,0.0,0.0
20162,0.08,0.08,0.08,16.07,11.83,0.0,0.0,0.0
20163,0.08,0.08,0.08,1.13,0.0,0.95,0.0,0.0
20165,0.08,0.08,0.08,19.44,10.01,6.66,0.0,0.0
20168,0.08,0.08,0.08,43.8,26.69,6.99,0.0,0.0
20169,0.08,0.08,0.08,1.19,0.0,3.74,0.0,0.0
20170,0.08,0.08,0.08,38.1,31.92,0.01,0.0,0.0
20172,0.08,0.08,0.08,0.0,0.0,0.42,0.0,0.0
20173,0.08,11.57,0.08,8.78,11.57,0.02,0.0,0.0
20175,0.08,0.08,0.08,0.0,0.0,0.02,0.0,0.0
20178,0.08,0.08,0.08,7.39,3.69,0.01,0.0,7.25
20179,0.08,0.0,0.08,1.24,0.0,0.0,0.0,0.0
20181,0.08,0.08,0.08,0.0,0.0,5.11,0.0,0.0
20182,0.08,0.08,0.08,0.0,0.0,0.77,0.0,23.57
20183,0.08,0.08,0.08,0.0,0.0,3.08,0.0,0.0
20186,0.08,16.4,0.08,28.12,16.4,5.31,0.0,0.0
20187,0.08,0.0,0.08,0.0,0.0,0.29,0.0,34.59
20188,0.08,0.08,0.08,13.71,9.51,0.9,0.0,10.35
20189,0.08,0.08,0.08,1.15,0.0,0.23,0.0,0.0
20191,0.08,0.08,0.08,0.0,0.0,0.01,0.0,0.0
20192,0.08,0.08,0.08,0.0,0.0,0.0,0.0,0.0
20194,0.08,0.08,0.08,0.0,0.0,0.0,0.0,0.0
20195,0.08,0.08,0.08,8.62,0.0,0.08,0.0,0.0
20196,0.08,0.08,0.08,0.0,0.0,0.0,0.0,0.0
20199,0.08,38.39,0.08,71.12,38.39,2.81,0.0,0.0
20201,0.08,0.08,0.08,0.0,0.0,0.0,0.0,0.0
20202,0.08,10.78,0.08,13.87,10.78,0.95,0.0,10.75
20204,0.08,0.08,0.08,0.0,0.0,0.01,0.0,0.0
20206,0.08,0.08,0.08,14.57,13.61,0.6,0.0,0.0
20209,0.08,0.08,0.08,12.99,14.22,0.0,0.0,0.0
20211,0.08,0.08,0.08,8.59,7.19,0.2,0.0,14.16
20212,0.08,0.08,0.08,1.15,0.0,1.21,0.0,0.0
20214,0.08,0.08,0.08,0.0,0.0,0.29,0.0,0.0
20215,0.08,0.08,0.08,0.0,0.0,0.0,0.0,0.0
20216,0.08,0.08,0.08,0.0,0.0,0.01,0.0,0.0
20217,0.08,0.08,0.08,1.05,0.0,0.0,0.0,0.0
20218,0.08,0.08,0.08,0.0,0.0,0.04,0.0,0.0
20219,0.08,0.08,0.08,9.92,6.16,0.0,0.0,0.0
20220,0.08,0.08,0.08,3.32,0.0,0.05,0.0,0.0
20221,0.08,0.08,0.08,17.15,10.79,0.0,0.0,0.0
20222,0.08,5.93,0.08,8.92,5.93,0.05,0.0,0.0
20223,0.08,0.08,0.08,0.0,0.0,0.04,0.0,0.0
20225,0.08,0.08,0.08,3.95,4.25,1.32,0.0,17.02
20226,0.08,0.0,0.08,0.0,0.0,0.0,0.0,0.0
20228,0.08,0.08,0.08,16.9,9.86,5.1,0.0,0.0
20230,0.08,0.08,0.08,0.0,0.0,0.06,0.0,0.0
20231,0.08,0.08,0.08,12.14,10.3,0.19,0.0,0.0
20233,0.08,0.08,0.08,3.13,0.0,0.0,0.0,0.0
20236,0.08,18.66,0.08,18.98,18.66,0.88,0.0,0.0
20239,0.08,0.08,0.08,0.0,0.0,0.79,0.0,0.0
20241,0.08,0.08,0.08,0.0,0.0,0.0,0.0,0.0
20245,0.08,0.08,0.08,0.0,0.0,0.54,0.0,0.0
20246,0.08,0.08,0.08,0.0,0.0,0.0,0.0,0.0
20247,0.08,0.08,0.08,0.0,0.0,0.01,0.0,0.0
20248,0.08,0.08,0.08,4.75,4.7,7.46,0.0,0.0
20250,0.08,0.08,0.08,18.5,13.25,0.0,0.0,0.0
20255,0.08,0.08,0.08,0.0,0.0,0.01,0.0,0.0
20256,0.08,0.08,0.08,0.0,0.0,0.02,0.0,0.0
20257,0.08,0.08,0.08,8.52,0.0,0.01,0.0,48.43
20258,0.08,0.08,0.08,0.0,0.0,0.38,0.0,0.0
20260,0.08,0.08,0.08,5.08,3.9,0.0,0.0,24.42
20262,0.08,0.08,0.08,0.0,0.0,0.0,0.0,0.0
20264,0.08,0.08,0.08,0.0,0.0,0.0,0.0,0.0
20265,0.08,0.08,0.08,13.19,11.09,6.53,0.0,7.36
20267,0.08,0.08,0.08,0.0,0.0,0.01,0.0,0.0
20268,0.08,54.49,0.08,57.76,54.49,0.0,0.0,39.35
20269,0.08,0.08,0.08,7.32,7.63,1.92,0.0,0.0
20270,0.08,6.44,0.08,11.04,6.44,0.02,0.0,0.0
20271,0.08,0.08,0.08,0.0,0.0,0.0,0.0,0.0
20273,0.08,0.08,0.08,8.66,6.4,0.0,0.0,0.0
20274,0.08,6.24,0.08,10.69,6.24,0.0,0.0,0.0
20275,0.08,0.08,0.08,3.18,2.28,0.52,0.0,0.0
20276,0.08,0.08,0.08,5.15,0.0,0.05,0.0,0.0
20279,0.08,0.08,0.08,0.6,0.0,0.23,0.0,0.0
20280,0.08,0.08,0.08,0.0,0.0,0.02,0.0,0.0
20281,0.08,0.08,0.08,0.0,0.0,0.0,0.0,0.0
20282,0.08,0.08,0.08,0.0,0.0,4.32,0.0,0.0
20283,0.08,0.08,0.08,17.12,15.97,0.14,0.0,0.0
20287,0.08,0.08,0.08,0.0,0.0,0.01,0.0,0.0
20288,0.08,0.08,0.08,0.0,0.0,0.01,0.0,0.0
20289,0.08,0.08,0.08,15.9,13.49,0.0,0.0,0.0
20290,0.08,0.08,0.08,27.23,15.89,0.27,0.0,0.0
20291,0.08,0.08,0.08,0.39,0.0,0.6,0.0,11.41
20292,0.08,0.08,0.08,0.0,0.0,0.01,0.0,0.0
20294,0.08,0.08,0.08,6.79,3.46,0.0,0.0,6.76
20297,0.08,0.08,0.08,0.0,0.0,0.05,0.0,0.0
20299,0.08,0.08,0.08,0.0,0.0,0.0,0.0,0.0
20301,0.08,0.08,0.08,8.89,5.19,0.0,0.0,0.0
20302,0.08,21.45,0.08,19.21,21.45,1.11,0.0,10.47
20303,0.08,0.08,0.08,0.0,0.0,0.0,0.0,0.0
20304,0.08,0.08,0.08,0.0,0.0,0.0,0.0,0.0
20306,0.08,0.08,0.08,2.65,0.0,0.75,0.0,9.92
20311,0.08,0.08,0.08,0.0,0.0,0.0,0.0,0.0
20313,0.08,0.08,0.08,0.0,0.0,0.0,0.0,0.0
20316,0.08,0.0,0.08,0.0,0.0,0.01,0.0,136.89
20317,0.08,0.08,0.08,0.0,0.0,0.14,0.0,0.0
20319,0.08,0.08,0.08,0.0,8.79,0.03,0.0,0.0
20320,0.08,0.08,0.08,0.0,0.0,0.66,0.0,0.0
20321,0.08,0.08,0.08,0.0,0.0,0.06,0.0,0.0
20322,0.08,0.08,0.08,16.4,10.87,1.54,0.0,0.0
20323,0.08,0.08,0.08,5.81,3.39,0.17,0.0,0.0
20325,0.08,0.08,0.08,0.43,0.0,0.01,0.0,11.85
20329,0.08,0.08,0.08,0.0,0.0,0.0,0.0,0.0
20330,0.08,0.08,0.08,6.23,3.87,0.72,0.0,11.61
20331,0.08,0.08,0.08,0.0,0.0,0.04,0.0,48.83
20332,0.08,0.08,0.08,0.0,0.0,0.0,0.0,0.0
20333,0.08,0.08,0.08,11.43,7.28,0.01,0.0,54.95
20335,0.08,0.08,0.08,0.0,0.0,0.02,0.0,0.0
20336,0.08,0.08,0.08,0.0,0.0,0.85,0.0,0.0
20340,0.08,0.08,0.08,10.27,4.81,12.03,0.0,0.0
20341,0.08,0.08,0.08,0.0,0.0,0.0,0.0,0.0
20343,0.08,0.08,0.08,0.0,0.0,0.0,0.0,0.0
20344,0.08,0.08,0.08,0.0,0.0,3.42,0.0,34.35
20346,0.08,0.08,0.08,18.27,10.62,0.02,0.0,0.0
20347,0.08,0.08,0.08,0.0,0.0,0.03,0.0,0.0
20349,0.08,0.08,0.08,6.41,0.0,0.0,0.0,0.0
20352,0.08,0.08,0.08,3.73,3.16,0.71,0.0,0.0
20353,0.08,0.08,0.08,0.0,0.0,0.0,0.0,0.0
20354,0.08,0.08,0.08,0.0,0.0,3.45,0.0,0.0
20355,0.08,0.08,0.08,31.62,12.31,0.05,0.0,0.0
20356,0.08,0.08,0.08,6.45,3.76,0.0,0.0,0.0
20357,0.08,0.08,0.08,0.0,0.0,0.01,0.0,0.0
20359,0.08,0.08,0.08,5.61,0.0,0.0,0.0,0.0
20361,0.08,0.08,0.08,17.73,10.34,0.01,0.0,0.0
20363,0.08,0.08,0.08,7.96,6.2,0.04,0.0,0.0
20365,0.08,0.08,0.08,0.0,0.0,0.01,0.0,0.0
20368,0.08,0.08,0.08,23.96,23.33,0.0,0.0,45.59
20369,0.08,0.08,0.08,0.8,0.0,0.0,0.0,21.12
20370,0.08,0.08,0.08,0.0,0.0,2.04,0.0,0.0
20371,0.08,0.08,0.08,0.0,0.0,0.37,0.0,0.0
20372,0.08,0.08,0.08,12.52,0.0,0.82,0.0,0.0
20373,0.08,0.0,0.08,0.0,0.0,2.83,0.0,0.0
20376,0.08,0.0,0.08,9.78,0.0,1.25,0.0,0.0
20377,0.08,0.08,0.08,0.0,0.0,0.06,0.0,0.0
20379,0.08,0.08,0.08,6.66,5.65,4.4,0.0,0.0
20380,0.08,0.08,0.08,0.0,3.63,0.0,0.0,0.0
20381,0.08,0.08,0.08,12.43,8.25,0.83,0.0,16.09
20382,0.08,0.08,0.08,0.0,0.0,0.02,0.0,41.88
20383,0.08,0.08,0.08,0.0,0.0,0.76,0.0,0.0
20384,0.08,0.0,0.08,0.0,0.0,0.0,0.0,0.0
20386,0.08,0.08,0.08,0.42,0.86,0.16,0.0,0.0
20389,0.08,0.08,0.08,25.63,9.2,0.0,0.0,0.0
20391,0.08,0.08,0.08,0.51,7.39,0.02,0.0,14.77
20392,0.08,0.08,0.08,2.91,2.47,0.22,0.0,7.41
20393,0.08,0.08,0.08,0.0,0.0,0.0,0.0,0.0
20394,0.08,0.08,0.08,0.0,0.0,0.53,0.0,0.0
20395,0.08,21.52,0.08,25.36,21.52,0.0,0.0,33.46
20396,0.08,0.08,0.08,0.0,0.0,0.11,0.0,0.0
20398,0.08,0.08,0.08,5.84,6.67,0.0,0.0,0.0
20400,0.08,0.08,0.08,0.0,0.0,0.54,0.0,28.53
20403,0.08,0.08,0.08,24.12,14.55,0.03,0.0,0.0
20405,0.08,0.08,0.08,21.99,18.66,0.03,0.0,0.0
20407,0.08,0.08,0.08,3.78,2.53,7.56,0.0,4.93
20408,0.08,0.08,0.08,0.0,0.0,2.63,0.0,0.0
20410,0.08,0.08,0.08,3.68,4.89,0.13,0.0,14.71
20411,0.08,0.08,0.08,40.32,17.88,0.0,0.0,52.0
20412,0.08,0.08,0.08,6.76,5.25,0.51,0.0,0.0
20416,0.08,0.08,0.08,0.0,0.0,0.19,0.0,0.0
20419,0.08,0.08,0.08,0.0,0.0,0.01,0.0,0.0
20420,0.08,0.08,0.08,31.91,24.82,0.0,0.0,0.0
20422,0.08,0.08,0.08,0.0,0.0,0.0,0.0,0.0
20423,0.08,0.08,0.08,0.0,0.0,0.27,0.0,0.0
20424,0.08,0.08,0.08,0.0,0.0,0.34,0.0,26.88
20425,0.08,0.08,0.08,0.0,0.0,0.05,0.0,0.0
20428,0.08,0.08,0.08,0.0,0.0,0.03,0.0,0.0
20430,0.08,0.08,0.08,0.0,0.0,0.06,0.0,0.0
20432,0.08,0.08,0.08,0.0,0.0,0.01,0.0,0.0
20434,0.08,0.08,0.08,7.16,6.56,3.36,0.0,0.0
20435,0.08,0.08,0.08,10.92,9.27,0.02,0.0,0.0
20437,0.08,0.08,0.08,2.22,1.73,0.1,0.0,0.0
20438,0.08,0.08,0.08,0.0,0.0,0.32,0.0,0.0
20440,0.08,0.08,0.08,0.0,0.0,0.04,0.0,0.0
20442,0.08,0.08,0.08,0.0,0.0,0.0,0.0,0.0
20443,0.08,0.08,0.08,0.0,0.0,0.0,0.0,0.0
20444,0.08,0.08,0.08,0.0,0.0,0.01,0.0,0.0
20445,0.08,0.08,0.08,0.0,0.0,0.13,0.0,0.0
20446,0.08,0.08,0.08,0.33,0.0,4.22,0.0,0.0
20448,0.08,0.08,0.08,2.81,0.0,0.02,0.0,0.0
20451,0.08,0.08,0.08,0.0,0.0,0.0,0.0,0.0
20452,0.08,0.08,0.08,1.19,0.0,0.0,0.0,22.09
20455,0.08,0.08,0.08,4.87,2.84,7.05,0.0,0.0
20456,0.08,0.08,0.08,0.0,0.0,0.12,0.0,0.0
20458,0.08,0.08,0.08,16.69,14.16,0.65,0.0,0.0
20461,0.08,0.08,0.08,0.0,0.0,1.36,0.0,0.0
20463,0.08,0.08,0.08,0.0,0.0,0.0,0.0,0.0
20464,0.08,0.08,0.08,0.0,0.0,0.2,0.0,182.65
20471,0.08,0.08,0.08,0.0,0.0,0.04,0.0,0.0
20473,0.08,0.0,0.08,0.0,0.0,0.0,0.0,0.0
20476,0.08,39.5,0.08,42.31,39.5,17.52,0.0,118.34
20477,0.08,0.0,0.08,0.0,0.0,0.08,0.0,0.0
20478,0.08,0.08,0.08,12.95,10.99,0.0,0.0,0.0
20479,0.08,0.08,0.08,0.0,0.0,0.01,0.0,0.0
20480,0.08,0.0,0.08,0.0,0.0,2.85,0.0,0.0
20486,0.08,0.08,0.08,0.0,0.0,0.0,0.0,20.9
20488,0.08,0.08,0.08,0.0,0.0,0.02,0.0,0.0
20489,0.08,0.08,0.08,5.1,1.7,0.39,0.0,30.68
20491,0.08,3.27,0.08,5.56,3.27,0.01,0.0,0.0
20492,0.08,0.08,0.08,7.54,6.23,0.03,0.0,0.0
20493,0.08,0.08,0.08,0.0,0.0,0.0,0.0,0.0
20495,0.08,0.08,0.08,10.41,8.16,0.6,0.0,16.1
20496,0.08,0.08,0.08,0.0,0.0,0.0,0.0,0.0
20499,0.08,0.08,0.08,28.22,21.96,0.17,0.0,0.0
20500,0.08,0.08,0.08,1.11,0.0,0.03,0.0,18.63
20501,0.08,0.08,0.08,0.0,0.0,0.76,0.0,0.0
20502,0.08,0.08,0.08,4.31,3.35,0.95,0.0,0.0
20503,0.08,0.08,0.08,0.0,0.0,0.0,0.0,0.0
20504,0.08,0.08,0.08,0.0,0.0,0.05,0.0,0.0
20506,0.08,0.08,0.08,0.0,0.0,0.0,0.0,0.0
20508,0.08,0.08,0.08,15.17,10.14,3.78,0.0,59.77
20510,0.08,0.08,0.08,0.0,0.0,0.03,0.0,0.0
20511,0.08,0.08,0.08,13.05,7.64,0.0,0.0,0.0
20512,0.08,0.08,0.08,24.91,14.53,0.04,0.0,0.0
20514,0.08,0.08,0.08,0.0,0.0,0.1,0.0,0.0
20517,0.08,0.08,0.08,10.26,7.99,0.0,0.0,0.0
20518,0.08,0.08,0.08,0.0,0.0,0.01,0.0,0.0
20521,0.08,0.08,0.08,55.11,32.15,0.0,0.0,0.0
20522,0.08,0.08,0.08,11.81,6.89,0.0,0.0,0.0
20523,0.08,0.08,0.08,0.0,0.0,0.0,0.0,0.0
20524,0.08,0.08,0.08,0.0,0.0,0.07,0.0,0.0
20527,0.08,0.08,0.08,20.02,13.86,0.01,0.0,0.0
20528,0.08,0.08,0.08,0.0,0.0,2.55,0.0,0.0
20529,0.08,0.08,0.08,0.0,0.0,0.49,0.0,0.0
20531,0.08,0.08,0.08,7.29,6.18,0.0,0.0,0.0
20535,0.08,0.08,0.08,0.0,0.0,0.0,0.0,0.0
20536,0.08,0.08,0.08,0.0,0.0,0.03,0.0,0.0
20539,0.08,0.08,0.08,12.71,9.98,0.01,0.0,28.53
20541,0.08,0.08,0.08,0.0,0.0,0.01,0.0,0.0
20542,0.08,0.08,0.08,52.29,36.15,0.0,0.0,52.22
20543,0.08,0.08,0.08,4.42,0.0,1.29,0.0,0.0
20544,0.08,0.08,0.08,0.0,0.0,0.01,0.0,0.0
20548,0.08,0.08,0.08,0.0,0.0,1.81,0.0,0.0
20549,0.08,0.08,0.08,6.51,2.89,0.46,0.0,4.32
20552,0.08,0.08,0.08,0.0,0.0,0.07,0.0,0.0
20554,0.08,0.08,0.08,0.0,0.0,0.09,0.0,16.48
20556,0.08,0.08,0.08,0.0,0.0,0.0,0.0,0.0
20558,0.08,6.2,0.08,12.13,6.2,0.0,0.0,0.0
20560,0.08,0.08,0.08,2.19,0.0,0.0,0.0,7.56
20561,0.08,0.08,0.08,0.0,0.0,0.0,0.0,16.18
20562,0.08,0.08,0.08,8.27,4.83,0.06,0.0,0.0
20564,0.08,0.08,0.08,0.0,0.0,0.0,0.0,0.0
20568,0.08,0.08,0.08,30.71,23.87,9.43,0.0,84.01
20569,0.08,0.08,0.08,0.0,0.0,0.0,0.0,0.0
21005,0.08,0.08,0.08,0.0,0.0,31.74,0.0,15.8
21006,0.08,0.08,0.08,3.48,2.88,21.81,0.0,6.93
21009,0.08,0.08,0.08,1.35,0.0,19.55,0.0,0.0
21011,0.08,0.08,0.08,3.23,8.69,29.5,0.0,0.0
21014,0.08,0.08,0.08,1.46,1.75,15.47,0.0,0.0
21016,0.08,0.08,0.08,14.62,2.68,15.43,0.0,0.0
21018,0.08,0.08,0.08,4.28,4.28,11.32,0.0,0.0
21020,0.08,0.08,0.08,0.0,0.0,25.89,0.0,11.95
21024,0.08,0.0,0.08,0.0,0.0,21.23,0.0,100.1
21028,0.08,0.08,0.08,0.0,0.0,8.11,0.0,0.0
21029,0.08,0.08,0.08,8.74,0.0,11.43,0.0,0.0
21030,0.08,0.0,0.08,34.51,0.0,6.01,0.0,0.0
21031,0.08,0.08,0.08,8.35,5.99,18.65,0.0,18.16
21037,0.08,0.08,0.08,0.0,0.0,15.74,0.0,21.45
21042,0.08,0.08,0.08,0.0,0.0,30.69,0.0,0.0
21052,0.08,0.08,0.08,0.0,0.0,14.01,0.0,0.0
21057,0.08,0.08,0.08,6.25,3.86,12.35,0.0,7.94
21058,0.08,0.08,0.08,0.62,0.0,8.32,0.0,4.57
21059,0.08,0.08,0.08,7.41,5.6,20.3,0.0,49.15
21065,0.08,3.49,0.08,1.96,3.49,28.91,2.07,14.27
21070,0.08,0.08,0.08,3.82,0.0,17.31,0.0,0.0
21077,0.08,0.08,0.08,2.22,1.39,3.5,0.0,0.0
21079,0.08,0.08,0.08,26.12,14.08,21.6,0.0,24.9
21080,0.08,0.08,0.08,5.14,3.21,10.68,0.0,0.0
21088,0.08,0.08,0.08,11.34,7.53,16.93,0.0,34.17
21092,0.08,0.08,0.08,0.0,0.0,19.8,0.0,0.0
21093,0.08,0.08,0.08,2.19,2.19,13.11,0.0,6.58
21095,0.08,0.08,0.08,0.0,0.0,19.87,0.0,0.0
21098,0.08,0.08,0.08,9.3,2.46,25.09,0.0,7.25
21100,0.08,0.08,0.08,3.8,7.24,26.26,0.0,16.45
21101,0.08,0.08,0.08,6.41,10.29,11.03,0.0,0.0
21113,0.08,0.08,0.08,12.9,10.76,17.49,0.0,0.0
21120,0.08,0.08,0.08,5.33,2.69,17.54,0.0,0.0
21121,0.08,0.0,0.08,0.0,0.0,51.48,0.0,37.34
21123,0.08,0.08,0.08,0.0,4.51,20.39,0.0,0.0
21126,0.08,0.08,0.08,0.0,0.0,46.14,0.0,7.16
21127,0.08,0.08,0.08,7.58,9.35,9.96,0.0,0.0
21131,0.08,0.08,0.08,0.0,0.0,19.87,0.0,0.0
21133,0.08,0.08,0.08,71.12,71.17,30.29,0.0,0.0
21135,0.08,0.08,0.08,0.0,0.0,36.89,0.0,0.0
21139,0.08,0.08,0.08,0.0,0.0,20.65,0.0,25.78
21146,0.08,0.08,0.08,27.32,11.51,13.35,0.0,0.0
21150,0.08,0.08,0.08,0.0,1.41,31.32,0.0,0.0
21155,0.08,0.08,0.08,16.9,10.4,20.97,0.0,6.63
21161,0.08,4.3,0.08,6.96,4.3,19.57,2.12,4.19
21162,0.08,0.08,0.08,0.0,4.04,16.37,0.0,12.16
21165,0.08,0.08,0.08,0.0,0.0,31.74,0.0,0.0
21171,0.08,0.08,0.08,6.5,6.27,24.52,0.0,0.0
21178,0.08,0.08,0.08,3.01,1.59,19.84,0.0,6.49
21182,0.08,0.08,0.08,1.49,4.5,30.4,0.0,17.58
21187,0.08,3.48,0.08,3.81,3.48,16.68,0.0,0.0
21190,0.08,0.08,0.08,2.81,0.0,12.02,0.0,0.0
21192,0.08,0.08,0.08,6.2,2.82,9.2,0.0,8.48
21193,0.08,0.08,0.08,12.13,11.47,32.3,0.0,15.15
21195,0.08,0.08,0.08,7.75,3.37,10.79,1.82,3.61
21196,0.08,0.08,0.08,0.0,0.0,15.9,0.0,0.0
21198,0.08,0.0,0.08,2.55,0.0,28.08,0.0,185.39
21199,0.08,0.08,0.08,1.03,2.07,18.97,0.0,4.4
21200,0.08,0.08,0.08,0.0,0.0,10.29,0.0,0.0
21204,0.08,0.08,0.08,4.1,3.11,16.39,0.0,0.0
21215,0.08,0.08,0.08,2.2,0.0,10.19,0.0,11.1
21216,0.08,0.08,0.08,0.0,3.44,22.71,0.0,21.1
24031,0.08,0.08,0.08,8.67,5.43,14.0,0.0,16.17
24038,0.08,0.08,0.08,11.63,6.56,7.93,0.0,3.66
25005,0.08,0.08,0.08,0.0,0.97,51.97,0.0,2.91
26001,0.08,0.08,0.08,7.87,3.26,47.08,0.0,0.0
26005,0.08,0.08,0.08,11.61,7.17,21.38,0.0,0.0
26006,0.08,0.08,0.08,0.0,0.0,41.21,0.0,18.43
26007,0.08,0.08,0.08,26.33,26.33,96.24,0.0,236.97
26008,0.08,0.08,0.08,0.0,0.0,16.44,0.0,0.0
26009,0.08,0.08,0.08,0.0,0.0,24.74,0.0,65.94
26010,0.08,0.0,0.08,0.0,0.0,33.45,0.0,0.0
26011,0.08,0.08,0.08,0.0,0.0,27.15,0.0,0.0
26013,0.08,0.08,0.08,19.54,8.86,28.29,0.0,0.0
26024,0.08,0.08,0.08,4.39,0.0,14.07,0.0,0.0
26031,0.08,29.03,0.08,21.19,29.03,29.92,0.0,0.0
26032,0.08,0.08,0.08,7.82,0.0,15.28,0.0,0.0
26034,0.08,0.08,0.08,0.0,0.0,36.46,0.0,0.0
26037,0.08,0.08,0.08,34.41,23.51,50.29,0.0,0.0
26040,0.08,11.64,0.08,24.02,11.64,21.52,0.0,0.0
26050,0.08,0.0,0.08,0.26,0.0,53.94,0.0,137.08
26053,0.08,45.61,0.08,46.89,45.61,68.63,0.0,279.52
26054,0.08,0.08,0.08,0.0,0.0,15.86,0.0,0.0
26057,0.08,0.08,0.08,8.95,0.0,22.97,0.0,0.0
26059,0.08,0.08,0.08,7.29,4.54,36.4,0.0,28.02
26062,0.08,0.08,0.08,11.76,0.0,24.32,0.0,44.23
26067,0.08,0.0,0.08,0.0,0.0,8.91,0.0,0.0
28005,0.08,0.08,0.08,0.84,0.0,33.46,0.0,24.01
28006,0.08,0.08,0.08,6.65,3.32,18.89,0.0,13.34
28008,0.08,0.08,0.08,4.8,3.99,39.27,0.0,0.0
28014,0.08,0.08,0.08,4.77,4.35,121.9,0.0,0.0
28031,0.08,0.08,0.08,0.0,8.43,25.75,0.0,24.97
28036,0.08,0.08,0.08,36.77,36.77,36.37,0.0,56.45
29008,0.08,0.08,0.08,8.09,5.41,14.42,0.0,11.41
29009,0.08,0.08,0.08,4.36,2.69,8.33,0.0,15.73
29012,0.08,0.08,0.08,3.62,3.43,14.04,0.0,5.05
29014,0.08,0.08,0.08,4.94,1.62,11.53,0.0,0.0
29016,0.08,0.08,0.08,3.06,1.09,15.71,0.0,0.0
29022,0.08,0.08,0.08,8.11,2.51,5.94,0.0,7.36
29026,0.08,0.08,0.08,7.33,5.49,9.62,0.0,5.52
29037,0.08,0.08,0.08,0.0,0.0,25.1,0.0,0.0
29039,0.08,4.69,0.08,8.89,4.69,8.0,1.84,0.0
29040,0.08,0.08,0.08,4.3,1.54,9.78,0.0,0.0
29041,0.08,0.08,0.08,7.72,3.08,17.49,0.0,5.44
29046,0.08,0.0,0.08,0.0,0.0,6.65,0.0,0.0
29047,0.08,0.08,0.08,8.17,4.5,6.54,0.0,0.0
29050,0.08,0.08,0.08,1.96,2.06,9.13,0.0,7.87
29051,0.08,0.08,0.08,0.0,0.0,16.46,0.0,0.0
29052,0.08,0.08,0.08,0.37,1.26,9.23,0.0,0.0
29053,0.08,0.08,0.08,2.91,1.06,15.75,0.0,0.0
29057,0.08,1.77,0.08,7.07,1.77,20.16,0.0,20.91
29059,0.08,0.08,0.08,5.06,1.04,10.63,0.0,11.79
29060,0.08,0.08,0.08,0.39,1.48,6.1,0.0,0.0
30005,0.08,0.08,0.08,4.37,3.14,6.5,0.0,0.0
30008,0.08,0.08,0.08,6.66,3.17,3.65,0.0,4.69
30041,0.08,0.08,0.08,5.63,0.0,3.27,0.0,101.5
30042,0.08,0.08,0.08,16.76,7.22,4.32,0.0,8.66
30050,0.08,0.08,0.08,15.52,10.06,3.36,0.0,26.86
30056,0.08,0.08,0.08,5.54,5.04,2.74,0.0,7.59
30064,0.08,0.08,0.08,11.57,8.26,3.07,0.0,24.59
30070,0.08,0.08,0.08,11.01,6.32,7.13,0.0,21.67
30076,0.08,0.08,0.08,1.76,1.25,6.58,0.0,11.3
30079,0.08,0.08,0.08,4.33,2.87,6.4,0.0,21.31
30096,0.08,0.08,0.08,2.16,0.0,2.25,0.0,0.0
30098,0.08,0.08,0.08,2.04,0.0,3.84,0.0,28.67
30103,0.08,0.08,0.08,5.9,3.83,2.9,0.0,0.0
30107,0.08,0.08,0.08,13.53,14.16,12.08,0.0,50.8
30110,0.08,0.08,0.08,2.73,0.0,5.73,0.0,0.0
30113,0.08,0.08,0.08,0.0,0.0,3.61,0.0,21.41
30137,0.08,0.08,0.08,5.7,2.54,1.24,0.0,7.44
30139,0.08,0.08,0.08,6.48,1.35,5.07,0.0,55.98
30140,0.08,0.08,0.08,12.43,7.77,4.12,0.0,0.0
30146,0.08,0.08,0.08,14.07,10.3,3.63,0.0,0.0
30147,0.08,0.08,0.08,1.2,0.33,5.9,0.0,0.0
30150,0.08,0.08,0.08,1.12,0.71,6.12,0.0,0.0
30154,0.08,0.08,0.08,0.0,0.0,5.23,0.0,12.87
30162,0.08,0.08,0.08,1.55,0.0,4.2,0.0,0.0
30163,0.08,0.08,0.08,9.95,1.66,6.06,0.0,10.1
30165,0.08,0.08,0.08,0.38,0.0,3.66,0.0,5.4
30166,0.08,0.08,0.08,8.4,5.26,2.13,0.0,0.0
30170,0.08,0.08,0.08,4.89,2.3,6.17,0.0,4.57
30171,0.08,0.08,0.08,9.52,1.48,3.29,0.0,0.0
30187,0.08,0.08,0.08,3.75,2.69,3.08,0.0,7.92
30198,0.08,0.08,0.08,11.28,9.81,9.79,0.0,0.0
31001,0.08,0.08,0.08,1.02,0.0,6.44,0.0,0.0
31004,0.08,0.08,0.08,8.88,6.53,1.55,0.0,0.0
31005,0.08,0.08,0.08,15.26,7.57,2.26,0.0,22.48
31007,0.08,0.08,0.08,0.0,1.09,1.48,0.0,0.0
31008,0.08,0.08,0.08,5.95,4.26,2.65,0.0,0.0
31009,0.08,0.08,0.08,0.0,0.0,1.39,0.0,11.46
31010,0.08,0.08,0.08,1.22,0.0,2.04,0.0,0.0
31011,0.08,0.08,0.08,1.52,0.96,2.1,0.0,0.0
31012,0.08,0.08,0.08,5.32,0.0,0.51,0.0,13.28
31013,0.08,0.08,0.08,0.57,0.0,0.35,0.0,0.0
31014,0.08,0.08,0.08,0.0,0.0,1.38,0.0,0.0
31015,0.08,0.08,0.08,2.9,2.9,0.49,0.0,0.0
31016,0.08,0.08,0.08,0.0,0.0,1.58,0.0,0.0
31017,0.08,0.08,0.08,0.0,0.0,0.54,0.0,0.0
31018,0.08,0.08,0.08,0.0,0.0,1.27,0.0,0.0
31019,0.08,0.08,0.08,0.0,1.63,6.59,2.43,0.0
31020,0.08,1.82,0.08,4.39,1.82,1.02,0.0,10.64
31021,0.08,0.08,0.08,0.0,1.69,2.0,0.0,0.0
31022,0.08,0.08,0.08,0.0,1.89,1.57,0.0,0.0
31023,0.08,0.08,0.08,3.35,3.35,2.72,0.0,0.0
31024,0.08,0.08,0.08,0.0,0.0,0.88,0.0,0.0
31025,0.08,0.08,0.08,2.71,1.34,1.81,0.0,7.65
31026,0.08,0.08,0.08,0.0,0.0,2.29,0.0,0.0
31027,0.08,0.08,0.08,0.0,0.0,0.51,0.0,0.0
31028,0.08,0.08,0.08,0.0,0.0,0.33,0.0,15.67
31029,0.08,0.08,0.08,3.6,5.22,0.3,0.0,0.0
31030,0.08,0.08,0.08,0.8,0.0,0.5,0.0,0.0
31031,0.08,0.08,0.08,0.0,0.0,0.52,0.0,0.0
31032,0.08,0.08,0.08,0.78,0.49,1.77,0.0,2.87
31033,0.08,0.08,0.08,0.79,0.0,3.47,0.0,2.24
31034,0.08,0.08,0.08,1.52,0.0,0.23,0.0,0.0
31035,0.08,0.08,0.08,1.5,0.0,1.23,0.0,0.0
31036,0.08,0.08,0.08,0.42,0.0,0.18,0.0,0.0
31037,0.08,0.08,0.08,2.54,0.0,0.24,0.0,9.17
31038,0.08,0.08,0.08,0.0,1.6,6.14,1.35,1.34
31039,0.08,0.08,0.08,3.13,1.95,3.29,0.0,22.85
31042,0.08,0.08,0.08,1.2,0.0,1.17,0.0,0.0
31043,0.08,0.08,0.08,0.0,0.0,0.6,0.0,0.0
31044,0.08,0.08,0.08,0.0,0.0,2.05,0.0,0.0
31045,0.08,0.08,0.08,0.0,0.0,2.03,0.0,0.0
31046,0.08,0.08,0.08,7.89,4.93,0.74,0.0,0.0
31049,0.08,0.08,0.08,0.0,0.0,0.68,0.0,0.0
31051,0.08,0.08,0.08,0.0,0.0,0.87,0.0,0.0
31052,0.08,0.08,0.08,1.37,2.56,3.26,1.27,3.77
31053,0.08,0.08,0.08,0.5,0.0,2.2,0.0,0.0
31054,0.08,0.08,0.08,0.0,0.0,1.73,0.0,0.0
31055,0.08,0.08,0.08,1.4,0.0,1.78,0.0,0.0
31056,0.08,0.08,0.08,2.27,1.65,3.89,1.4,8.3
31057,0.08,0.08,0.08,3.82,1.06,1.16,0.0,0.0
31058,0.08,0.08,0.08,1.27,0.0,1.96,0.0,0.0
31060,0.08,0.08,0.08,0.0,0.0,0.39,0.0,0.0
31061,0.08,0.08,0.08,0.0,0.0,1.94,0.0,0.0
31062,0.08,0.08,0.08,0.68,0.0,1.94,0.0,0.0
31063,0.08,0.08,0.08,1.75,0.0,3.6,0.0,0.0
31064,0.08,0.08,0.08,0.0,0.0,0.1,0.0,0.0
31066,0.08,0.08,0.08,0.0,0.0,3.23,0.0,0.0
31068,0.08,0.08,0.08,0.0,0.0,1.96,0.0,0.0
31069,0.08,0.08,0.08,2.58,0.92,0.56,0.0,0.0
31070,0.08,0.08,0.08,6.61,4.13,1.68,0.0,12.37
31071,0.08,0.08,0.08,0.0,0.0,1.35,0.0,0.0
31072,0.08,0.08,0.08,0.0,0.0,1.92,0.0,0.0
31074,0.08,0.08,0.08,0.0,0.0,0.49,0.0,0.0
31075,0.08,0.08,0.08,0.97,0.0,2.82,0.0,6.88
31076,0.08,0.08,0.08,2.38,1.36,0.77,0.0,0.0
31077,0.08,0.08,0.08,0.0,0.0,1.18,0.0,0.0
31078,0.08,0.08,0.08,0.0,0.0,1.95,0.0,0.0
31080,0.08,0.08,0.08,0.9,0.0,0.27,0.0,12.95
31081,0.08,0.08,0.08,0.0,0.0,1.28,0.0,0.0
31084,0.08,0.08,0.08,5.62,4.69,0.47,0.0,13.97
31085,0.08,0.08,0.08,0.0,0.0,3.37,0.0,0.0
31086,0.08,0.08,0.08,0.0,0.0,1.51,0.0,0.0
31087,0.08,0.08,0.08,0.62,0.0,2.73,0.0,8.56
31089,0.08,3.42,0.08,2.33,3.42,2.88,2.4,4.77
31090,0.08,0.08,0.08,1.74,1.09,3.67,0.0,0.0
31091,0.08,0.08,0.08,1.0,1.27,0.36,0.0,0.0
31092,0.08,0.08,0.08,3.27,2.02,1.04,0.0,0.0
31093,0.08,0.08,0.08,0.87,0.89,0.79,0.0,7.86
31094,0.08,0.08,0.08,0.0,0.0,3.12,0.0,0.0
31095,0.08,0.08,0.08,2.32,1.45,2.6,0.0,0.0
31096,0.08,6.12,0.08,9.71,6.12,3.64,2.38,2.95
31097,0.08,0.08,0.08,7.11,4.42,1.05,0.0,0.0
31098,0.08,0.08,0.08,0.0,0.0,4.15,0.0,9.34
31099,0.08,0.08,0.08,0.0,0.0,1.25,0.0,0.0
31100,0.08,0.08,0.08,0.0,0.0,10.71,0.0,0.0
31103,0.08,0.08,0.08,11.44,7.15,0.38,0.0,0.0
31104,0.08,0.08,0.08,4.16,3.48,0.63,0.0,0.0
31106,0.08,0.08,0.08,0.0,0.0,1.76,0.0,0.0
32002,0.08,0.08,0.08,12.11,6.73,12.25,0.0,40.51
32003,0.08,0.08,0.08,9.49,7.53,21.79,0.0,23.92
32007,0.08,0.08,0.08,11.71,4.17,23.01,0.0,4.23
32011,0.08,0.08,0.08,22.4,18.94,37.38,0.0,13.89
32022,0.08,0.08,0.08,20.49,10.22,16.9,0.0,2.58
32023,0.08,0.08,0.08,8.43,4.08,18.81,0.0,0.0
32026,0.08,0.08,0.08,3.38,0.94,16.38,0.0,0.0
32027,0.08,0.08,0.08,4.85,0.0,29.09,0.0,0.0
32028,0.08,0.08,0.08,1.33,0.0,30.02,0.0,0.0
32029,0.08,1.03,0.08,3.01,1.03,21.0,2.05,0.0
32030,0.08,0.08,0.08,0.0,0.0,41.35,0.0,20.79
32041,0.08,0.08,0.08,2.91,0.0,26.34,0.0,0.0
32043,0.08,18.24,0.08,19.45,18.24,24.42,0.0,0.0
32047,0.08,0.08,0.08,20.58,9.34,24.86,0.0,47.02
04001,6.29,6.29,6.62,9.55,9.24,3.39,6.47,11.2
04006,6.29,6.29,6.62,11.16,10.32,8.15,6.83,4.51
07001,5.74,5.74,6.24,17.47,9.48,21.58,5.38,26.72
07003,5.74,5.74,6.24,16.97,12.34,24.95,5.57,26.06
07004,6.28,6.28,6.8,6.48,6.49,7.57,7.73,0.0
07005,5.15,4.9,5.82,7.79,4.9,21.67,3.87,7.64
07008,7.27,7.62,7.55,7.0,7.62,12.5,10.23,8.64
07009,6.28,6.28,6.8,12.96,12.77,22.05,7.16,9.53
07010,6.29,6.29,6.62,5.47,3.44,6.9,6.88,13.81
07011,5.15,5.15,5.61,1.23,2.04,10.93,2.44,4.85
07013,5.15,5.15,5.61,2.25,4.03,23.96,2.51,8.63
07015,6.28,6.28,6.8,20.24,10.59,27.1,7.59,20.63
07017,6.29,6.29,6.62,16.37,10.2,17.99,6.42,22.24
07019,5.74,5.74,6.24,6.58,6.95,15.04,5.66,15.36
07021,6.5,9.58,6.98,9.03,9.58,25.58,8.81,4.38
07026,5.74,5.74,6.03,3.43,4.23,11.02,4.82,4.72
07027,7.27,7.27,7.55,17.54,11.44,21.42,10.22,10.42
07030,6.5,6.5,6.98,10.16,6.66,11.59,8.96,3.79
07032,5.74,5.74,6.03,5.68,5.59,21.36,4.78,12.72
07035,5.15,5.15,5.82,7.82,12.09,43.3,3.25,12.84
07046,6.28,6.28,6.8,11.56,8.61,25.75,7.01,11.59
07047,5.15,3.71,5.82,0.0,3.71,34.05,3.64,1.78
07048,6.96,6.96,7.34,19.59,14.76,29.38,9.05,0.0
07053,6.29,6.29,6.62,5.02,5.24,9.86,6.28,12.55
07054,7.27,13.55,7.55,22.21,13.55,32.36,10.32,15.4
07057,5.15,7.13,5.61,13.96,7.13,20.6,2.52,4.36
07059,5.15,5.15,5.61,8.71,5.61,8.71,2.99,5.12
07060,5.15,5.15,5.82,3.47,3.37,17.29,3.34,3.29
07061,6.96,6.96,7.34,15.87,14.06,28.88,9.56,20.25
07062,5.74,5.74,6.24,7.67,8.78,25.47,5.23,2.6
07065,7.27,7.27,7.55,45.31,25.97,20.71,10.25,17.41
07068,6.96,6.96,7.34,37.24,24.33,29.1,9.14,16.66
07069,6.5,6.5,6.98,12.02,11.06,18.55,8.52,10.39
07071,6.29,6.29,6.62,13.32,10.47,26.02,6.22,18.49
07073,5.74,5.74,6.03,0.75,2.89,22.75,4.29,8.45
07079,6.5,6.5,6.98,7.31,7.78,33.86,8.8,9.71
07080,5.74,5.74,6.03,7.33,4.58,11.47,4.76,0.0
07081,5.74,5.74,6.24,12.05,9.74,19.81,5.17,0.0
07082,6.5,6.5,6.98,7.02,7.47,16.79,8.89,5.82
07086,6.28,9.51,6.8,13.42,9.51,30.35,7.24,37.39
07090,7.27,7.09,7.55,3.21,7.09,15.29,10.59,0.0
07091,6.28,6.28,6.8,16.71,10.1,19.78,7.04,10.46
07096,5.74,5.74,6.24,4.19,4.66,13.35,5.09,3.91
07097,6.5,6.5,6.98,10.92,12.28,19.48,8.36,12.97
07100,5.15,5.15,5.61,1.7,1.86,11.15,2.46,2.43
07104,5.15,5.15,5.61,3.42,2.38,13.14,2.82,2.78
07109,5.74,5.74,6.03,4.32,6.7,16.59,4.67,3.45
07110,6.29,6.29,6.62,4.73,4.27,6.51,6.37,0.0
07111,5.74,5.74,6.03,2.26,2.22,9.76,4.09,1.0
07115,6.29,6.29,6.62,8.28,7.91,6.55,6.24,3.06
07116,7.27,7.27,7.55,30.33,20.56,6.16,10.63,6.94
08010,6.28,8.6,6.8,7.17,8.6,41.96,7.6,18.8
08023,6.28,6.28,6.8,10.04,7.17,28.78,7.12,28.16
08035,6.96,6.96,7.34,20.7,16.5,28.58,9.0,22.51
08038,6.96,6.96,7.34,8.51,9.87,47.74,9.86,9.85
08048,6.5,6.5,6.98,10.83,10.23,34.61,8.77,10.98
08066,6.5,6.5,6.98,0.0,12.01,100.43,8.2,50.64
10004,6.96,6.96,7.34,16.48,12.0,18.9,9.85,16.83
10009,7.27,7.27,7.55,18.21,15.87,64.17,10.06,10.09
10013,6.96,6.96,7.34,12.91,12.38,26.53,9.02,34.06
10015,6.28,6.28,6.8,7.74,9.53,21.68,7.61,3.79
10016,6.28,6.28,6.8,15.36,11.67,32.84,7.76,10.32
10017,6.29,6.29,6.62,26.26,24.09,51.14,6.73,6.89
10024,6.28,6.28,6.8,8.82,9.09,22.71,7.79,0.0
10026,6.96,6.96,7.34,4.39,13.32,61.36,9.02,12.2
10033,6.28,4.76,6.8,7.46,4.76,40.51,7.14,7.12
10034,6.96,6.96,7.34,4.45,13.33,66.99,9.31,7.45
10036,6.96,6.96,7.34,9.58,6.01,36.77,9.64,9.69
10037,5.74,5.74,6.24,5.31,4.21,57.66,5.04,20.03
11008,5.74,5.74,6.03,10.82,9.97,73.93,4.64,13.79
12004,6.29,6.29,6.62,9.72,11.01,16.61,6.78,15.66
12006,5.74,5.74,6.03,12.3,13.95,42.53,4.7,0.0
12007,5.15,5.15,5.61,0.0,3.22,54.99,2.96,0.0
12009,6.5,6.5,6.98,3.37,4.27,19.36,8.54,8.52
12010,5.74,5.74,6.24,7.3,6.56,18.2,5.11,6.76
12022,6.29,6.29,6.62,0.0,7.3,50.25,6.69,6.76
12028,6.96,6.96,7.34,0.0,10.29,28.59,9.21,6.39
12030,6.5,6.5,6.98,11.21,14.92,26.36,8.66,15.03
12041,5.15,5.15,5.82,6.97,4.5,17.93,3.37,6.75
12042,5.74,5.74,6.24,5.37,7.05,30.64,5.27,7.87
12043,6.28,6.28,6.8,13.43,10.16,16.79,7.95,2.65
12044,5.15,5.15,5.82,7.59,6.56,32.28,3.9,3.87
12050,5.15,5.15,5.61,2.94,6.85,47.25,2.56,1.28
12051,5.15,5.15,5.61,1.78,2.5,23.05,2.72,4.07
12065,6.29,6.29,6.62,6.85,4.28,14.18,6.41,19.1
12071,5.74,5.74,6.03,18.74,13.69,10.84,4.9,12.99
12074,5.74,5.35,6.03,0.0,5.35,26.04,4.6,0.0
12079,5.74,5.74,6.24,17.64,9.98,22.41,5.14,2.53
13001,5.74,5.74,6.03,7.19,6.52,9.68,4.32,4.28
13002,6.29,10.12,6.62,11.5,10.12,20.11,6.22,11.27
13011,5.74,5.74,6.24,9.69,7.94,6.93,5.01,2.5
13014,6.29,6.29,6.62,10.63,5.76,6.37,6.31,25.38
13015,7.27,7.27,7.55,11.63,11.8,4.58,10.08,5.02
13017,5.15,5.15,5.82,5.04,3.15,10.4,3.77,3.75
13018,6.5,12.99,6.98,16.32,12.99,7.67,8.65,6.47
13019,7.27,7.27,7.55,10.0,8.16,6.17,10.25,2.54
13025,5.74,4.57,6.24,4.83,4.57,5.94,5.03,0.0
13028,5.15,5.15,5.82,9.63,6.71,4.77,3.9,7.77
13032,5.74,5.74,6.03,6.6,3.94,3.38,4.74,4.75
13034,7.27,7.27,7.55,15.59,10.67,5.74,10.7,5.37
13037,6.96,11.23,7.34,19.37,11.23,6.84,9.65,19.37
13038,5.74,5.74,6.24,8.28,7.26,8.16,5.41,5.36
13046,6.28,6.28,6.8,5.75,5.45,3.75,7.85,3.93
13049,5.74,5.74,6.24,8.46,6.18,9.91,5.28,18.44
13050,6.29,6.29,6.62,20.65,14.18,7.05,6.19,16.42
13054,5.15,4.82,5.61,5.91,4.82,6.42,2.6,10.31
13055,5.74,5.74,6.24,6.05,5.67,5.94,5.19,15.39
13059,5.15,5.15,5.61,7.0,3.21,5.35,2.55,2.53
13064,5.74,5.74,6.03,24.72,12.04,12.18,4.47,26.6
13071,5.74,5.74,6.24,5.62,5.61,6.3,5.64,0.0
13072,5.74,5.74,6.03,17.64,12.47,18.11,4.36,30.28
13073,5.15,3.49,5.61,4.28,3.49,4.73,2.61,11.72
13078,5.74,5.74,6.24,7.03,6.48,4.51,5.57,5.6
13079,6.28,6.28,6.8,9.59,6.02,7.09,7.25,14.56
14004,6.5,6.5,6.98,14.95,7.16,22.91,8.59,0.0
14008,7.27,7.27,7.55,13.28,9.29,58.12,10.13,15.35
14013,5.74,5.74,6.24,1.45,7.7,55.05,5.25,17.84
14016,5.15,5.15,5.82,0.73,3.51,45.75,3.5,5.78
14018,6.5,6.5,6.98,0.0,7.7,55.13,8.64,13.61
14020,5.74,5.74,6.03,5.76,7.34,37.93,4.38,8.68
14021,6.28,6.28,6.8,0.0,6.17,51.22,7.42,4.97
14022,5.74,5.74,6.03,8.77,8.63,56.13,4.92,7.36
14027,5.15,5.15,5.61,6.65,6.68,42.53,2.65,2.64
14029,5.15,5.15,5.61,1.3,3.25,35.39,2.79,2.79
14036,6.28,6.28,6.8,7.61,8.96,30.14,7.29,16.89
14043,6.5,10.02,6.98,0.65,10.02,54.41,8.6,2.15
14048,7.27,7.27,7.55,10.86,12.15,61.31,10.4,7.79
14049,5.74,5.74,6.24,2.99,2.51,27.8,5.01,5.01
14058,7.27,7.27,7.55,4.68,10.78,53.22,10.21,23.79
14061,6.29,6.53,6.62,7.85,6.53,21.91,6.11,12.03
14065,5.74,5.74,6.03,0.0,4.44,37.73,4.46,4.5
14066,6.29,6.29,6.62,1.84,10.09,50.1,6.27,9.76
14068,5.74,5.74,6.03,0.0,7.35,49.92,4.42,0.0
14074,5.74,5.74,6.24,0.0,4.33,56.63,5.76,5.71
14078,5.15,5.15,5.82,0.0,3.86,57.89,3.09,6.16
14082,7.27,7.27,7.55,15.28,9.21,33.94,10.48,2.61
14084,6.96,6.96,7.34,12.01,14.15,39.38,9.76,16.22
14085,5.15,5.15,5.61,3.96,7.21,31.16,2.54,2.53
14087,5.15,5.15,5.61,0.0,2.97,32.59,2.97,2.98
14090,6.29,6.29,6.62,5.32,7.89,38.09,6.76,0.0
14091,6.29,6.29,6.62,24.98,14.84,23.5,6.27,168.28
14092,6.5,6.5,6.98,9.84,11.99,29.76,8.99,4.48
14095,7.27,7.27,7.55,31.86,23.75,38.28,10.11,20.1
14099,6.5,6.5,6.98,8.3,8.51,27.13,8.41,4.15
14100,5.15,5.15,5.61,6.0,6.79,40.2,2.71,9.44
14108,5.74,5.74,6.24,2.13,4.73,36.13,5.14,7.64
14110,5.15,5.15,5.82,12.27,10.24,46.33,3.61,0.0
14115,6.96,6.96,7.34,0.0,9.03,31.06,9.04,18.12
14119,6.28,6.28,6.8,10.98,7.7,36.8,7.93,4.72
14121,6.28,6.28,6.8,5.1,7.1,39.53,7.04,6.95
14122,6.29,6.29,6.62,1.0,4.3,28.17,6.42,0.0
14125,5.15,5.15,5.61,17.54,10.78,56.75,2.68,8.01
15004,5.15,5.15,5.82,7.48,8.08,20.45,3.22,9.63
15026,6.5,6.5,6.98,9.6,10.07,13.69,8.98,11.82
15032,5.74,5.74,6.24,7.78,5.16,28.63,5.12,1.27
15047,6.28,6.28,6.8,12.11,8.72,13.6,7.51,8.67
15056,6.5,6.5,6.98,9.2,6.46,10.15,8.55,7.03
15066,7.27,7.27,7.55,7.44,8.46,20.21,10.15,0.0
15071,6.96,6.96,7.34,44.78,32.1,12.24,9.51,28.16
15074,5.74,6.66,6.24,7.7,6.66,7.75,5.83,2.55
15082,6.28,6.28,6.8,27.43,12.95,29.03,7.26,10.19
15086,6.5,6.5,6.98,19.19,10.73,28.58,8.36,6.93
15097,7.27,7.27,7.55,12.54,11.5,20.25,10.57,15.76
15102,6.5,6.5,6.98,17.23,13.96,15.82,8.92,2.95
15105,5.74,5.74,6.03,0.12,3.45,44.44,4.79,0.0
15111,6.5,6.5,6.98,8.3,6.94,18.02,8.11,2.68
15114,6.5,6.5,6.98,9.29,8.19,21.09,8.79,3.47
15116,6.96,6.96,7.34,4.68,10.66,23.47,9.04,8.87
15124,6.28,7.37,6.8,9.06,7.37,9.19,7.24,7.18
16005,5.74,5.74,6.03,4.58,3.05,6.72,4.57,4.57
16010,5.74,5.74,6.03,0.0,9.87,59.79,4.98,2.51
16011,5.74,5.74,6.03,0.0,3.46,47.94,4.13,8.2
16016,6.28,6.28,6.8,9.59,9.08,30.49,7.09,7.07
16017,6.96,6.96,7.34,24.86,18.19,11.5,9.74,5.53
16021,6.28,6.28,6.8,11.97,13.11,31.29,7.09,10.54
16025,6.96,6.96,7.34,23.23,12.92,33.85,9.46,16.39
16026,7.27,7.27,7.55,39.04,21.2,33.97,10.74,10.89
16029,6.5,6.5,6.98,2.56,5.72,42.25,8.65,4.4
16030,6.5,6.5,6.98,11.48,12.98,56.5,8.74,26.44
16031,6.29,6.29,6.62,15.73,8.8,16.5,6.22,9.33
16035,6.29,6.29,6.62,0.0,5.57,46.41,6.7,3.38
16037,6.29,6.29,6.62,26.47,21.0,29.22,6.31,6.31
16038,5.15,5.15,5.82,9.81,7.32,37.18,3.56,4.75
16039,7.27,7.27,7.55,5.15,7.97,34.91,10.58,15.68
16040,7.27,7.27,7.55,23.84,14.02,32.95,10.43,54.19
16042,5.15,5.15,5.82,0.0,6.88,45.37,3.43,0.0
16044,6.28,6.28,6.8,28.79,16.2,40.63,7.8,3.91
16045,6.5,6.5,6.98,43.06,27.47,39.22,8.12,16.15
16046,6.96,6.96,7.34,0.04,4.85,21.72,9.69,3.2
16049,6.96,17.97,7.34,31.91,17.97,30.97,9.96,34.58
16051,5.15,5.15,5.82,24.16,16.37,23.7,3.48,3.45
16055,5.74,5.74,6.03,0.0,6.52,48.05,4.34,3.25
16056,6.5,7.49,6.98,7.77,7.49,23.89,8.63,19.82
16059,7.27,5.35,7.55,5.51,5.35,38.22,10.7,21.22
16061,5.74,5.74,6.24,17.5,11.48,10.87,5.85,3.87
16063,5.15,5.15,5.82,27.02,18.28,47.35,3.47,6.99
16065,6.29,6.29,6.62,10.58,8.9,26.75,6.0,9.49
16068,6.29,6.29,6.62,4.48,6.22,33.49,6.44,12.71
16070,5.15,5.15,5.82,17.09,6.96,46.15,3.21,9.61
16073,6.5,11.45,6.98,15.87,11.45,26.0,8.99,19.66
16075,6.28,6.28,6.8,10.56,10.99,34.15,7.66,10.42
16078,6.28,6.28,6.8,10.31,6.46,41.66,7.75,3.87
16080,6.96,6.96,7.34,9.46,9.42,8.82,9.79,12.16
16081,5.74,5.74,6.24,5.7,8.13,19.42,5.41,16.16
16086,6.96,6.96,7.34,7.36,9.05,45.86,9.56,31.81
16094,6.5,6.5,6.98,6.12,15.95,55.74,8.02,8.09
16095,6.28,6.28,6.8,22.71,9.87,38.72,7.85,7.79
16097,7.27,7.27,7.55,10.49,10.0,30.98,10.67,7.19
16104,6.96,6.96,7.34,23.99,20.88,39.57,9.73,6.53
16105,5.74,11.61,6.03,11.83,11.61,43.18,4.59,4.55
16107,6.28,6.28,6.8,3.01,8.23,40.75,7.67,7.0
17022,6.28,6.28,6.8,13.76,8.67,20.62,7.6,27.48
18002,6.29,6.29,6.62,4.05,5.9,22.01,6.43,6.42
18003,5.74,5.74,6.03,5.44,4.28,28.0,4.27,8.52
18006,6.29,6.29,6.62,8.24,6.66,17.47,6.63,1.65
18007,5.74,5.74,6.03,2.57,3.34,15.74,5.0,7.43
18013,6.29,6.29,6.62,9.46,6.45,24.2,6.44,6.43
18015,5.74,5.03,6.03,6.74,5.03,11.48,4.76,12.69
18016,6.96,6.96,7.34,9.33,8.26,19.77,9.68,25.07
20021,7.27,7.27,7.55,33.14,24.81,8.73,10.4,13.89
20031,6.28,6.28,6.8,12.76,9.35,0.02,7.03,7.05
20041,6.29,6.29,6.62,14.78,10.61,0.51,6.17,7.68
20044,6.96,6.96,7.34,11.92,10.19,6.73,9.79,11.03
20051,7.27,5.08,7.55,4.68,5.08,0.0,10.16,0.0
20070,6.28,6.28,6.8,9.06,10.48,4.02,7.89,31.66
20077,7.27,8.95,7.55,9.48,8.95,0.0,10.66,10.48
20103,6.5,6.5,6.98,16.17,10.76,0.0,8.03,15.95
20125,6.5,6.5,6.98,9.85,8.61,0.1,8.62,4.32
20130,6.96,6.96,7.34,6.51,4.79,4.65,9.58,19.14
20131,6.5,6.5,6.98,6.06,5.66,0.0,8.48,0.0
20150,5.15,5.15,5.82,14.28,11.55,0.0,3.41,10.1
20166,5.74,5.74,6.03,4.04,4.38,4.26,4.37,4.36
20171,6.5,6.5,6.98,10.45,8.34,1.88,8.35,0.0
20177,6.96,6.96,7.34,10.52,12.52,0.02,9.33,23.14
20190,6.5,19.53,6.98,27.27,19.53,3.37,8.84,6.63
20205,5.74,5.74,6.24,4.69,5.44,4.09,5.94,8.94
20210,6.96,6.96,7.34,8.53,7.59,0.87,9.23,9.38
20227,6.28,6.28,6.8,13.27,10.93,0.05,7.42,9.67
20232,5.74,5.74,6.03,7.24,7.07,5.38,4.45,4.44
20278,6.28,6.28,6.8,16.95,11.86,5.5,7.59,11.32
20293,6.5,6.5,6.98,19.09,13.73,0.15,8.45,8.37
20295,6.96,6.96,7.34,12.98,8.84,0.0,9.6,14.26
20298,6.29,6.29,6.62,4.47,6.46,0.0,6.99,17.27
20307,7.27,7.27,7.55,10.37,10.22,0.74,10.21,0.0
20309,5.74,5.74,6.03,7.23,6.43,3.76,4.82,0.0
20312,6.5,6.5,6.98,11.03,8.94,3.73,8.96,13.47
20337,6.5,6.5,6.98,11.1,10.36,0.01,8.88,35.53
20348,6.29,6.29,6.62,14.82,11.19,3.54,6.11,36.66
20350,5.74,5.74,6.24,8.36,6.34,0.07,5.83,11.62
20406,5.74,6.13,6.03,7.29,6.13,3.57,4.58,2.28
20415,7.27,7.27,7.55,8.79,6.84,1.28,10.26,10.26
20417,5.74,5.74,6.24,9.43,7.62,3.48,5.06,5.04
20426,5.74,5.74,6.24,6.32,5.36,0.0,5.31,0.0
20447,5.74,5.74,6.24,22.15,15.07,2.85,5.58,8.28
20460,6.96,6.96,7.34,4.16,4.83,0.88,9.66,0.0
20462,7.27,24.89,7.55,26.56,24.89,0.05,10.61,21.1
20468,6.29,6.29,6.62,6.51,6.94,3.5,6.92,20.66
20475,5.74,5.74,6.03,14.04,8.07,0.0,4.82,4.79
20483,5.74,5.74,6.03,12.52,8.86,0.0,4.38,8.65
20494,6.28,6.28,6.8,5.3,3.64,0.0,7.27,0.0
20516,6.96,6.96,7.34,5.64,7.54,0.02,9.01,0.0
20557,7.27,7.27,7.55,17.9,15.26,4.91,10.14,30.29
20559,6.29,4.29,6.62,4.42,4.29,2.55,6.43,4.27
21003,5.74,5.74,6.24,8.62,10.01,22.86,5.05,7.5
21010,6.29,6.29,6.62,11.14,9.48,15.65,6.22,4.28
21013,7.27,19.02,7.55,28.48,19.02,17.92,10.37,10.21
21017,5.15,4.01,5.82,1.79,4.01,17.36,3.18,9.4
21023,7.27,7.27,7.55,1.07,8.08,20.14,10.74,10.67
21036,6.29,6.29,6.62,7.24,8.89,10.16,6.65,0.0
21039,6.96,6.96,7.34,3.24,4.96,9.55,9.91,9.85
21043,5.15,5.15,5.82,4.85,5.92,17.3,3.93,6.85
21048,6.5,6.5,6.98,8.01,8.29,37.19,8.56,0.0
21049,5.15,5.15,5.61,6.34,6.53,29.49,2.77,8.24
21050,5.74,5.74,6.24,3.39,4.48,4.87,5.35,0.0
21054,6.5,10.42,6.98,10.13,10.42,18.39,8.06,7.95
21060,5.74,5.74,6.24,0.0,2.97,50.43,5.95,0.0
21061,5.15,5.15,5.82,5.22,3.89,10.55,3.29,22.72
21063,5.15,5.15,5.82,3.13,7.19,27.62,3.3,6.55
21064,5.74,5.74,6.24,3.64,5.45,20.15,5.4,0.0
21067,5.74,5.74,6.24,1.76,5.12,21.92,5.07,0.0
21068,6.28,6.28,6.8,12.27,11.02,10.51,7.43,0.0
21072,5.74,5.74,6.24,7.35,6.65,16.36,5.67,8.44
21075,5.15,5.15,5.82,2.08,3.72,19.38,3.69,3.65
21076,5.74,5.74,6.24,6.08,8.65,21.93,5.35,5.34
21078,5.15,5.15,5.61,5.07,3.02,7.79,2.99,5.92
21083,5.15,5.15,5.82,0.66,2.63,13.56,3.95,0.0
21089,5.74,5.74,6.03,3.15,2.82,13.86,4.24,4.27
21091,5.74,5.74,6.24,3.86,4.3,30.03,5.17,15.56
21094,7.27,7.27,7.55,19.32,15.55,20.71,10.11,24.91
21099,6.96,6.96,7.34,11.54,12.58,21.16,9.37,16.27
21104,5.15,5.15,5.61,5.77,4.59,30.33,2.86,8.44
21105,6.96,6.96,7.34,1.71,6.46,23.74,9.66,19.23
21107,5.74,5.74,6.03,1.92,2.06,5.17,4.12,4.11
21108,6.28,6.28,6.8,9.54,12.32,22.21,7.04,13.87
21109,6.28,6.28,6.8,6.96,5.79,16.55,7.45,9.95
21110,6.28,6.28,6.8,17.93,15.1,29.74,7.52,5.56
21111,6.5,6.5,6.98,4.11,5.37,19.89,8.05,13.42
21112,5.74,5.74,6.24,7.85,5.35,8.21,5.35,26.77
21115,6.28,6.28,6.8,3.66,6.62,30.47,7.22,10.25
21116,5.74,6.42,6.03,6.94,6.42,6.88,4.26,12.69
21124,6.96,6.96,7.34,15.12,12.69,15.59,9.06,5.99
21129,5.15,5.15,5.82,5.8,2.3,10.96,3.44,6.81
21137,6.96,6.96,7.34,8.5,6.86,21.58,9.1,9.0
21138,6.5,6.5,6.98,6.31,11.0,37.64,8.2,16.27
21145,6.28,6.28,6.8,15.01,8.91,8.78,7.66,7.68
21147,6.28,6.28,6.8,6.38,6.41,35.98,7.68,15.26
21149,5.74,5.74,6.03,13.57,10.42,21.51,4.46,10.15
21151,7.27,7.27,7.55,9.56,5.08,38.47,10.16,0.0
21153,6.5,6.5,6.98,23.35,22.34,38.32,8.01,9.88
21167,5.74,5.74,6.03,7.67,8.0,14.6,4.8,9.58
21170,5.15,5.15,5.61,9.36,6.66,19.75,2.46,7.27
21172,6.28,6.28,6.8,8.68,4.51,12.39,7.2,17.9
21173,6.28,6.28,6.8,12.67,14.38,17.51,7.11,0.0
21179,6.96,6.96,7.34,10.41,10.96,16.08,9.12,10.54
21180,7.27,7.27,7.55,14.0,12.14,22.31,10.32,18.14
21184,6.28,6.28,6.8,3.62,5.18,21.16,7.77,15.54
21186,5.74,5.42,6.03,5.96,5.42,17.04,4.37,7.81
21188,5.74,5.74,6.03,3.85,4.14,34.55,4.94,4.88
21191,5.74,5.74,6.03,13.32,14.05,23.43,4.93,24.48
21194,6.5,6.5,6.98,7.88,9.87,24.11,8.69,12.15
21207,6.29,6.29,6.62,7.72,7.02,13.35,6.7,7.48
21209,5.74,5.74,6.24,6.05,5.71,10.92,5.69,0.0
21211,5.15,5.15,5.61,6.96,7.78,16.71,2.89,5.74
21212,5.74,3.54,6.03,3.13,3.54,12.82,4.71,0.0
21213,5.74,5.74,6.03,0.0,2.12,23.2,4.24,8.53
21217,5.15,5.15,5.61,0.0,3.29,16.12,2.47,2.47
22013,5.15,5.15,5.61,14.82,8.17,7.11,2.57,2.56
24012,6.28,6.28,6.8,4.37,4.97,11.47,7.47,25.01
24029,5.15,5.15,5.61,7.83,5.65,6.69,2.87,29.15
24033,6.96,6.96,7.34,13.92,7.24,9.78,9.71,14.75
25010,5.74,5.74,6.03,0.2,5.7,42.23,4.67,6.75
25011,7.27,7.27,7.55,9.6,11.84,31.22,10.6,11.1
25017,5.74,5.74,6.03,3.97,6.36,32.5,4.66,10.11
26002,5.74,5.74,6.24,16.15,10.36,22.94,5.67,5.09
26003,5.74,5.74,6.03,5.44,6.69,64.92,4.03,6.07
26019,5.74,8.82,6.24,11.07,8.82,27.79,5.94,11.69
26023,6.5,6.5,6.98,0.43,4.44,25.26,8.88,35.87
26026,5.74,6.07,6.24,6.79,6.07,51.34,5.66,20.2
26033,6.5,6.5,6.98,2.35,7.44,48.66,8.42,21.41
26039,6.96,6.96,7.34,10.18,7.49,23.02,9.03,9.13
26041,5.15,5.15,5.82,6.82,6.14,13.9,3.31,19.66
27001,5.74,5.74,6.24,8.33,6.72,18.72,5.87,5.01
27003,6.96,6.96,7.34,6.61,7.29,18.9,9.09,15.37
27007,6.28,6.28,6.8,12.88,9.84,21.79,7.51,2.98
27011,6.29,7.46,6.62,9.47,7.46,19.49,6.37,11.1
27017,5.74,5.74,6.03,17.06,10.0,21.58,4.71,13.28
28002,6.29,8.98,6.62,5.94,8.98,33.05,6.97,12.24
28003,6.5,6.5,6.98,4.99,8.11,29.24,8.69,8.36
28007,6.5,6.5,6.98,16.83,9.67,60.46,8.63,5.7
28009,5.74,5.74,6.24,1.88,4.75,27.48,5.01,6.42
28012,6.5,8.13,6.98,4.8,8.13,30.13,8.57,9.84
28017,6.96,6.96,7.34,11.28,9.7,33.4,9.15,3.03
28022,6.5,6.5,6.98,1.27,8.59,47.71,8.34,13.18
28027,5.74,5.74,6.24,0.0,5.72,107.49,5.55,8.98
28029,5.15,5.15,5.82,13.74,9.37,20.03,3.74,14.95
28038,6.5,6.5,6.98,5.7,8.68,27.23,8.4,10.92
28040,6.29,6.29,6.62,1.63,5.77,45.03,6.77,5.96
28042,6.96,6.96,7.34,0.0,4.93,34.46,9.86,0.0
29001,5.74,5.74,6.03,0.55,2.08,13.35,4.16,8.21
29004,6.28,6.28,6.8,5.72,6.18,12.43,7.89,5.2
29010,5.15,5.15,5.82,11.54,7.08,12.41,3.94,7.82
29013,6.96,6.96,7.34,8.63,7.8,8.61,9.58,4.73
29017,5.74,5.74,6.03,2.63,3.4,12.41,4.05,7.98
29018,6.29,4.6,6.62,5.62,4.6,9.9,6.25,7.44
29019,6.29,6.29,6.62,11.19,8.56,20.84,6.33,14.56
29021,7.27,7.27,7.55,10.89,9.44,16.7,10.24,5.07
29023,5.74,5.74,6.24,15.91,11.38,24.85,5.48,16.27
29024,6.5,6.22,6.98,5.59,6.22,12.79,8.43,20.02
29028,5.74,6.63,6.24,7.81,6.63,6.42,5.62,5.54
29029,7.27,7.27,7.55,6.84,7.06,7.5,10.53,3.46
29030,6.29,6.29,6.62,1.55,3.08,7.42,6.17,0.0
29031,6.29,6.29,6.62,6.99,5.76,7.83,6.58,6.47
29032,6.28,6.28,6.8,6.03,7.17,23.2,7.13,14.14
29033,6.5,6.5,6.98,15.72,10.99,14.21,8.66,10.96
29034,6.29,6.68,6.62,10.76,6.68,7.62,6.28,6.21
29035,6.28,6.28,6.8,5.62,5.09,7.16,7.59,7.51
29036,5.74,5.74,6.03,16.75,9.03,12.4,4.29,2.13
29042,6.29,6.29,6.62,9.47,6.75,25.41,6.68,3.3
29043,6.29,7.95,6.62,11.75,7.95,11.28,6.53,6.4
29044,6.96,6.96,7.34,15.84,10.94,25.81,9.27,12.18
29045,6.28,6.28,6.8,9.31,9.14,13.02,7.78,7.72
29048,5.74,5.74,6.24,5.18,3.78,9.41,5.02,0.0
29049,6.5,6.5,6.98,8.6,6.77,17.32,8.04,23.81
29056,5.74,5.74,6.24,13.69,13.07,17.72,5.96,5.88
29058,6.96,6.96,7.34,15.57,10.9,16.1,9.95,4.9
30001,5.74,5.74,6.03,12.29,6.56,2.8,4.84,19.1
30006,7.27,7.27,7.55,16.09,10.86,13.34,10.43,14.48
30009,7.27,10.6,7.55,12.12,10.6,3.74,10.59,7.06
30012,6.29,6.29,6.62,10.74,11.48,7.74,6.23,6.21
30019,6.29,6.29,6.62,6.12,3.44,3.76,6.87,6.79
30020,6.5,6.5,6.98,6.05,6.15,1.63,8.14,4.01
30022,6.29,6.29,6.62,16.7,11.37,6.53,6.33,8.35
30025,7.27,7.27,7.55,8.78,7.18,5.64,10.74,8.9
30027,6.29,6.29,6.62,12.95,12.53,3.6,6.29,9.46
30029,5.15,5.15,5.82,10.56,7.78,8.3,3.57,10.65
30031,7.27,7.27,7.55,11.16,9.69,6.38,10.03,19.81
30035,5.74,5.74,6.03,5.07,2.98,4.17,4.46,13.39
30037,5.74,5.74,6.24,4.42,4.01,10.11,6.0,5.97
30043,6.96,6.96,7.34,6.92,6.15,2.94,9.82,7.32
30051,6.29,6.29,6.62,11.68,7.09,10.52,6.35,10.53
30058,6.5,8.09,6.98,8.9,8.09,4.76,8.41,5.62
30059,5.15,10.09,5.82,17.84,10.09,8.78,3.89,17.0
30063,5.15,5.15,5.82,8.39,6.41,3.94,3.88,3.92
30066,6.96,6.96,7.34,26.02,16.51,5.98,9.13,16.36
30067,5.74,5.74,6.03,6.38,4.55,5.28,4.93,0.0
30075,5.15,5.15,5.82,1.87,2.55,8.42,3.07,6.16
30078,5.74,5.74,6.03,4.06,2.72,3.76,4.08,12.27
30081,5.74,5.74,6.24,13.19,11.15,9.86,5.04,18.11
30084,6.5,6.5,6.98,7.81,7.44,8.53,8.95,35.91
30091,6.29,6.29,6.62,7.7,6.54,7.83,6.8,25.38
30101,6.28,6.28,6.8,15.01,9.54,11.3,7.39,18.27
30104,5.15,5.15,5.61,4.1,4.86,6.99,2.92,17.54
30105,6.96,6.96,7.34,15.87,12.89,6.85,9.11,16.33
30106,6.96,6.96,7.34,11.4,10.04,2.75,9.98,9.9
30119,6.5,6.5,6.98,24.86,18.75,9.04,8.58,8.53
30121,7.27,8.44,7.55,5.17,8.44,8.89,10.57,12.73
30122,5.15,5.15,5.61,6.74,5.79,7.23,2.64,23.51
30123,6.96,6.96,7.34,15.34,15.25,19.53,9.37,15.12
30126,6.5,10.86,6.98,11.04,10.86,3.49,8.87,4.42
30127,6.96,6.96,7.34,17.58,11.75,10.28,9.96,9.81
30133,5.15,5.15,5.82,1.07,1.98,20.74,3.39,5.9
30148,6.5,5.83,6.98,5.23,5.83,3.45,8.73,1.74
30149,5.74,3.81,6.03,5.05,3.81,7.24,4.27,12.74
30152,6.5,6.5,6.98,6.41,6.51,14.55,8.71,4.38
30153,6.5,6.5,6.98,6.9,7.19,2.9,8.63,0.0
30156,6.5,6.5,6.98,6.38,6.7,7.91,8.01,7.95
30159,5.74,5.74,6.03,7.56,5.51,6.29,4.66,6.1
30161,6.5,6.5,6.98,13.73,11.27,9.36,8.65,24.55
30164,6.5,6.5,6.98,20.03,13.59,8.92,8.71,17.35
30168,5.15,5.15,5.61,2.98,2.46,2.65,2.94,2.91
30173,6.5,6.5,6.98,13.36,12.08,9.91,8.13,2.7
30174,6.96,6.96,7.34,8.81,9.77,10.78,9.33,13.98
30177,6.5,6.5,6.98,11.56,8.23,2.54,8.17,16.16
30180,5.74,5.74,6.03,6.79,6.17,5.79,4.64,0.0
30181,5.74,6.55,6.24,6.98,6.55,8.32,5.24,9.15
30191,6.5,6.5,6.98,14.03,10.66,3.49,8.18,6.52
30195,6.5,6.5,6.98,4.73,5.41,3.44,8.07,7.97
30199,5.74,5.74,6.03,7.66,5.42,8.37,4.04,16.0
30200,5.15,5.15,5.82,4.74,4.61,2.78,3.95,3.94
30201,6.96,9.22,7.34,8.43,9.22,8.14,9.73,8.59
30202,7.27,7.27,7.55,13.19,12.28,4.5,10.02,0.0
30203,5.15,5.15,5.82,24.79,16.86,7.6,3.34,19.9
30207,6.29,6.29,6.62,12.48,12.18,11.87,6.65,14.4
30210,5.74,5.74,6.03,6.94,4.93,7.14,4.62,3.05
31002,5.74,5.74,6.24,2.47,3.37,2.2,5.76,2.85
31003,5.15,5.15,5.82,3.35,1.91,4.13,3.83,33.97
31006,5.74,5.74,6.24,3.52,4.45,0.53,5.33,0.0
31040,5.15,5.15,5.82,5.66,6.25,3.05,3.38,10.04
31041,5.74,5.74,6.03,4.35,5.29,7.48,4.48,4.61
31048,6.5,6.5,6.98,2.58,4.69,3.01,8.02,1.99
31059,6.28,6.28,6.8,6.97,11.0,7.57,7.76,6.94
31067,5.74,5.74,6.03,2.91,2.41,0.57,4.82,0.0
31073,6.28,6.28,6.8,4.25,3.89,1.11,7.78,7.61
31079,5.74,5.74,6.03,2.23,4.47,7.26,4.26,12.66
31101,6.29,5.63,6.62,4.07,5.63,7.5,6.54,12.77
31102,5.74,5.12,6.24,3.75,5.12,3.61,5.54,4.38
32001,6.28,6.28,6.8,4.78,5.3,14.27,7.95,15.9
32005,6.96,6.96,7.34,76.73,41.25,34.03,9.32,21.5
32009,5.74,5.74,6.24,10.68,6.68,33.28,5.03,0.0
32014,6.28,6.28,6.8,9.88,5.1,12.74,7.69,2.59
32018,7.27,8.94,7.55,6.32,8.94,13.88,10.69,10.64
32024,6.96,6.96,7.34,24.07,17.61,17.54,9.83,7.08
32035,6.29,6.29,6.62,9.08,7.07,13.51,6.04,9.02
32037,5.74,5.74,6.24,35.52,19.91,25.11,5.53,11.02
32039,7.27,10.61,7.55,17.0,10.61,25.81,10.71,2.29
32040,6.29,6.29,6.62,10.0,7.21,28.96,6.82,9.09
32045,5.74,5.74,6.24,15.14,12.96,14.24,5.97,11.94
32051,5.74,5.74,6.03,21.49,7.4,19.35,4.29,12.87
32053,6.28,6.28,6.8,13.54,6.25,12.93,7.49,11.21
32054,5.74,5.74,6.24,15.51,9.69,10.74,5.03,5.01
01007,25.81,25.81,26.01,78.32,46.71,34.7,36.83,44.41
03001,25.81,25.81,26.01,35.6,30.84,63.9,37.49,77.46
04004,25.81,25.81,25.73,35.06,32.87,13.18,34.62,31.55
04005,17.98,17.98,18.37,10.79,11.07,6.6,11.98,2.96
04007,17.98,17.98,18.37,15.93,15.83,22.49,11.14,38.87
04008,24.37,24.37,24.29,16.67,19.97,8.48,28.78,4.05
04009,22.49,22.49,23.04,45.5,33.55,17.69,24.76,17.41
04010,21.31,21.31,21.91,19.26,23.35,21.08,20.68,11.65
04011,21.31,21.31,22.18,23.05,18.99,18.33,21.02,15.84
05013,24.37,24.37,24.83,56.03,53.55,116.44,29.46,29.74
05023,20.54,20.54,20.31,14.48,15.24,65.31,16.34,22.12
05029,25.81,25.81,26.01,38.13,36.02,46.98,39.15,0.0
05034,18.96,18.96,19.21,3.59,9.57,45.96,14.33,0.0
05036,22.49,22.49,22.32,45.63,35.33,37.19,22.57,37.81
06006,20.54,20.54,20.92,51.87,30.44,50.5,17.3,25.81
06008,20.54,20.54,21.16,61.08,42.24,36.93,18.04,30.99
07012,17.98,17.98,18.58,11.99,13.48,33.45,12.9,9.24
07016,17.98,17.98,18.37,36.71,22.28,23.36,11.1,2.77
07020,17.98,17.98,18.37,6.96,8.49,13.82,11.26,4.64
07029,20.54,20.54,20.92,4.86,13.54,30.98,17.99,8.93
07037,22.49,22.49,22.55,31.6,19.42,28.77,23.98,35.69
07040,21.31,21.31,21.4,47.78,31.55,27.88,19.31,63.21
07042,20.54,20.54,20.31,22.48,13.44,29.56,16.87,0.0
07045,22.49,22.49,22.32,6.07,11.33,30.25,22.65,14.92
07051,17.98,17.98,18.79,20.46,17.68,18.04,13.6,33.34
07055,22.49,22.49,23.04,36.47,32.67,40.8,24.13,31.75
07063,17.98,17.98,18.58,1.46,6.14,34.47,12.29,0.0
07066,24.37,19.54,23.9,11.98,19.54,18.19,27.82,3.41
07072,20.54,20.54,20.92,1.94,13.43,41.3,17.19,15.55
07074,17.98,17.98,18.58,50.93,37.54,28.76,12.91,17.06
07078,17.98,17.98,18.58,13.32,14.05,10.7,12.51,35.09
07084,17.98,17.98,18.37,5.02,7.58,31.17,11.34,11.28
07085,17.98,17.98,18.79,8.76,10.32,24.49,13.21,13.07
07089,22.49,22.49,23.04,32.25,25.46,35.82,24.35,42.74
07092,17.98,17.98,18.37,6.88,9.52,25.44,10.99,12.87
07101,17.98,17.98,18.58,11.63,14.39,39.02,12.17,27.4
07102,17.98,17.98,18.58,34.58,20.43,31.55,12.99,43.35
07103,20.54,20.54,20.31,12.48,11.23,27.37,16.0,27.02
07107,20.54,20.54,20.92,14.17,14.28,14.66,17.09,29.95
07108,17.98,17.98,18.58,14.31,10.78,21.64,12.52,37.64
07114,25.81,25.81,26.01,63.76,42.28,6.6,36.29,31.71
08001,22.49,22.49,23.04,29.04,29.25,84.46,24.71,30.27
08004,24.37,24.37,25.3,44.0,34.74,60.29,31.75,37.98
08008,24.37,24.37,24.29,8.16,21.99,87.71,28.7,19.75
08009,18.96,18.96,19.21,39.78,26.61,85.38,14.0,57.54
08011,25.81,25.81,25.54,27.08,29.06,39.34,33.85,10.93
08012,17.98,17.98,18.58,35.03,32.45,52.75,12.26,37.07
08021,22.49,22.49,22.32,16.97,22.83,43.26,22.12,17.81
08022,21.31,21.31,22.18,19.78,25.26,40.89,21.9,89.36
08024,22.49,22.49,23.66,39.87,28.6,45.83,26.47,26.55
08030,25.81,25.81,26.01,18.78,22.01,97.86,36.13,18.27
08031,22.49,22.49,22.55,31.8,28.11,48.24,23.29,26.52
08036,17.98,17.98,18.79,8.86,15.63,37.44,13.41,3.66
08039,17.98,17.98,18.37,22.0,7.83,36.43,11.73,0.0
08040,22.49,22.49,22.55,43.79,31.19,30.54,23.51,26.16
08044,25.81,25.81,25.73,24.67,21.17,42.94,34.68,23.2
08050,24.37,24.37,24.29,26.69,26.46,33.09,28.51,40.56
08054,17.98,17.98,18.79,4.46,6.57,43.06,13.14,19.8
08055,21.31,21.31,21.91,39.56,25.7,46.59,20.36,23.27
08059,21.31,21.31,21.4,34.32,27.67,65.13,19.45,29.05
08060,17.98,17.98,18.58,22.2,18.7,61.51,12.36,24.48
08064,25.81,37.5,26.01,42.84,37.5,59.93,38.3,0.0
08065,22.49,22.49,23.66,27.86,35.26,97.02,26.96,21.43
09002,25.81,35.72,25.54,35.14,35.72,81.55,33.81,43.2
09003,25.81,35.32,25.54,29.2,35.32,86.51,33.58,42.52
09004,22.49,22.49,23.04,18.55,24.73,68.22,24.54,26.78
09006,25.81,37.13,25.73,45.22,37.13,86.69,34.76,53.03
09008,21.31,21.31,22.18,29.26,21.13,55.65,21.91,21.44
09009,21.31,21.31,21.91,30.02,28.45,41.75,20.42,28.69
09011,24.37,24.37,24.29,39.51,31.86,39.02,28.26,41.75
09012,22.49,22.49,23.43,28.33,26.44,51.11,25.91,31.66
09013,25.81,25.81,26.01,35.04,32.5,50.89,37.08,31.59
10001,24.37,24.37,25.13,23.75,21.11,34.68,30.09,7.92
10005,21.31,21.31,22.18,22.13,20.01,36.78,21.57,16.49
10008,20.54,20.54,21.16,26.03,22.07,24.53,18.44,13.08
10012,25.81,25.81,25.73,42.3,36.64,30.58,34.47,35.17
10020,18.96,18.96,19.94,15.37,14.83,26.42,15.42,7.67
10022,21.31,21.31,22.18,23.66,22.54,26.28,21.22,15.39
10023,21.31,21.31,21.91,48.85,29.82,52.63,20.01,23.72
10028,20.54,20.54,20.31,17.83,19.23,23.03,16.47,12.33
10031,18.96,18.96,19.94,2.68,7.55,12.95,15.1,0.0
10032,24.37,24.37,25.13,63.3,48.87,51.4,30.26,18.4
10035,21.31,21.31,22.18,11.26,15.56,62.52,21.16,12.64
10038,22.49,22.49,22.32,21.26,19.91,33.07,22.51,22.3
10039,21.31,21.31,21.91,20.68,20.61,32.99,20.82,20.68
11010,25.81,25.81,25.4,24.36,23.01,20.61,32.29,46.39
11019,22.49,22.49,23.66,30.02,23.91,29.76,26.5,52.12
11026,22.49,22.49,23.43,29.0,24.48,65.27,25.82,58.04
11029,22.49,22.49,22.55,27.72,21.77,29.4,23.4,37.11
11034,25.81,33.69,25.54,34.8,33.69,7.79,33.47,107.68
11040,21.31,21.31,21.4,20.77,18.59,13.11,19.28,16.73
11041,25.81,25.81,26.01,58.23,44.74,46.12,38.47,91.84
11043,17.98,17.98,18.79,23.81,20.67,16.29,13.7,40.85
11045,20.54,20.54,21.16,20.94,20.46,8.7,18.25,4.58
12005,17.98,17.98,18.58,16.69,15.26,18.89,12.07,0.0
12008,24.37,24.37,25.3,31.26,30.13,36.66,31.72,47.21
12011,22.49,22.85,23.04,13.66,22.85,66.27,24.8,10.76
12012,24.37,24.37,24.83,16.6,18.64,20.15,29.28,20.73
12013,25.81,25.81,26.01,42.89,41.28,32.54,35.74,16.17
12014,22.49,22.49,22.32,25.31,22.93,67.83,22.36,6.37
12015,22.49,22.49,22.32,30.44,30.55,46.23,22.87,19.02
12017,17.98,17.98,18.58,12.46,12.08,36.15,12.56,3.12
12018,22.49,22.49,22.55,35.65,30.46,32.39,23.59,40.21
12019,17.98,17.98,18.58,12.32,11.44,27.31,12.43,21.6
12021,22.49,22.49,22.55,10.1,27.74,71.22,23.99,24.68
12023,24.37,24.37,23.9,28.55,21.01,22.06,27.78,16.62
12024,17.98,17.98,18.58,17.89,12.26,19.06,12.15,0.0
12025,17.98,17.98,18.37,9.59,8.95,24.73,11.24,11.12
12033,22.49,22.49,23.04,31.07,22.05,19.62,24.03,7.88
12034,21.31,21.31,21.91,44.65,29.57,40.58,20.67,15.19
12037,25.81,25.81,25.54,25.83,25.1,46.29,33.58,8.46
12039,21.31,21.31,21.91,34.02,33.46,35.45,20.53,14.84
12040,21.31,17.01,21.91,13.09,17.01,45.04,20.36,20.24
12045,20.54,20.54,21.16,15.44,16.47,21.33,18.31,19.74
12046,24.37,24.37,25.13,25.08,29.28,21.92,30.27,29.28
12048,22.49,22.49,23.04,22.31,19.46,47.7,24.72,15.75
12049,17.98,17.98,18.37,41.64,20.96,28.91,11.32,11.22
12052,21.31,20.84,21.4,15.18,20.84,25.04,19.85,19.69
12053,22.49,22.49,22.32,15.98,19.89,36.48,22.65,11.78
12055,20.54,20.54,21.16,25.56,21.44,42.23,18.36,4.7
12056,20.54,20.54,20.92,18.3,16.93,24.55,17.06,16.99
12057,22.49,22.49,23.04,15.04,19.51,56.97,24.71,8.2
12059,22.49,22.49,23.43,46.22,40.68,35.86,25.84,12.91
12060,17.98,17.98,18.37,11.65,8.51,31.89,10.93,0.0
12061,21.31,21.31,21.91,5.91,15.75,36.51,20.18,13.36
12062,18.96,17.9,19.21,24.56,17.9,12.63,14.96,17.0
12066,22.49,22.49,23.43,34.52,31.6,23.24,25.97,25.6
12068,22.49,22.49,23.04,25.75,27.87,57.52,24.38,28.07
12069,17.98,17.98,18.58,8.41,9.11,19.79,12.62,16.86
12072,17.98,17.98,18.37,8.93,9.97,15.23,11.9,19.6
12075,25.81,25.81,25.73,33.85,32.1,36.37,34.86,21.19
12078,20.54,20.54,20.92,27.05,17.38,13.59,17.99,37.81
12081,17.98,17.98,18.58,7.31,8.96,16.65,12.36,4.08
13003,24.37,24.37,25.13,39.31,32.93,7.56,30.62,25.64
13004,24.37,24.37,23.9,16.3,17.76,7.98,27.67,18.23
13005,22.49,22.49,23.43,31.99,32.48,9.0,25.49,12.63
13007,22.49,22.49,23.66,21.24,21.08,14.15,26.7,37.79
13008,21.31,21.31,21.4,30.38,22.02,16.26,19.65,23.58
13009,24.37,24.37,24.29,18.41,20.9,7.15,28.82,28.48
13010,21.31,21.31,21.91,19.07,18.59,13.83,20.96,26.58
13012,18.96,18.96,19.21,21.03,17.64,8.58,14.32,22.06
13013,22.49,22.49,23.04,26.04,25.46,18.69,24.66,22.39
13016,18.96,18.96,19.94,22.64,22.44,16.44,15.91,16.55
13020,21.31,21.31,21.4,23.59,19.75,5.68,19.86,0.0
13022,18.96,18.96,19.21,17.79,17.57,16.66,14.47,28.53
13023,21.31,15.06,21.91,17.12,15.06,6.22,20.17,13.36
13024,22.49,22.49,23.43,20.07,20.65,10.61,25.31,25.25
13029,22.49,22.49,23.66,28.43,26.09,8.98,26.67,23.44
13030,22.49,22.49,22.55,25.53,21.39,5.83,23.65,12.4
13031,21.31,21.31,21.91,20.11,17.19,10.05,20.67,8.3
13035,21.31,21.31,22.18,11.09,12.77,7.55,21.84,28.77
13039,21.31,21.31,21.91,24.65,18.97,13.81,20.66,27.47
13041,25.81,25.81,26.01,34.1,31.08,7.0,37.76,30.34
13042,25.81,25.81,26.01,41.27,34.15,9.09,38.34,16.99
13044,21.31,21.31,21.4,29.29,18.63,10.93,19.98,31.16
13051,22.49,22.49,22.32,23.11,20.7,16.03,22.75,22.46
13052,21.31,20.01,21.4,21.67,20.01,9.57,19.21,17.72
13053,21.31,21.31,21.4,14.64,15.66,9.96,19.95,5.71
13056,21.31,19.2,22.18,19.81,19.2,12.46,21.43,17.61
13057,21.31,21.31,21.4,17.86,16.88,12.04,19.58,29.32
13058,18.96,18.96,19.21,15.34,12.76,4.79,14.15,11.28
13060,18.96,18.96,19.21,9.99,11.35,13.51,14.17,2.83
13063,24.37,24.37,25.13,27.58,26.07,17.99,30.68,21.46
13065,25.81,25.81,25.54,18.32,18.0,7.67,33.22,8.26
13066,22.49,22.49,23.43,32.2,23.47,23.2,25.76,47.35
13067,17.98,17.98,18.79,18.76,13.47,9.41,13.79,14.48
13069,24.37,24.37,23.9,28.45,27.33,21.62,27.46,33.13
13070,24.37,24.37,25.13,30.04,24.46,8.74,30.24,27.45
13074,24.37,24.37,23.9,27.65,26.49,9.61,27.24,27.06
13075,17.98,17.98,18.58,8.05,9.29,18.03,12.17,23.56
13076,24.37,24.37,24.83,38.28,31.55,17.41,29.27,52.61
13077,20.54,20.54,21.16,27.76,22.17,15.44,18.28,33.94
13081,22.49,19.11,22.32,21.91,19.11,7.53,22.26,8.54
13082,18.96,18.96,19.94,15.51,13.99,15.26,15.34,23.75
13083,24.37,24.37,25.13,20.49,22.54,17.77,30.55,23.02
13084,24.37,24.37,23.9,28.89,25.97,6.6,27.15,24.6
14002,20.54,20.54,21.16,16.3,23.1,60.11,18.61,25.86
14003,22.49,25.7,23.66,17.59,25.7,40.69,26.6,26.4
14005,17.98,17.98,18.37,18.37,16.11,42.45,11.59,40.15
14006,22.49,22.49,22.32,13.64,22.22,39.35,22.69,17.74
14007,21.31,21.31,21.91,14.1,16.45,31.16,20.72,36.07
14009,25.81,25.81,25.54,37.31,32.06,46.62,33.21,67.57
14015,22.49,22.49,23.66,57.29,36.83,43.89,26.45,15.99
14017,17.98,17.98,18.37,11.53,9.62,41.62,11.54,0.0
14023,17.98,11.29,18.37,8.0,11.29,40.09,11.54,15.07
14024,24.37,24.37,25.3,20.66,31.07,60.72,31.12,6.49
14030,22.49,22.49,23.04,32.46,28.51,39.58,24.24,16.27
14034,22.49,22.49,23.43,22.59,29.82,39.61,25.64,0.0
14037,18.96,18.96,19.21,12.55,11.24,39.27,14.92,5.55
14040,20.54,20.54,21.16,9.13,13.25,22.55,18.45,25.08
14041,22.49,22.49,23.43,30.3,38.23,45.34,25.54,8.54
14042,18.96,18.96,19.21,0.0,9.53,28.79,14.21,18.72
14044,24.37,30.45,24.83,29.61,30.45,46.62,29.17,14.72
14045,18.96,18.96,19.21,11.21,11.45,43.75,14.16,9.37
14046,17.98,17.98,18.79,16.15,13.87,46.32,13.6,4.52
14047,20.54,20.54,20.92,6.25,17.26,62.71,17.5,19.29
14050,22.49,22.49,23.66,21.87,23.03,41.5,26.46,10.08
14051,25.81,25.81,26.01,35.46,32.6,54.27,36.9,16.37
14054,20.54,20.54,21.16,0.0,9.4,31.9,18.8,0.0
14055,20.54,20.54,21.16,22.0,17.47,24.97,18.21,47.71
14057,17.98,17.98,18.37,33.15,27.78,23.33,11.78,11.69
14062,17.98,17.98,18.79,12.56,15.83,47.7,13.55,13.53
14063,17.98,17.98,18.37,8.53,17.0,61.61,11.68,16.87
14064,20.54,20.54,20.92,41.27,14.83,34.72,17.13,15.55
14067,24.37,33.59,23.9,32.4,33.59,56.33,27.42,38.87
14070,22.49,22.49,22.55,27.18,26.58,72.34,23.96,26.17
14072,22.49,22.49,23.04,13.12,18.65,63.56,24.74,12.22
14073,22.49,22.49,23.43,36.33,23.61,52.77,25.93,21.74
14077,17.98,17.98,18.58,5.69,11.01,46.1,12.13,6.89
14079,17.98,17.98,18.37,10.53,14.02,33.66,11.49,8.5
14080,21.31,21.31,21.91,22.85,28.87,43.12,20.58,31.32
14081,18.96,18.96,19.21,18.41,14.51,38.75,14.57,14.66
14086,17.98,17.98,18.79,8.6,10.03,23.91,13.29,4.37
14088,18.96,18.96,19.94,18.03,15.03,40.11,15.02,9.01
14093,18.96,18.96,19.21,9.59,14.87,55.48,14.73,11.43
14094,24.37,24.37,25.3,25.69,29.14,36.91,31.53,43.15
14096,22.49,22.49,22.55,42.25,30.71,27.63,23.39,14.76
14101,25.81,25.81,26.01,34.26,37.52,75.01,39.25,27.86
14103,17.98,17.98,18.58,11.27,8.67,36.09,12.99,0.0
14104,17.98,17.98,18.58,2.99,10.11,39.63,12.17,12.25
14105,18.96,18.96,19.21,3.19,11.31,55.96,14.35,20.36
14107,25.81,25.81,26.01,54.12,40.25,28.41,36.4,0.0
14109,22.49,22.49,23.43,24.2,22.34,65.52,25.17,49.91
14112,18.96,18.96,19.94,50.76,44.97,23.39,15.78,31.39
14114,24.37,24.37,23.9,30.12,29.49,52.69,27.6,9.93
14117,22.49,22.49,22.32,22.93,20.33,30.53,22.12,0.0
14120,21.31,21.31,21.91,8.55,19.84,61.62,20.35,21.88
14123,18.96,18.96,19.21,17.61,18.01,50.26,14.99,12.39
14124,20.54,20.54,20.31,12.75,19.67,51.11,16.84,20.64
15001,22.49,20.27,23.04,20.82,20.27,13.28,24.77,11.91
15002,17.98,17.98,18.79,17.34,14.08,27.17,13.75,12.7
15003,18.96,18.96,19.21,14.87,13.46,13.94,14.69,9.71
15005,22.49,22.49,23.04,29.96,24.18,20.14,24.82,14.09
15006,25.81,25.81,25.54,34.96,36.3,18.96,33.54,18.39
15007,17.98,17.98,18.58,20.58,14.98,30.54,12.5,6.23
15011,20.54,20.54,20.92,19.32,17.3,25.64,17.43,11.16
15012,21.31,21.31,22.18,28.13,22.26,19.33,21.34,20.94
15013,24.37,24.37,23.9,29.93,29.4,36.88,27.27,21.92
15014,22.49,22.49,23.66,29.07,24.43,12.68,26.8,17.91
15015,22.49,22.49,22.32,22.56,23.25,37.2,22.33,16.17
15016,24.37,24.37,25.3,59.35,30.2,28.0,31.08,21.02
15017,22.49,22.49,22.55,35.22,32.65,35.67,23.68,42.15
15018,22.49,22.49,22.32,27.43,22.02,22.68,22.06,17.67
15019,22.49,22.49,22.32,26.63,21.35,25.92,22.34,10.43
15020,24.37,24.37,24.29,33.67,29.45,39.12,28.54,25.4
15021,17.98,17.98,18.37,22.57,14.37,20.1,11.35,5.01
15022,25.81,25.81,26.01,37.36,33.06,32.23,36.8,18.07
15024,21.31,21.31,21.4,35.08,29.7,35.21,19.81,21.69
15027,22.49,22.49,23.04,42.33,30.88,21.78,24.98,24.44
15028,20.54,20.54,21.16,27.42,21.3,24.94,19.0,6.26
15029,20.54,20.54,20.92,23.35,20.26,37.58,17.53,22.47
15030,17.98,17.98,18.37,35.5,22.32,23.74,11.81,26.55
15031,25.81,25.81,25.4,35.07,35.04,43.71,32.17,28.85
15033,25.81,25.81,26.01,43.6,38.92,38.48,37.51,27.74
15034,21.31,21.31,22.18,25.33,21.35,28.76,21.91,17.31
15035,24.37,24.37,24.83,38.75,32.06,29.19,29.17,20.78
15036,21.31,21.31,21.4,22.49,16.64,13.84,19.19,22.91
15037,17.98,17.98,18.79,49.87,28.77,58.58,13.57,9.47
15039,22.49,22.49,23.43,29.41,26.23,33.13,25.78,24.58
15040,24.37,24.37,24.29,67.99,41.05,26.01,28.75,19.43
15042,17.98,17.98,18.79,14.0,11.41,11.99,13.42,10.03
15043,22.49,22.49,22.55,28.94,22.43,27.94,23.28,7.67
15044,22.49,22.49,23.43,40.48,26.87,28.87,25.89,49.72
15045,22.49,22.49,23.04,26.33,24.16,15.4,24.09,18.97
15046,20.54,20.54,20.31,26.55,21.57,33.86,16.96,16.8
15048,18.96,18.96,19.94,14.16,12.72,9.49,15.17,12.96
15049,24.37,24.37,25.13,37.58,31.19,22.01,30.37,32.89
15050,21.31,21.31,21.91,18.56,18.2,31.91,20.99,8.64
15051,21.31,21.31,22.18,27.9,25.34,35.8,21.68,16.22
15052,25.81,25.81,25.73,57.34,46.92,40.87,34.29,81.58
15053,22.49,22.49,23.04,36.74,28.57,31.28,24.39,20.99
15058,24.37,24.37,25.3,40.27,37.43,54.46,31.65,38.99
15060,22.49,22.49,22.55,33.4,26.21,23.63,23.35,26.05
15061,22.49,22.49,22.32,38.51,32.38,26.43,22.87,22.57
15062,22.49,22.49,23.66,31.67,29.37,42.5,26.24,23.95
15063,18.96,18.96,19.21,24.37,20.59,40.59,14.48,11.71
15064,25.81,25.81,26.01,24.06,24.22,8.29,36.91,24.88
15067,20.54,20.54,21.16,18.87,17.14,29.09,18.81,19.66
15069,21.31,21.31,21.4,37.14,27.86,26.91,19.4,9.57
15070,22.49,22.49,23.66,30.41,30.75,46.4,26.07,26.12
15072,21.31,21.31,21.91,30.97,28.43,18.43,20.28,22.75
15073,22.49,22.49,22.55,26.62,23.63,18.25,23.69,25.77
15075,25.81,25.81,26.01,41.62,35.34,33.82,35.57,20.73
15076,22.49,22.49,23.04,35.72,30.76,30.61,24.68,17.3
15078,21.31,21.31,21.91,12.23,13.4,20.79,20.05,4.98
15079,22.49,22.49,22.32,26.94,25.84,19.16,22.83,28.87
15081,22.49,22.49,23.43,35.06,26.66,31.28,25.62,23.08
15083,22.49,22.49,23.66,30.38,30.34,31.23,26.13,38.46
15084,17.98,17.98,18.79,14.06,15.73,28.15,13.94,11.6
15085,17.98,14.53,18.79,14.95,14.53,10.64,13.99,8.06
15087,21.31,18.37,21.4,22.48,18.37,22.01,19.63,15.84
15088,22.49,44.94,23.66,66.19,44.94,26.45,26.78,30.03
15089,25.81,25.81,25.73,21.79,24.99,33.43,34.18,12.73
15090,25.81,25.81,25.4,35.12,29.62,24.8,32.45,21.7
15092,24.37,24.37,24.29,34.68,31.23,31.71,28.0,23.67
15093,21.31,21.31,22.18,31.92,23.21,26.32,21.79,4.3
15094,22.49,22.49,22.55,23.1,25.13,40.29,23.39,23.16
15095,24.37,24.37,24.29,38.15,31.6,36.34,28.7,27.86
15096,24.37,24.37,25.3,31.06,27.98,20.33,31.16,24.83
15098,20.54,20.54,20.31,23.22,26.69,20.93,16.71,16.53
15099,25.81,25.81,25.4,39.09,32.03,30.63,32.59,28.62
15100,24.37,24.37,25.3,37.01,30.53,25.0,31.87,19.82
15101,22.49,22.49,23.43,28.39,26.48,23.72,25.09,9.34
15104,24.37,24.37,25.3,47.72,39.03,60.55,31.02,31.72
15107,20.54,20.54,21.16,37.5,26.58,25.54,18.89,52.57
15108,24.37,24.37,23.9,40.59,33.37,33.78,27.07,26.66
15109,22.49,22.49,23.66,35.48,29.95,38.13,26.61,28.44
15110,24.37,24.37,24.83,41.66,39.36,43.26,29.22,21.1
15112,18.96,18.96,19.94,17.17,13.95,13.16,15.7,15.51
15113,22.49,22.49,23.43,38.59,28.33,23.23,25.44,22.41
15115,22.49,22.49,23.04,34.2,27.05,33.45,24.16,21.26
15117,17.98,17.98,18.37,8.85,12.14,30.29,11.64,0.0
15118,21.31,21.31,22.18,28.32,23.36,24.07,21.76,18.47
15119,20.54,20.54,20.92,27.03,20.78,28.73,17.66,9.97
15121,24.37,24.37,25.3,41.0,35.2,36.01,31.44,35.79
15122,22.49,22.49,23.66,28.87,26.55,39.1,26.15,22.87
16008,24.37,24.37,23.9,27.39,25.71,47.35,27.28,19.41
16009,24.37,24.37,23.9,43.9,26.97,30.56,27.13,24.32
16012,25.81,25.81,25.73,38.13,32.64,35.0,34.1,48.68
16013,20.54,20.54,20.31,10.83,13.46,28.33,16.17,10.8
16014,21.31,21.31,22.18,20.86,20.71,40.46,21.9,29.65
16019,25.81,25.81,26.01,60.35,35.9,37.04,36.66,19.5
16023,20.54,20.54,21.16,29.94,13.4,37.76,18.88,9.4
16034,20.54,20.54,21.16,42.39,33.4,25.79,18.6,13.86
16036,17.98,17.98,18.58,22.85,15.0,33.32,12.85,12.85
16041,18.96,18.96,19.94,27.49,17.23,14.43,15.1,11.99
16047,22.49,22.49,23.43,41.87,29.44,22.18,25.25,2.53
16050,24.37,24.37,25.13,47.15,41.03,20.14,30.13,13.85
16052,22.49,22.49,23.43,18.62,22.68,62.11,25.36,27.35
16054,17.98,17.98,18.58,13.45,11.53,35.58,12.59,0.0
16057,17.98,17.98,18.37,6.93,7.8,24.59,11.68,0.0
16058,17.98,11.11,18.79,10.07,11.11,35.69,13.69,4.52
16064,20.54,20.54,21.16,17.72,20.65,44.91,18.16,21.68
16067,22.49,22.49,23.04,18.24,22.8,48.66,24.37,33.62
16069,17.98,12.84,18.37,0.0,12.84,54.73,11.41,24.04
16071,24.37,24.37,25.13,44.86,35.14,46.34,30.79,28.58
16072,25.81,25.81,26.01,36.65,27.16,32.67,38.92,67.03
16076,17.98,17.98,18.37,47.14,30.5,39.35,11.15,16.6
16079,25.81,25.81,25.54,42.34,33.49,24.61,33.79,27.74
16082,17.98,17.98,18.58,18.49,17.04,29.31,12.58,19.55
16083,24.37,19.54,24.83,17.98,19.54,38.86,29.91,25.35
16085,22.49,22.49,22.55,56.0,27.49,38.29,23.42,21.89
16087,24.37,24.37,25.13,23.2,21.97,32.62,30.49,30.12
16088,22.49,22.49,23.43,51.32,33.2,27.14,25.22,32.08
16089,18.96,18.96,19.21,19.55,18.74,33.17,14.26,10.14
16090,22.49,22.49,22.55,30.62,18.92,22.73,23.12,31.36
16093,18.96,13.56,19.94,15.13,13.56,9.24,15.55,12.05
16096,24.37,24.37,23.9,8.23,25.63,65.51,27.72,19.2
16098,25.81,25.81,25.54,35.42,34.7,16.7,33.1,7.8
16099,17.98,17.98,18.37,11.37,11.5,26.7,11.0,14.89
16100,21.31,21.31,21.4,20.3,14.07,26.96,19.41,9.62
16101,20.54,20.54,20.31,13.49,16.46,37.49,16.51,11.05
16103,18.96,18.96,19.21,23.97,25.89,39.54,14.9,6.38
16110,22.49,22.49,23.04,23.5,22.24,30.73,24.01,11.95
16111,22.49,22.49,23.43,30.73,29.11,29.54,25.38,27.47
16112,24.37,24.37,24.83,72.06,43.79,18.13,29.17,22.81
16113,17.98,17.98,18.37,25.29,12.61,50.87,11.33,7.54
17001,22.49,22.49,22.32,73.37,42.22,50.08,22.43,67.09
17003,25.81,25.81,26.01,43.73,45.94,46.26,38.65,23.84
17004,25.81,25.81,26.01,42.23,40.43,48.35,38.71,38.26
17011,25.81,25.81,26.01,34.61,32.64,63.27,36.59,32.51
17016,18.96,18.96,19.21,22.78,16.66,26.35,14.87,36.75
17019,25.81,25.81,26.01,34.22,33.5,45.32,39.32,32.18
17020,25.81,25.81,25.54,39.06,34.07,46.47,33.97,50.25
17021,25.81,25.81,25.4,112.31,86.82,58.07,32.48,162.03
17023,20.54,20.54,20.92,26.04,19.94,32.57,17.72,34.9
17025,24.37,24.37,25.13,59.66,42.58,49.49,30.32,63.14
17032,21.31,21.31,21.4,20.86,18.67,22.94,19.36,9.6
17033,22.49,22.49,23.43,30.08,27.62,42.69,25.94,48.46
18001,20.54,20.54,21.16,19.43,17.97,24.55,18.61,37.16
18004,22.49,14.32,22.32,14.23,14.32,23.12,22.97,17.24
18008,17.98,10.18,18.79,10.58,10.18,26.02,13.91,20.41
18009,20.54,18.03,20.92,27.62,18.03,22.58,17.71,12.74
18010,17.98,17.98,18.79,15.42,13.75,15.94,13.53,46.71
18011,22.49,16.38,22.32,20.78,16.38,14.59,22.5,28.56
18012,17.98,17.98,18.79,17.23,15.11,9.15,13.53,39.59
18020,17.98,10.22,18.37,11.81,10.22,38.48,11.49,21.63
19002,24.37,24.37,24.83,95.58,53.65,124.07,29.33,102.91
19007,22.49,22.49,22.55,30.22,33.45,28.05,23.48,37.03
19009,25.81,45.44,26.01,54.05,45.44,56.35,38.75,42.0
19011,24.37,61.94,23.9,87.39,61.94,84.12,27.73,97.77
19014,22.49,22.49,22.55,23.17,25.61,19.17,23.3,23.26
19019,25.81,37.56,25.73,34.9,37.56,63.41,34.93,39.44
19028,25.81,61.33,26.01,37.33,61.33,82.28,37.27,151.49
19036,21.31,21.31,21.4,14.87,14.84,16.34,19.02,6.3
19043,21.31,21.31,22.18,11.3,10.6,28.05,21.21,150.05
20002,22.49,22.49,23.43,19.76,20.02,7.27,25.34,9.91
20005,20.54,20.54,20.31,16.46,12.89,3.93,16.09,19.24
20006,20.54,20.54,20.31,19.38,16.38,0.0,16.24,29.79
20007,21.31,21.31,22.18,27.74,25.07,0.0,21.66,21.87
20009,21.31,21.31,22.18,12.93,12.06,1.23,21.7,36.1
20010,25.81,25.81,26.01,49.75,32.21,4.05,37.19,18.61
20012,22.49,22.49,23.43,28.43,25.05,2.43,25.59,16.88
20014,24.37,24.37,25.3,26.26,26.45,7.38,31.3,29.39
20015,25.81,25.81,26.01,17.98,23.83,0.0,35.59,8.8
20020,21.31,21.31,21.4,10.55,11.16,7.28,19.03,9.34
20023,17.98,17.98,18.79,13.87,11.16,0.03,13.21,11.25
20025,25.81,25.81,25.73,40.38,35.69,7.18,34.91,43.55
20026,17.98,17.98,18.37,6.56,6.31,0.25,10.8,10.74
20028,24.37,24.37,25.13,30.83,27.4,0.0,30.56,28.13
20030,25.81,25.81,25.54,36.52,33.36,4.13,33.27,60.7
20033,24.37,24.37,25.3,34.18,26.91,0.03,31.98,0.0
20037,22.49,22.49,22.32,41.03,33.79,6.49,22.52,33.77
20040,18.96,18.96,19.94,10.86,11.49,0.08,15.28,15.19
20042,17.98,17.98,18.37,14.76,10.62,0.09,11.54,5.72
20045,17.98,17.98,18.58,20.75,15.61,0.0,12.44,12.39
20052,22.49,22.49,23.43,25.62,22.49,0.63,25.35,8.48
20055,22.49,22.49,23.66,23.04,13.06,1.0,26.12,25.98
20058,17.98,17.98,18.58,11.51,11.99,0.09,12.04,12.11
20066,20.54,20.54,21.16,21.29,21.73,4.18,18.63,74.51
20073,20.54,20.54,21.16,18.34,18.51,7.85,18.18,26.36
20075,20.54,20.54,21.16,24.86,15.68,3.3,18.83,37.67
20076,18.96,18.96,19.21,20.81,14.55,0.43,14.52,14.49
20079,25.81,25.81,26.01,39.65,37.68,7.65,39.29,30.42
20083,18.96,18.96,19.94,28.7,24.09,0.04,15.73,15.34
20084,22.49,22.49,22.55,14.96,15.61,0.03,23.37,46.45
20085,17.98,17.98,18.37,18.61,13.38,0.63,10.84,7.13
20087,22.49,22.49,23.04,12.08,16.53,0.24,24.59,8.01
20089,21.31,21.31,22.18,46.84,42.38,0.04,21.07,0.0
20090,24.37,24.37,25.3,35.91,26.17,3.69,31.3,23.34
20094,24.37,24.37,23.9,13.64,13.64,0.0,27.28,0.0
20102,20.54,20.54,20.92,13.93,11.75,0.0,17.55,17.27
20107,21.31,21.31,22.18,25.58,20.63,0.15,21.27,19.17
20113,24.37,24.37,25.13,15.05,15.1,1.24,30.21,0.0
20124,24.37,24.37,24.29,19.16,18.54,4.19,28.91,30.93
20132,25.81,46.82,25.73,61.57,46.82,0.0,34.79,0.0
20133,17.98,17.98,18.58,18.19,8.5,2.82,12.76,0.0
20134,17.98,12.62,18.79,15.28,12.62,2.91,13.71,15.34
20136,21.31,21.31,21.91,18.01,14.76,1.65,20.1,4.0
20137,18.96,18.96,19.21,12.34,12.0,0.0,14.39,0.0
20141,21.31,21.31,22.18,27.14,18.11,8.43,21.49,5.29
20143,24.37,24.37,25.3,30.53,28.55,3.06,31.06,46.35
20152,21.31,21.31,21.4,24.94,22.62,6.37,19.25,0.0
20156,17.98,17.98,18.79,10.46,8.89,0.07,13.3,13.23
20157,21.31,21.31,21.4,20.32,16.79,0.56,19.43,24.58
20161,25.81,25.81,26.01,22.9,20.76,0.0,35.53,0.0
20164,25.81,25.81,26.01,22.84,24.19,0.16,36.4,0.0
20174,24.37,24.37,25.13,22.27,22.27,0.03,30.67,10.06
20176,20.54,20.54,21.16,19.05,9.22,0.01,18.45,37.01
20180,21.31,21.31,22.18,20.47,17.72,12.9,21.26,0.0
20184,20.54,20.54,20.92,23.21,17.93,7.79,17.07,19.2
20193,25.81,25.81,25.73,28.48,20.09,0.0,34.35,68.1
20197,18.96,18.96,19.21,23.93,17.33,0.0,14.77,0.0
20198,17.98,17.98,18.79,18.15,13.16,7.17,13.11,19.57
20203,17.98,17.98,18.79,5.28,6.87,0.0,13.74,40.93
20207,17.98,17.98,18.58,16.21,11.42,0.73,12.62,7.5
20208,25.81,25.81,26.01,25.5,23.68,3.62,37.47,7.57
20213,17.98,17.98,18.37,0.0,5.64,0.52,11.29,11.15
20229,18.96,18.96,19.94,11.86,8.38,0.01,15.02,0.0
20234,21.31,21.31,22.18,12.77,13.07,0.22,21.41,0.0
20237,24.37,24.37,25.3,28.36,26.47,0.66,31.75,63.45
20240,25.81,25.81,25.73,33.68,32.09,5.47,34.81,0.0
20242,21.31,21.31,21.4,15.59,12.97,7.55,19.41,7.7
20244,22.49,22.49,23.04,19.52,16.53,1.01,24.72,24.56
20249,17.98,17.98,18.58,6.29,6.29,0.36,12.58,0.0
20252,21.31,21.31,21.91,10.04,10.04,0.35,20.07,0.0
20254,18.96,18.96,19.94,26.33,18.32,0.11,15.75,0.0
20259,22.49,22.49,23.04,33.38,28.77,2.59,24.9,25.32
20261,18.96,18.96,19.21,9.43,8.56,3.21,14.69,0.0
20263,20.54,20.54,20.31,5.97,8.17,0.11,16.34,16.51
20266,25.81,25.81,25.73,34.35,24.13,1.27,34.73,23.13
20277,17.98,17.98,18.58,18.41,16.88,0.04,12.17,4.06
20284,24.37,24.37,25.3,29.04,26.57,0.0,31.9,31.92
20285,17.98,17.98,18.79,33.16,22.05,5.27,13.15,39.17
20286,20.54,20.54,20.31,15.7,10.88,2.53,16.35,0.0
20300,24.37,24.37,24.83,24.23,22.41,2.15,29.84,14.88
20305,17.98,17.98,18.37,18.02,14.93,1.66,11.12,11.02
20308,24.37,24.37,24.29,21.74,21.56,6.47,28.58,0.0
20310,21.31,21.31,21.4,12.85,13.91,0.06,19.83,10.85
20314,24.37,24.37,24.29,36.1,32.76,0.27,28.03,0.0
20315,22.49,22.49,23.43,22.64,21.28,0.0,25.34,0.0
20326,21.31,21.31,21.4,9.79,9.8,0.35,19.61,0.0
20327,20.54,20.54,21.16,32.26,26.91,10.93,18.5,21.39
20328,25.81,16.13,25.4,10.99,16.13,0.0,32.26,0.0
20334,17.98,17.98,18.37,12.95,11.19,3.44,11.25,8.33
20339,17.98,17.98,18.37,19.74,20.51,0.02,11.11,22.04
20342,24.37,24.37,25.13,34.57,31.42,0.04,30.53,0.0
20351,20.54,20.54,20.92,16.11,14.54,0.0,17.41,0.0
20358,22.49,22.49,23.43,15.18,12.5,0.0,25.01,0.0
20360,17.98,17.98,18.58,31.49,20.31,0.0,12.07,0.0
20362,25.81,33.46,25.54,39.43,33.46,0.0,33.46,0.0
20364,20.54,20.54,20.92,23.07,18.33,0.57,17.28,36.32
20367,17.98,17.98,18.37,20.95,12.67,1.24,10.85,43.34
20374,24.37,24.37,24.83,56.9,44.13,0.45,29.15,0.0
20375,21.31,21.31,21.91,26.56,20.49,0.09,20.79,6.78
20378,17.98,17.98,18.79,10.42,11.07,0.0,13.27,0.0
20385,18.96,18.96,19.94,19.27,17.28,0.13,15.53,17.01
20387,20.54,20.54,20.92,39.39,25.84,0.0,17.21,17.19
20388,20.54,20.54,20.31,11.61,8.49,0.0,16.98,16.82
20390,20.54,20.54,20.31,17.2,21.27,0.09,16.48,17.35
20397,22.49,22.49,22.55,19.34,22.93,6.06,23.28,6.1
20399,17.98,17.98,18.58,12.58,12.46,0.24,12.58,14.24
20409,17.98,17.98,18.37,17.83,14.48,0.03,10.79,16.05
20413,18.96,18.96,19.94,23.03,19.46,6.44,15.24,20.18
20414,22.49,22.49,22.55,23.57,20.77,4.46,24.0,7.92
20418,25.81,25.81,26.01,27.36,24.96,0.22,38.53,30.01
20427,17.98,17.98,18.37,22.63,17.03,3.2,11.6,23.02
20429,25.81,25.81,25.54,41.26,27.52,0.0,33.03,0.0
20431,22.49,22.49,23.66,9.57,13.5,0.51,26.99,0.0
20433,20.54,20.54,21.16,18.4,9.15,0.83,18.29,18.23
20439,25.81,25.81,26.01,34.4,29.18,2.59,36.89,21.27
20441,22.49,22.49,23.43,30.8,26.47,5.41,25.39,15.01
20449,18.96,18.96,19.94,9.82,7.63,0.01,15.27,0.0
20450,17.98,17.98,18.79,56.48,41.3,0.02,13.81,61.5
20453,25.81,25.81,26.01,31.43,31.88,4.35,38.26,12.75
20454,17.98,17.98,18.79,6.74,6.74,0.17,13.47,0.0
20457,18.96,18.96,19.94,7.52,7.52,0.38,15.03,0.0
20459,21.31,21.31,21.4,16.73,14.93,7.61,19.84,9.84
20465,24.37,24.37,24.83,26.73,24.94,0.14,29.88,0.0
20466,21.31,21.31,21.91,28.17,21.22,0.13,20.43,30.25
20469,18.96,18.96,19.21,22.89,20.06,6.98,14.1,12.63
20470,17.98,17.98,18.37,7.07,5.82,0.17,11.64,0.0
20472,24.37,24.37,24.83,35.52,29.21,1.25,29.14,14.5
20474,18.96,18.96,19.21,29.61,23.82,10.1,14.24,28.33
20481,22.49,22.49,23.66,13.35,13.35,1.52,26.7,0.0
20487,22.49,22.49,23.43,12.64,12.64,0.0,25.28,50.51
20490,25.81,25.81,25.73,33.6,34.03,4.62,34.09,17.11
20497,22.49,22.49,22.55,38.52,29.28,0.83,23.38,0.0
20498,24.37,24.37,25.13,19.86,18.41,5.37,30.57,18.15
20505,17.98,17.98,18.58,9.24,8.63,5.21,12.93,6.46
20509,24.37,24.37,24.83,20.05,19.96,1.25,29.87,29.65
20513,22.49,22.49,23.66,23.42,17.1,2.47,26.92,48.14
20515,25.81,25.81,25.73,36.94,32.73,7.25,34.23,26.88
20519,17.98,17.98,18.79,18.44,16.25,0.01,13.8,40.72
20520,22.49,22.49,23.66,22.89,21.16,0.15,26.68,19.95
20525,18.96,18.96,19.94,20.65,17.41,5.8,15.37,30.44
20526,22.49,22.49,22.55,27.4,22.13,2.98,23.53,35.16
20530,17.98,17.98,18.58,4.17,6.03,0.0,12.07,11.91
20532,17.98,17.98,18.58,13.19,10.26,3.64,12.31,0.0
20533,25.81,25.81,25.54,25.94,22.74,0.0,33.95,16.67
20534,18.96,18.96,19.94,4.75,7.5,0.0,15.0,0.0
20540,20.54,20.54,20.31,16.67,10.43,0.01,16.97,11.15
20545,24.37,24.37,24.29,29.66,24.66,3.7,28.42,46.87
20546,18.96,18.96,19.21,14.52,11.28,0.0,14.93,7.38
20550,22.49,22.49,23.04,19.08,20.75,0.0,24.79,0.0
20553,18.96,18.96,19.94,23.88,20.01,0.06,15.23,33.58
20555,17.98,17.98,18.79,17.26,11.38,0.0,13.42,0.0
20565,18.96,18.96,19.21,22.02,18.17,0.01,14.59,15.2
20566,18.96,18.96,19.94,13.99,13.09,0.0,15.69,0.0
20567,24.37,24.37,24.29,30.4,23.98,10.34,28.69,0.0
20570,24.37,24.37,23.9,27.07,26.73,0.0,27.95,14.87
21001,20.54,20.54,20.31,12.0,14.68,38.55,16.04,6.95
21002,25.81,25.81,25.4,23.16,25.05,23.47,32.17,5.35
21004,18.96,18.96,19.94,22.2,20.75,39.62,15.34,18.67
21007,20.54,20.54,20.31,20.32,13.51,25.41,16.27,16.39
21008,21.31,21.31,22.18,24.93,20.52,25.01,21.13,16.76
21012,18.96,18.96,19.21,17.37,16.2,22.06,14.9,0.0
21015,20.54,20.54,21.16,16.92,17.0,46.63,18.03,15.9
21019,22.49,22.49,23.04,20.45,29.2,62.91,24.37,21.79
21021,24.37,24.37,25.13,28.81,20.69,50.24,30.76,30.23
21022,18.96,18.96,19.94,16.59,15.76,41.28,15.01,0.0
21025,17.98,17.98,18.58,18.14,18.17,21.65,12.1,12.09
21026,22.49,22.49,23.43,15.93,17.35,41.16,25.15,9.34
21027,22.49,22.49,23.04,10.49,12.11,5.0,24.23,0.0
21032,25.81,17.59,26.01,13.82,17.59,35.35,35.17,0.0
21033,22.49,22.49,23.66,15.08,17.74,34.9,26.51,8.74
21034,21.31,21.31,22.18,25.39,23.23,41.46,21.26,42.48
21035,18.96,18.96,19.21,15.83,13.49,12.59,14.23,21.25
21038,22.49,22.49,22.32,37.04,30.62,47.15,22.1,43.49
21040,24.37,24.37,24.83,22.6,21.83,44.0,29.68,10.91
21041,17.98,17.98,18.79,12.74,13.87,39.71,13.06,16.21
21044,17.98,17.98,18.37,10.76,11.73,18.57,11.19,5.54
21045,21.31,21.31,21.4,20.19,23.25,25.02,19.39,15.2
21046,20.54,20.54,20.92,15.42,12.54,18.88,17.29,17.06
21053,20.54,20.54,21.16,19.08,16.32,18.02,18.59,15.54
21055,24.37,24.37,24.29,19.6,22.32,17.94,28.61,0.0
21056,25.81,18.53,26.01,7.01,18.53,29.33,37.05,0.0
21062,21.31,21.31,21.4,26.92,21.37,33.73,19.64,9.75
21066,22.49,22.49,22.32,13.75,15.35,13.44,22.99,0.0
21069,22.49,22.49,23.04,23.03,24.01,45.85,24.36,20.85
21071,20.54,20.54,20.31,14.26,16.66,32.29,16.44,13.55
21073,18.96,18.96,19.21,13.03,13.17,39.95,14.71,24.27
21074,22.49,22.49,23.43,18.94,23.25,47.86,25.06,36.85
21081,17.98,17.98,18.37,8.47,11.91,27.7,11.84,11.74
21082,20.54,20.54,20.31,10.25,8.25,21.82,16.51,10.92
21084,18.96,18.96,19.21,16.22,13.1,5.21,14.27,0.0
21085,25.81,25.81,26.01,36.97,36.44,44.45,35.68,33.57
21086,20.54,20.54,20.31,13.6,13.99,20.19,16.82,0.0
21087,18.96,18.96,19.21,14.93,15.4,40.85,14.74,7.34
21090,25.81,25.81,26.01,32.87,32.23,51.12,36.71,39.77
21096,18.96,18.96,19.21,6.2,9.85,33.12,14.65,14.42
21097,20.54,20.54,20.92,29.69,29.63,36.45,17.55,17.28
21102,20.54,20.54,20.31,11.32,11.24,33.2,16.77,33.08
21103,25.81,25.81,26.01,19.33,22.93,22.66,36.09,28.61
21106,17.98,17.98,18.79,15.22,12.57,55.59,13.14,11.73
21117,18.96,18.96,19.21,13.34,10.54,26.97,14.96,14.79
21118,22.49,22.49,22.32,22.19,21.71,48.41,22.0,12.4
21119,24.37,24.37,23.9,20.89,30.4,67.32,27.55,34.17
21122,20.54,20.54,20.92,18.8,16.47,31.47,17.06,25.24
21125,21.31,21.31,21.4,19.65,21.34,52.37,19.47,19.19
21130,24.37,24.37,23.9,24.58,22.72,22.43,27.18,13.52
21132,25.81,25.81,26.01,44.31,43.2,35.14,38.37,41.4
21134,20.54,20.54,20.31,14.85,15.46,27.21,16.17,25.22
21136,21.31,21.31,21.4,26.25,26.15,31.66,19.52,11.63
21140,21.31,21.31,22.18,14.01,19.83,58.39,21.97,18.65
21141,24.37,24.37,24.29,11.26,16.53,8.64,28.31,14.12
21142,18.96,18.96,19.21,19.46,16.84,23.35,14.1,7.76
21143,21.31,20.21,21.91,18.97,20.21,31.24,20.01,20.98
21144,22.49,22.49,22.32,28.8,24.26,46.88,22.08,21.69
21148,17.98,17.98,18.37,17.21,21.21,51.94,11.64,15.12
21152,22.49,22.49,22.55,14.6,15.4,30.47,23.04,3.81
21154,18.96,18.96,19.21,30.36,23.62,35.31,14.2,24.01
21156,24.37,30.07,24.83,32.04,30.07,20.41,29.14,41.01
21158,22.49,22.49,22.32,11.87,14.83,12.82,22.25,7.42
21159,17.98,17.98,18.79,13.26,11.05,35.2,13.29,13.36
21163,24.37,24.37,25.13,19.93,20.21,40.46,30.17,4.96
21164,20.54,20.54,20.92,15.72,20.5,50.23,17.59,12.91
21166,21.31,21.31,22.18,19.01,20.78,45.39,21.58,21.38
21168,25.81,25.81,26.01,23.4,22.2,41.6,37.97,6.25
21174,17.98,17.98,18.37,10.41,12.74,20.72,11.56,15.1
21175,24.37,24.37,25.13,25.58,22.76,41.94,30.7,26.87
21176,22.49,22.49,23.04,30.85,23.17,46.98,24.58,14.57
21177,17.98,17.98,18.37,13.17,11.42,21.79,11.33,11.21
21181,17.98,17.98,18.58,10.03,10.65,40.69,12.67,6.24
21183,21.31,12.1,21.4,10.58,12.1,26.88,19.34,21.7
21185,20.54,20.54,20.92,9.08,11.32,45.33,17.98,13.25
21189,20.54,20.54,20.31,24.26,22.44,34.01,16.95,4.19
21197,17.98,17.98,18.37,13.78,9.92,25.27,10.89,6.62
21202,18.96,18.96,19.21,11.48,11.29,10.57,15.0,11.18
21203,25.81,25.81,25.4,19.03,18.62,21.87,32.75,6.45
21205,21.31,21.31,22.18,21.65,16.62,26.53,21.62,3.56
21206,21.31,15.6,21.91,7.04,15.6,26.13,20.72,20.55
21208,17.98,17.98,18.58,17.46,15.04,23.56,12.53,18.3
21210,22.49,22.49,23.66,24.59,19.01,7.13,26.31,0.0
21214,22.49,22.49,22.55,29.57,25.16,16.44,23.15,2.54
22001,20.54,20.54,20.31,25.23,19.87,13.83,16.73,26.01
22002,17.98,9.69,18.37,9.8,9.69,10.35,10.9,25.41
22003,17.98,17.98,18.37,9.52,10.06,14.21,11.31,22.57
22004,22.49,22.49,23.43,29.85,27.31,13.63,25.3,23.03
22005,25.81,25.81,26.01,47.68,37.08,17.34,36.76,51.67
22006,20.54,20.54,20.31,23.73,18.51,32.73,16.43,26.89
22007,24.37,27.84,23.9,36.51,27.84,15.97,27.04,29.73
22008,24.37,24.37,24.83,27.3,25.26,24.76,29.46,45.37
22010,21.31,21.31,21.4,18.83,16.29,10.22,19.07,49.34
22012,24.37,24.37,25.13,44.83,32.3,20.66,30.79,30.9
22015,17.98,17.98,18.58,25.04,14.23,9.51,12.27,0.0
22016,25.81,25.81,25.4,55.41,43.62,20.73,32.91,48.59
22017,20.54,20.54,20.92,28.83,21.07,18.42,17.81,28.04
22018,24.37,24.37,23.9,36.49,26.63,12.98,27.98,26.1
23006,25.81,27.73,26.01,28.1,27.73,8.17,35.89,65.12
23007,22.49,22.94,22.32,29.94,22.94,37.35,22.74,40.11
24001,21.31,21.31,21.91,26.8,27.02,15.21,20.89,46.93
24002,25.81,25.81,26.01,27.5,32.64,15.59,39.26,65.77
24003,21.31,21.31,21.4,12.83,13.32,13.18,19.46,52.12
24009,24.37,24.37,23.9,42.65,34.05,9.86,27.42,35.89
24014,21.31,21.31,21.4,14.57,14.8,13.13,19.82,6.67
24017,25.81,25.81,25.4,38.2,33.16,15.92,32.24,42.46
24018,20.54,20.54,20.31,9.77,10.32,13.82,16.29,58.64
24021,20.54,20.54,20.92,17.94,15.92,18.72,17.36,19.67
24022,21.31,21.31,22.18,31.47,32.5,10.22,21.11,37.0
24025,25.81,25.81,25.54,60.98,40.83,9.46,33.33,96.54
24026,18.96,18.96,19.94,10.63,14.17,13.36,15.94,15.94
24034,22.49,22.49,22.55,35.61,34.27,15.6,23.22,76.34
24039,25.81,25.81,26.01,26.13,24.68,9.88,37.08,74.53
24041,17.98,17.98,18.37,13.45,11.66,15.74,11.24,19.79
24043,17.98,17.98,18.79,16.06,14.07,22.92,13.1,33.22
24047,24.37,24.37,23.9,31.55,25.48,12.31,27.39,16.53
24049,17.98,17.98,18.37,20.14,14.47,15.2,11.66,33.64
24050,24.37,24.37,23.9,25.28,22.51,23.47,27.97,78.55
24054,18.96,15.41,19.94,17.56,15.41,13.02,15.28,38.85
24055,21.31,20.86,21.4,23.07,20.86,16.0,19.25,102.27
24057,21.31,21.31,21.4,18.27,14.89,9.56,19.31,89.95
25001,17.98,17.98,18.79,6.85,14.49,40.75,13.72,18.17
25002,21.31,21.31,21.91,15.47,18.57,46.78,20.49,28.51
25003,24.37,24.37,23.9,8.06,20.26,77.25,27.6,23.99
25004,24.37,16.55,23.9,0.0,16.55,64.0,27.56,43.07
25006,25.81,25.81,25.4,17.04,26.06,44.31,32.34,50.41
25007,21.31,21.31,22.18,19.22,15.32,74.76,21.33,16.21
25008,22.49,22.49,23.04,13.49,16.79,51.95,24.38,39.97
25009,17.98,17.98,18.58,12.94,13.16,31.6,12.01,23.0
25012,21.31,21.31,21.4,9.31,19.27,69.79,19.71,35.4
25013,22.49,22.49,23.04,17.72,24.79,53.54,24.8,38.41
25014,17.98,17.98,18.58,3.04,10.11,50.81,12.1,12.96
25015,17.98,17.98,18.79,12.02,14.43,40.64,13.17,17.55
25016,24.37,24.37,24.83,4.07,17.12,63.92,29.84,77.22
25018,17.98,17.98,18.79,8.26,12.82,42.52,13.64,45.53
26012,25.81,25.81,25.54,33.79,30.19,81.63,33.65,115.45
26014,20.54,20.54,20.31,9.78,13.54,47.13,16.33,0.0
26025,21.31,21.31,21.91,82.5,46.36,89.58,20.54,34.37
26027,21.31,21.31,22.18,4.74,13.46,23.92,21.51,5.35
26035,24.37,24.37,25.13,49.19,39.09,53.23,30.68,34.4
26036,25.81,25.81,26.01,46.9,33.0,81.57,37.62,53.02
26038,24.37,24.37,23.9,29.46,21.79,22.83,27.9,46.09
26042,17.98,17.98,18.37,11.58,11.58,52.14,11.65,20.24
26043,22.49,22.49,23.66,28.33,24.01,91.11,26.21,49.35
26045,21.31,30.89,21.91,70.15,30.89,49.67,20.97,127.99
26048,22.49,22.49,23.66,43.03,29.85,148.25,26.2,76.44
26051,21.31,21.31,22.18,36.6,33.16,76.31,21.14,0.0
26052,24.37,24.37,25.13,14.74,28.29,29.0,30.24,40.98
26064,25.81,63.43,26.01,45.17,63.43,125.77,38.9,200.08
26071,20.54,20.54,20.31,17.03,19.22,57.63,16.16,48.56
26072,25.81,25.81,25.73,48.7,46.56,80.43,34.46,75.74
27002,24.37,24.37,24.29,20.83,19.85,22.61,28.82,17.04
27005,25.81,25.81,26.01,24.38,25.04,19.31,38.44,32.31
27006,21.31,21.31,21.91,12.27,13.93,23.61,20.48,26.28
27008,17.98,17.98,18.58,15.12,13.04,23.58,12.52,17.53
27009,25.81,25.81,25.54,16.81,19.38,20.96,33.95,22.12
27010,18.96,18.96,19.94,11.36,11.34,17.25,15.9,26.29
27012,17.98,17.98,18.79,17.91,14.97,19.66,13.06,17.97
27013,21.31,21.31,22.18,14.18,15.12,19.45,21.9,17.87
27014,22.49,22.49,23.04,19.36,17.94,18.2,24.31,28.98
27015,18.96,18.96,19.21,12.47,11.0,14.66,14.42,14.37
28001,17.98,17.98,18.37,10.05,14.65,45.0,11.19,17.23
28004,17.98,17.98,18.37,9.0,7.5,16.33,11.26,5.64
28011,24.37,24.37,25.13,17.6,20.4,26.7,30.67,12.36
28013,22.49,22.49,22.55,20.32,22.32,47.25,23.51,13.5
28015,17.98,17.98,18.58,14.03,11.68,56.99,12.75,12.76
28016,17.98,17.98,18.79,10.63,12.98,47.12,13.92,3.66
28018,25.81,25.81,26.01,26.49,35.01,49.1,35.72,9.26
28019,20.54,20.54,21.16,12.48,17.4,38.78,18.22,0.0
28020,22.49,22.49,23.66,24.52,34.89,22.51,26.73,0.0
28021,21.31,21.31,22.18,24.06,21.75,22.22,21.97,22.67
28023,17.98,17.98,18.37,26.77,19.25,39.07,11.62,0.0
28024,24.37,24.37,24.29,13.87,28.49,105.0,28.15,55.0
28025,25.81,25.81,26.01,65.57,50.74,70.04,38.39,17.32
28026,17.98,17.98,18.79,2.51,6.59,23.21,13.18,0.0
28028,17.98,17.98,18.58,19.13,16.76,17.83,12.44,0.0
28030,22.49,22.49,23.43,15.14,23.97,53.97,25.86,25.95
28032,18.96,18.96,19.94,10.1,15.03,52.76,15.73,16.92
28033,18.96,18.96,19.21,10.58,12.14,44.21,14.79,32.49
28035,24.37,24.37,23.9,11.63,20.38,44.69,27.4,46.23
28037,20.54,20.54,20.31,14.98,16.58,39.63,16.99,17.08
28039,21.31,21.31,21.4,17.17,13.44,18.67,19.27,20.97
28041,20.54,20.54,20.92,16.9,20.85,43.54,17.03,32.43
28043,24.37,24.37,24.83,22.64,21.49,29.03,29.45,15.91
29002,18.96,18.96,19.21,18.16,16.83,12.81,14.65,14.43
29003,17.98,17.98,18.79,14.97,7.73,7.41,13.19,6.51
29005,17.98,17.98,18.37,17.64,14.11,11.43,11.53,14.48
29006,17.98,17.98,18.58,16.39,11.71,21.12,12.09,11.95
29007,17.98,17.98,18.37,16.88,12.52,17.43,11.04,19.11
29011,21.31,21.31,21.91,10.01,10.05,8.59,20.1,9.96
29015,17.98,17.98,18.37,15.33,12.01,18.53,11.1,7.33
29020,21.31,21.31,21.91,20.44,17.91,13.44,20.34,0.0
29025,17.98,17.98,18.79,12.11,10.03,28.15,13.08,13.45
29027,22.49,22.49,23.66,28.3,24.29,31.17,26.01,18.41
29038,20.54,20.54,21.16,19.14,15.69,9.21,18.06,7.61
29054,20.54,20.54,20.31,1.7,8.41,25.51,16.81,0.0
29055,18.96,18.96,19.94,6.26,7.82,8.18,15.64,0.0
30002,17.98,17.98,18.79,7.53,6.97,1.71,13.93,0.0
30003,24.37,24.37,25.3,43.83,38.47,16.63,31.91,41.45
30004,20.54,14.04,20.92,19.56,14.04,4.17,17.78,29.59
30007,18.96,18.96,19.21,8.53,7.48,2.53,14.96,0.0
30010,24.37,24.37,24.83,31.77,32.41,12.02,29.64,22.67
30011,17.98,17.98,18.58,13.49,13.88,9.44,12.67,11.73
30013,17.98,11.24,18.37,11.41,11.24,3.84,11.26,7.53
30014,25.81,25.81,25.54,35.58,33.13,4.94,33.44,20.08
30015,17.98,17.98,18.37,16.45,13.71,6.15,11.74,27.86
30016,24.37,24.37,25.13,32.66,28.85,3.79,30.03,28.06
30018,22.49,22.49,23.04,17.7,20.39,17.55,24.39,0.0
30021,20.54,23.93,21.16,35.95,23.93,4.72,18.97,82.03
30023,21.31,21.31,21.4,17.84,17.18,11.61,19.18,8.06
30024,20.54,20.54,20.92,17.27,16.55,7.29,17.4,8.61
30026,22.49,22.49,23.43,35.02,25.16,6.34,25.18,37.18
30028,24.37,24.37,24.29,35.53,30.91,10.4,28.88,19.28
30030,22.49,22.49,23.66,24.13,23.1,10.32,26.28,33.44
30032,24.37,24.37,23.9,20.36,20.47,7.58,27.93,21.91
30033,21.31,21.31,21.91,16.31,14.8,10.74,20.15,22.09
30034,18.96,14.81,19.21,16.7,14.81,4.13,14.17,54.82
30036,25.81,25.81,25.73,42.86,39.65,2.36,34.31,67.7
30038,25.81,25.81,25.4,40.77,33.6,9.44,32.49,30.72
30040,24.37,30.94,25.13,32.31,30.94,12.39,30.3,35.95
30045,21.31,21.31,21.91,19.91,21.64,12.01,20.47,32.72
30046,24.37,24.37,23.9,19.89,23.96,12.01,27.48,6.09
30047,20.54,20.54,20.31,12.46,11.84,4.47,16.06,15.89
30048,17.98,17.98,18.79,21.17,17.01,9.39,13.58,22.18
30053,25.81,25.81,25.4,39.13,36.29,7.29,32.95,32.75
30054,21.31,21.31,22.18,18.12,16.04,10.72,21.9,26.33
30055,18.96,18.96,19.21,14.68,14.43,2.9,14.37,10.71
30057,18.96,18.96,19.21,7.23,8.82,2.22,14.1,7.02
30060,17.98,17.98,18.37,11.61,8.99,4.88,11.95,5.94
30061,24.37,24.37,24.29,31.36,29.11,12.88,28.84,56.24
30062,17.98,17.98,18.37,21.78,15.83,6.96,11.5,38.71
30068,25.81,25.81,25.73,42.86,34.5,7.48,34.76,23.67
30071,22.49,22.49,22.55,22.86,21.06,4.93,23.36,21.56
30072,22.49,22.49,22.32,20.7,20.67,8.16,22.48,29.1
30073,17.98,17.98,18.79,19.34,13.58,12.34,13.18,32.36
30077,22.49,22.49,23.04,34.22,31.68,14.11,24.17,26.44
30080,21.31,15.78,21.91,13.82,15.78,5.47,20.98,8.33
30082,22.49,22.49,23.04,20.57,19.04,10.59,24.62,27.54
30083,18.96,18.96,19.21,10.72,11.38,9.3,14.61,4.86
30085,20.54,18.99,20.31,21.25,18.99,5.53,16.14,14.05
30086,18.96,18.96,19.21,13.79,15.37,16.2,14.22,7.03
30088,24.37,24.37,24.83,28.17,24.54,6.16,29.42,19.57
30089,22.49,22.49,22.55,24.45,18.86,9.68,23.44,20.9
30090,17.98,17.98,18.79,17.92,14.63,4.87,13.11,0.0
30092,22.49,22.49,23.04,28.16,25.71,6.86,24.13,15.52
30093,22.49,22.49,23.66,34.45,26.94,4.78,26.31,17.41
30094,18.96,18.96,19.21,12.29,11.55,14.56,14.1,14.06
30095,17.98,17.98,18.79,14.09,12.52,3.37,13.73,24.25
30097,18.96,18.96,19.94,25.67,21.69,6.46,16.0,24.13
30099,20.54,20.54,21.16,24.66,22.17,16.79,18.51,57.74
30100,18.96,18.96,19.21,17.11,13.32,5.11,14.3,4.06
30108,22.49,22.49,23.43,31.6,26.78,10.12,25.77,38.3
30109,22.49,22.49,23.43,27.15,24.56,6.0,25.38,26.76
30111,18.96,18.96,19.21,16.5,15.92,10.62,14.9,26.77
30112,24.37,28.46,23.9,30.09,28.46,3.98,27.23,53.88
30114,21.31,21.31,21.4,33.05,25.1,7.67,19.41,19.39
30117,25.81,46.88,26.01,69.64,46.88,6.82,35.01,49.19
30118,25.81,25.81,25.54,37.03,32.08,10.08,33.05,32.19
30120,20.54,20.54,20.92,27.14,21.78,8.59,17.68,24.93
30124,25.81,25.81,26.01,38.74,35.24,13.01,35.17,33.28
30125,25.81,30.91,25.73,32.76,30.91,4.27,34.81,9.01
30129,24.37,24.37,23.9,25.23,21.48,4.07,27.41,32.86
30130,20.54,20.54,20.31,12.48,13.67,11.37,16.7,19.36
30132,20.54,20.54,21.16,14.56,13.41,7.2,18.83,11.64
30134,20.54,20.54,21.16,16.4,13.04,4.1,18.46,18.32
30135,22.49,30.88,22.55,42.75,30.88,6.91,23.35,46.01
30136,22.49,22.49,22.32,25.16,22.76,3.52,22.54,22.21
30138,25.81,25.81,26.01,39.09,30.41,10.1,35.49,28.31
30141,20.54,20.54,20.31,15.91,14.76,9.63,16.41,25.14
30142,17.98,12.24,18.79,16.69,12.24,10.62,13.79,12.28
30143,18.96,14.22,19.21,16.55,14.22,7.68,14.8,13.91
30144,20.54,20.54,20.31,31.25,19.52,12.99,16.72,15.18
30145,21.31,21.31,21.4,29.31,22.54,11.44,19.94,16.88
30151,22.49,22.49,23.43,16.79,17.92,4.27,25.78,18.9
30155,22.49,22.49,22.32,20.61,19.64,6.77,22.59,25.65
30157,18.96,11.27,19.21,14.2,11.27,14.42,14.44,2.39
30160,24.37,24.37,25.3,37.23,30.04,9.54,31.76,35.35
30167,20.54,20.54,20.31,11.67,10.06,3.35,16.75,3.34
30169,17.98,17.98,18.79,13.14,12.67,13.76,13.47,15.8
30172,22.49,22.49,22.32,21.84,16.69,8.8,22.56,50.2
30176,17.98,17.98,18.37,28.43,22.47,7.94,11.27,0.0
30178,17.98,12.93,18.37,8.92,12.93,7.86,11.67,3.9
30179,17.98,17.98,18.37,12.2,9.46,2.9,11.32,0.0
30182,24.37,24.37,24.29,15.75,15.5,5.81,28.56,14.06
30183,25.81,39.34,25.54,39.3,39.34,17.45,33.48,38.86
30184,20.54,20.54,21.16,20.06,14.19,2.5,18.18,18.01
30186,17.98,17.98,18.79,15.99,11.35,6.31,13.57,6.74
30188,22.49,22.49,22.32,25.58,22.87,4.29,22.8,8.51
30190,21.31,21.31,22.18,14.49,18.18,8.05,21.78,21.7
30192,18.96,18.96,19.21,30.1,24.68,6.79,14.53,16.9
30193,24.37,24.37,25.13,30.38,29.69,8.83,30.59,23.08
30197,22.49,22.49,23.66,19.99,15.69,2.91,26.9,17.96
30204,22.49,26.23,22.55,42.39,26.23,14.92,23.05,24.31
30205,24.37,24.37,24.29,35.72,31.46,12.77,28.03,20.36
30206,25.81,25.81,25.54,33.73,32.02,12.39,33.26,34.68
30209,20.54,20.54,20.31,8.63,10.84,6.83,16.23,32.31
30211,22.49,22.49,23.04,29.98,23.02,8.15,24.32,33.94
30212,20.54,20.54,21.16,12.95,13.72,7.07,18.68,37.18
31047,18.96,18.96,19.94,6.95,7.98,2.76,15.96,0.0
31050,21.31,21.31,21.91,13.11,17.42,12.3,20.36,10.49
31065,22.49,22.49,22.32,8.87,11.09,1.07,22.18,0.0
31082,18.96,18.96,19.21,5.72,7.15,2.02,14.3,0.0
31083,22.49,22.49,23.43,18.63,16.82,1.39,25.11,0.0
31088,22.49,22.49,23.66,12.31,13.21,1.81,26.42,0.0
31105,24.37,24.37,24.29,11.5,14.44,0.47,28.88,0.0
32004,17.98,17.98,18.37,14.66,11.0,16.46,10.98,10.95
32006,17.98,17.98,18.58,13.71,11.1,32.94,12.1,6.05
32008,25.81,25.81,26.01,51.27,42.19,29.3,35.35,38.46
32010,24.37,24.37,24.83,75.18,44.99,32.33,29.34,29.62
32012,20.54,20.54,21.16,14.48,22.23,36.25,18.17,6.05
32013,18.96,18.96,19.21,92.25,38.68,31.32,14.3,7.07
32016,18.96,16.69,19.21,25.89,16.69,20.0,14.55,2.07
32019,17.98,17.98,18.37,21.5,13.48,12.31,11.49,13.32
32020,24.37,24.37,23.9,64.18,45.69,31.77,27.07,9.8
32021,17.98,17.98,18.37,11.33,11.24,35.4,11.27,0.0
32031,22.49,22.49,22.32,65.12,39.12,32.14,22.97,5.76
32033,21.31,21.31,22.18,27.02,20.09,21.63,21.92,0.0
32034,18.96,9.23,19.21,10.36,9.23,17.1,14.29,28.58
32036,21.31,21.31,21.91,47.0,33.5,24.65,20.83,22.86
32038,24.37,24.37,23.9,25.36,23.44,16.95,27.95,16.31
32042,17.98,17.98,18.58,14.46,11.09,29.48,12.35,6.15
32044,18.96,18.96,19.21,12.17,9.84,21.15,14.72,32.22
32048,20.54,20.54,20.92,16.79,13.99,24.47,17.82,23.01
32049,20.54,20.54,20.92,47.39,20.11,29.61,17.06,12.45
32052,22.49,22.49,23.04,20.17,18.32,22.02,24.91,27.23
32057,17.98,17.98,18.37,49.1,37.6,25.94,11.41,20.22
32058,25.81,25.81,26.01,30.2,27.14,17.65,36.24,18.16
01001,79.84,79.84,82.17,111.13,93.79,42.64,90.29,112.67
01002,79.84,115.28,76.54,161.25,115.28,31.39,79.48,123.4
01003,79.84,79.84,75.51,71.75,64.69,33.47,75.83,80.28
01004,88.12,88.12,84.88,175.52,118.97,33.78,106.25,193.59
01005,88.12,88.12,87.49,125.92,111.5,36.53,130.04,130.09
01006,60.57,65.3,60.18,145.33,65.3,38.42,49.76,80.68
01008,65.53,65.53,63.41,127.6,55.33,34.47,54.9,143.16
01009,56.32,56.32,57.29,94.06,48.82,24.8,42.08,41.59
01010,65.53,65.53,64.31,102.89,59.59,34.56,56.52,96.31
01011,79.84,79.84,80.94,115.44,94.25,34.98,87.43,59.8
02002,79.84,79.84,76.89,95.52,78.9,68.86,80.25,73.26
03002,56.32,56.32,57.29,40.58,44.92,59.86,42.81,44.0
03003,65.53,65.53,63.41,34.06,54.5,90.74,54.41,65.51
03008,88.12,87.11,85.51,76.96,87.11,99.71,109.11,102.06
03009,79.84,79.84,79.76,81.51,71.94,54.17,85.5,294.73
04002,56.32,56.32,57.63,53.98,51.36,10.19,43.3,48.59
04003,56.32,56.32,57.29,46.57,46.02,18.56,42.33,25.78
05002,88.12,174.18,87.49,269.79,174.18,108.65,135.49,123.27
05004,79.84,79.84,83.01,155.12,126.64,40.07,93.93,43.02
05006,79.84,79.84,76.89,113.4,88.64,72.58,80.33,61.64
05009,71.89,71.89,70.78,143.1,99.32,57.21,67.78,50.97
05010,88.12,113.13,83.44,175.05,113.13,67.01,96.69,61.02
05011,60.57,60.57,60.18,72.9,63.94,50.23,49.43,28.78
05014,58.49,58.49,59.33,165.45,59.82,121.34,46.98,120.48
05018,88.12,126.52,87.49,184.17,126.52,87.19,120.96,63.67
05021,88.12,88.12,86.3,62.41,75.08,54.07,112.52,22.43
05024,79.84,79.84,79.76,124.77,90.43,48.46,85.88,37.37
05027,79.84,79.84,79.76,107.59,86.12,61.71,85.23,21.47
05030,88.12,115.17,84.21,162.69,115.17,37.46,102.79,39.26
05032,60.57,60.57,61.89,147.94,103.12,100.47,51.68,87.96
05033,88.12,126.75,87.49,171.87,126.75,62.7,117.23,38.81
05037,71.89,71.89,74.59,144.54,100.81,101.5,72.73,129.61
05038,65.53,65.53,68.59,220.99,140.62,108.74,62.99,66.48
06001,79.84,94.34,75.73,112.04,94.34,77.28,76.95,108.52
06003,71.89,71.89,75.32,105.51,83.15,38.4,74.63,117.19
06004,88.12,118.89,86.01,149.95,118.89,56.53,111.32,124.39
06005,71.89,71.89,68.87,85.67,71.05,51.18,63.57,79.22
06010,88.12,88.12,85.08,102.59,100.61,43.54,107.89,82.26
07087,71.89,71.89,75.32,76.98,65.2,48.37,74.2,65.36
08002,56.32,56.32,56.62,26.66,28.16,66.37,39.72,60.59
08003,60.57,60.57,62.62,42.37,44.33,41.38,52.0,28.84
08005,65.53,65.53,67.71,28.24,35.42,55.62,60.9,27.47
08006,60.57,60.57,61.89,34.84,34.28,31.84,51.47,25.81
08007,58.49,58.49,58.65,45.91,40.05,67.18,45.85,49.32
08013,88.12,88.12,83.92,79.9,85.85,30.1,100.08,47.57
08015,58.49,23.74,59.67,43.64,23.74,73.52,47.48,200.15
08016,56.32,56.32,56.62,42.1,32.28,27.6,41.69,14.01
08017,88.12,88.12,87.49,114.76,97.66,36.98,116.15,127.98
08018,65.53,65.53,67.06,36.16,36.05,37.62,59.14,39.69
08019,88.12,88.12,84.06,63.67,81.74,68.94,101.68,100.38
08027,60.57,60.57,61.89,34.58,48.14,83.84,51.35,50.34
08028,58.49,58.49,57.97,29.23,42.71,106.29,44.24,31.62
08029,71.89,71.89,68.87,39.55,54.48,84.91,63.63,53.02
08041,58.49,58.49,58.65,4.5,22.69,102.47,45.38,48.2
08042,58.49,23.36,59.33,26.62,23.36,42.98,46.72,0.0
08045,56.32,56.32,56.62,27.12,30.65,43.21,40.23,16.28
08047,79.84,79.84,78.32,51.27,59.4,97.44,83.97,147.11
08052,56.32,56.32,56.62,16.83,24.04,58.39,39.79,18.99
08061,71.89,71.89,74.59,83.15,60.38,50.99,72.65,29.22
08062,71.89,71.89,71.66,42.66,47.05,38.84,68.65,19.04
08067,71.89,71.89,75.32,93.0,58.08,49.5,74.18,64.03
09005,58.49,41.03,59.33,45.27,41.03,67.14,46.17,47.3
09007,60.57,60.57,60.18,53.07,45.88,62.3,49.37,53.32
09010,56.32,43.75,57.29,49.02,43.75,79.75,42.16,43.41
09014,58.49,58.49,58.65,33.38,47.6,107.53,45.85,62.05
09016,56.32,56.32,57.29,44.9,45.88,91.41,42.68,56.75
09017,71.89,71.89,69.2,86.65,65.15,83.68,64.73,83.65
10007,58.49,58.49,59.67,63.05,53.51,42.41,47.93,70.06
11001,60.57,60.57,62.62,52.22,50.53,53.3,52.45,33.3
11002,88.12,88.12,87.49,124.8,112.31,36.46,130.2,175.35
11003,88.12,115.53,87.49,115.61,115.53,44.88,123.51,136.3
11004,79.84,79.84,75.97,104.77,76.21,33.24,77.75,100.93
11005,79.84,79.84,79.76,105.52,83.82,39.67,85.52,83.83
11009,71.89,71.89,69.2,79.16,62.26,44.93,64.83,56.81
11011,88.12,88.12,85.08,138.72,116.58,48.45,107.97,103.56
11012,65.53,65.53,63.41,54.59,49.29,57.33,54.12,27.53
11013,60.57,60.57,63.1,61.21,51.87,21.2,53.39,50.96
11014,65.53,65.53,66.14,59.6,54.1,40.01,58.15,76.95
11015,88.12,103.89,86.3,107.86,103.89,59.88,112.18,136.43
11016,60.57,60.57,63.1,51.23,48.85,50.21,53.36,48.49
11017,88.12,93.14,84.88,108.33,93.14,56.54,106.35,140.39
11018,79.84,79.84,81.41,112.65,91.69,47.15,88.17,76.41
11021,65.53,58.17,67.06,69.63,58.17,44.78,59.24,70.34
11022,88.12,88.12,83.79,67.04,71.21,38.64,99.74,140.58
11023,88.12,105.15,84.36,127.38,105.15,55.02,103.35,101.76
11024,60.57,60.57,60.69,121.47,95.53,52.81,50.22,61.22
11025,65.53,69.68,68.21,51.9,69.68,91.34,61.15,70.53
11027,88.12,97.97,84.88,114.44,97.97,53.85,106.49,145.99
11030,58.49,58.49,57.97,44.95,43.16,42.77,44.33,85.01
11031,79.84,79.84,81.82,92.74,92.16,101.05,89.53,74.1
11032,88.12,88.12,85.51,98.74,95.09,31.47,109.84,69.24
11033,79.84,79.84,81.41,71.94,71.2,29.61,88.05,75.76
11035,88.12,88.12,86.3,103.96,99.02,51.22,112.85,60.68
11037,79.84,79.84,83.23,100.92,86.63,62.68,94.38,114.28
11038,60.57,66.97,63.1,66.77,66.97,30.42,53.7,359.13
11042,71.89,77.93,73.49,88.77,77.93,49.79,70.11,94.07
11046,79.84,71.83,79.76,86.88,71.83,47.88,85.31,96.63
12001,79.84,79.84,76.24,70.73,73.76,49.75,78.85,78.96
12029,58.49,58.49,59.67,47.07,51.81,52.56,47.66,46.51
12035,58.49,62.65,59.33,73.62,62.65,47.18,46.85,35.91
12036,56.32,56.32,56.62,28.19,31.04,32.35,41.27,40.96
12038,58.49,58.49,57.97,73.98,58.58,49.29,44.11,51.54
12058,56.32,56.32,57.63,17.2,28.01,47.03,43.63,23.21
12077,60.57,60.57,60.69,41.13,42.29,33.63,50.52,23.36
12080,65.53,65.53,66.14,63.98,56.23,30.73,58.2,51.47
13021,58.49,58.49,59.67,42.16,33.65,20.95,47.09,31.04
13045,58.49,58.49,59.67,27.92,30.97,12.58,47.73,42.28
13048,60.57,60.57,63.1,69.91,55.66,16.86,53.32,69.02
13061,58.49,58.49,57.97,47.01,42.11,16.43,44.77,25.63
14025,56.32,56.32,56.62,41.0,46.89,43.19,41.75,65.79
14035,79.84,79.84,79.76,65.37,56.59,46.59,85.97,41.48
14039,60.57,48.17,60.18,40.31,48.17,84.18,49.08,49.67
14053,56.32,56.32,56.62,60.67,46.17,60.21,40.77,57.1
14059,56.32,87.85,56.62,91.22,87.85,25.76,41.65,37.96
14083,58.49,58.49,59.67,38.16,39.54,51.91,47.25,55.1
14097,60.57,48.61,60.18,52.3,48.61,62.57,49.86,48.79
14098,58.49,41.29,58.65,28.79,41.29,89.91,45.43,47.82
15009,65.53,65.53,65.04,43.67,48.6,44.15,57.7,29.49
15010,60.57,60.57,63.1,52.04,44.39,15.77,53.5,29.34
15023,60.57,60.57,62.62,70.14,66.69,38.93,52.85,64.57
15025,56.32,56.32,57.63,43.17,38.98,33.02,43.12,29.21
15038,56.32,56.32,57.63,45.75,37.39,30.0,43.74,35.33
15054,58.49,58.49,59.33,48.45,48.55,31.34,46.34,28.47
15055,65.53,65.53,68.21,69.04,60.87,28.99,61.46,33.66
15057,56.32,56.32,56.62,80.32,46.03,53.4,40.73,35.34
15059,65.53,65.53,64.31,52.01,45.59,32.75,56.51,36.54
15065,65.53,65.53,63.41,49.6,45.35,31.95,54.21,31.52
15068,56.32,56.32,56.62,43.89,39.57,35.59,41.9,29.16
15091,65.53,65.53,67.06,75.87,66.95,38.7,59.49,39.02
15103,56.32,56.32,57.63,42.07,40.27,36.17,43.59,33.48
15106,65.53,65.53,63.79,57.26,55.94,32.42,55.65,34.98
15120,60.57,60.57,60.69,58.2,48.69,31.7,50.79,27.43
15125,60.57,60.57,60.69,52.7,45.95,36.73,50.74,11.61
16001,71.89,71.89,72.7,59.25,52.53,36.16,69.97,17.45
16003,56.32,41.11,56.62,58.74,41.11,31.92,41.91,85.18
16004,58.49,58.49,59.33,25.61,31.01,48.69,46.49,9.95
16006,79.84,77.55,79.76,73.91,77.55,52.29,85.58,78.76
16018,88.12,88.12,85.29,105.07,93.01,23.29,108.24,41.01
16020,71.89,71.89,69.61,81.54,55.49,30.9,65.39,53.66
16022,56.32,56.32,56.62,61.31,45.22,33.6,40.31,51.7
16048,88.12,88.12,86.01,133.93,120.19,38.64,111.23,51.13
16053,71.89,71.89,69.2,94.96,73.37,33.07,64.32,72.49
16066,56.32,56.32,56.62,48.31,39.22,26.04,41.41,54.49
16084,65.53,65.53,63.41,59.8,42.27,33.7,54.06,13.36
16102,71.89,71.89,70.12,106.15,77.11,35.31,66.5,71.06
16106,71.89,71.89,73.49,40.41,47.26,46.74,70.73,29.89
16108,88.12,130.29,87.49,167.32,130.29,58.09,124.91,127.09
17002,71.89,71.89,69.2,58.39,55.93,44.55,64.81,35.2
17005,71.89,71.89,72.7,105.87,91.38,44.9,69.43,77.13
17006,88.12,88.12,85.75,109.46,103.91,57.07,110.22,174.79
17007,71.89,71.89,68.87,50.1,62.13,76.39,63.96,56.34
17008,58.49,58.49,57.97,46.5,43.99,63.03,44.21,55.95
17009,71.89,64.38,69.61,68.32,64.38,61.3,65.74,90.76
17010,58.49,58.49,59.33,44.29,48.27,47.38,46.12,58.11
17012,88.12,88.12,87.49,148.37,114.78,58.79,126.86,144.96
17013,56.32,56.32,56.62,41.72,45.06,47.56,39.96,36.68
17014,71.89,65.14,70.12,78.76,65.14,54.28,66.75,112.74
17015,88.12,88.12,87.49,123.31,111.76,57.43,131.88,71.35
17017,88.12,88.12,86.01,141.3,111.53,51.16,111.45,121.38
17018,58.49,58.49,59.67,53.38,46.65,60.97,47.29,57.22
17024,56.32,56.32,56.62,65.69,47.12,52.66,40.85,60.88
17026,79.84,79.84,75.97,70.3,62.36,39.75,77.74,64.68
17027,56.32,56.32,56.62,38.86,40.31,37.47,40.62,36.4
17028,65.53,52.83,68.21,57.64,52.83,51.85,61.57,42.93
17029,71.89,71.89,74.99,81.24,74.24,55.72,73.42,73.35
17030,60.57,60.57,59.87,39.23,43.55,44.17,48.48,64.2
17031,60.57,55.82,60.18,70.57,55.82,54.84,49.32,75.14
18017,71.89,71.89,70.78,62.78,75.44,38.3,67.36,52.11
19003,71.89,99.56,73.49,159.44,99.56,70.97,70.15,105.02
19004,71.89,71.89,70.78,106.23,86.87,54.66,67.32,62.74
19005,71.89,71.89,68.87,129.1,104.12,117.9,63.75,122.35
19006,71.89,71.89,70.12,78.61,69.08,50.71,66.57,72.95
19010,71.89,71.89,72.7,68.2,60.7,41.24,69.0,117.36
19012,79.84,89.2,77.76,120.97,89.2,69.82,82.13,143.61
19013,79.84,79.84,75.73,122.8,86.99,53.46,76.71,77.52
19016,79.84,79.84,75.51,71.37,57.86,60.5,75.61,106.31
19017,65.53,65.53,63.41,34.53,38.21,25.15,54.26,36.1
19018,65.53,65.53,64.31,43.96,46.68,51.45,56.25,71.46
19021,71.89,71.89,70.78,64.17,59.35,44.45,67.76,47.99
19022,88.12,146.85,87.49,180.44,146.85,38.3,137.2,127.03
19024,58.49,58.49,59.33,28.21,29.48,30.47,46.08,30.58
19025,65.53,65.53,68.59,61.52,53.98,58.16,62.41,62.47
19027,60.57,60.57,61.89,169.36,122.94,68.15,51.05,51.22
19029,88.12,88.12,83.67,96.22,93.48,33.59,98.06,55.95
19030,65.53,65.53,68.21,55.99,46.25,20.26,61.84,62.37
19031,71.89,71.89,74.1,74.04,69.67,58.74,71.49,84.21
19033,65.53,65.53,67.06,76.05,64.14,29.75,59.45,60.19
19034,60.57,60.57,60.69,79.11,68.1,65.13,50.15,121.33
19038,65.53,65.53,68.21,132.84,100.65,41.28,61.87,41.0
19039,88.12,88.12,86.3,130.78,113.9,63.31,112.35,145.94
19041,79.84,79.84,82.17,107.21,84.15,54.38,90.95,106.57
19044,60.57,60.57,60.69,50.96,48.85,111.07,50.29,81.9
19045,79.84,79.84,78.32,115.56,100.88,70.38,83.37,140.84
19046,79.84,79.84,77.29,81.2,71.66,52.85,81.3,114.83
19047,60.57,60.57,60.69,100.8,78.01,45.36,50.4,56.89
19048,65.53,65.53,63.79,68.89,60.97,56.96,55.09,57.99
19049,88.12,108.49,83.55,113.98,108.49,51.27,97.16,142.92
20039,56.32,56.32,56.62,43.98,39.22,7.56,39.78,29.68
20043,65.53,65.53,68.59,48.22,49.79,7.91,62.32,80.64
20056,71.89,40.27,72.7,46.83,40.27,10.93,69.04,69.07
20057,60.57,60.57,60.18,68.42,56.44,10.38,49.48,48.16
20059,71.89,71.89,68.87,66.22,62.34,0.03,63.9,25.51
20061,60.57,60.57,60.18,33.79,30.38,0.0,49.62,16.36
20067,56.32,41.95,57.63,52.97,41.95,0.6,43.25,44.58
20068,56.32,56.32,56.62,49.66,37.65,0.0,40.44,22.03
20078,88.12,60.37,85.29,64.81,60.37,0.03,108.33,0.0
20115,58.49,37.83,58.65,44.99,37.83,0.01,45.11,66.63
20118,56.32,56.32,57.29,19.6,21.09,0.0,42.17,0.0
20153,79.84,79.84,76.89,77.58,68.71,3.84,80.32,90.07
20167,71.89,71.89,72.7,35.35,34.55,0.0,69.09,0.0
20185,58.49,58.49,57.97,49.47,39.7,6.7,44.25,126.87
20200,65.53,65.53,63.79,79.24,63.98,0.09,55.09,27.71
20224,79.84,79.84,76.54,39.78,39.78,0.0,79.57,80.13
20235,79.84,79.84,81.82,63.92,57.53,0.0,89.32,25.39
20238,58.49,58.49,59.33,23.47,23.47,0.0,46.94,0.0
20243,60.57,60.57,59.87,40.72,36.33,0.0,48.2,0.0
20251,56.32,56.32,56.62,18.67,20.27,7.18,40.54,121.31
20253,79.84,79.84,75.73,53.22,46.45,2.49,76.15,51.29
20272,58.49,58.49,59.67,24.04,29.14,1.7,47.66,87.25
20296,60.57,60.57,61.89,25.89,25.89,0.17,51.78,0.0
20318,71.89,71.89,69.2,56.69,50.26,8.51,64.67,46.0
20324,56.32,56.32,56.62,40.82,39.05,6.68,41.01,24.79
20338,71.89,71.89,72.7,107.81,83.22,0.02,69.49,91.73
20345,65.53,65.53,66.14,55.38,40.99,5.76,58.44,23.26
20366,56.32,56.32,57.29,34.76,34.92,0.33,42.15,28.36
20401,58.49,58.49,59.33,48.6,44.33,3.79,46.78,32.41
20404,71.89,71.89,70.12,33.03,33.03,0.0,66.07,0.0
20421,60.57,60.57,62.62,117.46,92.54,0.37,52.14,93.38
20436,65.53,65.53,68.21,30.81,30.81,0.0,61.62,0.0
20467,79.84,79.84,78.98,85.08,74.37,1.3,84.94,92.31
20482,79.84,79.84,80.4,79.58,75.97,9.69,86.86,105.63
20484,56.32,56.32,57.63,30.07,29.27,0.97,43.84,10.9
20485,58.49,58.49,59.67,31.94,34.08,8.9,47.13,15.66
20507,79.84,79.84,76.54,52.47,45.28,6.5,79.92,32.04
20537,60.57,60.57,62.62,50.92,41.06,0.26,52.28,14.94
20547,60.57,60.57,59.87,38.18,32.35,0.0,48.4,0.0
20551,60.57,60.57,63.1,81.57,69.15,0.0,53.68,39.43
20563,56.32,56.32,56.62,32.06,27.15,0.0,40.83,41.04
21047,56.32,56.32,57.63,40.16,40.49,30.95,43.87,26.02
21051,56.32,56.32,57.63,46.48,39.36,46.74,43.09,49.23
21114,56.32,56.32,57.29,45.37,48.11,56.53,42.81,42.95
21128,56.32,56.32,56.62,26.07,23.52,24.66,39.43,21.46
21157,56.32,56.32,56.62,52.55,54.56,28.05,41.56,7.48
21160,71.89,71.89,68.87,67.27,68.8,47.35,63.86,37.77
21169,65.53,65.53,67.71,36.02,50.34,27.24,60.63,34.37
21201,56.32,56.32,57.63,33.09,24.17,30.08,43.45,0.0
22009,58.49,58.49,57.97,53.97,45.0,11.96,44.51,77.85
22011,79.84,79.84,75.73,97.58,84.11,26.44,76.67,80.18
22014,65.53,50.68,63.79,49.7,50.68,40.83,55.88,73.1
23001,88.12,79.86,84.21,91.39,79.86,20.34,102.22,94.8
23002,79.84,79.84,80.94,60.84,60.11,14.15,87.27,62.68
23003,58.49,58.49,58.65,93.93,59.51,43.57,45.26,101.7
23004,79.84,75.9,77.29,88.68,75.9,28.82,81.74,69.25
23005,79.84,79.84,81.82,84.36,79.92,42.12,89.1,84.45
23008,88.12,88.12,87.29,145.89,124.93,21.3,115.35,108.56
24004,60.57,60.57,61.89,36.75,28.11,8.67,51.98,26.3
24006,58.49,58.49,59.33,20.85,25.18,11.54,46.89,31.32
24007,79.84,79.84,76.24,50.17,53.95,15.54,78.32,111.85
24008,88.12,88.12,86.01,116.75,113.82,12.33,111.74,216.12
24010,79.84,79.84,78.32,71.01,74.99,14.6,83.47,159.14
24011,88.12,108.81,87.49,111.99,108.81,14.91,117.93,174.31
24015,79.84,79.84,79.76,59.21,65.4,8.74,85.61,69.65
24016,56.32,56.32,56.62,34.28,32.12,18.07,41.77,99.67
24019,65.53,65.53,63.79,34.91,43.43,14.1,55.97,56.31
24023,88.12,87.75,87.49,80.95,87.75,14.17,125.17,429.38
24027,60.57,60.57,63.1,29.1,34.79,12.5,53.39,53.36
24030,58.49,58.49,57.97,38.35,32.94,11.65,44.23,0.0
24032,58.49,58.49,59.33,41.75,41.12,22.59,46.37,116.71
24036,60.57,60.57,62.62,38.79,37.71,13.29,52.71,79.82
24037,60.57,60.57,62.62,43.52,41.37,6.11,52.97,44.59
24040,79.84,79.84,75.73,76.62,69.17,18.45,76.08,81.76
24044,56.32,56.32,56.62,33.0,23.51,15.92,40.34,87.82
24045,65.53,65.53,64.31,51.71,51.73,7.95,56.5,42.46
24046,79.84,79.84,76.24,45.55,51.3,26.72,78.72,101.35
24048,79.84,79.84,79.76,59.31,66.22,16.86,85.16,9.47
24051,71.89,71.89,70.12,61.41,63.25,11.11,66.83,82.45
24052,79.84,79.84,77.29,67.22,63.5,12.91,81.93,101.08
24053,88.12,88.12,87.49,78.82,88.32,12.86,132.96,89.87
24056,58.49,58.49,59.67,45.21,39.98,8.6,47.19,93.49
24058,71.89,64.53,73.49,66.58,64.53,17.58,70.75,70.61
26004,65.53,65.53,68.21,62.12,52.98,125.69,61.37,112.03
26015,58.49,58.49,59.67,36.33,23.7,20.91,47.39,0.0
26016,88.12,88.12,86.3,93.38,81.32,89.2,112.17,71.81
26017,88.12,88.12,87.49,186.3,120.57,126.38,121.59,129.09
26018,88.12,88.12,85.08,106.55,95.36,62.84,107.44,182.35
26020,71.89,71.89,74.1,43.37,42.44,60.47,71.44,51.43
26021,60.57,60.57,60.18,29.72,33.17,23.41,49.65,24.62
26022,88.12,88.12,86.01,100.43,83.3,73.44,111.78,113.44
26028,60.57,60.57,62.62,14.77,26.28,11.75,52.55,0.0
26029,71.89,80.2,70.12,93.12,80.2,83.67,66.45,51.54
26046,88.12,191.5,83.34,204.83,191.5,105.29,95.02,0.0
26047,60.57,60.57,60.18,79.64,50.1,96.71,49.34,55.04
26049,60.57,60.57,59.87,38.88,42.98,64.63,48.6,32.73
26055,88.12,88.12,87.49,99.0,108.56,138.48,132.22,143.77
26056,79.84,79.84,79.76,27.59,44.79,59.31,85.2,16.71
26058,71.89,71.89,74.99,78.1,62.02,90.06,73.15,60.88
26060,88.12,88.12,87.49,40.77,98.07,155.75,135.37,56.09
26061,71.89,46.23,72.7,43.64,46.23,21.21,69.11,34.32
26063,58.49,58.49,58.65,7.49,22.66,16.76,45.32,46.1
26065,71.89,71.89,74.1,25.22,41.49,124.36,71.54,292.45
26066,71.89,71.89,69.2,39.12,38.29,53.9,64.91,95.06
26068,60.57,60.57,60.69,37.34,41.47,34.33,50.18,0.0
27004,58.49,58.49,57.97,33.26,32.22,24.92,44.37,90.47
27016,71.89,71.89,68.87,32.7,35.68,23.09,63.33,18.76
28010,71.89,71.89,68.87,65.14,62.55,42.8,63.47,64.94
28034,58.49,58.49,57.97,16.95,30.53,43.38,44.57,99.55
30017,88.12,55.34,83.92,50.17,55.34,4.97,100.36,29.7
30039,60.57,60.57,61.89,52.13,47.67,13.0,51.35,56.68
30044,71.89,71.89,68.87,68.22,65.95,9.82,63.7,47.89
30052,56.32,56.32,56.62,47.51,35.58,4.33,41.81,58.42
30065,56.32,56.32,57.63,40.17,36.31,6.34,43.65,32.32
30069,65.53,65.53,63.41,54.75,47.49,8.4,54.11,25.0
30074,71.89,71.89,74.99,45.01,43.34,10.9,73.23,13.22
30087,71.89,71.89,70.78,72.1,61.64,9.28,67.09,51.01
30102,56.32,56.32,56.62,70.99,49.81,13.74,41.52,56.32
30115,56.32,56.32,57.63,42.93,35.54,11.39,43.01,29.77
30116,65.53,65.53,63.79,41.95,38.08,13.22,55.46,35.61
30128,56.32,56.32,56.62,31.01,29.46,11.34,41.1,67.42
30131,65.53,65.53,68.59,55.52,57.63,12.74,62.52,30.93
30158,58.49,41.1,59.33,52.9,41.1,8.71,46.95,20.47
30175,56.32,56.32,56.62,51.83,51.89,14.44,39.84,23.3
30185,56.32,56.32,57.29,35.91,28.77,6.27,43.0,17.01
30189,56.32,56.32,57.29,34.3,34.26,11.03,42.36,50.79
30194,88.12,85.19,87.49,87.6,85.19,9.84,129.25,356.69
30196,79.84,79.84,76.89,72.84,71.45,5.02,80.1,77.15
30208,60.57,60.57,63.1,27.68,31.47,10.78,53.01,12.7
32015,88.12,88.12,83.34,61.15,58.06,25.5,95.04,0.0
32017,60.57,60.57,62.62,88.37,67.53,30.09,52.89,37.86
32025,65.53,65.53,63.41,44.59,42.31,22.46,54.99,87.37
32032,56.32,56.32,57.63,92.92,62.92,31.79,43.09,7.09
32046,60.57,60.57,59.87,96.58,74.08,30.54,48.0,8.08
32050,56.32,56.32,57.29,66.65,48.85,29.83,42.25,9.31
32055,71.89,71.89,69.61,66.7,61.13,32.27,65.99,85.37
32056,88.12,88.12,83.34,114.45,92.31,39.56,95.29,74.0
02001,237.92,173.87,214.61,209.69,173.87,41.31,180.84,223.04
02003,218.86,218.86,204.29,191.37,147.98,50.76,155.46,155.31
02004,218.86,218.86,204.89,265.8,187.48,49.46,157.51,147.26
02005,266.97,310.14,278.48,334.23,310.14,53.49,291.42,172.0
05001,188.3,188.3,197.81,81.16,89.39,68.67,146.41,49.06
05003,324.6,324.6,279.36,337.05,286.24,108.57,337.59,180.34
05007,235.77,150.19,225.56,172.23,150.19,56.18,212.68,82.9
05008,188.96,188.96,205.43,93.02,88.05,66.72,160.0,0.0
05015,266.97,237.48,252.85,253.79,237.48,86.49,248.09,341.83
05016,188.96,188.96,211.02,110.45,105.03,43.33,172.07,28.81
05017,188.96,188.96,209.32,245.98,201.67,59.19,170.35,100.07
05019,324.6,324.6,279.75,534.42,375.02,105.58,373.92,216.27
05020,188.96,188.96,211.02,256.28,199.67,95.21,172.02,75.36
05022,188.96,188.96,212.77,202.07,163.59,110.53,175.52,232.96
05025,266.97,235.66,246.36,314.28,235.66,122.28,233.72,177.8
05026,218.86,218.86,205.11,99.13,107.71,77.73,158.17,111.61
05028,237.92,234.08,216.95,308.67,234.08,97.01,185.07,135.37
05031,218.86,218.86,203.88,131.47,133.19,75.21,154.2,62.96
05035,188.96,188.96,213.97,193.5,169.12,48.33,178.73,136.77
06002,235.77,235.77,225.33,296.05,238.93,52.57,211.72,214.72
06007,324.6,326.05,278.95,389.6,326.05,71.44,297.87,376.84
06009,218.86,166.0,201.07,170.82,166.0,26.43,151.45,295.25
08032,218.86,122.7,204.62,113.14,122.7,68.16,156.87,77.2
08037,188.3,134.87,197.16,183.98,134.87,97.46,145.25,100.7
09015,237.92,155.57,214.61,171.25,155.57,108.31,180.14,271.11
11007,218.86,138.84,201.07,164.31,138.84,46.15,151.67,132.14
11020,324.6,464.41,280.57,627.11,464.41,80.95,442.92,438.97
11028,235.77,235.77,226.12,203.14,193.72,47.75,214.49,114.86
11036,235.77,159.73,226.44,174.35,159.73,55.1,215.4,29.69
11039,218.86,218.86,205.11,151.27,135.43,37.93,158.01,113.56
11044,188.96,188.96,205.43,148.73,139.65,51.26,160.11,153.62
16043,188.96,188.96,213.97,211.88,159.02,44.09,178.17,159.43
18005,188.3,188.3,192.6,73.15,77.74,40.87,140.97,97.26
19001,324.6,316.08,279.23,397.52,316.08,35.74,325.8,194.32
19008,218.86,218.86,199.38,204.47,142.88,76.97,149.92,246.04
19020,188.3,188.3,195.21,240.64,153.51,63.97,143.25,224.18
19026,266.97,216.41,252.85,211.5,216.41,59.86,248.57,70.08
19032,188.3,143.88,192.6,170.18,143.88,89.56,139.24,204.23
19037,266.97,266.97,255.38,192.98,171.77,69.71,252.9,180.14
19040,235.77,188.82,242.96,200.9,188.82,144.34,228.28,115.91
19042,324.6,244.23,279.23,246.07,244.23,53.4,325.57,271.19
19050,266.97,266.97,275.3,342.52,325.9,159.4,280.09,1629.55
19051,218.86,141.7,198.76,158.49,141.7,77.22,148.06,436.58
20402,237.92,237.92,218.39,92.33,93.99,6.19,187.99,141.21
20538,188.3,188.3,192.6,169.34,127.82,0.0,139.41,0.0
23009,235.77,235.77,223.99,263.37,208.89,15.68,203.42,266.17
24005,237.92,149.92,216.95,142.02,149.92,19.67,185.18,355.01
24013,235.77,235.77,225.11,173.8,168.55,16.9,210.09,231.9
24020,235.77,235.77,226.12,164.17,170.94,18.2,214.23,206.55
24024,188.3,188.3,192.6,129.44,127.78,16.9,138.52,297.62
24028,235.77,235.77,230.35,195.89,199.15,17.75,218.96,260.22
24035,188.96,188.96,205.73,148.88,145.2,12.7,162.85,483.78
24042,266.97,266.97,272.36,149.8,170.67,13.52,273.59,248.86
26030,188.3,188.3,192.6,123.75,119.56,71.37,140.6,141.73
26044,188.3,188.3,192.6,56.1,70.13,36.98,140.25,0.0
26069,188.96,188.96,205.57,96.3,102.91,57.29,161.46,23.78
26070,324.6,197.75,279.12,143.38,197.75,155.35,314.35,252.39
30049,324.6,324.6,279.4,485.35,401.74,6.67,341.52,64.19
05005,324.6,626.43,290.59,627.76,626.43,84.09,919.0,384.55
19015,324.6,644.43,288.41,827.67,644.43,56.68,851.33,199.04
